sweep stage 'coarse' -> doc/bench/sweeps/2026-08-24
cached  threat x0.25: reusing the finished match from coarse.csv
drop  threat x0.25 -> 0.0625 = 18.8% wins, quiet 52.5%
cached  threat x0.5: reusing the finished match from coarse.csv
drop  threat x0.5 -> 0.125 = 48.8% wins, quiet 51.25%
>> ./cmake-build-release/latrunculi_game/latrunculi_bench.exe pairs=40 ms=500 seed=777001 threads=8 rows=8 columns=10 perside=20 csv=doc\bench\sweeps\2026-08-24\coarse.csv wA.threat=0.5 wA.pair=0.02 wA.mobility=0.02 wA.centre=0.05 wA.vulnerableAxes=-0.03 wA.oneMoveCapturable=-0.9 wA.spearheadPairs=0.15 wA.diagonalSupport=0.06 wA.deniedSquares=0.04 wA.strikers=0.05 wA.notchExposure=-0.12 wB.threat=0.25 wB.pair=0.02 wB.mobility=0.02 wB.centre=0.05 wB.vulnerableAxes=-0.03 wB.oneMoveCapturable=-0.9 wB.spearheadPairs=0.15 wB.diagonalSupport=0.06 wB.deniedSquares=0.04 wB.strikers=0.05 wB.notchExposure=-0.12
Latrunculi bench: 40 mirrored A-vs-B pairs (80 games), 8x10, 20 per side, slide, convex payoff, komi 1.5, policy placement, 500 ms per searched ply, 8 threads
base seed: 777001  (pair p uses seed base+p; even game index = set A as P0)
XML: not saved   memory tracking level: 0

game   plies  moveP  capt  remv lastAct    tail  quiet   lead   peak  margin win  reason    depth    srchd  AasP  wSet
3        116     76    14    14      76      40     40      0      2       0   B  QuietGame     3.09       67     1     A
6        136     96    20    20      96      40     40      4      1       0   B  QuietGame     3.16       68     0     B
2        160    120    34    34     160       0     24      1      4      -4   B  Reduction     3.43       67     0     B
1        171    131    28    29     131      40     40      2      7       7   A  QuietGame     3.18       68     1     B
8         93     53     8     8      53      40     40      1      1       0   B  QuietGame     2.91       68     0     B
4        207    167    33    33     167      40     40      1      2      -1   B  QuietGame     3.32       68     0     B
0        209    169    34    34     169      40     40      3      2       0   B  QuietGame     3.24       68     0     B
5        219    179    32    34     179      40     40      0      4       2   A  QuietGame     3.19       68     1     B
7        239    199    26    26     199      40     40      2      8       8   A  QuietGame     3.29       68     1     B
10       128     88    20    20      88      40     40      2      1       0   B  QuietGame     3.21       67     0     B
9        185    145    31    32     145      40     40      0      4       4   A  QuietGame     3.15       68     1     B
13       137     97    30    31     137       0     14      0      7       7   A  Reduction     3.34       68     1     B
11       194    154    28    29     154      40     40      0      8       7   A  QuietGame     3.24       67     1     B
12       184    144    32    33     144      40     40      2      2       1   B  QuietGame     3.24       68     0     B
14       204    164    33    35     204       0     34      3      3      -3   B  Reduction     3.19       68     0     B
16       184    144    28    28     144      40     40      0      8      -8   B  QuietGame     3.19       68     0     B
17       178    138    29    31     138      40     40      0      4       3   A  QuietGame     3.10       68     1     B
15       239    199    30    32     199      40     40      2      4       4   A  QuietGame     3.13       68     1     B
20       119     79    18    18      79      40     40      1      3       0   B  QuietGame     3.15       67     0     B
21       153    113    28    29     113      40     40      0      7       7   A  QuietGame     3.13       67     1     B
22       132     92    24    24      92      40     40      2      1       0   B  QuietGame     3.24       68     0     B
18       239    199    34    35     239       0     36      6      3       3   A  Reduction     3.16       68     0     A
23       141    101    34    34     141       0     18      0      4       4   A  Reduction     3.22       68     1     B
19       233    193    29    30     193      40     40      0      6       6   A  QuietGame     3.18       68     1     B
26       130     90    17    17      90      40     40      1      1      -1   B  QuietGame     3.21       68     0     B
25       179    139    28    29     139      40     40      0      7       7   A  QuietGame     3.13       68     1     B
28       116     76    31    32     116       0      8      1      6      -6   B  Reduction     3.22       68     0     B
24       198    158    27    28     158      40     40      0      4      -4   B  QuietGame     3.22       68     0     B
29       145    105    23    23     105      40     40      0      5       5   A  QuietGame     3.12       68     1     B
27       180    140    31    31     180       0     25      1      7      -7   B  Reduction     3.25       68     1     A
33       107     67    14    15      67      40     40      0      3       3   A  QuietGame     3.09       68     1     B
31       183    143    31    33     183       0     35      0      5       5   A  Reduction     3.13       67     1     B
32       160    120    21    21     120      40     40      0      4       3   A  QuietGame     3.28       68     0     A
30       230    190    30    31     190      40     40      3      5      -5   B  QuietGame     3.21       67     0     B
34       158    118    25    27     158       0     19      1     11     -11   B  Reduction     3.09       67     0     B
35       171    131    32    32     171       0     31      0      6       6   A  Reduction     3.30       67     1     B
37       135     95    22    23      95      40     40      0      3       3   A  QuietGame     3.16       68     1     B
40       118     78    13    14      78      40     40      2      2       0   B  QuietGame     3.15       67     0     B
36       177    137    29    29     177       0     24      0      9       9   A  Reduction     3.19       68     0     A
39       170    130    33    34     130      40     40      8      1       0   B  QuietGame     3.10       68     1     A
38       187    147    29    31     147      40     40      4      3       3   A  QuietGame     3.18       68     0     A
41       160    120    32    32     120      40     40      0      5       4   A  QuietGame     3.24       67     1     B
42       170    130    26    26     130      40     40      1      3      -2   B  QuietGame     3.30       67     0     B
43       207    167    27    28     167      40     40      0      8       8   A  QuietGame     3.09       67     1     B
44       194    154    33    33     194       0     25      3      5      -5   B  Reduction     3.12       68     0     B
46       169    129    30    32     129      40     40      0      4       4   A  QuietGame     3.04       68     0     A
47       129     89    16    17      89      40     40      0      9       9   A  QuietGame     3.12       68     1     B
48       157    117    27    28     117      40     40      0      4       4   A  QuietGame     3.18       68     0     A
49       154    114    29    29     114      40     40      1      2      -1   B  QuietGame     3.21       68     1     A
45       247    207    32    32     207      40     40      0      4       4   A  QuietGame     3.21       68     1     B
50       159    119    34    35     119      40     40      1      2      -1   B  QuietGame     3.13       68     0     B
51       142    102    17    17     102      40     40      1      1      -1   B  QuietGame     3.24       68     1     A
54       148    108    30    31     108      40     40      3      2      -1   B  QuietGame     3.25       68     0     B
55       137     97    25    26      97      40     40      0      6       6   A  QuietGame     3.16       68     1     B
52       237    197    32    33     197      40     40      1      4      -3   B  QuietGame     3.22       68     0     B
53       233    193    30    31     193      40     40      0      5       5   A  QuietGame     3.16       68     1     B
57       175    135    29    29     135      40     40      0      7       7   A  QuietGame     3.24       68     1     B
56       204    164    30    30     164      40     40      0      3       0   B  QuietGame     3.21       68     0     B
58       198    158    31    31     158      40     40      2      4       3   A  QuietGame     3.18       68     0     A
60       140    100    27    28     100      40     40      1      2      -2   B  QuietGame     3.13       68     0     B
59       174    134    32    32     174       0     32      1      6      -6   B  Reduction     3.29       68     1     A
61       169    129    31    32     169       0     26      0      6       6   A  Reduction     3.22       68     1     B
63       160    120    29    32     120      40     40      2      5       4   A  QuietGame     3.15       68     1     B
65       137     97    34    34     137       0     14      2      4       4   A  Reduction     3.18       67     1     B
62       189    149    31    34     189       0     23      2      4       4   A  Reduction     3.13       68     0     A
67       139     99    27    29      99      40     40      0      7       7   A  QuietGame     3.15       68     1     B
64       190    150    36    36     190       0     25      1      2      -2   B  Reduction     3.31       67     0     B
69       144    104    27    28     104      40     40      2      7       6   A  QuietGame     3.21       68     1     B
66       197    157    30    30     157      40     40      1      5      -4   B  QuietGame     3.13       68     0     B
70        99     59    11    11      59      40     40      2      1       1   B  QuietGame     3.04       68     0     B
68       195    155    32    33     195       0     27      2      5       5   A  Reduction     3.25       68     0     A
73        94     54     9     9      54      40     40      1      1      -1   B  QuietGame     3.07       67     1     A
72       111     71    14    15      71      40     40      1      2      -1   B  QuietGame     3.16       67     0     B
71       161    121    26    27     161       0     20      0     11      11   A  Reduction     3.15       68     1     B
74       129     89    29    30      89      40     40      3      1       0   B  QuietGame     3.25       68     0     B
76        97     57    11    12      57      40     40      0      2       2   A  QuietGame     3.19       68     0     A
77       141    101    15    15     101      40     40      2      3       3   A  QuietGame     3.16       68     1     B
79       143    103    22    23     103      40     40      0      4       3   A  QuietGame     3.18       68     1     B
75       192    152    33    34     152      40     40      0      3       2   A  QuietGame     3.12       68     1     B
78       200    160    33    34     200       0     25      1      4      -4   B  Reduction     3.10       68     0     B

games                80
mean plies           167.1   (movement 127.1)
mean captures        26.8
mean removals        27.5
mean dead tail       30.0   plies after the last capture or removal
mean longest quiet   36.1
mean lead changes    1.1   (45 of 80 games had any)
mean peak margin     4.3
mean final margin    3.8   (absolute)
ended by quiet game  60  (75%)
ended by reduction   20  (25%)
ended by immobilize  0  (0%)
won by A / B         43 / 37
mean depth           3.18   (over 5422 searched opening plies)
wall clock           810.116 s

weight-set A wins    17 / 80  (21.2%)   [as P0: 10/40, as P1: 7/40]
weight-set B wins    63 / 80
quiet-game share     A-wins 64.7%   B-wins 77.8%   all 75.0%
95% threshold        wins >= 48 of 80 (one-sided): B is significantly stronger
csv line appended to doc\bench\sweeps\2026-08-24\coarse.csv
drop  threat x2 -> 0.5 = 21.3% wins, quiet 75%
>> ./cmake-build-release/latrunculi_game/latrunculi_bench.exe pairs=40 ms=500 seed=777001 threads=8 rows=8 columns=10 perside=20 csv=doc\bench\sweeps\2026-08-24\coarse.csv wA.threat=1 wA.pair=0.02 wA.mobility=0.02 wA.centre=0.05 wA.vulnerableAxes=-0.03 wA.oneMoveCapturable=-0.9 wA.spearheadPairs=0.15 wA.diagonalSupport=0.06 wA.deniedSquares=0.04 wA.strikers=0.05 wA.notchExposure=-0.12 wB.threat=0.25 wB.pair=0.02 wB.mobility=0.02 wB.centre=0.05 wB.vulnerableAxes=-0.03 wB.oneMoveCapturable=-0.9 wB.spearheadPairs=0.15 wB.diagonalSupport=0.06 wB.deniedSquares=0.04 wB.strikers=0.05 wB.notchExposure=-0.12
Latrunculi bench: 40 mirrored A-vs-B pairs (80 games), 8x10, 20 per side, slide, convex payoff, komi 1.5, policy placement, 500 ms per searched ply, 8 threads
base seed: 777001  (pair p uses seed base+p; even game index = set A as P0)
XML: not saved   memory tracking level: 0

game   plies  moveP  capt  remv lastAct    tail  quiet   lead   peak  margin win  reason    depth    srchd  AasP  wSet
4        101     61    10    10      61      40     40      1      2       0   B  QuietGame     3.03       68     0     B
3        149    109    28    28     149       0     23      0     10      10   A  Reduction     3.21       67     1     B
5        159    119    28    28     159       0     27      0     10      10   A  Reduction     3.25       68     1     B
7        159    119    25    26     119      40     40      0      6       6   A  QuietGame     3.18       68     1     B
6        178    138    26    26     178       0     27      0     13     -13   B  Reduction     3.07       68     0     B
1        179    139    19    21     139      40     40      0     13      13   A  QuietGame     3.09       68     1     B
0        224    184    22    23     184      40     40      1     11     -11   B  QuietGame     3.13       68     0     B
8        148    108    23    25     148       0     31      1     13     -13   B  Reduction     3.03       68     0     B
2        244    204    29    30     244       0     31      3      8      -8   B  Reduction     3.22       67     0     B
10       102     62    27    27     102       0      4      1     11     -11   B  Reduction     3.16       67     0     B
9        147    107    22    22     107      40     40      0      6       6   A  QuietGame     3.19       68     1     B
13       135     95    24    26     135       0     12      0     12      12   A  Reduction     3.35       68     1     B
11       157    117    30    30     117      40     40      0      7       6   A  QuietGame     3.19       67     1     B
12       148    108    25    26     148       0     19      1     12     -12   B  Reduction     3.21       68     0     B
17        95     55    23    25      95       0      3      0     13      13   A  Reduction     3.09       68     1     B
16       124     84    21    22     124       0     15      1     16     -16   B  Reduction     3.10       68     0     B
14       165    125    26    28     125      40     40      1      9      -8   B  QuietGame     3.16       68     0     B
15       163    123    25    26     163       0     27      0     12      12   A  Reduction     3.22       68     1     B
20       132     92    24    25     132       0     14      1     13     -13   B  Reduction     3.03       67     0     B
19       139     99    18    19      99      40     40      0     11      11   A  QuietGame     3.22       68     1     B
21       145    105    27    27     145       0     23      0     11      11   A  Reduction     3.09       67     1     B
18       178    138    27    28     178       0     33      1     10     -10   B  Reduction     3.13       68     0     B
22       156    116    27    27     156       0     23      1     11     -11   B  Reduction     3.06       68     0     B
23       153    113    28    28     113      40     40      0      8       8   A  QuietGame     3.22       68     1     B
25       143    103    27    27     143       0     18      0     11      11   A  Reduction     3.15       68     1     B
24       172    132    24    24     172       0     19      0     14     -14   B  Reduction     3.15       68     0     B
27       123     83    23    24     123       0     13      0     14      14   A  Reduction     3.16       68     1     B
26       162    122    24    26     162       0     23      3     12     -12   B  Reduction     3.16       68     0     B
28       156    116    21    23     116      40     40      1     11     -11   B  QuietGame     3.22       68     0     B
29       155    115    25    25     155       0     27      0     13      13   A  Reduction     3.15       68     1     B
31       133     93    20    22     133       0     25      0     16      16   A  Immobilize     3.06       67     1     B
34       104     64    20    23     104       0      9      1     15     -15   B  Reduction     3.06       67     0     B
32       152    112    27    28     112      40     40      1      6      -6   B  QuietGame     3.28       68     0     B
30       204    164    26    27     164      40     40      1      9      -9   B  QuietGame     3.13       67     0     B
33       169    129    26    26     169       0     25      0     12      12   A  Reduction     3.21       68     1     B
37       143    103    24    24     143       0     29      0     14      14   A  Immobilize     3.21       68     1     B
39       131     91    23    24     131       0     23      0     14      14   A  Reduction     3.09       68     1     B
35       205    165    23    23     165      40     40      0      7       7   A  QuietGame     3.15       67     1     B
36       194    154    30    30     154      40     40      0      6      -6   B  QuietGame     3.15       68     0     B
42        98     58     9     9      58      40     40      1      1      -1   B  QuietGame     3.00       67     0     B
41       137     97    17    18      97      40     40      0      8       8   A  QuietGame     3.13       67     1     B
40       150    110    28    29     110      40     40      1      7      -7   B  QuietGame     3.13       67     0     B
38       202    162    31    31     162      40     40      4      5      -5   B  QuietGame     3.12       68     0     B
43       118     78    12    12      78      40     40      0      4       2   A  QuietGame     3.22       67     1     B
47       121     81    22    23     121       0     13      0     15      15   A  Reduction     3.13       68     1     B
46       133     93    10    10      93      40     40      1      1       0   B  QuietGame     2.96       68     0     B
44       160    120    27    27     160       0     25      1     11     -11   B  Reduction     3.15       68     0     B
45       165    125    24    24     165       0     35      0     14      14   A  Reduction     3.06       68     1     B
48       146    106    22    23     106      40     40      1     11     -11   B  QuietGame     3.21       68     0     B
49       153    113    26    26     153       0     15      0     12      12   A  Reduction     3.00       68     1     B
51       186    146    27    27     146      40     40      0      8       7   A  QuietGame     3.24       68     1     B
50       228    188    28    29     188      40     40      3      7      -7   B  QuietGame     3.00       68     0     B
53       147    107    25    24     147       0     23      0     14      14   A  Immobilize     3.28       68     1     B
55       133     93    23    24     133       0     17      0     14      14   A  Reduction     3.21       68     1     B
54       172    132    26    26     172       0     22      1     12     -12   B  Reduction     3.18       68     0     B
52       194    154    30    30     154      40     40      1      6      -6   B  QuietGame     3.21       68     0     B
56       180    140    23    24     180       0     27      1     14     -14   B  Reduction     3.09       68     0     B
58       128     88    24    23     128       0     21      1     15     -15   B  Immobilize     3.21       68     0     B
57       203    163    27    27     163      40     40      0      9       9   A  QuietGame     3.24       68     1     B
59       185    145    28    28     145      40     40      2      8       8   A  QuietGame     3.21       68     1     B
62       166    126    29    31     166       0     27      3      7      -7   B  Reduction     3.25       68     0     B
61       189    149    31    31     149      40     40      2      5       5   A  QuietGame     3.21       68     1     B
65       133     93    21    20     133       0     17      0     14      14   A  Immobilize     3.16       67     1     B
60       228    188    29    29     228       0     25      1      9      -9   B  Reduction     3.12       68     0     B
63       189    149    25    26     149      40     40      0     10      10   A  QuietGame     3.07       68     1     B
64       198    158    27    27     198       0     31      0     11     -11   B  Reduction     3.13       67     0     B
66       180    140    28    29     140      40     40      0      7      -7   B  QuietGame     3.12       68     0     B
69       117     77    20    21     117       0     11      0     14      14   A  Immobilize     3.00       68     1     B
67       141    101    26    28     141       0     21      0     10      10   A  Reduction     3.07       68     1     B
73       127     87    12    12      87      40     40      1      1       0   B  QuietGame     3.18       67     1     A
70       172    132    27    29     132      40     40      3      7      -7   B  QuietGame     3.19       68     0     B
72       166    126    31    31     166       0     27      1      7      -7   B  Reduction     3.22       67     0     B
68       206    166    27    28     206       0     21      3     10     -10   B  Reduction     3.09       68     0     B
71       183    143    24    24     183       0     25      0     14      14   A  Reduction     3.21       68     1     B
74       136     96    24    23     136       0     21      3     12     -12   B  Immobilize     3.19       68     0     B
75       133     93    28    29     133       0      8      0      9       9   A  Reduction     3.15       68     1     B
76       138     98    16    16      98      40     40      2      2       0   B  QuietGame     3.26       68     0     B
77       163    123    24    26     163       0     17      0     12      12   A  Reduction     3.26       68     1     B
79       155    115    21    24     115      40     40      0     10      10   A  QuietGame     3.22       68     1     B
78       164    124    29    30     164       0     29      1      8      -8   B  Reduction     3.26       68     0     B

games                80
mean plies           158.1   (movement 118.1)
mean captures        24.2
mean removals        24.8
mean dead tail       16.5   plies after the last capture or removal
mean longest quiet   29.0
mean lead changes    0.7   (38 of 80 games had any)
mean peak margin     10.0
mean final margin    9.8   (absolute)
ended by quiet game  33  (41%)
ended by reduction   40  (50%)
ended by immobilize  7  (9%)
won by A / B         39 / 41
mean depth           3.15   (over 5422 searched opening plies)
wall clock           766.039 s

weight-set A wins    1 / 80  (1.2%)   [as P0: 0/40, as P1: 1/40]
weight-set B wins    79 / 80
quiet-game share     A-wins 100.0%   B-wins 40.5%   all 41.2%
95% threshold        wins >= 48 of 80 (one-sided): B is significantly stronger
csv line appended to doc\bench\sweeps\2026-08-24\coarse.csv
drop  threat x4 -> 1 = 1.3% wins, quiet 41.25%
>> ./cmake-build-release/latrunculi_game/latrunculi_bench.exe pairs=40 ms=500 seed=777001 threads=8 rows=8 columns=10 perside=20 csv=doc\bench\sweeps\2026-08-24\coarse.csv wA.threat=0.25 wA.pair=0.005 wA.mobility=0.02 wA.centre=0.05 wA.vulnerableAxes=-0.03 wA.oneMoveCapturable=-0.9 wA.spearheadPairs=0.15 wA.diagonalSupport=0.06 wA.deniedSquares=0.04 wA.strikers=0.05 wA.notchExposure=-0.12 wB.threat=0.25 wB.pair=0.02 wB.mobility=0.02 wB.centre=0.05 wB.vulnerableAxes=-0.03 wB.oneMoveCapturable=-0.9 wB.spearheadPairs=0.15 wB.diagonalSupport=0.06 wB.deniedSquares=0.04 wB.strikers=0.05 wB.notchExposure=-0.12
Latrunculi bench: 40 mirrored A-vs-B pairs (80 games), 8x10, 20 per side, slide, convex payoff, komi 1.5, policy placement, 500 ms per searched ply, 8 threads
base seed: 777001  (pair p uses seed base+p; even game index = set A as P0)
XML: not saved   memory tracking level: 0

game   plies  moveP  capt  remv lastAct    tail  quiet   lead   peak  margin win  reason    depth    srchd  AasP  wSet
7         96     56     9    10      56      40     40      1      2      -2   B  QuietGame     2.90       68     1     A
6        107     67    11    13      67      40     40      2      2       1   B  QuietGame     3.04       68     0     B
2        126     86    15    15      86      40     40      0      3       1   B  QuietGame     3.24       67     0     B
3        163    123    24    25     163       0     35      0     13      13   A  Reduction     3.15       67     1     B
0        189    149    34    35     189       0     30      2      3       3   A  Reduction     3.25       68     0     A
5        195    155    30    31     195       0     33      0      7       7   A  Reduction     3.09       68     1     B
1        201    161    32    32     161      40     40      7      1       0   B  QuietGame     3.22       68     1     A
4        219    179    34    34     179      40     40      3      2       0   B  QuietGame     3.13       68     0     B
8        165    125    31    32     165       0     37      0      6       6   A  Reduction     3.21       68     0     A
9        185    145    33    34     185       0     28      2      4       4   A  Reduction     3.18       68     1     B
11       153    113    32    33     153       0     28      0      5       5   A  Reduction     3.15       67     1     B
10       207    167    32    33     167      40     40      1      2      -1   B  QuietGame     3.18       67     0     B
12       153    113    29    30     113      40     40      0      4       4   A  QuietGame     3.18       68     0     A
14       151    111    34    34     151       0     27      0      4       4   A  Reduction     3.26       68     0     A
13       186    146    32    32     146      40     40      1      4      -4   B  QuietGame     3.26       68     1     A
18       104     64    13    15      64      40     40      3      1      -1   B  QuietGame     3.09       68     0     B
15       216    176    33    33     216       0     28      1      5      -5   B  Reduction     3.16       68     1     A
16       187    147    35    36     147      40     40      5      2       0   B  QuietGame     3.16       68     0     B
17       164    124    33    34     164       0     29      1      4      -4   B  Reduction     3.15       68     1     A
21       137     97    31    34     137       0     10      0      4       4   A  Reduction     3.12       67     1     B
20       166    126    33    35     126      40     40      3      3      -1   B  QuietGame     3.15       67     0     B
25        91     51     8     9      51      40     40      0      2       1   B  QuietGame     3.07       68     1     A
22       164    124    29    31     124      40     40      1      5      -5   B  QuietGame     3.06       68     0     B
19       220    180    32    34     180      40     40      8      2       0   B  QuietGame     2.99       68     1     A
24       119     79    32    32     119       0     17      0      6       6   A  Reduction     3.31       68     0     A
23       180    140    32    32     140      40     40      0      2       0   B  QuietGame     3.28       68     1     A
27       145    105    33    33     145       0     10      2      5       5   A  Reduction     3.26       68     1     B
26       193    153    36    36     153      40     40      7      1       0   B  QuietGame     3.21       68     0     B
29       145    105    31    33     145       0     15      0      5       5   A  Reduction     3.10       68     1     B
34       107     67    18    18      67      40     40      1      2       0   B  QuietGame     3.24       67     0     B
33       147    107    33    34     107      40     40      1      3      -2   B  QuietGame     3.35       68     1     A
30       189    149    31    33     189       0     24      0      5       5   A  Reduction     3.13       67     0     A
28       226    186    26    26     186      40     40      1      6      -6   B  QuietGame     3.21       68     0     B
35       111     71    15    16      71      40     40      1      2       0   B  QuietGame     3.06       67     1     A
32       199    159    28    28     159      40     40      0      8       8   A  QuietGame     3.13       68     0     A
31       247    207    29    30     207      40     40      0      6       6   A  QuietGame     3.10       67     1     B
36       168    128    30    31     128      40     40      1      3      -3   B  QuietGame     3.09       68     0     B
42       147    107    34    34     107      40     40      0      2       2   A  QuietGame     3.18       67     0     A
41       180    140    31    33     140      40     40      1      3      -3   B  QuietGame     3.13       67     1     A
39       199    159    33    33     159      40     40      0      2       1   B  QuietGame     3.09       68     1     A
40       202    162    34    36     202       0     24      1      3      -2   B  Reduction     3.07       67     0     B
38       210    170    32    34     170      40     40      6      2       0   B  QuietGame     3.13       68     0     B
44       117     77    14    14      77      40     40      1      1       0   B  QuietGame     3.10       68     0     B
43       160    120    28    31     120      40     40      0      3       1   B  QuietGame     3.07       67     1     A
37       242    202    34    34     202      40     40      0      3       2   A  QuietGame     3.07       68     1     B
45       156    116    31    31     116      40     40      5      1      -1   B  QuietGame     3.24       68     1     A
46       167    127    34    35     167       0     16      2      3       3   A  Reduction     3.22       68     0     A
47       171    131    30    32     171       0     33      0      6       6   A  Reduction     3.22       68     1     B
51       148    108    30    30     108      40     40      2      2       0   B  QuietGame     3.25       68     1     A
49       191    151    31    32     191       0     24      2      6       6   A  Reduction     3.22       68     1     B
48       205    165    30    32     165      40     40      2      2       2   A  QuietGame     3.13       68     0     A
52       182    142    30    30     142      40     40      4      2       0   B  QuietGame     3.19       68     0     B
53       144    104    25    27     104      40     40      0      8       7   A  QuietGame     3.19       68     1     B
56        96     56     7     8      56      40     40      0      3       2   A  QuietGame     3.01       68     0     A
50       252    212    32    32     212      40     40      2      2       0   B  QuietGame     3.15       68     0     B
54       135     95    34    35     135       0     14      0      4       3   A  Reduction     3.21       68     0     A
55       133     93    20    22      93      40     40      0      6       6   A  QuietGame     3.07       68     1     B
58       104     64    12    13      64      40     40      2      2       1   B  QuietGame     3.06       68     0     B
60       108     68    15    15      68      40     40      1      2      -1   B  QuietGame     3.01       68     0     B
59       149    109    33    34     149       0     17      2      4       4   A  Reduction     3.13       68     1     B
57       179    139    33    33     179       0     28      0      5       5   A  Reduction     3.28       68     1     B
62       151    111    30    33     111      40     40      2      2       1   B  QuietGame     3.15       68     0     B
61       178    138    34    34     138      40     40      4      2       0   B  QuietGame     3.22       68     1     A
63       181    141    31    33     141      40     40      8      1       1   B  QuietGame     3.13       68     1     A
64       187    147    33    33     187       0     27      0      5       5   A  Reduction     3.22       67     0     A
65       199    159    20    22     159      40     40      0     10      10   A  QuietGame     3.03       67     1     B
67       159    119    34    34     159       0     24      0      4       4   A  Reduction     3.22       68     1     B
68       188    148    33    34     148      40     40      6      2       0   B  QuietGame     3.24       68     0     B
66       207    167    32    32     167      40     40      0      4       4   A  QuietGame     3.22       68     0     A
69       171    131    35    36     171       0     22      0      2       2   A  Reduction     3.19       68     1     B
71       151    111    32    32     111      40     40      3      2       0   B  QuietGame     3.31       68     1     A
73       125     85    30    32     125       0     17      0      6       6   A  Reduction     3.13       67     1     B
74       129     89    26    27      89      40     40      0      7       7   A  QuietGame     3.19       68     0     A
72       177    137    30    32     137      40     40      0      4       4   A  QuietGame     3.10       67     0     A
70       219    179    34    34     179      40     40      0      3       2   A  QuietGame     3.29       68     0     A
75       161    121    30    34     161       0     23      0      4       4   A  Reduction     3.01       68     1     B
76       166    126    28    30     126      40     40      0      5       4   A  QuietGame     3.34       68     0     A
77       195    155    26    28     195       0     33      0     10      10   A  Reduction     3.29       68     1     B
78       167    127    29    29     127      40     40      0      7       7   A  QuietGame     3.37       68     0     A
79       175    135    30    30     135      40     40      0      6       6   A  QuietGame     3.26       68     1     B

games                80
mean plies           167.3   (movement 127.3)
mean captures        28.5
mean removals        29.4
mean dead tail       26.5   plies after the last capture or removal
mean longest quiet   34.7
mean lead changes    1.4   (41 of 80 games had any)
mean peak margin     3.8
mean final margin    3.2   (absolute)
ended by quiet game  53  (66%)
ended by reduction   27  (34%)
ended by immobilize  0  (0%)
won by A / B         41 / 39
mean depth           3.17   (over 5422 searched opening plies)
wall clock           806.823 s

weight-set A wins    37 / 80  (46.2%)   [as P0: 19/40, as P1: 18/40]
weight-set B wins    43 / 80
quiet-game share     A-wins 73.0%   B-wins 60.5%   all 66.2%
95% threshold        wins >= 48 of 80 (one-sided): neither side significant
csv line appended to doc\bench\sweeps\2026-08-24\coarse.csv
drop  pair x0.25 -> 0.005 = 46.3% wins, quiet 66.25%
>> ./cmake-build-release/latrunculi_game/latrunculi_bench.exe pairs=40 ms=500 seed=777001 threads=8 rows=8 columns=10 perside=20 csv=doc\bench\sweeps\2026-08-24\coarse.csv wA.threat=0.25 wA.pair=0.01 wA.mobility=0.02 wA.centre=0.05 wA.vulnerableAxes=-0.03 wA.oneMoveCapturable=-0.9 wA.spearheadPairs=0.15 wA.diagonalSupport=0.06 wA.deniedSquares=0.04 wA.strikers=0.05 wA.notchExposure=-0.12 wB.threat=0.25 wB.pair=0.02 wB.mobility=0.02 wB.centre=0.05 wB.vulnerableAxes=-0.03 wB.oneMoveCapturable=-0.9 wB.spearheadPairs=0.15 wB.diagonalSupport=0.06 wB.deniedSquares=0.04 wB.strikers=0.05 wB.notchExposure=-0.12
Latrunculi bench: 40 mirrored A-vs-B pairs (80 games), 8x10, 20 per side, slide, convex payoff, komi 1.5, policy placement, 500 ms per searched ply, 8 threads
base seed: 777001  (pair p uses seed base+p; even game index = set A as P0)
XML: not saved   memory tracking level: 0

game   plies  moveP  capt  remv lastAct    tail  quiet   lead   peak  margin win  reason    depth    srchd  AasP  wSet
5        138     98    25    28      98      40     40      0      3       2   A  QuietGame     3.18       68     1     B
1        143    103    28    30     103      40     40      0      4       4   A  QuietGame     3.19       68     1     B
3        156    116    30    30     116      40     40      0      3       2   A  QuietGame     3.16       67     1     B
2        161    121    34    34     161       0     13      0      4       4   A  Reduction     3.21       67     0     A
0        164    124    31    32     124      40     40      1      4      -4   B  QuietGame     3.19       68     0     B
6        183    143    32    32     143      40     40      2      3       2   A  QuietGame     3.22       68     0     A
7        193    153    35    35     193       0     28      2      3       3   A  Reduction     3.22       68     1     B
4        202    162    34    34     162      40     40      0      4       2   A  QuietGame     3.18       68     0     A
9         91     51     8     9      51      40     40      0      2       1   B  QuietGame     3.01       68     1     A
8        167    127    27    28     127      40     40      0      6       6   A  QuietGame     3.21       68     0     A
14       125     85    20    20      85      40     40      1      3      -2   B  QuietGame     3.10       68     0     B
11       163    123    33    34     163       0     26      0      4       4   A  Reduction     3.19       67     1     B
12       203    163    30    31     163      40     40      1      2      -1   B  QuietGame     3.24       68     0     B
10       215    175    33    33     175      40     40      0      3       3   A  QuietGame     2.87       67     0     A
13       186    146    32    32     146      40     40      1      4      -4   B  QuietGame     3.29       68     1     A
15       184    144    31    31     144      40     40      1      5      -5   B  QuietGame     3.18       68     1     A
16       167    127    32    33     167       0     31      0      5       5   A  Reduction     3.18       68     0     A
17       156    116    32    33     116      40     40      1      3      -3   B  QuietGame     3.15       68     1     A
20       112     72    13    13      72      40     40      1      1      -1   B  QuietGame     3.01       67     0     B
18       172    132    27    29     132      40     40      3      2      -1   B  QuietGame     3.13       68     0     B
19       177    137    28    30     137      40     40      3      3      -2   B  QuietGame     3.12       68     1     A
21       164    124    32    33     124      40     40      1      3      -3   B  QuietGame     2.91       67     1     A
23       174    134    32    32     134      40     40      0      2       0   B  QuietGame     3.24       68     1     A
22       196    156    33    33     156      40     40      0      2       1   B  QuietGame     3.15       68     0     B
24       195    155    35    35     155      40     40      0      2       1   B  QuietGame     3.47       68     0     B
25       159    119    29    30     119      40     40      1      3      -2   B  QuietGame     3.16       68     1     A
27       158    118    33    33     158       0     26      1      5      -5   B  Reduction     3.15       68     1     A
29       139     99    29    31     139       0     11      0      7       7   A  Reduction     2.85       68     1     B
26       194    154    33    33     154      40     40      0      4       3   A  QuietGame     3.19       68     0     A
28       202    162    35    36     162      40     40      6      2       0   B  QuietGame     3.10       68     0     B
30       161    121    32    34     161       0     22      0      4       4   A  Reduction     3.13       67     0     A
32       151    111    26    26     111      40     40      0      6       6   A  QuietGame     3.21       68     0     A
34       126     86    19    19      86      40     40      3      3      -3   B  QuietGame     3.27       67     0     B
33       153    113    33    34     113      40     40      0      2       2   A  QuietGame     3.28       68     1     B
31       228    188    33    33     188      40     40      0      4       3   A  QuietGame     3.15       67     1     B
35       193    153    34    35     193       0     26      2      3       3   A  Reduction     2.84       67     1     B
36       198    158    34    34     158      40     40      0      3       2   A  QuietGame     3.24       68     0     A
38       157    117    34    36     157       0     15      4      2       2   A  Reduction     3.15       68     0     A
40       128     88    17    19      88      40     40      1      2      -1   B  QuietGame     3.10       67     0     B
37       221    181    30    30     181      40     40      0      6       6   A  QuietGame     3.07       68     1     B
39       200    160    34    34     160      40     40      2      2       0   B  QuietGame     3.10       68     1     A
41       175    135    22    24     135      40     40      1      4      -2   B  QuietGame     3.18       67     1     A
42       193    153    31    31     153      40     40      0      5       5   A  QuietGame     3.21       67     0     A
47       111     71    29    30     111       0      8      0      8       8   A  Reduction     3.22       68     1     B
45       165    125    32    33     125      40     40      4      3       3   A  QuietGame     3.22       68     1     B
43       195    155    30    32     155      40     40      3      3       0   B  QuietGame     2.87       67     1     A
46       173    133    31    32     133      40     40      2      4       4   A  QuietGame     3.22       68     0     A
48       167    127    32    33     167       0     16      0      5       5   A  Reduction     3.03       68     0     A
44       235    195    36    36     235       0     36      6      2       2   A  Reduction     3.22       68     0     A
49       187    147    28    29     147      40     40      0      5       5   A  QuietGame     3.07       68     1     B
52        96     56    12    12      56      40     40      0      1       0   B  QuietGame     2.91       68     0     B
51       159    119    30    31     119      40     40      0      3       3   A  QuietGame     3.16       68     1     B
54       151    111    33    34     151       0     17      0      4       4   A  Reduction     3.15       68     0     A
53       165    125    32    33     165       0     36      0      5       5   A  Reduction     2.97       68     1     B
50       227    187    34    34     227       0     33      4      4       4   A  Reduction     3.21       68     0     A
57       104     64    11    11      64      40     40      1      1      -1   B  QuietGame     3.01       68     1     A
58       104     64    12    13      64      40     40      2      2       1   B  QuietGame     2.99       68     0     B
55       163    123    27    29     123      40     40      0      7       7   A  QuietGame     3.09       68     1     B
56       195    155    35    35     195       0     34      0      3       3   A  Reduction     3.19       68     0     A
60       104     64    13    13      64      40     40      1      3      -3   B  QuietGame     3.13       68     0     B
64       100     60    11    11      60      40     40      0      2       1   B  QuietGame     2.91       67     0     B
61       133     93    20    22      93      40     40      1      4       4   A  QuietGame     2.88       68     1     B
59       172    132    34    35     132      40     40      6      2       1   B  QuietGame     3.09       68     1     A
62       151    111    29    32     111      40     40      2      2       2   A  QuietGame     3.18       68     0     A
63       199    159    34    36     159      40     40      3      2       0   B  QuietGame     3.10       68     1     A
65       184    144    33    33     144      40     40      0      4       3   A  QuietGame     3.34       67     1     B
66       151    111    28    30     111      40     40      0      3       2   A  QuietGame     3.24       68     0     A
67       160    120    36    36     160       0     17      3      2      -2   B  Reduction     3.16       68     1     A
69       155    115    27    28     115      40     40      0      8       8   A  QuietGame     2.91       68     1     B
71       169    129    33    33     129      40     40      0      2       1   B  QuietGame     3.28       68     1     A
73       120     80    15    17      80      40     40      0      3       1   B  QuietGame     3.10       67     1     A
75       107     67    15    19      67      40     40      0      4       3   A  QuietGame     2.94       68     1     B
74       122     82    24    24      82      40     40      1      3      -2   B  QuietGame     3.21       68     0     B
70       218    178    28    30     178      40     40      0      5       4   A  QuietGame     3.10       68     0     A
68       283    243    34    35     243      40     40      7      2      -1   B  QuietGame     3.25       68     0     B
76       129     89    31    32     129       0     15      0      6       6   A  Reduction     2.88       68     0     A
79       105     65    14    15      65      40     40      0      3       3   A  QuietGame     3.19       68     1     B
72       263    223    34    35     223      40     40      1      3      -1   B  QuietGame     3.15       67     0     B
77       165    125    28    29     165       0     26      0      9       9   A  Reduction     3.32       68     1     B
78       171    131    30    30     171       0     35      0      8       8   A  Reduction     3.35       68     0     A

games                80
mean plies           166.0   (movement 126.0)
mean captures        28.2
mean removals        29.1
mean dead tail       30.0   plies after the last capture or removal
mean longest quiet   35.9
mean lead changes    1.1   (37 of 80 games had any)
mean peak margin     3.6
mean final margin    3.0   (absolute)
ended by quiet game  60  (75%)
ended by reduction   20  (25%)
ended by immobilize  0  (0%)
won by A / B         45 / 35
mean depth           3.13   (over 5422 searched opening plies)
wall clock           804.548 s

weight-set A wins    41 / 80  (51.2%)   [as P0: 23/40, as P1: 18/40]
weight-set B wins    39 / 80
quiet-game share     A-wins 68.3%   B-wins 82.1%   all 75.0%
95% threshold        wins >= 48 of 80 (one-sided): neither side significant
csv line appended to doc\bench\sweeps\2026-08-24\coarse.csv
drop  pair x0.5 -> 0.01 = 51.3% wins, quiet 75%
>> ./cmake-build-release/latrunculi_game/latrunculi_bench.exe pairs=40 ms=500 seed=777001 threads=8 rows=8 columns=10 perside=20 csv=doc\bench\sweeps\2026-08-24\coarse.csv wA.threat=0.25 wA.pair=0.04 wA.mobility=0.02 wA.centre=0.05 wA.vulnerableAxes=-0.03 wA.oneMoveCapturable=-0.9 wA.spearheadPairs=0.15 wA.diagonalSupport=0.06 wA.deniedSquares=0.04 wA.strikers=0.05 wA.notchExposure=-0.12 wB.threat=0.25 wB.pair=0.02 wB.mobility=0.02 wB.centre=0.05 wB.vulnerableAxes=-0.03 wB.oneMoveCapturable=-0.9 wB.spearheadPairs=0.15 wB.diagonalSupport=0.06 wB.deniedSquares=0.04 wB.strikers=0.05 wB.notchExposure=-0.12
Latrunculi bench: 40 mirrored A-vs-B pairs (80 games), 8x10, 20 per side, slide, convex payoff, komi 1.5, policy placement, 500 ms per searched ply, 8 threads
base seed: 777001  (pair p uses seed base+p; even game index = set A as P0)
XML: not saved   memory tracking level: 0

game   plies  moveP  capt  remv lastAct    tail  quiet   lead   peak  margin win  reason    depth    srchd  AasP  wSet
4        129     89    25    27     129       0     13      0     11      11   A  Reduction     3.12       68     0     A
2        164    124    28    29     124      40     40      0      2       1   B  QuietGame     3.13       67     0     B
0        167    127    33    33     167       0     29      0      5       5   A  Reduction     3.22       68     0     A
3        173    133    33    33     133      40     40      1      4      -3   B  QuietGame     2.93       67     1     A
5        183    143    29    30     143      40     40      0      6       6   A  QuietGame     3.31       68     1     B
7        184    144    27    28     144      40     40      1      6      -6   B  QuietGame     3.07       68     1     A
6        197    157    34    34     157      40     40      7      3       0   B  QuietGame     3.32       68     0     B
1        215    175    30    32     175      40     40      2      4       4   A  QuietGame     3.21       68     1     B
8        183    143    31    32     183       0     30      0      6       6   A  Reduction     3.16       68     0     A
12       147    107    33    34     147       0     12      0      4       4   A  Reduction     3.18       68     0     A
9        168    128    33    34     128      40     40      0      2       0   B  QuietGame     2.85       68     1     A
11       191    151    34    35     191       0     32      0      4       3   A  Reduction     2.82       67     1     B
13       177    137    33    33     177       0     31      0      5       5   A  Reduction     3.12       68     1     B
14       167    127    32    32     127      40     40      1      3      -2   B  QuietGame     3.19       68     0     B
15       190    150    33    33     150      40     40      0      4       3   A  QuietGame     3.18       68     1     B
10       254    214    35    36     214      40     40      6      1       0   B  QuietGame     3.18       67     0     B
18       120     80    15    15      80      40     40      1      2      -1   B  QuietGame     2.87       68     0     B
17       138     98    33    34     138       0     12      3      4      -4   B  Reduction     3.09       68     1     A
16       173    133    30    30     133      40     40      4      2       2   A  QuietGame     3.16       68     0     A
21       152    112    32    33     152       0     25      1      5      -5   B  Reduction     3.12       67     1     A
19       192    152    29    31     152      40     40      1      3      -1   B  QuietGame     2.88       68     1     A
20       200    160    29    29     160      40     40      1      7      -7   B  QuietGame     3.15       67     0     B
22       181    141    32    33     181       0     24      2      5       5   A  Reduction     3.28       68     0     A
25       181    141    32    34     141      40     40      3      2       0   B  QuietGame     3.12       68     1     A
26       182    142    30    30     142      40     40      0      4       2   A  QuietGame     3.32       68     0     A
24       233    193    27    27     193      40     40      0      9       9   A  QuietGame     2.79       68     0     A
28       133     93    21    25      93      40     40      3      2      -1   B  QuietGame     2.76       68     0     B
27       178    138    33    33     138      40     40      0      4       3   A  QuietGame     3.19       68     1     B
23       262    222    35    35     222      40     40      0      2       1   B  QuietGame     3.09       68     1     A
30       165    125    33    34     125      40     40      1      2       0   B  QuietGame     3.19       67     0     B
29       193    153    30    30     153      40     40      1      5      -4   B  QuietGame     3.21       68     1     A
31       163    123    30    31     123      40     40      0      5       5   A  QuietGame     3.18       67     1     B
33       150    110    20    21     110      40     40      1      2      -1   B  QuietGame     2.91       68     1     A
36       164    124    35    35     124      40     40      0      2       1   B  QuietGame     3.18       68     0     B
35       178    138    30    31     138      40     40      1      3      -3   B  QuietGame     3.25       67     1     A
34       183    143    29    29     143      40     40      0      2       1   B  QuietGame     2.82       67     0     B
38       153    113    32    34     153       0     20      2      4       4   A  Reduction     3.13       68     0     A
32       255    215    34    34     215      40     40      1      3      -2   B  QuietGame     3.26       68     0     B
39       150    110    27    29     110      40     40      0      4       3   A  QuietGame     3.13       68     1     B
42       121     81    17    17      81      40     40      0      3       3   A  QuietGame     3.13       67     0     A
37       245    205    34    34     205      40     40      0      2       2   A  QuietGame     3.13       68     1     B
40       178    138    23    23     138      40     40      1      3      -3   B  QuietGame     2.96       67     0     B
43       153    113    33    33     153       0     18      0      5       5   A  Reduction     2.88       67     1     B
41       169    129    34    36     169       0     19      4      2       2   A  Reduction     3.16       67     1     B
45       184    144    36    36     144      40     40      4      2       0   B  QuietGame     3.12       68     1     A
46       175    135    35    36     175       0     27      6      2       2   A  Reduction     3.18       68     0     A
51       117     77    15    18      77      40     40      2      2       2   A  QuietGame     3.09       68     1     B
44       240    200    28    28     240       0     27      1     10     -10   B  Reduction     3.35       68     0     B
47       210    170    34    34     170      40     40      3      2      -2   B  QuietGame     3.12       68     1     A
49       187    147    25    26     147      40     40      2      4       2   A  QuietGame     2.87       68     1     B
50       184    144    34    34     144      40     40      0      3       2   A  QuietGame     2.79       68     0     A
48       221    181    34    34     181      40     40      1      3       0   B  QuietGame     3.19       68     0     B
52       125     85    24    26      85      40     40      0      6       6   A  QuietGame     3.25       68     0     A
55       135     95    29    29      95      40     40      0      5       5   A  QuietGame     3.25       68     1     B
54       185    145    33    35     185       0     30      2      3       3   A  Reduction     3.13       68     0     A
53       203    163    29    29     163      40     40      3      2      -1   B  QuietGame     3.18       68     1     A
56       161    121    34    34     121      40     40      2      2       2   A  QuietGame     3.13       68     0     A
57       177    137    34    34     137      40     40      3      2       0   B  QuietGame     2.90       68     1     A
60       161    121    25    26     121      40     40      0      6       6   A  QuietGame     3.13       68     0     A
59       167    127    31    31     127      40     40      2      5       5   A  QuietGame     3.12       68     1     B
58       197    157    27    28     157      40     40      0      6       6   A  QuietGame     2.76       68     0     A
61       133     93    34    34     133       0     13      0      4       4   A  Reduction     3.13       68     1     B
62       117     77    16    16      77      40     40      0      6       6   A  QuietGame     3.09       68     0     A
63       156    116    31    32     116      40     40      2      3       2   A  QuietGame     3.19       68     1     B
64       161    121    31    31     121      40     40      2      2       1   B  QuietGame     3.10       67     0     B
70        98     58    11    12      58      40     40      0      3       2   A  QuietGame     3.07       68     0     A
67       145    105    29    30     105      40     40      0      4       4   A  QuietGame     3.10       68     1     B
65       192    152    31    32     152      40     40      0      3       2   A  QuietGame     2.91       67     1     B
68       188    148    34    34     148      40     40      6      2       0   B  QuietGame     2.91       68     0     B
66       209    169    32    33     169      40     40      0      3       3   A  QuietGame     3.10       68     0     A
69       191    151    31    31     151      40     40      2      2       1   B  QuietGame     3.19       68     1     A
71       142    102    33    34     142       0     26      3      4      -4   B  Reduction     3.21       68     1     A
74       119     79    16    17      79      40     40      1      4      -3   B  QuietGame     3.09       68     0     B
72       153    113    31    32     113      40     40      2      2       2   A  QuietGame     3.27       67     0     A
73       169    129    34    35     169       0     22      0      3       3   A  Reduction     3.15       67     1     B
76       148    108    25    27     108      40     40      0      6       5   A  QuietGame     2.79       68     0     A
79       119     79    30    32     119       0     20      2      6       6   A  Reduction     3.26       68     1     B
77       153    113    31    32     153       0     21      0      6       6   A  Reduction     3.29       68     1     B
75       194    154    34    34     154      40     40      6      2       0   B  QuietGame     2.90       68     1     A
78       193    153    30    32     193       0     23      0      6       6   A  Reduction     3.18       68     0     A

games                80
mean plies           173.0   (movement 133.0)
mean captures        29.7
mean removals        30.4
mean dead tail       29.5   plies after the last capture or removal
mean longest quiet   35.4
mean lead changes    1.3   (44 of 80 games had any)
mean peak margin     3.8
mean final margin    3.2   (absolute)
ended by quiet game  59  (74%)
ended by reduction   21  (26%)
ended by immobilize  0  (0%)
won by A / B         45 / 35
mean depth           3.10   (over 5422 searched opening plies)
wall clock           835.116 s

weight-set A wins    41 / 80  (51.2%)   [as P0: 23/40, as P1: 18/40]
weight-set B wins    39 / 80
quiet-game share     A-wins 70.7%   B-wins 76.9%   all 73.8%
95% threshold        wins >= 48 of 80 (one-sided): neither side significant
csv line appended to doc\bench\sweeps\2026-08-24\coarse.csv
drop  pair x2 -> 0.04 = 51.3% wins, quiet 73.75%
>> ./cmake-build-release/latrunculi_game/latrunculi_bench.exe pairs=40 ms=500 seed=777001 threads=8 rows=8 columns=10 perside=20 csv=doc\bench\sweeps\2026-08-24\coarse.csv wA.threat=0.25 wA.pair=0.08 wA.mobility=0.02 wA.centre=0.05 wA.vulnerableAxes=-0.03 wA.oneMoveCapturable=-0.9 wA.spearheadPairs=0.15 wA.diagonalSupport=0.06 wA.deniedSquares=0.04 wA.strikers=0.05 wA.notchExposure=-0.12 wB.threat=0.25 wB.pair=0.02 wB.mobility=0.02 wB.centre=0.05 wB.vulnerableAxes=-0.03 wB.oneMoveCapturable=-0.9 wB.spearheadPairs=0.15 wB.diagonalSupport=0.06 wB.deniedSquares=0.04 wB.strikers=0.05 wB.notchExposure=-0.12
Latrunculi bench: 40 mirrored A-vs-B pairs (80 games), 8x10, 20 per side, slide, convex payoff, komi 1.5, policy placement, 500 ms per searched ply, 8 threads
base seed: 777001  (pair p uses seed base+p; even game index = set A as P0)
XML: not saved   memory tracking level: 0

game   plies  moveP  capt  remv lastAct    tail  quiet   lead   peak  margin win  reason    depth    srchd  AasP  wSet
5        167    127    28    29     127      40     40      0      2       1   B  QuietGame     3.21       68     1     A
7        181    141    29    30     141      40     40      0      3       2   A  QuietGame     3.26       68     1     B
0        185    145    27    28     145      40     40      0      3       2   A  QuietGame     3.12       68     0     A
6        191    151    30    30     151      40     40      0      6       6   A  QuietGame     3.13       68     0     A
2        194    154    34    34     154      40     40      0      3       2   A  QuietGame     3.25       67     0     A
3        220    180    34    35     180      40     40      2      2       1   B  QuietGame     3.15       67     1     A
1        221    181    34    35     181      40     40      1      2      -1   B  QuietGame     3.16       68     1     A
4        238    198    28    29     198      40     40      2      4       3   A  QuietGame     3.13       68     0     A
13       118     78    20    20      78      40     40      4      2       0   B  QuietGame     3.25       68     1     A
8        186    146    32    33     146      40     40      2      2       1   B  QuietGame     3.15       68     0     B
9        173    133    32    33     173       0     27      0      5       5   A  Reduction     3.16       68     1     B
10       194    154    29    30     154      40     40      0      5       4   A  QuietGame     3.13       67     0     A
12       204    164    35    35     204       0     31      3      3      -3   B  Reduction     3.22       68     0     B
14       181    141    35    35     181       0     28      0      3       3   A  Reduction     3.18       68     0     A
17        95     55    11    11      55      40     40      0      2       1   B  QuietGame     3.07       68     1     A
15       205    165    33    33     205       0     28      0      5       5   A  Reduction     3.19       68     1     B
11       259    219    32    33     219      40     40      0      4       3   A  QuietGame     3.15       67     1     B
18       199    159    29    32     199       0     34      0      6       6   A  Reduction     3.22       68     0     A
16       234    194    34    34     194      40     40      6      1       0   B  QuietGame     3.26       68     0     B
20       179    139    32    33     139      40     40      1      3      -1   B  QuietGame     3.25       67     0     B
23       131     91    19    20      91      40     40      0      3       2   A  QuietGame     3.28       68     1     B
21       200    160    30    32     160      40     40      4      3       0   B  QuietGame     3.28       67     1     A
19       225    185    29    32     185      40     40      2      3       2   A  QuietGame     2.97       68     1     B
24       179    139    31    33     139      40     40      4      2       1   B  QuietGame     3.10       68     0     B
22       215    175    34    34     215       0     30      0      4       4   A  Reduction     3.25       68     0     A
27       134     94    15    15      94      40     40      3      1      -1   B  QuietGame     3.10       68     1     A
25       168    128    27    30     128      40     40      2      2       0   B  QuietGame     3.12       68     1     A
32       104     64    14    14      64      40     40      0      3       2   A  QuietGame     3.24       68     0     A
30       164    124    34    34     164       0     12      1      4      -4   B  Reduction     3.06       67     0     B
31       164    124    31    32     124      40     40      0      5       4   A  QuietGame     3.18       67     1     B
28       242    202    33    33     202      40     40      1      3      -3   B  QuietGame     3.18       68     0     B
26       247    207    36    36     247       0     37      0      2       2   A  Reduction     3.21       68     0     A
29       252    212    30    31     212      40     40      3      5      -5   B  QuietGame     3.19       68     1     A
33       171    131    31    31     171       0     17      0      7       7   A  Reduction     3.16       68     1     B
37        99     59     9    10      59      40     40      2      2       2   A  QuietGame     3.04       68     1     B
34       190    150    21    22     150      40     40      0      3      -2   B  QuietGame     3.06       67     0     B
35       161    121    32    33     121      40     40      3      2      -1   B  QuietGame     3.18       67     1     A
38       169    129    33    33     129      40     40      1      4      -3   B  QuietGame     3.10       68     0     B
41       137     97    22    24      97      40     40      1      5      -4   B  QuietGame     3.13       67     1     A
36       238    198    35    35     198      40     40      1      3      -1   B  QuietGame     2.90       68     0     B
43       115     75    28    32     115       0      9      0      6       6   A  Reduction     3.09       67     1     B
39       194    154    34    34     154      40     40      1      3      -2   B  QuietGame     3.10       68     1     A
40       204    164    31    31     204       0     33      1      7      -7   B  Reduction     3.39       67     0     B
44       174    134    34    34     134      40     40      5      2      -2   B  QuietGame     3.32       68     0     B
42       198    158    31    31     158      40     40      0      4       3   A  QuietGame     3.30       67     0     A
45       147    107    30    31     147       0     16      2      7       7   A  Reduction     3.15       68     1     B
47       145    105    28    28     105      40     40      0      6       6   A  QuietGame     3.06       68     1     B
49       158    118    27    29     118      40     40      3      5      -5   B  QuietGame     3.19       68     1     A
48       175    135    30    30     135      40     40      0      4       4   A  QuietGame     3.24       68     0     A
46       201    161    33    33     161      40     40      2      2       1   B  QuietGame     3.16       68     0     B
51       134     94    18    18      94      40     40      1      2      -2   B  QuietGame     3.28       68     1     A
50       171    131    34    34     131      40     40      7      1       0   B  QuietGame     3.28       68     0     B
52       198    158    35    35     198       0     36      1      3      -3   B  Reduction     3.24       68     0     B
53       159    119    31    33     159       0     29      0      5       5   A  Reduction     3.06       68     1     B
54       184    144    27    29     144      40     40      1      2      -1   B  QuietGame     3.07       68     0     B
59       167    127    35    36     167       0     14      2      2       2   A  Reduction     3.25       68     1     B
56       221    181    34    35     221       0     33      2      3       3   A  Reduction     3.32       68     0     A
60       136     96    30    30      96      40     40      7      2      -2   B  QuietGame     3.31       68     0     B
55       245    205    25    26     205      40     40      0     10      10   A  QuietGame     2.93       68     1     B
58       209    169    32    33     169      40     40      1      2      -1   B  QuietGame     3.19       68     0     B
57       220    180    34    34     180      40     40      4      2       0   B  QuietGame     3.29       68     1     A
61       181    141    31    31     141      40     40      0      5       5   A  QuietGame     3.40       68     1     B
62       168    128    35    35     168       0     28      1      3      -3   B  Reduction     3.09       68     0     B
64       117     77    11    12      77      40     40      1      2       0   B  QuietGame     3.15       67     0     B
67       116     76    17    18      76      40     40      2      2       0   B  QuietGame     3.21       68     1     A
63       151    111    32    33     151       0     33      0      5       5   A  Reduction     3.32       68     1     B
66       148    108    30    31     108      40     40      0      2       1   B  QuietGame     3.16       68     0     B
65       169    129    25    27     129      40     40      0      5       5   A  QuietGame     3.28       67     1     B
70       107     67     9     9      67      40     40      2      1       1   B  QuietGame     2.90       68     0     B
69       152    112    31    31     112      40     40      8      2       1   B  QuietGame     3.25       68     1     A
68       251    211    31    32     211      40     40      2      4       4   A  QuietGame     3.26       68     0     A
74       143    103    21    22     103      40     40      0      2       2   A  QuietGame     3.13       68     0     A
73       168    128    24    24     128      40     40      1      8      -8   B  QuietGame     3.22       67     1     A
72       179    139    31    33     179       0     27      0      5       5   A  Reduction     3.04       67     0     A
71       195    155    32    33     155      40     40      0      3       3   A  QuietGame     3.22       68     1     B
75       157    117    29    29     117      40     40      3      2      -1   B  QuietGame     3.25       68     1     A
77       152    112    22    23     112      40     40      0      5       3   A  QuietGame     3.29       68     1     B
76       191    151    33    35     191       0     15      2      3       3   A  Reduction     3.04       68     0     A
78       150    110    27    27     110      40     40      2      2       1   B  QuietGame     3.26       68     0     B
79       160    120    33    34     160       0     15      3      4      -4   B  Reduction     3.38       68     1     A

games                80
mean plies           177.8   (movement 137.8)
mean captures        28.6
mean removals        29.4
mean dead tail       29.5   plies after the last capture or removal
mean longest quiet   36.1
mean lead changes    1.4   (47 of 80 games had any)
mean peak margin     3.5
mean final margin    2.8   (absolute)
ended by quiet game  59  (74%)
ended by reduction   21  (26%)
ended by immobilize  0  (0%)
won by A / B         37 / 43
mean depth           3.18   (over 5422 searched opening plies)
wall clock           869.128 s

weight-set A wins    37 / 80  (46.2%)   [as P0: 17/40, as P1: 20/40]
weight-set B wins    43 / 80
quiet-game share     A-wins 78.4%   B-wins 69.8%   all 73.8%
95% threshold        wins >= 48 of 80 (one-sided): neither side significant
csv line appended to doc\bench\sweeps\2026-08-24\coarse.csv
drop  pair x4 -> 0.08 = 46.3% wins, quiet 73.75%
>> ./cmake-build-release/latrunculi_game/latrunculi_bench.exe pairs=40 ms=500 seed=777001 threads=8 rows=8 columns=10 perside=20 csv=doc\bench\sweeps\2026-08-24\coarse.csv wA.threat=0.25 wA.pair=0.02 wA.mobility=0.005 wA.centre=0.05 wA.vulnerableAxes=-0.03 wA.oneMoveCapturable=-0.9 wA.spearheadPairs=0.15 wA.diagonalSupport=0.06 wA.deniedSquares=0.04 wA.strikers=0.05 wA.notchExposure=-0.12 wB.threat=0.25 wB.pair=0.02 wB.mobility=0.02 wB.centre=0.05 wB.vulnerableAxes=-0.03 wB.oneMoveCapturable=-0.9 wB.spearheadPairs=0.15 wB.diagonalSupport=0.06 wB.deniedSquares=0.04 wB.strikers=0.05 wB.notchExposure=-0.12
Latrunculi bench: 40 mirrored A-vs-B pairs (80 games), 8x10, 20 per side, slide, convex payoff, komi 1.5, policy placement, 500 ms per searched ply, 8 threads
base seed: 777001  (pair p uses seed base+p; even game index = set A as P0)
XML: not saved   memory tracking level: 0

game   plies  moveP  capt  remv lastAct    tail  quiet   lead   peak  margin win  reason    depth    srchd  AasP  wSet
6        125     85    17    18      85      40     40      3      1       0   B  QuietGame     3.24       68     0     B
7        135     95    21    22      95      40     40      1      2       0   B  QuietGame     3.18       68     1     A
3        144    104    35    35     144       0     16      1      3      -3   B  Reduction     3.28       67     1     A
1        149    109    33    34     149       0     15      0      4       4   A  Reduction     3.25       68     1     B
4        157    117    33    33     157       0     18      0      5       5   A  Reduction     3.31       68     0     A
0        164    124    18    18     124      40     40      2      2       0   B  QuietGame     3.24       68     0     B
5        187    147    24    24     147      40     40      1      2       0   B  QuietGame     3.21       68     1     A
2        229    189    30    32     189      40     40      2      4       4   A  QuietGame     3.30       67     0     A
8        143    103    29    30     143       0     26      0      8       8   A  Reduction     3.19       68     0     A
9        148    108    30    31     108      40     40      0      6       5   A  QuietGame     3.21       68     1     B
11       173    133    33    33     133      40     40      1      2      -1   B  QuietGame     3.27       67     1     A
10       188    148    29    29     148      40     40      0      6       5   A  QuietGame     3.21       67     0     A
13       199    159    32    33     159      40     40      0      3       3   A  QuietGame     3.24       68     1     B
16       109     69    19    20      69      40     40      0      3       2   A  QuietGame     3.12       68     0     A
14       188    148    33    34     148      40     40      4      2       0   B  QuietGame     3.10       68     0     B
12       232    192    34    34     192      40     40      2      2       0   B  QuietGame     3.06       68     0     B
15       163    123    32    33     163       0     21      0      5       5   A  Reduction     3.29       68     1     B
17       121     81    19    20      81      40     40      0      3       2   A  QuietGame     3.18       68     1     B
18       182    142    36    36     182       0     28      1      2      -2   B  Reduction     3.13       68     0     B
19       177    137    33    34     137      40     40      1      3      -2   B  QuietGame     3.35       68     1     A
21       174    134    30    30     134      40     40      3      3      -2   B  QuietGame     3.25       67     1     A
22       166    126    21    21     126      40     40      1      2      -1   B  QuietGame     3.19       68     0     B
24       151    111    31    33     111      40     40      0      3       3   A  QuietGame     3.21       68     0     A
23       184    144    32    32     144      40     40      1      4      -4   B  QuietGame     3.21       68     1     A
20       212    172    34    34     172      40     40      2      3       2   A  QuietGame     3.31       67     0     A
25       235    195    26    28     195      40     40      1      7      -6   B  QuietGame     3.13       68     1     A
27       135     95    31    32     135       0     15      0      6       6   A  Reduction     3.19       68     1     B
26       195    155    30    30     155      40     40      0      4       4   A  QuietGame     3.29       68     0     A
30       169    129    30    32     169       0     20      0      6       6   A  Reduction     3.12       67     0     A
28       212    172    23    24     172      40     40      2      2       0   B  QuietGame     3.03       68     0     B
32       186    146    33    33     146      40     40      4      2       1   B  QuietGame     3.38       68     0     B
31       203    163    28    30     163      40     40      0      2       2   A  QuietGame     3.22       67     1     B
33       153    113    24    24     113      40     40      1      3      -2   B  QuietGame     3.29       68     1     A
35       100     60    16    17      60      40     40      1      1      -1   B  QuietGame     3.10       67     1     A
29       253    213    34    34     213      40     40      4      3       0   B  QuietGame     3.26       68     1     A
34       168    128    27    29     128      40     40      0      6       5   A  QuietGame     3.22       67     0     A
40        99     59    16    16      59      40     40      0      1       0   B  QuietGame     3.24       67     0     B
39       135     95    27    27      95      40     40      1      2      -1   B  QuietGame     3.28       68     1     A
38       163    123    30    34     163       0     29      0      4       4   A  Reduction     3.07       68     0     A
36       215    175    37    37     215       0     23      0      2       1   A  Reduction     3.29       68     0     A
43       147    107    28    31     107      40     40      2      3       1   B  QuietGame     3.13       67     1     A
42       154    114    31    31     114      40     40      0      3       1   B  QuietGame     3.28       67     0     B
37       216    176    28    28     176      40     40      1      2      -2   B  QuietGame     3.16       68     1     A
41       212    172    30    30     172      40     40      4      1       0   B  QuietGame     3.27       67     1     A
44       156    116    34    34     156       0      9      1      4      -4   B  Reduction     3.18       68     0     B
49        90     50     6     6      50      40     40      2      1       0   B  QuietGame     2.96       68     1     A
45       149    109    28    29     109      40     40      2      2       1   B  QuietGame     3.24       68     1     A
46       148    108    19    20     108      40     40      4      2       0   B  QuietGame     3.28       68     0     B
50       169    129    34    34     169       0     36      0      4       4   A  Reduction     3.24       68     0     A
51       167    127    32    33     167       0     29      0      5       5   A  Reduction     3.19       68     1     B
53       152    112    27    27     112      40     40      1      2      -1   B  QuietGame     3.18       68     1     A
47       255    215    33    35     215      40     40      1      2      -1   B  QuietGame     3.18       68     1     A
48       262    222    33    33     222      40     40      0      4       3   A  QuietGame     3.13       68     0     A
54       178    138    26    27     138      40     40      2      2       1   B  QuietGame     3.06       68     0     B
52       211    171    29    30     171      40     40      0      6       6   A  QuietGame     3.04       68     0     A
57       161    121    28    28     121      40     40      7      1       0   B  QuietGame     3.16       68     1     A
55       263    223    35    35     223      40     40      1      2      -1   B  QuietGame     3.25       68     1     A
56       203    163    31    32     203       0     33      0      6       6   A  Reduction     3.03       68     0     A
59       176    136    31    32     176       0     27      1      6      -6   B  Reduction     3.26       68     1     A
60       153    113    30    32     153       0     21      2      6       6   A  Reduction     3.28       68     0     A
58       196    156    31    31     156      40     40      0      6       5   A  QuietGame     3.21       68     0     A
62       160    120    29    30     120      40     40      4      2       0   B  QuietGame     3.15       68     0     B
61       180    140    24    24     140      40     40      1      3      -2   B  QuietGame     3.28       68     1     A
67       103     63    11    11      63      40     40      0      3       3   A  QuietGame     3.18       68     1     B
64       161    121    31    32     161       0     24      0      6       6   A  Reduction     3.15       67     0     A
63       195    155    31    32     155      40     40      3      2       0   B  QuietGame     3.28       68     1     A
66       167    127    26    28     127      40     40      0      4       4   A  QuietGame     3.18       68     0     A
65       209    169    34    35     209       0     31      0      3       3   A  Reduction     3.22       67     1     B
71       145    105    30    33     145       0     24      0      5       5   A  Reduction     3.24       68     1     B
68       236    196    35    35     196      40     40      4      2       1   B  QuietGame     3.35       68     0     B
69       226    186    33    33     186      40     40      5      2      -1   B  QuietGame     3.15       68     1     A
70       225    185    27    29     225       0     39      0      9       9   A  Reduction     3.06       68     0     A
72       170    130    15    15     130      40     40      0      6       5   A  QuietGame     3.09       67     0     A
76        89     49     7     7      49      40     40      0      1       1   B  QuietGame     3.07       68     0     B
73       165    125    19    21     125      40     40      0      3       3   A  QuietGame     2.96       67     1     B
74       162    122    29    30     122      40     40      3      4      -4   B  QuietGame     3.18       68     0     B
75       149    109    27    28     109      40     40      3      3      -2   B  QuietGame     3.12       68     1     A
77       165    125    31    33     165       0     22      0      5       5   A  Reduction     3.26       68     1     B
78       161    121    27    28     121      40     40      2      4       4   A  QuietGame     3.26       68     0     A
79       154    114    29    30     154       0     29      1      8      -8   B  Reduction     3.26       68     1     A

games                80
mean plies           173.3   (movement 133.3)
mean captures        27.9
mean removals        28.6
mean dead tail       29.0   plies after the last capture or removal
mean longest quiet   35.7
mean lead changes    1.2   (45 of 80 games had any)
mean peak margin     3.5
mean final margin    2.8   (absolute)
ended by quiet game  58  (72%)
ended by reduction   22  (28%)
ended by immobilize  0  (0%)
won by A / B         36 / 44
mean depth           3.20   (over 5422 searched opening plies)
wall clock           834.102 s

weight-set A wins    50 / 80  (62.5%)   [as P0: 23/40, as P1: 27/40]
weight-set B wins    30 / 80
quiet-game share     A-wins 74.0%   B-wins 70.0%   all 72.5%
95% threshold        wins >= 48 of 80 (one-sided): A is significantly stronger
csv line appended to doc\bench\sweeps\2026-08-24\coarse.csv
KEEP  mobility x0.25 -> 0.005 = 62.5% wins, quiet 72.5%
>> ./cmake-build-release/latrunculi_game/latrunculi_bench.exe pairs=40 ms=500 seed=777001 threads=8 rows=8 columns=10 perside=20 csv=doc\bench\sweeps\2026-08-24\coarse.csv wA.threat=0.25 wA.pair=0.02 wA.mobility=0.01 wA.centre=0.05 wA.vulnerableAxes=-0.03 wA.oneMoveCapturable=-0.9 wA.spearheadPairs=0.15 wA.diagonalSupport=0.06 wA.deniedSquares=0.04 wA.strikers=0.05 wA.notchExposure=-0.12 wB.threat=0.25 wB.pair=0.02 wB.mobility=0.02 wB.centre=0.05 wB.vulnerableAxes=-0.03 wB.oneMoveCapturable=-0.9 wB.spearheadPairs=0.15 wB.diagonalSupport=0.06 wB.deniedSquares=0.04 wB.strikers=0.05 wB.notchExposure=-0.12
Latrunculi bench: 40 mirrored A-vs-B pairs (80 games), 8x10, 20 per side, slide, convex payoff, komi 1.5, policy placement, 500 ms per searched ply, 8 threads
base seed: 777001  (pair p uses seed base+p; even game index = set A as P0)
XML: not saved   memory tracking level: 0

game   plies  moveP  capt  remv lastAct    tail  quiet   lead   peak  margin win  reason    depth    srchd  AasP  wSet
3        163    123    25    25     123      40     40      3      2      -1   B  QuietGame     3.21       67     1     A
0        163    123    29    30     123      40     40      0      4       4   A  QuietGame     3.29       68     0     A
4        169    129    35    35     169       0     27      0      3       3   A  Reduction     3.21       68     0     A
7        170    130    32    32     130      40     40      3      2      -2   B  QuietGame     3.16       68     1     A
2        178    138    30    30     138      40     40      1      2      -2   B  QuietGame     3.37       67     0     B
1        190    150    28    29     150      40     40      1      3      -3   B  QuietGame     3.15       68     1     A
5        207    167    31    31     167      40     40      0      3       1   B  QuietGame     3.31       68     1     A
6        230    190    34    34     190      40     40      0      3       2   A  QuietGame     3.29       68     0     A
11       117     77    30    31     117       0      9      0      7       7   A  Reduction     3.25       67     1     B
9        135     95    33    33     135       0     29      0      5       5   A  Reduction     3.21       68     1     B
12       132     92    24    24      92      40     40      4      1       0   B  QuietGame     3.26       68     0     B
8        148    108    32    32     148       0     29      1      6      -6   B  Reduction     3.19       68     0     B
10       150    110    21    21     110      40     40      0      6       5   A  QuietGame     3.25       67     0     A
13       168    128    22    23     128      40     40      1      3      -1   B  QuietGame     3.07       68     1     A
14       172    132    31    31     132      40     40      2      3       1   B  QuietGame     3.21       68     0     B
19       110     70    18    18      70      40     40      2      1       0   B  QuietGame     3.04       68     1     A
17       147    107    12    13     107      40     40      1      4      -3   B  QuietGame     3.16       68     1     A
16       175    135    30    31     175       0     27      0      7       7   A  Reduction     3.21       68     0     A
15       237    197    32    33     197      40     40      4      2       1   B  QuietGame     3.26       68     1     A
20       180    140    31    32     140      40     40      4      1       0   B  QuietGame     3.12       67     0     B
22       125     85    32    33     125       0     10      0      5       5   A  Reduction     3.26       68     0     A
18       199    159    29    31     159      40     40      0      5       5   A  QuietGame     3.18       68     0     A
23       161    121    31    31     121      40     40      1      2      -1   B  QuietGame     3.00       68     1     A
21       216    176    31    33     176      40     40      0      2       1   B  QuietGame     3.19       67     1     A
26       132     92    26    26      92      40     40      0      3       2   A  QuietGame     3.26       68     0     A
25       186    146    33    35     186       0     18      3      3      -3   B  Reduction     3.06       68     1     A
27       173    133    29    29     133      40     40      0      4       3   A  QuietGame     3.26       68     1     B
28       167    127    29    31     127      40     40      0      5       5   A  QuietGame     3.24       68     0     A
24       234    194    29    31     194      40     40      0      4       3   A  QuietGame     3.12       68     0     A
31       118     78    21    23      78      40     40      0      2       1   B  QuietGame     3.24       67     1     A
29       218    178    29    30     178      40     40      0      3       2   A  QuietGame     3.16       68     1     B
33       127     87    17    17      87      40     40      0      3       3   A  QuietGame     3.26       68     1     B
30       196    156    30    30     156      40     40      2      2       0   B  QuietGame     2.91       67     0     B
36       155    115    35    35     155       0     34      0      3       3   A  Reduction     3.21       68     0     A
35       194    154    33    33     194       0     28      1      5      -5   B  Reduction     3.25       67     1     A
32       271    231    32    33     231      40     40      1      5      -3   B  QuietGame     3.29       68     0     B
37       209    169    33    33     169      40     40      1      4      -3   B  QuietGame     3.12       68     1     A
34       244    204    32    33     244       0     37      1      5      -5   B  Reduction     2.90       67     0     B
39       156    116    24    24     116      40     40      3      4      -4   B  QuietGame     3.12       68     1     A
40       179    139    31    32     139      40     40      3      1       0   B  QuietGame     2.99       67     0     B
41       160    120    29    30     120      40     40      2      2       0   B  QuietGame     3.31       67     1     A
38       257    217    36    36     217      40     40      3      2       0   B  QuietGame     3.22       68     0     B
43       153    113    19    21     113      40     40      2      4       3   A  QuietGame     3.16       67     1     B
44       154    114    29    32     154       0     12      1      6      -6   B  Reduction     3.18       68     0     B
45       155    115    29    29     115      40     40      0      2       1   B  QuietGame     3.22       68     1     A
42       226    186    35    35     186      40     40      1      2      -1   B  QuietGame     3.30       67     0     B
46       190    150    31    31     150      40     40      0      6       5   A  QuietGame     3.26       68     0     A
48       133     93    14    14      93      40     40      0      4       4   A  QuietGame     3.16       68     0     A
47       235    195    33    35     195      40     40      5      2      -1   B  QuietGame     2.87       68     1     A
51       154    114    30    32     114      40     40      3      2      -2   B  QuietGame     3.16       68     1     A
50       189    149    30    31     149      40     40      0      5       5   A  QuietGame     3.16       68     0     A
49       241    201    33    33     201      40     40      0      3       3   A  QuietGame     3.32       68     1     B
52       173    133    30    32     133      40     40      0      3       2   A  QuietGame     3.21       68     0     A
54       145    105    30    30     145       0     26      0      8       8   A  Reduction     3.29       68     0     A
55       153    113    29    30     113      40     40      0      3       2   A  QuietGame     3.22       68     1     B
53       228    188    26    28     188      40     40      0      7       6   A  QuietGame     2.94       68     1     B
57       151    111    28    30     111      40     40      2      3       2   A  QuietGame     3.21       68     1     B
59       135     95    19    19      95      40     40      3      2      -1   B  QuietGame     3.24       68     1     A
62       132     92    26    26      92      40     40      0      9       8   A  QuietGame     3.19       68     0     A
56       215    175    32    34     175      40     40      1      2       0   B  QuietGame     2.81       68     0     B
60       170    130    30    30     130      40     40      1      3      -2   B  QuietGame     3.21       68     0     B
58       219    179    33    33     179      40     40      0      3       3   A  QuietGame     3.31       68     0     A
61       207    167    28    30     167      40     40      0      7       6   A  QuietGame     3.29       68     1     B
63       164    124    31    34     164       0     14      1      4      -4   B  Reduction     3.09       68     1     A
66       149    109    22    24     109      40     40      0      6       6   A  QuietGame     3.16       68     0     A
65       181    141    35    35     181       0     33      0      3       3   A  Reduction     3.22       67     1     B
67       159    119    31    32     119      40     40      1      3      -2   B  QuietGame     2.94       68     1     A
64       217    177    34    35     217       0     39      4      3       3   A  Reduction     3.22       67     0     A
68       186    146    29    29     146      40     40      5      2      -1   B  QuietGame     3.34       68     0     B
69       174    134    32    32     174       0     27      1      6      -6   B  Reduction     3.38       68     1     A
74        89     49     6     6      49      40     40      1      1       0   B  QuietGame     2.81       68     0     B
73       110     70    16    17      70      40     40      0      2       1   B  QuietGame     3.15       67     1     A
70       206    166    35    35     166      40     40      2      2       1   B  QuietGame     3.29       68     0     B
71       204    164    31    31     164      40     40      7      2      -1   B  QuietGame     3.31       68     1     A
72       164    124    21    23     124      40     40      2      4       3   A  QuietGame     3.12       67     0     A
75       160    120    32    32     160       0     19      1      6      -6   B  Reduction     3.32       68     1     A
76       183    143    27    28     143      40     40      0      8       8   A  QuietGame     3.18       68     0     A
77       179    139    28    29     139      40     40      0      7       7   A  QuietGame     3.22       68     1     B
78       163    123    32    32     123      40     40      0      3       2   A  QuietGame     3.15       68     0     A
79       231    191    31    34     191      40     40      1      3      -2   B  QuietGame     3.16       68     1     A

games                80
mean plies           176.2   (movement 136.2)
mean captures        28.5
mean removals        29.2
mean dead tail       31.5   plies after the last capture or removal
mean longest quiet   36.7
mean lead changes    1.2   (43 of 80 games had any)
mean peak margin     3.7
mean final margin    3.0   (absolute)
ended by quiet game  63  (79%)
ended by reduction   17  (21%)
ended by immobilize  0  (0%)
won by A / B         36 / 44
mean depth           3.18   (over 5422 searched opening plies)
wall clock           875.692 s

weight-set A wins    50 / 80  (62.5%)   [as P0: 23/40, as P1: 27/40]
weight-set B wins    30 / 80
quiet-game share     A-wins 78.0%   B-wins 80.0%   all 78.8%
95% threshold        wins >= 48 of 80 (one-sided): A is significantly stronger
csv line appended to doc\bench\sweeps\2026-08-24\coarse.csv
drop  mobility x0.5 -> 0.01 = 62.5% wins, quiet 78.75%
>> ./cmake-build-release/latrunculi_game/latrunculi_bench.exe pairs=40 ms=500 seed=777001 threads=8 rows=8 columns=10 perside=20 csv=doc\bench\sweeps\2026-08-24\coarse.csv wA.threat=0.25 wA.pair=0.02 wA.mobility=0.04 wA.centre=0.05 wA.vulnerableAxes=-0.03 wA.oneMoveCapturable=-0.9 wA.spearheadPairs=0.15 wA.diagonalSupport=0.06 wA.deniedSquares=0.04 wA.strikers=0.05 wA.notchExposure=-0.12 wB.threat=0.25 wB.pair=0.02 wB.mobility=0.02 wB.centre=0.05 wB.vulnerableAxes=-0.03 wB.oneMoveCapturable=-0.9 wB.spearheadPairs=0.15 wB.diagonalSupport=0.06 wB.deniedSquares=0.04 wB.strikers=0.05 wB.notchExposure=-0.12
Latrunculi bench: 40 mirrored A-vs-B pairs (80 games), 8x10, 20 per side, slide, convex payoff, komi 1.5, policy placement, 500 ms per searched ply, 8 threads
base seed: 777001  (pair p uses seed base+p; even game index = set A as P0)
XML: not saved   memory tracking level: 0

game   plies  moveP  capt  remv lastAct    tail  quiet   lead   peak  margin win  reason    depth    srchd  AasP  wSet
5        137     97    23    27     137       0      9      0     11      11   A  Reduction     3.06       68     1     B
7        144    104    17    18     104      40     40      2      2       0   B  QuietGame     3.22       68     1     A
1        148    108    31    32     108      40     40      7      2      -2   B  QuietGame     3.26       68     1     A
4        150    110    27    29     110      40     40      1      7      -7   B  QuietGame     3.21       68     0     B
3        155    115    28    28     115      40     40      2      2       2   A  QuietGame     3.21       67     1     B
0        156    116    36    36     156       0     22      1      2      -2   B  Reduction     3.25       68     0     B
6        184    144    30    30     184       0     35      1      8      -8   B  Reduction     3.38       68     0     B
2        202    162    34    35     202       0     28      3      3      -3   B  Reduction     3.34       67     0     B
9        112     72    10    10      72      40     40      0      3       2   A  QuietGame     3.06       68     1     B
8        124     84    25    27     124       0     11      1     11     -11   B  Reduction     3.09       68     0     B
15       107     67    32    32     107       0      8      0      6       6   A  Reduction     3.24       68     1     B
13       158    118    30    30     118      40     40      0      5       4   A  QuietGame     3.32       68     1     B
12       162    122    31    31     122      40     40      1      5      -5   B  QuietGame     3.00       68     0     B
14       173    133    32    33     133      40     40      1      3      -1   B  QuietGame     3.24       68     0     B
11       221    181    26    29     181      40     40      0      7       7   A  QuietGame     3.19       67     1     B
10       231    191    34    34     191      40     40      3      2       0   B  QuietGame     3.25       67     0     B
17       155    115    32    33     155       0     29      2      5       5   A  Reduction     3.22       68     1     B
18       130     90    33    33     130       0     20      1      5      -5   B  Reduction     3.28       68     0     B
16       189    149    33    33     149      40     40      0      3       3   A  QuietGame     3.19       68     0     A
20       150    110    34    35     150       0     20      1      4      -3   B  Reduction     2.94       67     0     B
19       179    139    33    35     179       0     26      0      3       3   A  Reduction     3.31       68     1     B
21       139     99    31    32     121      18     18      4      4       4   A  Immobilize     3.13       67     1     B
22       130     90    26    28     130       0     25      1     10     -10   B  Reduction     3.19       68     0     B
25        97     57    10    11      57      40     40      0      5       5   A  QuietGame     3.01       68     1     B
23       143    103    28    29     143       0     13      2      9       9   A  Reduction     3.04       68     1     B
26       124     84    32    32     124       0     17      1      6      -6   B  Reduction     3.25       68     0     B
24       158    118    32    32     118      40     40      1      4      -4   B  QuietGame     3.22       68     0     B
29       147    107    30    30     147       0     15      0      8       8   A  Reduction     3.26       68     1     B
31       137     97    33    34     137       0     13      0      4       4   A  Reduction     3.18       67     1     B
28       168    128    31    33     168       0     13      1      5      -5   B  Reduction     3.21       68     0     B
27       200    160    27    29     160      40     40      0      8       7   A  QuietGame     2.94       68     1     B
33       125     85    31    31     125       0     13      0      7       7   A  Reduction     3.25       68     1     B
34       135     95    25    28      95      40     40      0      6       6   A  QuietGame     3.12       67     0     A
30       208    168    35    36     168      40     40      2      2       0   B  QuietGame     3.22       67     0     B
32       191    151    33    33     191       0     33      0      5       5   A  Reduction     3.26       68     0     A
35       141    101    34    34     141       0     11      2      4       4   A  Reduction     3.25       67     1     B
37       129     89    30    30     129       0     13      0      8       8   A  Reduction     3.15       68     1     B
42       109     69    12    13      69      40     40      0      3       3   A  QuietGame     3.04       67     0     A
39       145    105    32    33     145       0     17      2      5       5   A  Reduction     3.21       68     1     B
38       195    155    35    35     195       0     34      0      3       3   A  Reduction     3.01       68     0     A
36       207    167    33    35     167      40     40      1      2      -1   B  QuietGame     3.12       68     0     B
41       169    129    30    30     129      40     40      0      6       6   A  QuietGame     3.25       67     1     B
43       159    119    28    28     119      40     40      0      8       8   A  QuietGame     3.22       67     1     B
40       234    194    31    31     194      40     40      3      5      -5   B  QuietGame     3.19       67     0     B
49       105     65    12    13      65      40     40      0      5       5   A  QuietGame     3.07       68     1     B
46       158    118    30    31     118      40     40      3      5      -5   B  QuietGame     3.16       68     0     B
45       178    138    20    22     138      40     40      2      2       0   B  QuietGame     3.13       68     1     A
47       149    109    17    17     109      40     40      0      5       5   A  QuietGame     2.74       68     1     B
44       227    187    34    35     187      40     40      3      2      -1   B  QuietGame     3.13       68     0     B
48       189    149    29    30     149      40     40      1      7      -6   B  QuietGame     3.21       68     0     B
51       147    107    25    26     147       0     23      0     12      12   A  Reduction     3.21       68     1     B
50       174    134    33    33     134      40     40      3      3      -3   B  QuietGame     3.26       68     0     B
52       154    114    27    29     114      40     40      0      5       1   B  QuietGame     3.12       68     0     B
54       151    111    28    28     111      40     40      0      3       2   A  QuietGame     3.25       68     0     A
57       101     61    30    31     101       0      5      0      7       7   A  Reduction     3.19       68     1     B
53       199    159    34    34     159      40     40      3      2       0   B  QuietGame     3.21       68     1     A
55       223    183    33    34     183      40     40      7      3       0   B  QuietGame     2.87       68     1     A
56       225    185    35    36     225       0     31      0      2       2   A  Reduction     3.18       68     0     A
58       174    134    29    31     174       0     30      1      7      -7   B  Reduction     3.12       68     0     B
61       117     77    27    28     117       0     13      0     10      10   A  Reduction     3.26       68     1     B
59       153    113    35    35     153       0     16      2      3       3   A  Reduction     3.22       68     1     B
63        97     57    31    31      97       0      5      0      7       7   A  Reduction     3.29       68     1     B
62       136     96    32    34     136       0     17      3      4      -4   B  Reduction     3.16       68     0     B
60       161    121    34    34     121      40     40      3      1       0   B  QuietGame     3.18       68     0     B
68       108     68    14    16      68      40     40      0      2       0   B  QuietGame     3.12       68     0     B
64       157    117    32    33     117      40     40      0      3       3   A  QuietGame     2.97       67     0     A
67       149    109    29    31     149       0     16      0      7       7   A  Reduction     3.13       68     1     B
65       185    145    33    34     185       0     38      2      4       4   A  Reduction     3.12       67     1     B
70       148    108    29    31     108      40     40      1      5      -5   B  QuietGame     3.07       68     0     B
71       147    107    24    25     107      40     40      0      5       5   A  QuietGame     3.32       68     1     B
69       175    135    31    31     135      40     40      0      5       5   A  QuietGame     3.21       68     1     B
66       220    180    35    35     180      40     40      0      2       1   B  QuietGame     3.26       68     0     B
73       121     81    27    28     121       0     11      0     10      10   A  Reduction     3.00       67     1     B
72       176    136    29    29     136      40     40      1      7      -7   B  QuietGame     3.15       67     0     B
78       108     68    10    12      68      40     40      0      2       0   B  QuietGame     3.01       68     0     B
77       126     86    17    17      86      40     40      0      6       5   A  QuietGame     3.19       68     1     B
76       138     98    33    34     138       0     18      3      4      -4   B  Reduction     3.19       68     0     B
75       169    129    28    29     129      40     40      0      7       7   A  QuietGame     3.10       68     1     B
74       198    158    31    31     198       0     25      1      7      -7   B  Reduction     3.07       68     0     B
79       141    101    28    29     101      40     40      0      7       7   A  QuietGame     3.26       68     1     B

games                80
mean plies           158.0   (movement 118.0)
mean captures        28.6
mean removals        29.4
mean dead tail       22.2   plies after the last capture or removal
mean longest quiet   30.6
mean lead changes    1.1   (41 of 80 games had any)
mean peak margin     5.0
mean final margin    4.6   (absolute)
ended by quiet game  44  (55%)
ended by reduction   35  (44%)
ended by immobilize  1  (1%)
won by A / B         43 / 37
mean depth           3.16   (over 5422 searched opening plies)
wall clock           747.506 s

weight-set A wins    13 / 80  (16.2%)   [as P0: 8/40, as P1: 5/40]
weight-set B wins    67 / 80
quiet-game share     A-wins 76.9%   B-wins 50.7%   all 55.0%
95% threshold        wins >= 48 of 80 (one-sided): B is significantly stronger
csv line appended to doc\bench\sweeps\2026-08-24\coarse.csv
drop  mobility x2 -> 0.04 = 16.3% wins, quiet 55%
>> ./cmake-build-release/latrunculi_game/latrunculi_bench.exe pairs=40 ms=500 seed=777001 threads=8 rows=8 columns=10 perside=20 csv=doc\bench\sweeps\2026-08-24\coarse.csv wA.threat=0.25 wA.pair=0.02 wA.mobility=0.08 wA.centre=0.05 wA.vulnerableAxes=-0.03 wA.oneMoveCapturable=-0.9 wA.spearheadPairs=0.15 wA.diagonalSupport=0.06 wA.deniedSquares=0.04 wA.strikers=0.05 wA.notchExposure=-0.12 wB.threat=0.25 wB.pair=0.02 wB.mobility=0.02 wB.centre=0.05 wB.vulnerableAxes=-0.03 wB.oneMoveCapturable=-0.9 wB.spearheadPairs=0.15 wB.diagonalSupport=0.06 wB.deniedSquares=0.04 wB.strikers=0.05 wB.notchExposure=-0.12
Latrunculi bench: 40 mirrored A-vs-B pairs (80 games), 8x10, 20 per side, slide, convex payoff, komi 1.5, policy placement, 500 ms per searched ply, 8 threads
base seed: 777001  (pair p uses seed base+p; even game index = set A as P0)
XML: not saved   memory tracking level: 0

game   plies  moveP  capt  remv lastAct    tail  quiet   lead   peak  margin win  reason    depth    srchd  AasP  wSet
1        101     61    24    26     101       0      5      0     12      12   A  Reduction     3.21       68     1     B
6        104     64    23    27     104       0      7      1     11     -11   B  Reduction     3.03       68     0     B
3        111     71    25    27     111       0      6      0     11      11   A  Reduction     3.12       67     1     B
2        130     90    31    32     130       0     13      1      6      -6   B  Reduction     3.16       67     0     B
4        130     90    24    27     130       0     11      1     11     -11   B  Reduction     3.03       68     0     B
5        145    105    25    27     145       0     19      0     11      11   A  Reduction     3.07       68     1     B
7        147    107    26    27     107      40     40      0      9       9   A  QuietGame     3.19       68     1     B
0        148    108    31    32     148       0     27      1      6      -6   B  Reduction     3.09       68     0     B
8        102     62    28    30     102       0      7      1      8      -8   B  Reduction     3.16       68     0     B
10       110     70    25    25     110       0     11      1     13     -13   B  Reduction     3.04       67     0     B
13        87     47    23    25      87       0      3      0     13      13   A  Reduction     3.12       68     1     B
9        131     91    28    32     131       0     17      0      6       6   A  Reduction     3.03       68     1     B
11       125     85    23    25     125       0     23      0     13      13   A  Reduction     2.97       67     1     B
14       112     72    29    29     112       0      9      1      9      -9   B  Reduction     3.22       68     0     B
12       146    106    29    30     106      40     40      1      6      -6   B  QuietGame     3.18       68     0     B
15       131     91    25    26     131       0     13      0     12      12   A  Reduction     3.19       68     1     B
16       120     80    23    24     120       0     15      1     14     -14   B  Reduction     3.16       68     0     B
18       100     60    27    31     100       0      5      1      7      -7   B  Reduction     3.03       68     0     B
19        97     57    23    25      97       0      5      0     13      13   A  Reduction     3.13       68     1     B
17       135     95    25    28     135       0     27      0     10      10   A  Reduction     3.13       68     1     B
20       122     82    31    31     122       0      9      1      7      -7   B  Reduction     3.18       67     0     B
21       119     79    28    29     119       0      9      0      9       9   A  Reduction     3.18       67     1     B
23       103     63    26    27     103       0      7      0     11      11   A  Reduction     3.18       68     1     B
22       110     70    25    25     110       0     11      1     14     -14   B  Reduction     3.01       68     0     B
26        90     50    22    24      90       0      3      1     14     -14   B  Reduction     3.13       68     0     B
24       102     62    26    26     102       0      3      1     12     -12   B  Reduction     3.21       68     0     B
27       119     79    30    30     119       0     17      0      8       8   A  Reduction     3.18       68     1     B
29       103     63    24    26     103       0      6      0     12      12   A  Reduction     3.10       68     1     B
28       118     78    28    29     118       0      8      1      9      -9   B  Reduction     3.01       68     0     B
25       161    121    33    34     161       0     25      4      4       4   A  Reduction     3.22       68     1     B
31       109     69    13    15      69      40     40      0      7       7   A  QuietGame     2.99       67     1     B
33        89     49    25    26      89       0      1      0     12      12   A  Reduction     3.12       68     1     B
30       132     92    29    30     132       0     15      1      8      -8   B  Reduction     3.13       67     0     B
32       130     90    30    32     130       0     15      1      6      -6   B  Reduction     3.12       68     0     B
36        96     56    25    27      96       0      5      1     11     -11   B  Reduction     3.13       68     0     B
35       109     69    29    29     109       0      6      0      9       9   A  Reduction     3.19       67     1     B
39       101     61    27    28     101       0      3      2     10      10   A  Reduction     3.21       68     1     B
34       148    108    28    29     148       0     26      1      9      -9   B  Reduction     3.12       67     0     B
38       130     90    24    25     130       0     15      1     13     -13   B  Reduction     3.09       68     0     B
40       116     76    26    27     116       0     15      1     11     -11   B  Reduction     3.15       67     0     B
37       137     97    25    27      97      40     40      0      9       9   A  QuietGame     3.16       68     1     B
41       111     71    25    26     111       0     19      0     12      12   A  Reduction     3.10       67     1     B
42       112     72    29    30     112       0     11      3      8      -8   B  Reduction     3.21       67     0     B
46        94     54    26    28      94       0      3      1     10     -10   B  Reduction     3.09       68     0     B
43       137     97    28    28     137       0     14      0     10      10   A  Reduction     3.21       67     1     B
44       146    106    28    28     146       0     23      1     10     -10   B  Reduction     3.25       68     0     B
45       131     91    23    25     131       0     17      0     13      13   A  Reduction     3.16       68     1     B
49       107     67    24    25     107       0     13      0     14      14   A  Reduction     3.04       68     1     B
47       135     95    23    25     135       0     23      0     13      13   A  Reduction     3.19       68     1     B
48       134     94    29    29     134       0     21      1      9      -9   B  Reduction     3.10       68     0     B
51       105     65    27    28     105       0      7      0     10      10   A  Reduction     3.13       68     1     B
50       158    118    29    29     118      40     40      1      7      -7   B  QuietGame     3.21       68     0     B
55       109     69    29    30     109       0      5      0      8       8   A  Reduction     3.19       68     1     B
52       168    128    32    35     168       0     22      3      3      -3   B  Reduction     3.15       68     0     B
57       134     94    28    28      94      40     40      0      7       6   A  QuietGame     3.15       68     1     B
56       148    108    25    28     148       0     21      1     10     -10   B  Reduction     3.10       68     0     B
53       166    126    27    30     126      40     40      0      7       6   A  QuietGame     3.04       68     1     B
54       170    130    28    30     130      40     40      3      6      -6   B  QuietGame     3.15       68     0     B
58       114     74    26    28     114       0      9      1     10     -10   B  Reduction     3.18       68     0     B
59       117     77    28    29     117       0      9      2      9       9   A  Reduction     3.29       68     1     B
62       102     62    23    24     102       0      5      1     15     -15   B  Reduction     3.19       68     0     B
64       104     64    26    27     104       0      9      1     11     -11   B  Reduction     3.16       67     0     B
63       105     65    20    23     105       0      5      0     15      15   A  Reduction     2.99       68     1     B
61       131     91    32    32     131       0     24      0      6       6   A  Reduction     3.25       68     1     B
66       100     60    24    25     100       0      9      1     13     -13   B  Reduction     3.01       68     0     B
60       164    124    29    30     124      40     40      5      6      -6   B  QuietGame     3.16       68     0     B
65       133     93    28    29     133       0     21      0      9       9   A  Reduction     3.18       67     1     B
68       108     68    26    28     108       0     17      1     10     -10   B  Reduction     3.07       68     0     B
67       141    101    27    28     141       0     29      0     10      10   A  Reduction     3.21       68     1     B
70       104     64    29    30     104       0      7      1      8      -8   B  Reduction     3.24       68     0     B
69       111     71    24    25     111       0      6      0     13      13   A  Reduction     3.10       68     1     B
71       105     65    28    31     105       0      4      0      7       7   A  Reduction     3.09       68     1     B
73       107     67    24    26     107       0      5      0     12      12   A  Reduction     3.10       67     1     B
72       122     82    31    32     122       0     14      1      6      -6   B  Reduction     3.15       67     0     B
75       121     81    25    28     121       0     11      0     10      10   A  Reduction     3.19       68     1     B
74       166    126    25    26     126      40     40      1     10     -10   B  QuietGame     3.15       68     0     B
79       109     69    22    23     109       0      7      0     15      15   A  Reduction     3.15       68     1     B
76       126     86    26    28     126       0     11      1     10     -10   B  Reduction     3.25       68     0     B
77       132     92    26    28      92      40     40      0      9       8   A  QuietGame     3.06       68     1     B
78       138     98    31    32     138       0     31      1      6      -6   B  Reduction     3.18       68     0     B

games                80
mean plies           122.3   (movement 82.3)
mean captures        26.4
mean removals        27.8
mean dead tail       5.5   plies after the last capture or removal
mean longest quiet   16.2
mean lead changes    0.7   (43 of 80 games had any)
mean peak margin     9.8
mean final margin    9.8   (absolute)
ended by quiet game  11  (14%)
ended by reduction   69  (86%)
ended by immobilize  0  (0%)
won by A / B         40 / 40
mean depth           3.14   (over 5422 searched opening plies)
wall clock           567.017 s

weight-set A wins    0 / 80  (0.0%)   [as P0: 0/40, as P1: 0/40]
weight-set B wins    80 / 80
quiet-game share     A-wins -   B-wins 13.8%   all 13.8%
95% threshold        wins >= 48 of 80 (one-sided): B is significantly stronger
csv line appended to doc\bench\sweeps\2026-08-24\coarse.csv
drop  mobility x4 -> 0.08 = 0.0% wins, quiet 13.75%
>> ./cmake-build-release/latrunculi_game/latrunculi_bench.exe pairs=40 ms=500 seed=777001 threads=8 rows=8 columns=10 perside=20 csv=doc\bench\sweeps\2026-08-24\coarse.csv wA.threat=0.25 wA.pair=0.02 wA.mobility=0.02 wA.centre=0.0125 wA.vulnerableAxes=-0.03 wA.oneMoveCapturable=-0.9 wA.spearheadPairs=0.15 wA.diagonalSupport=0.06 wA.deniedSquares=0.04 wA.strikers=0.05 wA.notchExposure=-0.12 wB.threat=0.25 wB.pair=0.02 wB.mobility=0.02 wB.centre=0.05 wB.vulnerableAxes=-0.03 wB.oneMoveCapturable=-0.9 wB.spearheadPairs=0.15 wB.diagonalSupport=0.06 wB.deniedSquares=0.04 wB.strikers=0.05 wB.notchExposure=-0.12
Latrunculi bench: 40 mirrored A-vs-B pairs (80 games), 8x10, 20 per side, slide, convex payoff, komi 1.5, policy placement, 500 ms per searched ply, 8 threads
base seed: 777001  (pair p uses seed base+p; even game index = set A as P0)
XML: not saved   memory tracking level: 0

game   plies  moveP  capt  remv lastAct    tail  quiet   lead   peak  margin win  reason    depth    srchd  AasP  wSet
0         97     57    14    15      57      40     40      2      1       1   B  QuietGame     2.96       68     0     B
6        164    124    31    31     124      40     40      2      4       3   A  QuietGame     3.21       68     0     A
3        169    129    30    30     129      40     40      1      3      -2   B  QuietGame     3.18       67     1     A
1        173    133    30    32     133      40     40      3      3      -2   B  QuietGame     3.21       68     1     A
2        188    148    32    34     188       0     28      1      4      -4   B  Reduction     3.07       67     0     B
7        208    168    33    33     168      40     40      2      4       3   A  QuietGame     3.19       68     1     B
5        215    175    35    35     215       0     34      0      3       3   A  Reduction     3.09       68     1     B
4        225    185    31    31     185      40     40      0      3       3   A  QuietGame     3.10       68     0     A
11       125     85    19    22      85      40     40      0      3       2   A  QuietGame     3.19       67     1     B
13       122     82    16    16      82      40     40      1      1       0   B  QuietGame     3.22       68     1     A
12       150    110    32    32     110      40     40      3      3      -2   B  QuietGame     3.25       68     0     B
8        247    207    32    33     207      40     40      2      2       1   B  QuietGame     3.18       68     0     B
10       179    139    34    35     139      40     40      3      2      -1   B  QuietGame     3.22       67     0     B
9        190    150    30    30     150      40     40      0      7       6   A  QuietGame     3.21       68     1     B
14       152    112    30    30     112      40     40      1      4      -4   B  QuietGame     3.16       68     0     B
16       125     85    32    33     125       0     18      0      5       5   A  Reduction     3.18       68     0     A
15       202    162    36    36     202       0     34      1      3      -2   B  Reduction     3.19       68     1     A
17       135     95    29    30      95      40     40      0      4       4   A  QuietGame     3.12       68     1     B
22       121     81    35    35     121       0     14      0      3       3   A  Reduction     3.29       68     0     A
18       176    136    30    33     136      40     40      4      2       1   B  QuietGame     3.16       68     0     B
19       188    148    31    33     188       0     29      3      5      -5   B  Reduction     3.15       68     1     A
20       201    161    33    36     201       0     26      2      3       2   A  Reduction     3.06       67     0     A
21       201    161    34    36     201       0     27      2      2       2   A  Reduction     3.13       67     1     B
23       170    130    31    33     130      40     40      2      2       1   B  QuietGame     3.16       68     1     A
24       171    131    34    35     131      40     40      1      2      -1   B  QuietGame     3.25       68     0     B
26       146    106    31    32     106      40     40      0      3       2   A  QuietGame     3.26       68     0     A
25       172    132    34    35     172       0     21      1      3      -3   B  Reduction     3.16       68     1     A
27       188    148    31    31     148      40     40      2      2       1   B  QuietGame     3.26       68     1     A
28       187    147    33    34     187       0     23      2      4       4   A  Reduction     3.06       68     0     A
30       176    136    28    29     136      40     40      0      4       3   A  QuietGame     3.13       67     0     A
31       161    121    30    34     161       0     30      0      4       4   A  Reduction     3.16       67     1     B
32       143    103    32    33     143       0     10      0      5       5   A  Reduction     3.19       68     0     A
29       209    169    34    35     169      40     40      1      2      -1   B  QuietGame     3.09       68     1     A
33       197    157    31    32     157      40     40      0      4       4   A  QuietGame     3.21       68     1     B
34       197    157    33    33     157      40     40      1      4      -3   B  QuietGame     3.21       67     0     B
37       129     89    25    25      89      40     40      0      5       5   A  QuietGame     3.32       68     1     B
35       158    118    31    32     158       0     19      1      6      -6   B  Reduction     3.28       67     1     A
40       133     93    17    19      93      40     40      2      2       1   B  QuietGame     3.18       67     0     B
39       157    117    31    33     117      40     40      5      2      -1   B  QuietGame     3.15       68     1     A
36       204    164    33    33     164      40     40      0      4       3   A  QuietGame     3.26       68     0     A
38       205    165    33    35     205       0     36      4      3       3   A  Reduction     3.15       68     0     A
42       134     94    25    27      94      40     40      2      4       3   A  QuietGame     3.19       67     0     A
41       174    134    30    33     134      40     40      3      2      -1   B  QuietGame     3.22       67     1     A
43       181    141    31    31     141      40     40      2      5       5   A  QuietGame     3.13       67     1     B
46       163    123    29    30     123      40     40      0      6       6   A  QuietGame     3.15       68     0     A
44       230    190    34    34     190      40     40      5      2      -2   B  QuietGame     3.21       68     0     B
48       149    109    36    36     149       0     15      2      2       2   A  Reduction     3.19       68     0     A
45       214    174    30    30     174      40     40      3      3      -2   B  QuietGame     3.18       68     1     A
47       199    159    29    30     159      40     40      0      6       6   A  QuietGame     3.10       68     1     B
50       147    107    29    30     107      40     40      1      3      -2   B  QuietGame     3.18       68     0     B
49       195    155    26    27     155      40     40      0      5       5   A  QuietGame     3.16       68     1     B
52       160    120    28    30     120      40     40      0      7       6   A  QuietGame     3.29       68     0     A
51       190    150    34    34     150      40     40      0      3       2   A  QuietGame     3.15       68     1     B
54       178    138    28    31     138      40     40      0      4       3   A  QuietGame     3.09       68     0     A
55       177    137    29    32     137      40     40      0      4       4   A  QuietGame     3.09       68     1     B
53       191    151    32    34     151      40     40      0      4       2   A  QuietGame     3.31       68     1     B
56       179    139    31    32     139      40     40      1      3      -2   B  QuietGame     3.22       68     0     B
58       155    115    30    31     115      40     40      2      3       3   A  QuietGame     3.09       68     0     A
57       181    141    33    34     141      40     40      1      3      -2   B  QuietGame     3.24       68     1     A
64        91     51     9     9      51      40     40      0      1       1   B  QuietGame     2.72       67     0     B
61       117     77    20    20      77      40     40      0      4       4   A  QuietGame     3.06       68     1     B
63       111     71    18    20      71      40     40      1      2       0   B  QuietGame     2.65       68     1     A
60       161    121    30    30     121      40     40      0      2       2   A  QuietGame     3.31       68     0     A
65        95     55    10    10      55      40     40      0      2       2   A  QuietGame     2.52       67     1     B
62       128     88    28    31      88      40     40      2      2       1   B  QuietGame     3.07       68     0     B
66       110     70    15    17      70      40     40      1      2      -1   B  QuietGame     2.38       68     0     B
69       115     75    19    19      75      40     40      0      4       3   A  QuietGame     3.07       68     1     B
59       279    239    31    31     239      40     40      0      5       5   A  QuietGame     3.06       68     1     B
71       136     96    17    18      96      40     40      0      3       0   B  QuietGame     2.91       68     1     A
68       162    122    30    31     122      40     40      0      4       3   A  QuietGame     2.87       68     0     A
67       166    126    29    29     126      40     40      1      2      -1   B  QuietGame     2.88       68     1     A
72       157    117    27    28     117      40     40      5      2       0   B  QuietGame     3.00       67     0     B
70       180    140    27    29     140      40     40      0      6       5   A  QuietGame     2.93       68     0     A
73       207    167    33    33     167      40     40      0      3       3   A  QuietGame     3.09       67     1     B
74       143    103    26    27     103      40     40      3      2      -1   B  QuietGame     3.19       68     0     B
78        99     59    12    13      59      40     40      0      3       3   A  QuietGame     3.03       68     0     A
75       151    111    27    27     111      40     40      1      4      -3   B  QuietGame     3.19       68     1     A
77       108     68    19    19      68      40     40      2      2       1   B  QuietGame     3.12       68     1     A
79       117     77    17    17      77      40     40      0      3       3   A  QuietGame     3.00       68     1     B
76       147    107    19    21     107      40     40      0      3       3   A  QuietGame     3.28       68     0     A

games                80
mean plies           165.4   (movement 125.4)
mean captures        28.1
mean removals        29.1
mean dead tail       32.5   plies after the last capture or removal
mean longest quiet   37.0
mean lead changes    1.2   (45 of 80 games had any)
mean peak margin     3.3
mean final margin    2.7   (absolute)
ended by quiet game  65  (81%)
ended by reduction   15  (19%)
ended by immobilize  0  (0%)
won by A / B         43 / 37
mean depth           3.12   (over 5422 searched opening plies)
wall clock           782.685 s

weight-set A wins    41 / 80  (51.2%)   [as P0: 22/40, as P1: 19/40]
weight-set B wins    39 / 80
quiet-game share     A-wins 73.2%   B-wins 89.7%   all 81.2%
95% threshold        wins >= 48 of 80 (one-sided): neither side significant
csv line appended to doc\bench\sweeps\2026-08-24\coarse.csv
drop  centre x0.25 -> 0.0125 = 51.3% wins, quiet 81.25%
>> ./cmake-build-release/latrunculi_game/latrunculi_bench.exe pairs=40 ms=500 seed=777001 threads=8 rows=8 columns=10 perside=20 csv=doc\bench\sweeps\2026-08-24\coarse.csv wA.threat=0.25 wA.pair=0.02 wA.mobility=0.02 wA.centre=0.025 wA.vulnerableAxes=-0.03 wA.oneMoveCapturable=-0.9 wA.spearheadPairs=0.15 wA.diagonalSupport=0.06 wA.deniedSquares=0.04 wA.strikers=0.05 wA.notchExposure=-0.12 wB.threat=0.25 wB.pair=0.02 wB.mobility=0.02 wB.centre=0.05 wB.vulnerableAxes=-0.03 wB.oneMoveCapturable=-0.9 wB.spearheadPairs=0.15 wB.diagonalSupport=0.06 wB.deniedSquares=0.04 wB.strikers=0.05 wB.notchExposure=-0.12
Latrunculi bench: 40 mirrored A-vs-B pairs (80 games), 8x10, 20 per side, slide, convex payoff, komi 1.5, policy placement, 500 ms per searched ply, 8 threads
base seed: 777001  (pair p uses seed base+p; even game index = set A as P0)
XML: not saved   memory tracking level: 0

game   plies  moveP  capt  remv lastAct    tail  quiet   lead   peak  margin win  reason    depth    srchd  AasP  wSet
6         88     48     5     6      48      40     40      1      1       0   B  QuietGame     2.15       68     0     B
5        101     61    13    15      61      40     40      0      2       1   B  QuietGame     2.54       68     1     A
4        113     73    18    20      73      40     40      1      2       0   B  QuietGame     2.56       68     0     B
7        129     89     8     9      89      40     40      2      1       1   B  QuietGame     2.19       68     1     A
0        148    108    19    20     108      40     40      0      3       0   B  QuietGame     2.66       68     0     B
1        152    112    23    24     112      40     40      1      4      -4   B  QuietGame     2.69       68     1     A
2        192    152    20    20     152      40     40      1      3      -2   B  QuietGame     2.66       67     0     B
9        123     83    15    16      83      40     40      0      6       6   A  QuietGame     2.43       68     1     B
8        132     92    13    13      92      40     40      1      1      -1   B  QuietGame     2.19       68     0     B
12        94     54    10    11      54      40     40      1      1      -1   B  QuietGame     2.74       68     0     B
3        233    193    27    27     193      40     40      3      4      -3   B  QuietGame     2.70       67     1     A
10       150    110    16    17     110      40     40      0      4       3   A  QuietGame     2.75       67     0     A
13       113     73    17    18      73      40     40      0      2       2   A  QuietGame     2.68       68     1     B
11       124     84    14    15      84      40     40      1      2      -1   B  QuietGame     2.30       67     1     A
16       101     61    12    13      61      40     40      0      2       1   B  QuietGame     2.35       68     0     B
15       132     92    18    19      92      40     40      1      2      -1   B  QuietGame     2.66       68     1     A
21       124     84    12    16      84      40     40      2      2       0   B  QuietGame     2.64       67     1     A
14       197    157    30    30     157      40     40      0      4       4   A  QuietGame     2.74       68     0     A
17       195    155    32    33     195       0     29      2      5       5   A  Reduction     2.81       68     1     B
20       184    144    33    34     144      40     40      0      3       2   A  QuietGame     2.76       67     0     A
18       205    165    35    36     205       0     33      2      2       2   A  Reduction     2.82       68     0     A
19       187    147    34    35     187       0     18      2      3       3   A  Reduction     2.99       68     1     B
22       188    148    35    35     148      40     40      2      2       1   B  QuietGame     3.24       68     0     B
23       205    165    35    35     205       0     25      0      3       3   A  Reduction     3.19       68     1     B
27       124     84    34    34     124       0      9      1      4      -4   B  Reduction     3.15       68     1     A
25       178    138    35    36     178       0     22      1      2      -2   B  Reduction     3.15       68     1     A
24       196    156    33    34     156      40     40      1      3      -2   B  QuietGame     3.24       68     0     B
26       154    114    28    28     114      40     40      1      2      -2   B  QuietGame     3.13       68     0     B
28       161    121    31    33     161       0     16      0      5       5   A  Reduction     3.06       68     0     A
31        99     59    12    12      59      40     40      0      2       2   A  QuietGame     3.01       67     1     B
29       216    176    35    36     216       0     30      1      2      -2   B  Reduction     3.09       68     1     A
30       163    123    33    34     163       0     17      0      4       4   A  Reduction     3.10       67     0     A
36       123     83    27    28     123       0     23      0     10      10   A  Reduction     3.13       68     0     A
32       161    121    28    29     121      40     40      4      1       1   B  QuietGame     3.25       68     0     B
34       151    111    22    22     111      40     40      3      5      -4   B  QuietGame     3.27       67     0     B
37       103     63     8     8      63      40     40      0      2       2   A  QuietGame     3.12       68     1     B
35       166    126    26    26     126      40     40      1      4      -4   B  QuietGame     3.22       67     1     A
33       210    170    34    34     170      40     40      4      2       0   B  QuietGame     3.28       68     1     A
38       177    137    30    32     137      40     40      4      2       2   A  QuietGame     3.13       68     0     A
40       131     91    17    19      91      40     40      1      2      -1   B  QuietGame     3.07       67     0     B
41       138     98    32    34     138       0     17      1      4      -4   B  Reduction     3.15       67     1     A
42       157    117    35    35     157       0     31      0      3       3   A  Reduction     3.34       67     0     A
39       220    180    34    36     180      40     40      6      2       0   B  QuietGame     3.15       68     1     A
43       176    136    24    26     136      40     40      0      5       4   A  QuietGame     3.00       67     1     B
44       180    140    34    34     140      40     40      6      2       0   B  QuietGame     3.15       68     0     B
46       121     81    30    31     121       0     14      0      7       7   A  Reduction     3.15       68     0     A
45       194    154    33    33     154      40     40      3      2      -1   B  QuietGame     3.12       68     1     A
47       191    151    28    29     191       0     38      0      9       9   A  Reduction     3.12       68     1     B
48       191    151    35    35     191       0     19      2      3       3   A  Reduction     3.19       68     0     A
49       169    129    36    36     169       0     15      4      2       2   A  Reduction     3.22       68     1     B
51       155    115    17    17     115      40     40      0      3       3   A  QuietGame     3.06       68     1     B
52       160    120    28    30     120      40     40      0      7       6   A  QuietGame     3.28       68     0     A
50       206    166    35    35     206       0     38      1      3      -3   B  Reduction     3.15       68     0     B
53       157    117    31    34     157       0     30      0      4       4   A  Reduction     3.26       68     1     B
54       170    130    28    31     130      40     40      0      4       3   A  QuietGame     3.09       68     0     A
56       156    116    29    30     116      40     40      2      2       0   B  QuietGame     3.21       68     0     B
57       164    124    34    35     124      40     40      2      2       1   B  QuietGame     3.22       68     1     A
55       198    158    29    32     158      40     40      0      5       4   A  QuietGame     3.09       68     1     B
60       154    114    28    28     114      40     40      0      2       0   B  QuietGame     3.21       68     0     B
58       207    167    30    31     167      40     40      2      2       1   B  QuietGame     3.16       68     0     B
59       223    183    32    33     183      40     40      2      3       3   A  QuietGame     3.19       68     1     B
61       234    194    34    34     194      40     40      0      3       2   A  QuietGame     3.21       68     1     B
63       180    140    31    33     140      40     40      3      2      -1   B  QuietGame     3.13       68     1     A
62       233    193    32    34     193      40     40      2      2       2   A  QuietGame     3.15       68     0     A
65       177    137    35    35     177       0     18      0      3       3   A  Reduction     3.30       67     1     B
64       203    163    30    30     163      40     40      0      6       6   A  QuietGame     3.45       67     0     A
67       154    114    34    35     154       0     24      1      3      -3   B  Reduction     3.18       68     1     A
66       244    204    34    36     204      40     40      2      2       0   B  QuietGame     3.15       68     0     B
69       166    126    32    32     126      40     40      2      2       0   B  QuietGame     3.24       68     1     A
68       204    164    30    31     164      40     40      5      3      -3   B  QuietGame     3.25       68     0     B
70       201    161    34    35     201       0     30      0      3       3   A  Reduction     3.16       68     0     A
71       205    165    34    34     205       0     31      0      4       4   A  Reduction     3.26       68     1     B
74       192    152    27    29     152      40     40      1      7      -7   B  QuietGame     3.07       68     0     B
73       229    189    35    35     229       0     36      0      3       3   A  Reduction     3.16       67     1     B
72       235    195    28    29     195      40     40      0      7       7   A  QuietGame     3.09       67     0     A
78        99     59    12    13      59      40     40      0      3       3   A  QuietGame     3.06       68     0     A
75       190    150    32    34     150      40     40      3      2      -2   B  QuietGame     3.26       68     1     A
77       221    181    30    31     221       0     33      0      7       7   A  Reduction     3.25       68     1     B
76       253    213    32    35     213      40     40      1      3      -1   B  QuietGame     3.26       68     0     B
79       226    186    35    35     186      40     40      2      2       1   B  QuietGame     3.21       68     1     A

games                80
mean plies           170.7   (movement 130.7)
mean captures        27.0
mean removals        28.0
mean dead tail       28.0   plies after the last capture or removal
mean longest quiet   35.5
mean lead changes    1.2   (47 of 80 games had any)
mean peak margin     3.2
mean final margin    2.7   (absolute)
ended by quiet game  56  (70%)
ended by reduction   24  (30%)
ended by immobilize  0  (0%)
won by A / B         37 / 43
mean depth           3.01   (over 5422 searched opening plies)
wall clock           848.773 s

weight-set A wins    39 / 80  (48.8%)   [as P0: 18/40, as P1: 21/40]
weight-set B wins    41 / 80
quiet-game share     A-wins 66.7%   B-wins 73.2%   all 70.0%
95% threshold        wins >= 48 of 80 (one-sided): neither side significant
csv line appended to doc\bench\sweeps\2026-08-24\coarse.csv
drop  centre x0.5 -> 0.025 = 48.8% wins, quiet 70%
>> ./cmake-build-release/latrunculi_game/latrunculi_bench.exe pairs=40 ms=500 seed=777001 threads=8 rows=8 columns=10 perside=20 csv=doc\bench\sweeps\2026-08-24\coarse.csv wA.threat=0.25 wA.pair=0.02 wA.mobility=0.02 wA.centre=0.1 wA.vulnerableAxes=-0.03 wA.oneMoveCapturable=-0.9 wA.spearheadPairs=0.15 wA.diagonalSupport=0.06 wA.deniedSquares=0.04 wA.strikers=0.05 wA.notchExposure=-0.12 wB.threat=0.25 wB.pair=0.02 wB.mobility=0.02 wB.centre=0.05 wB.vulnerableAxes=-0.03 wB.oneMoveCapturable=-0.9 wB.spearheadPairs=0.15 wB.diagonalSupport=0.06 wB.deniedSquares=0.04 wB.strikers=0.05 wB.notchExposure=-0.12
Latrunculi bench: 40 mirrored A-vs-B pairs (80 games), 8x10, 20 per side, slide, convex payoff, komi 1.5, policy placement, 500 ms per searched ply, 8 threads
base seed: 777001  (pair p uses seed base+p; even game index = set A as P0)
XML: not saved   memory tracking level: 0

game   plies  moveP  capt  remv lastAct    tail  quiet   lead   peak  margin win  reason    depth    srchd  AasP  wSet
4        144    104    36    36     144       0     19      3      2      -2   B  Reduction     3.13       68     0     B
3        160    120    33    33     160       0     38      1      5      -5   B  Reduction     3.22       67     1     A
7        169    129    10    10     129      40     40      2      2       2   A  QuietGame     3.09       68     1     B
6        175    135    31    31     135      40     40      2      2       1   B  QuietGame     3.21       68     0     B
0        180    140    33    33     140      40     40      3      2      -1   B  QuietGame     3.18       68     0     B
5        191    151    31    31     151      40     40      0      4       3   A  QuietGame     3.29       68     1     B
1        204    164    32    32     204       0     35      1      6      -6   B  Reduction     3.24       68     1     A
2        205    165    29    29     165      40     40      0      7       7   A  QuietGame     3.16       67     0     A
13       129     89    32    35     129       0     12      0      3       3   A  Reduction     3.32       68     1     B
11       151    111    34    34     151       0     27      0      4       4   A  Reduction     3.22       67     1     B
8        183    143    33    33     143      40     40      2      3       3   A  QuietGame     3.15       68     0     A
12       158    118    26    28     118      40     40      0      7       6   A  QuietGame     3.16       68     0     A
14       139     99    23    25      99      40     40      0      3       3   A  QuietGame     3.21       68     0     A
15       141    101    29    30     141       0     17      0      8       8   A  Reduction     3.12       68     1     B
9        193    153    32    33     153      40     40      0      3       3   A  QuietGame     3.16       68     1     B
10       199    159    33    34     199       0     34      0      4       4   A  Reduction     3.21       67     0     A
19       110     70    16    18      70      40     40      3      2      -2   B  QuietGame     3.15       68     1     A
16       150    110    31    32     110      40     40      0      3       2   A  QuietGame     3.16       68     0     A
18       175    135    34    36     175       0     39      2      3       2   A  Reduction     3.28       68     0     A
22       151    111    24    25     111      40     40      0      5       5   A  QuietGame     3.31       68     0     A
20       162    122    31    31     122      40     40      1      2      -1   B  QuietGame     3.28       67     0     B
21       175    135    32    33     175       0     18      0      5       5   A  Reduction     3.07       67     1     B
23       163    123    31    32     163       0     25      0      6       6   A  Reduction     3.21       68     1     B
17       238    198    29    29     198      40     40      1      7      -7   B  QuietGame     3.22       68     1     A
25       164    124    31    32     124      40     40      3      4      -4   B  QuietGame     3.19       68     1     A
27       138     98    27    27      98      40     40      5      1      -1   B  QuietGame     3.21       68     1     A
24       198    158    34    35     158      40     40      0      3       1   B  QuietGame     3.16       68     0     B
30       133     93    14    17      93      40     40      2      3       3   A  QuietGame     3.15       67     0     A
31       113     73     9    10      73      40     40      1      2       0   B  QuietGame     3.19       67     1     A
28       180    140    34    35     140      40     40      1      2      -1   B  QuietGame     3.09       68     0     B
26       185    145    34    35     185       0     28      0      3       3   A  Reduction     3.12       68     0     A
29       203    163    36    36     203       0     34      2      2       2   A  Reduction     3.09       68     1     B
34       142    102    33    33     142       0     11      1      5      -5   B  Reduction     3.36       67     0     B
32       177    137    35    35     137      40     40      1      2      -1   B  QuietGame     3.32       68     0     B
35       165    125    32    32     125      40     40      1      5      -4   B  QuietGame     3.28       67     1     A
33       198    158    33    34     198       0     35      3      4      -4   B  Reduction     3.26       68     1     A
37       182    142    34    35     142      40     40      4      2       1   B  QuietGame     3.13       68     1     A
39       155    115    32    33     155       0     22      4      5       5   A  Reduction     3.09       68     1     B
36       208    168    34    34     208       0     31      3      4      -4   B  Reduction     3.31       68     0     B
38       207    167    33    33     167      40     40      2      3       3   A  QuietGame     3.13       68     0     A
42       155    115    32    33     155       0     33      0      5       5   A  Reduction     3.24       67     0     A
43       165    125    29    32     165       0     25      2      6       6   A  Reduction     3.24       67     1     B
45       152    112    33    33     152       0     19      3      5      -5   B  Reduction     3.24       68     1     A
46       146    106    33    34     146       0     11      1      4      -4   B  Reduction     3.25       68     0     B
44       163    123    34    34     163       0     32      2      4       4   A  Reduction     3.24       68     0     A
40       246    206    33    33     206      40     40      1      3      -3   B  QuietGame     3.25       67     0     B
41       234    194    32    34     194      40     40      1      2      -2   B  QuietGame     3.16       67     1     A
47       163    123    31    32     163       0     37      0      6       6   A  Reduction     3.29       68     1     B
48       174    134    35    35     174       0     34      1      3      -3   B  Reduction     3.22       68     0     B
55       109     69    19    20      69      40     40      0      5       4   A  QuietGame     3.25       68     1     B
50       141    101    32    33     141       0     31      2      5       5   A  Reduction     3.19       68     0     A
54       141    101    31    31     141       0     16      0      7       7   A  Reduction     3.24       68     0     A
51       157    117    28    30     117      40     40      1      4      -2   B  QuietGame     3.10       68     1     A
53       161    121    25    25     121      40     40      0      5       5   A  QuietGame     3.31       68     1     B
49       194    154    32    33     154      40     40      1      3      -3   B  QuietGame     3.26       68     1     A
52       183    143    35    35     183       0     38      0      3       3   A  Reduction     3.22       68     0     A
56       107     67    16    17      67      40     40      0      2       1   B  QuietGame     3.13       68     0     B
57       121     81    18    18      81      40     40      0      2       2   A  QuietGame     3.26       68     1     B
58       143    103    28    28     103      40     40      0      5       4   A  QuietGame     3.24       68     0     A
59       143    103    36    36     143       0     16      2      2       2   A  Reduction     3.21       68     1     B
61       160    120    35    35     160       0     33      3      3      -3   B  Reduction     3.32       68     1     A
63       152    112    26    29     112      40     40      0      6       5   A  QuietGame     3.13       68     1     B
65       125     85    32    34     125       0      9      0      4       4   A  Reduction     3.22       67     1     B
62       206    166    30    32     166      40     40      1      2      -2   B  QuietGame     3.16       68     0     B
60       228    188    35    35     188      40     40      2      2       1   B  QuietGame     3.16       68     0     B
67       154    114    26    27     114      40     40      0      2       1   B  QuietGame     3.19       68     1     A
64       239    199    35    35     239       0     34      0      3       3   A  Reduction     3.04       67     0     A
66       189    149    33    34     189       0     17      0      4       4   A  Reduction     3.10       68     0     A
71       109     69    13    13      69      40     40      2      1       1   B  QuietGame     3.22       68     1     A
68       177    137    35    36     177       0     24      8      2       2   A  Reduction     3.28       68     0     A
70       136     96    26    27      96      40     40      0      4       3   A  QuietGame     3.21       68     0     A
69       195    155    28    30     155      40     40      1      3      -2   B  QuietGame     3.21       68     1     A
73       137     97    32    32     137       0     15      0      6       6   A  Reduction     3.25       67     1     B
72       212    172    34    35     172      40     40      0      2       1   B  QuietGame     3.22       67     0     B
78       105     65    14    15      65      40     40      0      3       3   A  QuietGame     3.09       68     0     A
75       194    154    33    34     194       0     24      1      4      -4   B  Reduction     3.18       68     1     A
79       144    104    32    32     104      40     40      0      3       2   A  QuietGame     3.22       68     1     B
77       177    137    35    35     177       0     39      2      3       3   A  Reduction     3.31       68     1     B
74       211    171    34    34     171      40     40      2      3       2   A  QuietGame     3.28       68     0     A
76       226    186    35    36     186      40     40      4      3       0   B  QuietGame     3.34       68     0     B

games                80
mean plies           168.3   (movement 128.3)
mean captures        29.8
mean removals        30.6
mean dead tail       22.5   plies after the last capture or removal
mean longest quiet   33.9
mean lead changes    1.2   (46 of 80 games had any)
mean peak margin     3.6
mean final margin    3.3   (absolute)
ended by quiet game  45  (56%)
ended by reduction   35  (44%)
ended by immobilize  0  (0%)
won by A / B         44 / 36
mean depth           3.21   (over 5422 searched opening plies)
wall clock           805.064 s

weight-set A wins    42 / 80  (52.5%)   [as P0: 23/40, as P1: 19/40]
weight-set B wins    38 / 80
quiet-game share     A-wins 59.5%   B-wins 52.6%   all 56.2%
95% threshold        wins >= 48 of 80 (one-sided): neither side significant
csv line appended to doc\bench\sweeps\2026-08-24\coarse.csv
drop  centre x2 -> 0.1 = 52.5% wins, quiet 56.25%
>> ./cmake-build-release/latrunculi_game/latrunculi_bench.exe pairs=40 ms=500 seed=777001 threads=8 rows=8 columns=10 perside=20 csv=doc\bench\sweeps\2026-08-24\coarse.csv wA.threat=0.25 wA.pair=0.02 wA.mobility=0.02 wA.centre=0.2 wA.vulnerableAxes=-0.03 wA.oneMoveCapturable=-0.9 wA.spearheadPairs=0.15 wA.diagonalSupport=0.06 wA.deniedSquares=0.04 wA.strikers=0.05 wA.notchExposure=-0.12 wB.threat=0.25 wB.pair=0.02 wB.mobility=0.02 wB.centre=0.05 wB.vulnerableAxes=-0.03 wB.oneMoveCapturable=-0.9 wB.spearheadPairs=0.15 wB.diagonalSupport=0.06 wB.deniedSquares=0.04 wB.strikers=0.05 wB.notchExposure=-0.12
Latrunculi bench: 40 mirrored A-vs-B pairs (80 games), 8x10, 20 per side, slide, convex payoff, komi 1.5, policy placement, 500 ms per searched ply, 8 threads
base seed: 777001  (pair p uses seed base+p; even game index = set A as P0)
XML: not saved   memory tracking level: 0

game   plies  moveP  capt  remv lastAct    tail  quiet   lead   peak  margin win  reason    depth    srchd  AasP  wSet
5        110     70    18    18      70      40     40      0      3       2   A  QuietGame     3.29       68     1     B
3        152    112    29    30     112      40     40      1      5      -4   B  QuietGame     3.16       67     1     A
1        158    118    32    33     118      40     40      0      4       3   A  QuietGame     3.32       68     1     B
4        169    129    22    23     129      40     40      2      2       1   B  QuietGame     3.19       68     0     B
7        175    135    35    35     175       0     33      0      3       3   A  Reduction     3.31       68     1     B
6        189    149    29    29     149      40     40      0      5       5   A  QuietGame     3.25       68     0     A
0        206    166    32    33     166      40     40      1      3      -3   B  QuietGame     3.28       68     0     B
2        211    171    33    33     211       0     27      0      5       5   A  Reduction     3.31       67     0     A
8        165    125    31    32     165       0     22      0      6       6   A  Reduction     3.19       68     0     A
9        169    129    34    34     129      40     40      1      2       0   B  QuietGame     3.12       68     1     A
14       126     86    17    18      86      40     40      0      3       2   A  QuietGame     3.12       68     0     A
10       176    136    29    30     136      40     40      4      3       2   A  QuietGame     3.15       67     0     A
15       147    107    29    30     107      40     40      0      6       6   A  QuietGame     3.18       68     1     B
13       180    140    30    32     140      40     40      4      2       0   B  QuietGame     3.21       68     1     A
11       225    185    32    33     185      40     40      1      4      -3   B  QuietGame     3.15       67     1     A
16       156    116    28    28     116      40     40      4      3       2   A  QuietGame     3.32       68     0     A
12       243    203    24    26     243       0     36      0     12      12   A  Reduction     3.13       68     0     A
19       143    103    30    32     143       0     23      2      6       6   A  Reduction     3.19       68     1     B
22       104     64    15    17      64      40     40      0      3       1   B  QuietGame     3.01       68     0     B
17       179    139    32    34     139      40     40      2      3       2   A  QuietGame     3.16       68     1     B
20       180    140    32    32     180       0     38      1      6      -6   B  Reduction     3.24       67     0     B
18       244    204    33    35     204      40     40      2      3       1   B  QuietGame     3.22       68     0     B
21       216    176    34    34     176      40     40      2      1       0   B  QuietGame     3.09       67     1     A
24       192    152    34    34     152      40     40      2      3       2   A  QuietGame     3.13       68     0     A
26       129     89    25    26      89      40     40      0      2       2   A  QuietGame     3.21       68     0     A
29       110     70    15    18      70      40     40      2      5       4   A  QuietGame     3.12       68     1     B
23       260    220    34    35     220      40     40      2      2       1   B  QuietGame     3.22       68     1     A
30       113     73    14    16      73      40     40      0      4       4   A  QuietGame     3.16       67     0     A
27       213    173    34    34     213       0     32      0      4       4   A  Reduction     3.18       68     1     B
25       272    232    36    36     272       0     39      1      3      -2   B  Reduction     3.18       68     1     A
28       211    171    30    31     171      40     40      0      5       5   A  QuietGame     3.09       68     0     A
32       153    113    34    34     153       0     15      0      4       4   A  Reduction     3.31       68     0     A
31       182    142    34    34     182       0     28      3      4      -4   B  Reduction     3.28       67     1     A
34       157    117    33    33     117      40     40      1      2      -1   B  QuietGame     3.27       67     0     B
35       161    121    33    33     121      40     40      2      2       1   B  QuietGame     3.36       67     1     A
39       122     82    18    18      82      40     40      0      2       0   B  QuietGame     3.18       68     1     A
33       205    165    30    32     205       0     25      0      6       6   A  Reduction     3.13       68     1     B
36       187    147    28    28     147      40     40      3      1       0   B  QuietGame     3.29       68     0     B
37       173    133    30    30     173       0     33      0      8       8   A  Reduction     3.26       68     1     B
38       178    138    26    26     138      40     40      2      3       2   A  QuietGame     3.18       68     0     A
42       115     75    11    11      75      40     40      2      2       1   B  QuietGame     3.15       67     0     B
40       187    147    32    32     147      40     40      1      1       0   B  QuietGame     3.25       67     0     B
41       191    151    34    34     151      40     40      3      1       0   B  QuietGame     3.31       67     1     A
45       159    119    32    33     159       0     39      0      5       5   A  Reduction     3.18       68     1     B
46       145    105    33    34     145       0     12      0      4       4   A  Reduction     3.19       68     0     A
44       190    150    35    35     150      40     40      0      2       1   B  QuietGame     3.16       68     0     B
43       198    158    34    34     158      40     40      2      1       0   B  QuietGame     3.18       67     1     A
47       176    136    34    34     136      40     40      2      2       0   B  QuietGame     3.21       68     1     A
49       163    123    30    34     163       0     29      0      4       4   A  Reduction     3.25       68     1     B
48       182    142    30    30     142      40     40      0      5       4   A  QuietGame     3.25       68     0     A
50       154    114    18    20     114      40     40      0      2       0   B  QuietGame     3.15       68     0     B
51       156    116    31    32     116      40     40      3      2      -2   B  QuietGame     3.21       68     1     A
52       153    113    29    30     113      40     40      1      2       0   B  QuietGame     3.26       68     0     B
54       167    127    31    32     127      40     40      0      4       4   A  QuietGame     3.18       68     0     A
53       176    136    30    30     136      40     40      0      7       6   A  QuietGame     3.38       68     1     B
57       150    110    36    36     150       0     20      1      2      -2   B  Reduction     3.25       68     1     A
55       220    180    33    34     220       0     29      3      4      -4   B  Reduction     3.12       68     1     A
58       162    122    32    32     122      40     40      0      3       2   A  QuietGame     3.40       68     0     A
61       121     81    21    21      81      40     40      0      4       3   A  QuietGame     3.18       68     1     B
59       180    140    32    33     140      40     40      1      3      -3   B  QuietGame     3.18       68     1     A
63       106     66    14    16      66      40     40      0      3       2   A  QuietGame     3.06       68     1     B
56       247    207    30    30     207      40     40      0      4       4   A  QuietGame     3.25       68     0     A
60       226    186    34    34     186      40     40      2      2       0   B  QuietGame     3.47       68     0     B
62       224    184    31    34     224       0     38      3      4      -4   B  Reduction     3.15       68     0     B
64       194    154    34    34     154      40     40      0      3       2   A  QuietGame     3.27       67     0     A
67       146    106    34    35     146       0     16      1      3      -3   B  Reduction     3.28       68     1     A
70        99     59    12    14      59      40     40      0      4       4   A  QuietGame     2.93       68     0     A
66       179    139    29    30     139      40     40      0      4       4   A  QuietGame     3.09       68     0     A
65       211    171    32    32     171      40     40      3      5      -4   B  QuietGame     3.42       67     1     A
68       184    144    30    31     144      40     40      2      2       1   B  QuietGame     3.28       68     0     B
69       181    141    30    33     141      40     40      1      4      -3   B  QuietGame     3.26       68     1     A
71       109     69    13    13      69      40     40      2      1       1   B  QuietGame     3.19       68     1     A
72       155    115    33    34     155       0     20      0      4       4   A  Reduction     3.15       67     0     A
74       165    125    36    36     165       0     18      0      4       2   A  Reduction     3.24       68     0     A
75       155    115    22    22     115      40     40      1      2       0   B  QuietGame     3.22       68     1     A
78       155    115    32    32     115      40     40      5      2       0   B  QuietGame     3.37       68     0     B
73       208    168    32    33     168      40     40      2      3      -3   B  QuietGame     3.25       67     1     A
76       187    147    36    36     147      40     40      3      2       0   B  QuietGame     3.16       68     0     B
77       172    132    35    35     132      40     40      2      2       1   B  QuietGame     3.31       68     1     A
79       182    142    32    35     142      40     40      0      2       1   B  QuietGame     3.21       68     1     A

games                80
mean plies           173.4   (movement 133.4)
mean captures        29.1
mean removals        29.9
mean dead tail       29.5   plies after the last capture or removal
mean longest quiet   36.6
mean lead changes    1.1   (44 of 80 games had any)
mean peak margin     3.4
mean final margin    2.7   (absolute)
ended by quiet game  59  (74%)
ended by reduction   21  (26%)
ended by immobilize  0  (0%)
won by A / B         38 / 42
mean depth           3.21   (over 5422 searched opening plies)
wall clock           821.397 s

weight-set A wins    48 / 80  (60.0%)   [as P0: 23/40, as P1: 25/40]
weight-set B wins    32 / 80
quiet-game share     A-wins 75.0%   B-wins 71.9%   all 73.8%
95% threshold        wins >= 48 of 80 (one-sided): A is significantly stronger
csv line appended to doc\bench\sweeps\2026-08-24\coarse.csv
KEEP  centre x4 -> 0.2 = 60.0% wins, quiet 73.75%
>> ./cmake-build-release/latrunculi_game/latrunculi_bench.exe pairs=40 ms=500 seed=777001 threads=8 rows=8 columns=10 perside=20 csv=doc\bench\sweeps\2026-08-24\coarse.csv wA.threat=0.25 wA.pair=0.02 wA.mobility=0.02 wA.centre=0.05 wA.vulnerableAxes=-0.0075 wA.oneMoveCapturable=-0.9 wA.spearheadPairs=0.15 wA.diagonalSupport=0.06 wA.deniedSquares=0.04 wA.strikers=0.05 wA.notchExposure=-0.12 wB.threat=0.25 wB.pair=0.02 wB.mobility=0.02 wB.centre=0.05 wB.vulnerableAxes=-0.03 wB.oneMoveCapturable=-0.9 wB.spearheadPairs=0.15 wB.diagonalSupport=0.06 wB.deniedSquares=0.04 wB.strikers=0.05 wB.notchExposure=-0.12
Latrunculi bench: 40 mirrored A-vs-B pairs (80 games), 8x10, 20 per side, slide, convex payoff, komi 1.5, policy placement, 500 ms per searched ply, 8 threads
base seed: 777001  (pair p uses seed base+p; even game index = set A as P0)
XML: not saved   memory tracking level: 0

game   plies  moveP  capt  remv lastAct    tail  quiet   lead   peak  margin win  reason    depth    srchd  AasP  wSet
6        131     91    17    17      91      40     40      1      3       3   A  QuietGame     3.19       68     0     A
1        149    109    34    34     149       0     14      2      4       4   A  Reduction     3.26       68     1     B
3        174    134    33    35     134      40     40      1      2      -1   B  QuietGame     3.30       67     1     A
4        177    137    33    33     177       0     25      2      5       5   A  Reduction     3.25       68     0     A
0        192    152    30    30     152      40     40      1      6      -6   B  QuietGame     3.31       68     0     B
2        206    166    33    35     206       0     26      1      3      -3   B  Reduction     3.18       67     0     B
5        216    176    34    35     176      40     40      5      2      -1   B  QuietGame     3.19       68     1     A
7        219    179    29    32     179      40     40      0      4       4   A  QuietGame     3.10       68     1     B
12       110     70    11    12      70      40     40      2      1       0   B  QuietGame     3.06       68     0     B
11       153    113    29    31     113      40     40      0      5       5   A  QuietGame     3.10       67     1     B
9        186    146    33    33     146      40     40      0      3       1   B  QuietGame     3.22       68     1     A
8        204    164    32    32     164      40     40      0      5       4   A  QuietGame     3.19       68     0     A
10       184    144    30    30     144      40     40      0      7       6   A  QuietGame     3.22       67     0     A
13       157    117    33    33     157       0     29      0      5       5   A  Reduction     3.22       68     1     B
14       166    126    33    33     126      40     40      2      3       1   B  QuietGame     3.18       68     0     B
15       171    131    31    32     171       0     23      0      6       6   A  Reduction     3.19       68     1     B
17        97     57    10    11      57      40     40      0      3       3   A  QuietGame     2.99       68     1     B
19       104     64    12    14      64      40     40      0      2       0   B  QuietGame     3.06       68     1     A
16       212    172    32    32     212       0     35      1      6      -6   B  Reduction     3.24       68     0     B
20       165    125    33    34     125      40     40      7      1       0   B  QuietGame     3.22       67     0     B
18       205    165    32    34     165      40     40      3      3      -2   B  QuietGame     3.16       68     0     B
22       163    123    34    34     163       0     35      0      4       4   A  Reduction     3.21       68     0     A
21       193    153    29    32     153      40     40      0      4       4   A  QuietGame     3.13       67     1     B
23       207    167    36    36     207       0     38      2      2       2   A  Reduction     3.25       68     1     B
24       196    156    34    36     196       0     36      5      2      -2   B  Reduction     3.22       68     0     B
27       123     83    19    19      83      40     40      0      4       3   A  QuietGame     3.32       68     1     B
26       134     94    24    25      94      40     40      2      2       1   B  QuietGame     3.10       68     0     B
25       209    169    34    34     169      40     40      1      2       0   B  QuietGame     3.19       68     1     A
28       153    113    32    33     153       0     14      0      5       5   A  Reduction     3.25       68     0     A
29       171    131    34    34     131      40     40      1      3      -2   B  QuietGame     3.22       68     1     A
35       121     81    15    15      81      40     40      0      3       3   A  QuietGame     3.13       67     1     B
30       210    170    33    34     170      40     40      6      2       0   B  QuietGame     3.13       67     0     B
31       180    140    35    35     180       0     24      5      3      -3   B  Reduction     3.19       67     1     A
33       153    113    32    33     113      40     40      3      4      -3   B  QuietGame     3.25       68     1     A
32       197    157    26    28     157      40     40      0      6       6   A  QuietGame     3.24       68     0     A
37       120     80    20    20      80      40     40      0      3       2   A  QuietGame     3.12       68     1     B
38       107     67    16    18      67      40     40      3      2       0   B  QuietGame     3.06       68     0     B
36       179    139    31    33     139      40     40      0      4       3   A  QuietGame     3.18       68     0     A
34       236    196    35    35     196      40     40      3      2      -1   B  QuietGame     3.25       67     0     B
41       153    113    31    32     113      40     40      5      1       0   B  QuietGame     3.24       67     1     A
40       184    144    30    32     144      40     40      2      3       2   A  QuietGame     3.21       67     0     A
42       154    114    19    19     114      40     40      1      3      -3   B  QuietGame     3.18       67     0     B
39       201    161    30    30     161      40     40      0      3       2   A  QuietGame     3.18       68     1     B
43       145    105    25    27     105      40     40      0      7       7   A  QuietGame     3.16       67     1     B
45       153    113    31    31     113      40     40      0      2       1   B  QuietGame     3.19       68     1     A
46       200    160    35    35     160      40     40      0      2       1   B  QuietGame     3.25       68     0     B
44       231    191    32    32     191      40     40      4      4       4   A  QuietGame     3.16       68     0     A
47       227    187    31    32     227       0     38      0      6       6   A  Reduction     3.28       68     1     B
50       201    161    34    35     161      40     40      1      4      -1   B  QuietGame     3.18       68     0     B
48       208    168    31    31     168      40     40      1      5      -5   B  QuietGame     3.19       68     0     B
49       220    180    35    35     180      40     40      0      3       1   B  QuietGame     3.28       68     1     A
51       214    174    34    35     174      40     40      3      2      -1   B  QuietGame     3.18       68     1     A
52       197    157    21    21     157      40     40      1      2      -1   B  QuietGame     3.19       68     0     B
53       166    126    36    36     166       0     26      1      2      -2   B  Reduction     3.29       68     1     A
56        90     50     6     6      50      40     40      0      1       0   B  QuietGame     3.04       68     0     B
55       106     66     9     9      66      40     40      0      4       3   A  QuietGame     3.19       68     1     B
54       197    157    33    34     197       0     35      0      4       4   A  Reduction     3.19       68     0     A
57       165    125    29    29     125      40     40      0      5       5   A  QuietGame     3.12       68     1     B
58       153    113    34    34     153       0     22      0      5       4   A  Reduction     3.15       68     0     A
60       143    103    33    34     143       0     15      0      4       4   A  Reduction     3.28       68     0     A
59       188    148    34    34     148      40     40      2      3       0   B  QuietGame     3.15       68     1     A
61       155    115    30    31     115      40     40      0      5       5   A  QuietGame     3.24       68     1     B
62       163    123    27    29     123      40     40      1      2      -1   B  QuietGame     3.10       68     0     B
63       173    133    35    36     133      40     40      1      3       0   B  QuietGame     3.12       68     1     A
67        98     58    12    14      58      40     40      2      3       2   A  QuietGame     3.09       68     1     B
64       177    137    31    31     137      40     40      0      4       3   A  QuietGame     3.22       67     0     A
66       165    125    28    29     125      40     40      2      2       1   B  QuietGame     3.24       68     0     B
65       180    140    32    32     140      40     40      1      4      -4   B  QuietGame     3.18       67     1     A
68       145    105    27    27     105      40     40      0      3       3   A  QuietGame     3.19       68     0     A
72       111     71    10    11      71      40     40      2      1       1   B  QuietGame     3.10       67     0     B
69       162    122    29    29     122      40     40      2      2       1   B  QuietGame     3.22       68     1     A
70       182    142    33    33     142      40     40      0      3       1   B  QuietGame     3.28       68     0     B
71       183    143    34    34     183       0     24      0      4       4   A  Reduction     3.21       68     1     B
73       196    156    35    35     156      40     40      1      3      -1   B  QuietGame     3.25       67     1     A
75       179    139    27    30     139      40     40      0      6       6   A  QuietGame     3.16       68     1     B
76       192    152    29    32     152      40     40      0      3       0   B  QuietGame     3.25       68     0     B
74       231    191    35    35     231       0     30      0      3       3   A  Reduction     3.21       68     0     A
78       180    140    30    30     140      40     40      0      7       6   A  QuietGame     3.34       68     0     A
77       217    177    30    32     177      40     40      1      5      -4   B  QuietGame     3.21       68     1     A
79       202    162    30    30     162      40     40      0      7       6   A  QuietGame     3.18       68     1     B

games                80
mean plies           172.7   (movement 132.7)
mean captures        28.6
mean removals        29.4
mean dead tail       31.0   plies after the last capture or removal
mean longest quiet   37.1
mean lead changes    1.2   (41 of 80 games had any)
mean peak margin     3.5
mean final margin    2.7   (absolute)
ended by quiet game  62  (78%)
ended by reduction   18  (22%)
ended by immobilize  0  (0%)
won by A / B         38 / 42
mean depth           3.19   (over 5422 searched opening plies)
wall clock           837.212 s

weight-set A wins    36 / 80  (45.0%)   [as P0: 17/40, as P1: 19/40]
weight-set B wins    44 / 80
quiet-game share     A-wins 75.0%   B-wins 79.5%   all 77.5%
95% threshold        wins >= 48 of 80 (one-sided): neither side significant
csv line appended to doc\bench\sweeps\2026-08-24\coarse.csv
drop  vulnerableAxes x0.25 -> -0.0075 = 45.0% wins, quiet 77.5%
>> ./cmake-build-release/latrunculi_game/latrunculi_bench.exe pairs=40 ms=500 seed=777001 threads=8 rows=8 columns=10 perside=20 csv=doc\bench\sweeps\2026-08-24\coarse.csv wA.threat=0.25 wA.pair=0.02 wA.mobility=0.02 wA.centre=0.05 wA.vulnerableAxes=-0.015 wA.oneMoveCapturable=-0.9 wA.spearheadPairs=0.15 wA.diagonalSupport=0.06 wA.deniedSquares=0.04 wA.strikers=0.05 wA.notchExposure=-0.12 wB.threat=0.25 wB.pair=0.02 wB.mobility=0.02 wB.centre=0.05 wB.vulnerableAxes=-0.03 wB.oneMoveCapturable=-0.9 wB.spearheadPairs=0.15 wB.diagonalSupport=0.06 wB.deniedSquares=0.04 wB.strikers=0.05 wB.notchExposure=-0.12
Latrunculi bench: 40 mirrored A-vs-B pairs (80 games), 8x10, 20 per side, slide, convex payoff, komi 1.5, policy placement, 500 ms per searched ply, 8 threads
base seed: 777001  (pair p uses seed base+p; even game index = set A as P0)
XML: not saved   memory tracking level: 0

game   plies  moveP  capt  remv lastAct    tail  quiet   lead   peak  margin win  reason    depth    srchd  AasP  wSet
0        107     67    19    19      67      40     40      1      2      -1   B  QuietGame     3.12       68     0     B
3        115     75    27    28     115       0     13      0     10      10   A  Reduction     3.19       67     1     B
6        143    103    34    34     143       0     23      2      4       4   A  Reduction     3.24       68     0     A
1        143    103    28    30     103      40     40      0      4       4   A  QuietGame     3.21       68     1     B
4        183    143    33    33     143      40     40      0      3       3   A  QuietGame     3.22       68     0     A
2        189    149    25    26     149      40     40      0     10      10   A  QuietGame     3.22       67     0     A
5        197    157    35    35     197       0     39      0      3       3   A  Reduction     3.26       68     1     B
9        123     83    30    31     123       0     13      0      7       7   A  Reduction     3.10       68     1     B
11       111     71    21    23      71      40     40      0      3       3   A  QuietGame     3.15       67     1     B
7        243    203    28    30     203      40     40      0      6       6   A  QuietGame     3.18       68     1     B
10       139     99    31    31     139       0     12      0      7       7   A  Reduction     3.24       67     0     A
8        197    157    31    33     157      40     40      0      4       3   A  QuietGame     3.19       68     0     A
12       155    115    28    30     155       0     19      0      8       8   A  Reduction     3.21       68     0     A
17        97     57    10    11      57      40     40      0      3       3   A  QuietGame     3.01       68     1     B
13       161    121    26    26     121      40     40      1      4       4   A  QuietGame     3.29       68     1     B
14       206    166    32    33     166      40     40      0      3       1   B  QuietGame     3.29       68     0     B
21        93     53     9    10      53      40     40      0      2       2   A  QuietGame     2.88       67     1     B
16       192    152    31    34     152      40     40      1      3      -2   B  QuietGame     3.13       68     0     B
15       214    174    34    34     174      40     40      1      2      -2   B  QuietGame     3.16       68     1     A
22       116     76    20    20      76      40     40      0      3       2   A  QuietGame     3.22       68     0     A
20       165    125    33    34     125      40     40      7      1       0   B  QuietGame     3.21       67     0     B
18       228    188    32    34     188      40     40      4      3       2   A  QuietGame     3.18       68     0     A
19       224    184    31    31     184      40     40      0      2       1   B  QuietGame     3.15       68     1     A
24       157    117    32    32     117      40     40      0      2       2   A  QuietGame     3.46       68     0     A
23       212    172    31    31     172      40     40      0      6       5   A  QuietGame     3.15       68     1     B
29       124     84    28    29     124       0     20      1      9      -9   B  Reduction     3.16       68     1     A
26       209    169    32    32     169      40     40      3      2       0   B  QuietGame     3.03       68     0     B
27       195    155    28    28     155      40     40      0      6       6   A  QuietGame     3.28       68     1     B
25       224    184    34    34     184      40     40      2      3       2   A  QuietGame     3.18       68     1     B
31        99     59    12    12      59      40     40      0      2       2   A  QuietGame     3.09       67     1     B
28       189    149    32    33     149      40     40      0      3       3   A  QuietGame     3.25       68     0     A
36       105     65    14    16      65      40     40      1      3      -2   B  QuietGame     3.04       68     0     B
30       240    200    30    32     200      40     40      0      3       0   B  QuietGame     3.07       67     0     B
33       173    133    32    34     173       0     38      0      4       4   A  Reduction     3.29       68     1     B
35       148    108    36    36     148       0     18      5      2      -2   B  Reduction     3.28       67     1     A
37       166    126    33    33     126      40     40      0      4       3   A  QuietGame     3.28       68     1     B
32       225    185    34    35     225       0     33      2      3       3   A  Reduction     3.18       68     0     A
34       223    183    34    34     183      40     40      5      1       0   B  QuietGame     3.19       67     0     B
38       196    156    34    36     156      40     40      6      2       0   B  QuietGame     3.16       68     0     B
39       139     99    30    31      99      40     40      0      3       3   A  QuietGame     3.19       68     1     B
41       160    120    30    31     120      40     40      0      2       1   B  QuietGame     3.27       67     1     A
40       201    161    30    32     161      40     40      2      4       4   A  QuietGame     3.24       67     0     A
42       187    147    34    35     147      40     40      1      2      -1   B  QuietGame     3.19       67     0     B
44       160    120    34    34     120      40     40      4      3       2   A  QuietGame     3.21       68     0     A
43       183    143    33    33     183       0     37      0      5       5   A  Reduction     3.19       67     1     B
45       160    120    34    34     120      40     40      4      3       2   A  QuietGame     3.21       68     1     B
48       105     65    14    14      65      40     40      0      4       4   A  QuietGame     3.10       68     0     A
46       172    132    34    34     132      40     40      5      2      -2   B  QuietGame     3.19       68     0     B
47       163    123    32    33     163       0     14      0      5       5   A  Reduction     3.24       68     1     B
49       146    106    28    30     106      40     40      1      4      -4   B  QuietGame     3.09       68     1     A
51       141    101    26    26     101      40     40      0      3       2   A  QuietGame     3.16       68     1     B
52       176    136    28    30     136      40     40      2      2       0   B  QuietGame     3.13       68     0     B
54       150    110    28    30     110      40     40      1      2      -2   B  QuietGame     3.12       68     0     B
50       212    172    30    31     172      40     40      1      4      -3   B  QuietGame     3.13       68     0     B
53       215    175    33    34     175      40     40      7      2       0   B  QuietGame     3.18       68     1     A
56       206    166    33    34     166      40     40      0      3       2   A  QuietGame     3.29       68     0     A
55       223    183    30    33     223       0     39      0      5       5   A  Reduction     3.09       68     1     B
57       196    156    35    35     156      40     40      1      3      -1   B  QuietGame     3.26       68     1     A
59       153    113    31    31     113      40     40      0      5       5   A  QuietGame     3.19       68     1     B
58       211    171    35    36     211       0     31      2      2       2   A  Reduction     3.19       68     0     A
60       233    193    33    33     193      40     40      0      3       3   A  QuietGame     3.19       68     0     A
61       234    194    36    36     194      40     40      6      2       0   B  QuietGame     3.21       68     1     A
62       190    150    31    33     150      40     40      2      2       1   B  QuietGame     3.09       68     0     B
67        98     58    12    14      58      40     40      2      3       2   A  QuietGame     3.09       68     1     B
65       147    107    32    32     107      40     40      3      3      -2   B  QuietGame     3.33       67     1     A
64       184    144    30    30     144      40     40      3      4      -4   B  QuietGame     3.28       67     0     B
63       210    170    33    33     170      40     40      0      4       3   A  QuietGame     3.22       68     1     B
66       192    152    29    29     152      40     40      1      3      -1   B  QuietGame     3.09       68     0     B
69       120     80    21    21      80      40     40      1      1      -1   B  QuietGame     3.28       68     1     A
72       115     75     9    10      75      40     40      2      2       2   A  QuietGame     3.13       67     0     A
71       178    138    33    33     138      40     40      5      2      -1   B  QuietGame     3.24       68     1     A
70       195    155    35    35     195       0     37      0      3       3   A  Reduction     3.24       68     0     A
73       179    139    34    34     179       0     34      0      4       4   A  Reduction     3.22       67     1     B
68       204    164    33    34     204       0     31      5      4      -4   B  Reduction     3.26       68     0     B
74       164    124    33    33     124      40     40      4      2       1   B  QuietGame     3.26       68     0     B
75       116     76    21    23      76      40     40      0      5       3   A  QuietGame     3.06       68     1     B
77       105     65    16    18      65      40     40      1      2       0   B  QuietGame     3.01       68     1     A
76       187    147    35    35     187       0     27      2      3       3   A  Reduction     3.37       68     0     A
78       151    111    31    31     151       0     19      0      7       7   A  Reduction     3.38       68     0     A
79       220    180    31    33     180      40     40      1      3      -3   B  QuietGame     3.32       68     1     A

games                80
mean plies           171.3   (movement 131.3)
mean captures        28.9
mean removals        29.7
mean dead tail       30.5   plies after the last capture or removal
mean longest quiet   36.7
mean lead changes    1.4   (41 of 80 games had any)
mean peak margin     3.5
mean final margin    2.9   (absolute)
ended by quiet game  61  (76%)
ended by reduction   19  (24%)
ended by immobilize  0  (0%)
won by A / B         47 / 33
mean depth           3.19   (over 5422 searched opening plies)
wall clock           865.991 s

weight-set A wins    35 / 80  (43.8%)   [as P0: 21/40, as P1: 14/40]
weight-set B wins    45 / 80
quiet-game share     A-wins 71.4%   B-wins 80.0%   all 76.2%
95% threshold        wins >= 48 of 80 (one-sided): neither side significant
csv line appended to doc\bench\sweeps\2026-08-24\coarse.csv
drop  vulnerableAxes x0.5 -> -0.015 = 43.8% wins, quiet 76.25%
>> ./cmake-build-release/latrunculi_game/latrunculi_bench.exe pairs=40 ms=500 seed=777001 threads=8 rows=8 columns=10 perside=20 csv=doc\bench\sweeps\2026-08-24\coarse.csv wA.threat=0.25 wA.pair=0.02 wA.mobility=0.02 wA.centre=0.05 wA.vulnerableAxes=-0.06 wA.oneMoveCapturable=-0.9 wA.spearheadPairs=0.15 wA.diagonalSupport=0.06 wA.deniedSquares=0.04 wA.strikers=0.05 wA.notchExposure=-0.12 wB.threat=0.25 wB.pair=0.02 wB.mobility=0.02 wB.centre=0.05 wB.vulnerableAxes=-0.03 wB.oneMoveCapturable=-0.9 wB.spearheadPairs=0.15 wB.diagonalSupport=0.06 wB.deniedSquares=0.04 wB.strikers=0.05 wB.notchExposure=-0.12
Latrunculi bench: 40 mirrored A-vs-B pairs (80 games), 8x10, 20 per side, slide, convex payoff, komi 1.5, policy placement, 500 ms per searched ply, 8 threads
base seed: 777001  (pair p uses seed base+p; even game index = set A as P0)
XML: not saved   memory tracking level: 0

game   plies  moveP  capt  remv lastAct    tail  quiet   lead   peak  margin win  reason    depth    srchd  AasP  wSet
5         90     50     7     7      50      40     40      0      2       1   B  QuietGame     2.96       68     1     A
6        109     69    20    20      69      40     40      0      4       4   A  QuietGame     3.06       68     0     A
2        161    121    31    32     121      40     40      1      5      -4   B  QuietGame     3.43       67     0     B
3        189    149    33    33     189       0     28      2      5       5   A  Reduction     3.30       67     1     B
0        190    150    31    32     150      40     40      0      5       4   A  QuietGame     3.25       68     0     A
8        123     83    13    14      83      40     40      0      6       6   A  QuietGame     3.16       68     0     A
7        201    161    32    33     161      40     40      0      3       3   A  QuietGame     3.29       68     1     B
4        202    162    34    34     202       0     24      1      4      -4   B  Reduction     3.13       68     0     B
1        208    168    33    33     168      40     40      3      1      -1   B  QuietGame     3.28       68     1     A
9        185    145    34    34     185       0     32      2      4       4   A  Reduction     3.07       68     1     B
12       116     76    11    12      76      40     40      4      1       0   B  QuietGame     3.19       68     0     B
10       165    125    32    32     125      40     40      0      4       4   A  QuietGame     3.21       67     0     A
13       179    139    30    30     139      40     40      3      3      -2   B  QuietGame     3.18       68     1     A
15       183    143    33    33     143      40     40      0      3       3   A  QuietGame     3.19       68     1     B
18        97     57     9    12      57      40     40      0      4       4   A  QuietGame     2.74       68     0     A
16       197    157    33    35     157      40     40      3      2      -1   B  QuietGame     3.28       68     0     B
19        95     55    11    12      55      40     40      2      2       2   A  QuietGame     2.99       68     1     B
14       227    187    33    33     187      40     40      0      3       3   A  QuietGame     3.21       68     0     A
11       260    220    35    35     220      40     40      5      2      -1   B  QuietGame     3.18       67     1     A
20       125     85    11    11      85      40     40      0      1       1   B  QuietGame     3.04       67     0     B
21       154    114    34    34     154       0     21      1      4      -4   B  Reduction     3.43       67     1     A
23       139     99    11    13      99      40     40      2      3       3   A  QuietGame     3.16       68     1     B
24       149    109    32    33     149       0     32      0      5       5   A  Reduction     3.19       68     0     A
17       274    234    33    34     234      40     40      5      2      -2   B  QuietGame     3.16       68     1     A
25       175    135    29    31     135      40     40      0      5       5   A  QuietGame     3.15       68     1     B
26       175    135    36    36     175       0     18      0      2       2   A  Reduction     3.21       68     0     A
22       234    194    31    32     194      40     40      3      4      -4   B  QuietGame     3.26       68     0     B
27       184    144    32    33     184       0     23      1      5      -5   B  Reduction     3.32       68     1     A
31       157    117    34    34     157       0     25      0      4       4   A  Reduction     3.09       67     1     B
28       207    167    34    35     167      40     40      1      2      -1   B  QuietGame     3.09       68     0     B
30       216    176    29    30     176      40     40      0      3       2   A  QuietGame     3.15       67     0     A
32       191    151    31    32     151      40     40      0      4       4   A  QuietGame     3.25       68     0     A
34       172    132    32    33     172       0     18      1      5      -5   B  Reduction     3.16       67     0     B
29       256    216    30    30     216      40     40      2      5       4   A  QuietGame     3.16       68     1     B
33       180    140    32    33     140      40     40      0      4       3   A  QuietGame     3.24       68     1     B
35       183    143    36    36     143      40     40      9      1       0   B  QuietGame     3.21       67     1     A
36       169    129    33    33     169       0     27      0      5       5   A  Reduction     3.26       68     0     A
37       188    148    33    33     148      40     40      0      2       1   B  QuietGame     3.18       68     1     A
38       165    125    34    35     165       0     22      2      3       3   A  Reduction     3.16       68     0     A
42       167    127    33    34     167       0     38      0      4       4   A  Reduction     3.22       67     0     A
40       180    140    28    28     140      40     40      1      2      -2   B  QuietGame     3.25       67     0     B
41       188    148    30    33     148      40     40      3      3      -3   B  QuietGame     2.97       67     1     A
39       216    176    31    32     176      40     40      8      2       0   B  QuietGame     3.13       68     1     A
43       167    127    32    34     167       0     21      4      4       4   A  Reduction     3.30       67     1     B
44       186    146    16    16     146      40     40      1      6      -6   B  QuietGame     3.34       68     0     B
47       119     79    31    31     119       0     11      0      7       7   A  Reduction     3.25       68     1     B
48       110     70    16    17      70      40     40      1      2      -1   B  QuietGame     3.09       68     0     B
45       155    115    28    29     115      40     40      2      7       7   A  QuietGame     3.18       68     1     B
46       185    145    33    33     185       0     21      0      5       5   A  Reduction     3.26       68     0     A
49       156    116    28    29     116      40     40      5      2      -1   B  QuietGame     3.16       68     1     A
52       148    108    32    32     148       0     25      1      6      -6   B  Reduction     3.26       68     0     B
54       147    107    34    35     147       0      8      0      4       3   A  Reduction     3.19       68     0     A
53       149    109    34    34     109      40     40      5      2       0   B  QuietGame     3.35       68     1     A
50       218    178    36    36     178      40     40      2      2       0   B  QuietGame     3.22       68     0     B
55       156    116    28    28     116      40     40      1      8      -8   B  QuietGame     3.34       68     1     A
51       214    174    34    34     174      40     40      0      3       2   A  QuietGame     3.16       68     1     B
56       177    137    32    32     137      40     40      3      3      -2   B  QuietGame     3.25       68     0     B
58       131     91    16    18      91      40     40      3      2       0   B  QuietGame     3.04       68     0     B
57       248    208    36    36     208      40     40      2      2       0   B  QuietGame     3.21       68     1     A
60       175    135    27    28     175       0     37      0     10      10   A  Reduction     3.15       68     0     A
61       186    146    33    35     146      40     40      1      3      -1   B  QuietGame     3.37       68     1     A
62       209    169    34    35     169      40     40      0      2       1   B  QuietGame     3.18       68     0     B
64       171    131    33    34     171       0     30      0      4       4   A  Reduction     3.18       67     0     A
59       239    199    32    33     199      40     40      2      3       3   A  QuietGame     3.09       68     1     B
63       253    213    35    35     213      40     40      7      2      -1   B  QuietGame     3.07       68     1     A
65       208    168    34    34     208       0     33      1      4      -4   B  Reduction     3.22       67     1     A
67       164    124    34    34     124      40     40      2      3       2   A  QuietGame     3.22       68     1     B
71       109     69    13    13      69      40     40      2      1       1   B  QuietGame     3.22       68     1     A
66       201    161    32    33     161      40     40      0      3       3   A  QuietGame     3.09       68     0     A
69       185    145    26    26     145      40     40      3      1       0   B  QuietGame     3.22       68     1     A
68       226    186    30    31     186      40     40      5      5      -5   B  QuietGame     3.26       68     0     B
70       202    162    31    33     162      40     40      5      2      -1   B  QuietGame     3.21       68     0     B
72       203    163    35    35     203       0     30      2      3       3   A  Reduction     3.25       67     0     A
76       135     95    31    33     135       0     21      0      5       5   A  Reduction     3.16       68     0     A
74       191    151    32    36     191       0     24      2      3       2   A  Reduction     3.13       68     0     A
75       187    147    32    32     147      40     40      1      5      -4   B  QuietGame     3.15       68     1     A
79       116     76    33    35     116       0     10      1      3      -3   B  Reduction     3.21       68     1     A
78       137     97    27    29     137       0     27      0      9       9   A  Reduction     3.19       68     0     A
73       235    195    34    34     195      40     40      3      2       0   B  QuietGame     3.30       67     1     A
77       190    150    32    34     190       0     16      1      4      -4   B  Reduction     3.24       68     1     A

games                80
mean plies           177.6   (movement 137.6)
mean captures        29.2
mean removals        30.0
mean dead tail       27.0   plies after the last capture or removal
mean longest quiet   34.8
mean lead changes    1.7   (50 of 80 games had any)
mean peak margin     3.6
mean final margin    3.1   (absolute)
ended by quiet game  54  (68%)
ended by reduction   26  (32%)
ended by immobilize  0  (0%)
won by A / B         38 / 42
mean depth           3.19   (over 5422 searched opening plies)
wall clock           850.073 s

weight-set A wins    46 / 80  (57.5%)   [as P0: 22/40, as P1: 24/40]
weight-set B wins    34 / 80
quiet-game share     A-wins 60.9%   B-wins 76.5%   all 67.5%
95% threshold        wins >= 48 of 80 (one-sided): neither side significant
csv line appended to doc\bench\sweeps\2026-08-24\coarse.csv
KEEP  vulnerableAxes x2 -> -0.06 = 57.5% wins, quiet 67.5%
>> ./cmake-build-release/latrunculi_game/latrunculi_bench.exe pairs=40 ms=500 seed=777001 threads=8 rows=8 columns=10 perside=20 csv=doc\bench\sweeps\2026-08-24\coarse.csv wA.threat=0.25 wA.pair=0.02 wA.mobility=0.02 wA.centre=0.05 wA.vulnerableAxes=-0.12 wA.oneMoveCapturable=-0.9 wA.spearheadPairs=0.15 wA.diagonalSupport=0.06 wA.deniedSquares=0.04 wA.strikers=0.05 wA.notchExposure=-0.12 wB.threat=0.25 wB.pair=0.02 wB.mobility=0.02 wB.centre=0.05 wB.vulnerableAxes=-0.03 wB.oneMoveCapturable=-0.9 wB.spearheadPairs=0.15 wB.diagonalSupport=0.06 wB.deniedSquares=0.04 wB.strikers=0.05 wB.notchExposure=-0.12
Latrunculi bench: 40 mirrored A-vs-B pairs (80 games), 8x10, 20 per side, slide, convex payoff, komi 1.5, policy placement, 500 ms per searched ply, 8 threads
base seed: 777001  (pair p uses seed base+p; even game index = set A as P0)
XML: not saved   memory tracking level: 0

game   plies  moveP  capt  remv lastAct    tail  quiet   lead   peak  margin win  reason    depth    srchd  AasP  wSet
5         96     56    11    12      56      40     40      1      2      -2   B  QuietGame     2.99       68     1     A
4        127     87    17    17      87      40     40      2      1       1   B  QuietGame     3.25       68     0     B
0        141    101    30    31     141       0     33      0      7       7   A  Reduction     3.12       68     0     A
6        169    129    29    30     129      40     40      0      5       4   A  QuietGame     3.25       68     0     A
7        182    142    35    36     182       0     34      1      2      -2   B  Reduction     3.26       68     1     A
3        192    152    32    33     152      40     40      0      2       1   B  QuietGame     3.18       67     1     A
2        208    168    34    34     168      40     40      2      3       2   A  QuietGame     3.31       67     0     A
1        246    206    36    36     206      40     40      2      2       0   B  QuietGame     3.25       68     1     A
8        187    147    29    30     147      40     40      0      6       6   A  QuietGame     3.25       68     0     A
9        190    150    33    33     150      40     40      0      2       1   B  QuietGame     3.21       68     1     A
11       157    117    33    33     117      40     40      1      2      -1   B  QuietGame     3.33       67     1     A
10       194    154    28    31     154      40     40      1      3      -1   B  QuietGame     3.13       67     0     B
12       178    138    32    33     138      40     40      4      2       1   B  QuietGame     3.25       68     0     B
14       156    116    29    31     116      40     40      3      2      -1   B  QuietGame     3.13       68     0     B
13       176    136    32    32     136      40     40      2      5       4   A  QuietGame     3.32       68     1     B
16       101     61    10    13      61      40     40      0      5       5   A  QuietGame     3.03       68     0     A
15       183    143    32    33     183       0     35      0      5       5   A  Reduction     3.25       68     1     B
17       126     86    16    16      86      40     40      2      1       0   B  QuietGame     3.25       68     1     A
21       140    100    31    32     140       0     15      1      6      -6   B  Reduction     3.24       67     1     A
19       171    131    31    32     131      40     40      1      5      -4   B  QuietGame     3.10       68     1     A
23       145    105    23    23     105      40     40      1      2      -1   B  QuietGame     3.31       68     1     A
20       175    135    26    29     135      40     40      0      7       7   A  QuietGame     3.06       67     0     A
18       210    170    36    36     170      40     40      8      1       0   B  QuietGame     3.25       68     0     B
22       187    147    31    32     147      40     40      1      3      -2   B  QuietGame     3.15       68     0     B
25       144    104    32    33     144       0     16      1      5      -5   B  Reduction     3.16       68     1     A
24       203    163    33    33     163      40     40      0      3       3   A  QuietGame     3.22       68     0     A
26       165    125    29    29     165       0     28      0      9       9   A  Reduction     3.19       68     0     A
27       164    124    27    27     124      40     40      0      6       5   A  QuietGame     3.25       68     1     B
30       149    109    28    29     109      40     40      0      6       5   A  QuietGame     3.30       67     0     A
28       169    129    30    32     129      40     40      4      2       2   A  QuietGame     3.19       68     0     A
32       149    109    31    32     109      40     40      0      2       2   A  QuietGame     3.24       68     0     A
31       175    135    30    30     135      40     40      1      3      -2   B  QuietGame     3.25       67     1     A
34       101     61    10    10      61      40     40      1      3      -2   B  QuietGame     3.07       67     0     B
29       235    195    31    31     195      40     40      1      6      -5   B  QuietGame     3.25       68     1     A
33       146    106    18    19     106      40     40      2      2       1   B  QuietGame     3.15       68     1     A
36       137     97    17    18      97      40     40      0      3       2   A  QuietGame     3.13       68     0     A
37       173    133    35    36     133      40     40      7      2       0   B  QuietGame     3.21       68     1     A
38       145    105    31    33     145       0      9      2      5       5   A  Reduction     3.16       68     0     A
35       222    182    33    34     222       0     19      1      4      -4   B  Reduction     3.19       67     1     A
40       170    130    27    29     170       0     23      0      9      -9   B  Reduction     3.24       67     0     B
39       232    192    33    33     192      40     40      1      3      -3   B  QuietGame     3.24       68     1     A
44       117     77    22    22      77      40     40      0      2       2   A  QuietGame     3.22       68     0     A
41       199    159    31    33     159      40     40      1      4      -3   B  QuietGame     3.09       67     1     A
42       198    158    33    33     158      40     40      1      2      -1   B  QuietGame     3.22       67     0     B
43       174    134    33    33     134      40     40      3      2      -1   B  QuietGame     3.24       67     1     A
45       142    102    16    16     102      40     40      2      2       0   B  QuietGame     3.13       68     1     A
46       201    161    31    33     161      40     40      1      4      -3   B  QuietGame     3.21       68     0     B
47       191    151    31    33     191       0     27      0      5       5   A  Reduction     3.13       68     1     B
49       170    130    30    30     130      40     40      0      5       4   A  QuietGame     3.25       68     1     B
50       186    146    30    31     146      40     40      0      6       5   A  QuietGame     3.24       68     0     A
51       179    139    34    35     179       0     20      2      3       3   A  Reduction     3.18       68     1     B
52       175    135    34    36     175       0     17      0      3       2   A  Reduction     3.24       68     0     A
48       208    168    32    32     168      40     40      0      3       2   A  QuietGame     3.16       68     0     A
54       166    126    30    31     126      40     40      0      6       5   A  QuietGame     3.19       68     0     A
53       255    215    35    35     215      40     40      4      2       1   B  QuietGame     3.29       68     1     A
56       141    101    27    29     101      40     40      0      7       7   A  QuietGame     3.12       68     0     A
59       138     98    32    33     138       0     16      1      5      -5   B  Reduction     3.22       68     1     A
55       199    159    32    32     159      40     40      0      4       4   A  QuietGame     3.26       68     1     B
58       167    127    35    35     167       0     20      0      3       3   A  Reduction     3.19       68     0     A
57       183    143    28    28     143      40     40      0      6       6   A  QuietGame     3.13       68     1     B
64        98     58     9    11      58      40     40      0      4       3   A  QuietGame     2.84       67     0     A
60       209    169    32    32     169      40     40      2      2       2   A  QuietGame     3.26       68     0     A
66       102     62    11    12      62      40     40      0      3       2   A  QuietGame     3.13       68     0     A
63       163    123    28    30     163       0     29      0      8       8   A  Reduction     3.19       68     1     B
62       205    165    35    35     205       0     28      0      3       3   A  Reduction     3.26       68     0     A
61       232    192    34    34     232       0     26      1      4      -4   B  Reduction     3.24       68     1     A
65       200    160    33    34     200       0     32      1      4      -4   B  Reduction     3.21       67     1     A
70       125     85    33    34     125       0      8      0      4       4   A  Reduction     3.15       68     0     A
69       157    117    30    31     117      40     40      0      3       3   A  QuietGame     3.21       68     1     B
67       205    165    33    35     205       0     32      4      3       3   A  Reduction     3.01       68     1     B
68       176    136    35    35     136      40     40      0      2       1   B  QuietGame     3.25       68     0     B
71       206    166    34    34     166      40     40      0      2       0   B  QuietGame     3.26       68     1     A
74       138     98    18    18      98      40     40      0      2       0   B  QuietGame     3.10       68     0     B
77       116     76     9    10      76      40     40      0      2       0   B  QuietGame     3.04       68     1     A
76       122     82    25    26      82      40     40      2      2       0   B  QuietGame     3.21       68     0     B
72       191    151    34    36     151      40     40      7      2       0   B  QuietGame     3.22       67     0     B
73       215    175    33    33     175      40     40      1      4      -3   B  QuietGame     3.19       67     1     A
78       153    113    31    32     113      40     40      3      3      -2   B  QuietGame     3.25       68     0     B
75       217    177    33    33     217       0     33      0      5       5   A  Reduction     3.19       68     1     B
79       179    139    28    29     139      40     40      2      1       1   B  QuietGame     3.35       68     1     A

games                80
mean plies           171.4   (movement 131.4)
mean captures        28.6
mean removals        29.4
mean dead tail       29.5   plies after the last capture or removal
mean longest quiet   35.8
mean lead changes    1.1   (43 of 80 games had any)
mean peak margin     3.6
mean final margin    3.0   (absolute)
ended by quiet game  59  (74%)
ended by reduction   21  (26%)
ended by immobilize  0  (0%)
won by A / B         37 / 43
mean depth           3.20   (over 5422 searched opening plies)
wall clock           846.994 s

weight-set A wins    53 / 80  (66.2%)   [as P0: 25/40, as P1: 28/40]
weight-set B wins    27 / 80
quiet-game share     A-wins 73.6%   B-wins 74.1%   all 73.8%
95% threshold        wins >= 48 of 80 (one-sided): A is significantly stronger
csv line appended to doc\bench\sweeps\2026-08-24\coarse.csv
KEEP  vulnerableAxes x4 -> -0.12 = 66.3% wins, quiet 73.75%
>> ./cmake-build-release/latrunculi_game/latrunculi_bench.exe pairs=40 ms=500 seed=777001 threads=8 rows=8 columns=10 perside=20 csv=doc\bench\sweeps\2026-08-24\coarse.csv wA.threat=0.25 wA.pair=0.02 wA.mobility=0.02 wA.centre=0.05 wA.vulnerableAxes=-0.03 wA.oneMoveCapturable=-0.225 wA.spearheadPairs=0.15 wA.diagonalSupport=0.06 wA.deniedSquares=0.04 wA.strikers=0.05 wA.notchExposure=-0.12 wB.threat=0.25 wB.pair=0.02 wB.mobility=0.02 wB.centre=0.05 wB.vulnerableAxes=-0.03 wB.oneMoveCapturable=-0.9 wB.spearheadPairs=0.15 wB.diagonalSupport=0.06 wB.deniedSquares=0.04 wB.strikers=0.05 wB.notchExposure=-0.12
Latrunculi bench: 40 mirrored A-vs-B pairs (80 games), 8x10, 20 per side, slide, convex payoff, komi 1.5, policy placement, 500 ms per searched ply, 8 threads
base seed: 777001  (pair p uses seed base+p; even game index = set A as P0)
XML: not saved   memory tracking level: 0

game   plies  moveP  capt  remv lastAct    tail  quiet   lead   peak  margin win  reason    depth    srchd  AasP  wSet
4        157    117    29    29     117      40     40      5      2      -1   B  QuietGame     3.22       68     0     B
0        161    121    20    21     121      40     40      3      2      -1   B  QuietGame     3.32       68     0     B
2        164    124    25    27     124      40     40      3      2      -1   B  QuietGame     3.24       67     0     B
6        186    146    32    32     146      40     40      4      1       0   B  QuietGame     3.22       68     0     B
5        188    148    32    33     148      40     40      3      3      -3   B  QuietGame     2.91       68     1     A
3        191    151    27    29     151      40     40      0      5       5   A  QuietGame     3.21       67     1     B
7        205    165    32    32     205       0     20      0      6       6   A  Reduction     3.09       68     1     B
1        215    175    31    32     175      40     40      1      4       4   A  QuietGame     3.35       68     1     B
8        109     69    12    14      69      40     40      0      4       4   A  QuietGame     2.88       68     0     A
10       161    121    33    34     161       0     25      0      4       4   A  Reduction     3.18       67     0     A
9        164    124    25    26     164       0     35      1     12     -12   B  Immobilize     3.01       68     1     A
12       147    107    27    30     147       0     27      0      8       8   A  Reduction     3.12       68     0     A
11       163    123    28    30     123      40     40      0      2       2   A  QuietGame     3.09       67     1     B
14       145    105    28    29     105      40     40      0      2       1   B  QuietGame     3.18       68     0     B
13       196    156    32    32     156      40     40      1      2      -2   B  QuietGame     3.26       68     1     A
16       157    117    33    33     157       0     19      4      5       5   A  Reduction     3.28       68     0     A
18        97     57     9    12      57      40     40      0      4       4   A  QuietGame     2.75       68     0     A
17       138     98    23    23      98      40     40      1      2      -1   B  QuietGame     3.19       68     1     A
15       247    207    24    24     207      40     40      0     12      12   A  QuietGame     3.10       68     1     B
20       166    126    31    33     126      40     40      1      2      -1   B  QuietGame     3.16       67     0     B
19       185    145    28    30     145      40     40      2      2       2   A  QuietGame     3.37       68     1     B
24       141    101    32    33     101      40     40      0      2       1   B  QuietGame     3.26       68     0     B
22       170    130    31    32     130      40     40      0      4       2   A  QuietGame     3.13       68     0     A
26        94     54    12    12      54      40     40      0      1       0   B  QuietGame     3.07       68     0     B
21       210    170    30    31     170      40     40      1      5      -5   B  QuietGame     3.10       67     1     A
25       174    134    34    35     174       0     35      1      3      -3   B  Reduction     3.16       68     1     A
23       263    223    33    33     223      40     40      1      3       3   A  QuietGame     3.24       68     1     B
29       160    120    29    31     120      40     40      0      5      -5   B  QuietGame     3.22       68     1     A
30       164    124    30    32     164       0     37      1      6      -6   B  Reduction     3.10       67     0     B
28       217    177    32    36     217       0     36      6      2       2   A  Reduction     2.97       68     0     A
27       231    191    35    35     191      40     40      1      2      -1   B  QuietGame     3.28       68     1     A
32       210    170    33    34     170      40     40      4      2       0   B  QuietGame     3.10       68     0     B
33       160    120    32    34     120      40     40      2      3       2   A  QuietGame     3.12       68     1     B
31       230    190    33    33     190      40     40      0      4       3   A  QuietGame     3.30       67     1     B
34       129     89    20    21      89      40     40      1      2      -1   B  QuietGame     3.09       67     0     B
35       136     96    34    34     136       0      9      1      4      -4   B  Reduction     3.22       67     1     A
39       107     67    16    18      67      40     40      3      2       0   B  QuietGame     3.06       68     1     A
38       153    113    31    32     153       0     14      0      6       6   A  Reduction     3.25       68     0     A
37       178    138    32    34     138      40     40      1      2      -2   B  QuietGame     3.24       68     1     A
36       209    169    33    34     209       0     35      0      4       4   A  Reduction     3.13       68     0     A
40       183    143    28    29     143      40     40      0      7       7   A  QuietGame     3.34       67     0     A
43       134     94    24    25      94      40     40      0      5       3   A  QuietGame     3.15       67     1     B
41       181    141    29    31     141      40     40      1      4      -3   B  QuietGame     3.09       67     1     A
44       143    103    32    32     143       0     13      0      6       6   A  Reduction     3.35       68     0     A
42       225    185    30    30     185      40     40      1      7      -6   B  QuietGame     3.25       67     0     B
45       170    130    30    32     130      40     40      4      3       2   A  QuietGame     3.10       68     1     B
50       113     73    22    22      73      40     40      0      2       2   A  QuietGame     3.24       68     0     A
46       173    133    32    32     173       0     21      0      6       6   A  Reduction     3.49       68     0     A
47       198    158    33    33     158      40     40      0      4       3   A  QuietGame     3.24       68     1     B
52       163    123    29    29     123      40     40      0      7       7   A  QuietGame     3.32       68     0     A
48       229    189    30    31     189      40     40      0      4       1   B  QuietGame     3.07       68     0     B
53       145    105    30    31     105      40     40      0      5       5   A  QuietGame     3.10       68     1     B
55       128     88     8     8      88      40     40      1      2      -2   B  QuietGame     3.12       68     1     A
49       241    201    30    31     201      40     40      0      3       3   A  QuietGame     3.07       68     1     B
51       203    163    34    34     203       0     33      0      4       4   A  Reduction     3.31       68     1     B
54       178    138    28    29     138      40     40      0      6       5   A  QuietGame     3.15       68     0     A
56       153    113    33    33     153       0     16      0      5       5   A  Reduction     3.24       68     0     A
57       117     77    22    22      77      40     40      1      2       0   B  QuietGame     3.22       68     1     A
60       139     99    32    34     139       0     21      0      4       4   A  Reduction     3.13       68     0     A
58       172    132    33    34     172       0     23      1      4      -4   B  Reduction     3.25       68     0     B
61       174    134    33    33     134      40     40      2      2       1   B  QuietGame     3.26       68     1     A
62       195    155    32    33     155      40     40      2      3       3   A  QuietGame     3.18       68     0     A
63       179    139    31    30     179       0     37      0      5       5   A  Immobilize     3.13       68     1     B
64       170    130    36    36     170       0     24      3      2      -2   B  Reduction     3.16       67     0     B
59       235    195    32    33     195      40     40      0      4       3   A  QuietGame     3.16       68     1     B
65       148    108    22    23     108      40     40      0      6       5   A  QuietGame     3.10       67     1     B
66       157    117    30    31     157       0     19      0      7       7   A  Reduction     3.37       68     0     A
67       157    117    32    32     117      40     40      1      4       0   B  QuietGame     3.34       68     1     A
71       100     60    14    16      60      40     40      0      3       0   B  QuietGame     2.97       68     1     A
70       122     82    10    10      82      40     40      0      1       0   B  QuietGame     3.24       68     0     B
68       194    154    33    33     154      40     40      5      2      -1   B  QuietGame     3.21       68     0     B
69       192    152    31    33     152      40     40      5      3      -3   B  QuietGame     3.18       68     1     A
73       158    118    35    36     158       0     21      1      2      -2   B  Reduction     3.22       67     1     A
72       173    133    29    29     133      40     40      2      3       3   A  QuietGame     3.27       67     0     A
76       147    107    32    32     147       0     20      0      6       6   A  Reduction     3.16       68     0     A
74       199    159    32    33     159      40     40      0      3       3   A  QuietGame     3.25       68     0     A
75       193    153    32    32     153      40     40      3      3      -2   B  QuietGame     3.24       68     1     A
79       133     93    25    28      93      40     40      0      6       6   A  QuietGame     3.26       68     1     B
77       195    155    32    33     155      40     40      0      4       3   A  QuietGame     3.19       68     1     B
78       200    160    32    33     160      40     40      3      3      -3   B  QuietGame     3.13       68     0     B

games                80
mean plies           171.1   (movement 131.1)
mean captures        28.5
mean removals        29.4
mean dead tail       29.0   plies after the last capture or removal
mean longest quiet   35.8
mean lead changes    1.1   (40 of 80 games had any)
mean peak margin     3.9
mean final margin    3.3   (absolute)
ended by quiet game  58  (72%)
ended by reduction   20  (25%)
ended by immobilize  2  (2%)
won by A / B         42 / 38
mean depth           3.18   (over 5422 searched opening plies)
wall clock           830.495 s

weight-set A wins    42 / 80  (52.5%)   [as P0: 22/40, as P1: 20/40]
weight-set B wins    38 / 80
quiet-game share     A-wins 61.9%   B-wins 84.2%   all 72.5%
95% threshold        wins >= 48 of 80 (one-sided): neither side significant
csv line appended to doc\bench\sweeps\2026-08-24\coarse.csv
drop  oneMoveCapturable x0.25 -> -0.225 = 52.5% wins, quiet 72.5%
>> ./cmake-build-release/latrunculi_game/latrunculi_bench.exe pairs=40 ms=500 seed=777001 threads=8 rows=8 columns=10 perside=20 csv=doc\bench\sweeps\2026-08-24\coarse.csv wA.threat=0.25 wA.pair=0.02 wA.mobility=0.02 wA.centre=0.05 wA.vulnerableAxes=-0.03 wA.oneMoveCapturable=-0.45 wA.spearheadPairs=0.15 wA.diagonalSupport=0.06 wA.deniedSquares=0.04 wA.strikers=0.05 wA.notchExposure=-0.12 wB.threat=0.25 wB.pair=0.02 wB.mobility=0.02 wB.centre=0.05 wB.vulnerableAxes=-0.03 wB.oneMoveCapturable=-0.9 wB.spearheadPairs=0.15 wB.diagonalSupport=0.06 wB.deniedSquares=0.04 wB.strikers=0.05 wB.notchExposure=-0.12
Latrunculi bench: 40 mirrored A-vs-B pairs (80 games), 8x10, 20 per side, slide, convex payoff, komi 1.5, policy placement, 500 ms per searched ply, 8 threads
base seed: 777001  (pair p uses seed base+p; even game index = set A as P0)
XML: not saved   memory tracking level: 0

game   plies  moveP  capt  remv lastAct    tail  quiet   lead   peak  margin win  reason    depth    srchd  AasP  wSet
6        125     85    21    22      85      40     40      1      3      -2   B  QuietGame     3.24       68     0     B
2        149    109    33    34     149       0     17      0      4       4   A  Reduction     3.24       67     0     A
5        147    107    32    32     107      40     40      0      3       2   A  QuietGame     3.22       68     1     B
4        157    117    30    30     117      40     40      0      3       2   A  QuietGame     3.18       68     0     A
3        165    125    35    36     165       0     24      2      2       2   A  Reduction     3.28       67     1     B
7        164    124    34    34     124      40     40      4      2       0   B  QuietGame     3.26       68     1     A
0        180    140    31    31     140      40     40      1      5      -5   B  QuietGame     3.19       68     0     B
1        208    168    33    33     168      40     40      3      1      -1   B  QuietGame     3.29       68     1     A
8        114     74    12    12      74      40     40      0      1       0   B  QuietGame     3.19       68     0     B
11       156    116    26    28     116      40     40      0      7       6   A  QuietGame     3.15       67     1     B
13       151    111    33    34     151       0     19      2      4       4   A  Reduction     3.26       68     1     B
12       163    123    28    30     123      40     40      0      6       6   A  QuietGame     3.19       68     0     A
10       199    159    35    36     199       0     34      0      3       2   A  Reduction     3.22       67     0     A
14       168    128    34    34     128      40     40      0      3       2   A  QuietGame     3.28       68     0     A
9        205    165    33    33     165      40     40      2      2       1   B  QuietGame     3.21       68     1     A
18        97     57     9    12      57      40     40      0      4       4   A  QuietGame     2.74       68     0     A
16       178    138    29    30     138      40     40      1      6      -6   B  QuietGame     3.22       68     0     B
15       207    167    31    31     167      40     40      1      6      -5   B  QuietGame     3.15       68     1     A
17       174    134    33    33     174       0     29      1      5      -5   B  Reduction     3.19       68     1     A
19       174    134    31    33     134      40     40      1      2      -1   B  QuietGame     3.09       68     1     A
21       160    120    34    34     120      40     40      1      3      -2   B  QuietGame     3.22       67     1     A
20       168    128    34    34     168       0     35      1      4      -4   B  Reduction     3.22       67     0     B
22       180    140    34    34     140      40     40      0      2       0   B  QuietGame     3.21       68     0     B
23       153    113    31    32     153       0     21      2      6       6   A  Reduction     3.18       68     1     B
24       155    115    34    34     155       0     27      2      4       4   A  Reduction     3.25       68     0     A
25       164    124    25    26     124      40     40      2      2       0   B  QuietGame     3.07       68     1     A
27       122     82    16    16      82      40     40      0      3       0   B  QuietGame     3.18       68     1     A
26       142    102    30    30     102      40     40      0      5       4   A  QuietGame     3.34       68     0     A
30       130     90    27    27      90      40     40      0      4       3   A  QuietGame     3.33       67     0     A
28       177    137    31    32     137      40     40      5      2       0   B  QuietGame     3.10       68     0     B
29       203    163    33    33     163      40     40      3      2      -1   B  QuietGame     3.29       68     1     A
32       163    123    27    28     123      40     40      0      4       4   A  QuietGame     3.16       68     0     A
33       161    121    30    31     161       0     29      0      7       7   A  Reduction     3.18       68     1     B
31       205    165    35    35     205       0     20      0      3       3   A  Reduction     3.31       67     1     B
37        91     51     8     8      51      40     40      1      1       0   B  QuietGame     3.09       68     1     A
34       168    128    31    34     168       0     21      1      4      -4   B  Reduction     2.97       67     0     B
35       177    137    30    30     137      40     40      1      5      -4   B  QuietGame     3.25       67     1     A
36       149    109    33    34     149       0     32      0      4       4   A  Reduction     3.24       68     0     A
38       107     67    16    18      67      40     40      3      2       0   B  QuietGame     3.07       68     0     B
41       124     84    22    22      84      40     40      2      3       2   A  QuietGame     3.28       67     1     B
39       165    125    30    32     125      40     40      5      2       0   B  QuietGame     3.16       68     1     A
43       133     93    28    32     133       0     23      0      6       6   A  Reduction     3.09       67     1     B
40       182    142    34    34     142      40     40      3      2      -2   B  QuietGame     3.33       67     0     B
42       186    146    36    36     186       0     37      3      2      -2   B  Reduction     3.27       67     0     B
44       160    120    34    34     120      40     40      4      3       2   A  QuietGame     3.25       68     0     A
46       157    117    14    15     117      40     40      1      4      -3   B  QuietGame     3.12       68     0     B
45       170    130    33    33     130      40     40      3      1      -1   B  QuietGame     3.18       68     1     A
48       110     70    12    13      70      40     40      0      4       3   A  QuietGame     2.99       68     0     A
50       139     99    30    32     139       0     15      0      6       6   A  Reduction     3.19       68     0     A
49       154    114    33    33     154       0     23      1      5      -5   B  Reduction     3.21       68     1     A
51       141    101    26    27     101      40     40      2      3       3   A  QuietGame     3.15       68     1     B
53       137     97    26    29      97      40     40      0      4       3   A  QuietGame     3.28       68     1     B
47       241    201    34    35     201      40     40      2      2       1   B  QuietGame     3.19       68     1     A
52       170    130    33    33     130      40     40      5      2      -1   B  QuietGame     3.25       68     0     B
54       165    125    33    33     165       0     35      0      5       5   A  Reduction     3.22       68     0     A
55       171    131    29    30     131      40     40      0      4       4   A  QuietGame     3.15       68     1     B
56       112     72     9     9      72      40     40      1      1      -1   B  QuietGame     3.22       68     0     B
58       143    103    27    28     103      40     40      0      2       2   A  QuietGame     3.16       68     0     A
57       199    159    34    34     159      40     40      5      2       0   B  QuietGame     3.29       68     1     A
61       149    109    31    32     149       0     18      0      6       6   A  Reduction     3.18       68     1     B
60       181    141    33    33     181       0     20      2      5       5   A  Reduction     3.26       68     0     A
62       168    128    30    32     128      40     40      6      2       0   B  QuietGame     3.19       68     0     B
64       182    142    30    30     142      40     40      1      4      -4   B  QuietGame     3.30       67     0     B
65       141    101    34    34     141       0     18      0      4       4   A  Reduction     3.37       67     1     B
63       211    171    33    33     171      40     40      1      3      -1   B  QuietGame     3.24       68     1     A
59       269    229    31    31     229      40     40      3      4      -3   B  QuietGame     3.07       68     1     A
67       163    123    35    35     163       0     38      0      3       3   A  Reduction     3.34       68     1     B
68       168    128    31    32     128      40     40      4      1       0   B  QuietGame     3.21       68     0     B
69       171    131    35    35     131      40     40      2      2       1   B  QuietGame     3.29       68     1     A
66       227    187    34    35     187      40     40      1      3      -1   B  QuietGame     3.18       68     0     B
70       154    114    17    19     114      40     40      0      2       1   B  QuietGame     3.07       68     0     B
73       158    118    31    31     118      40     40      0      4       3   A  QuietGame     3.19       67     1     B
71       209    169    34    35     209       0     38      0      3       3   A  Reduction     3.19       68     1     B
74       154    114    31    33     154       0     29      1      5      -5   B  Reduction     3.04       68     0     B
72       212    172    34    35     172      40     40      2      2       1   B  QuietGame     3.25       67     0     B
76       157    117    24    25     117      40     40      0      5       5   A  QuietGame     3.16       68     0     A
77       155    115    32    33     155       0     29      0      5       5   A  Reduction     3.24       68     1     B
75       182    142    33    33     182       0     24      1      5      -5   B  Reduction     3.24       68     1     A
78       176    136    33    34     176       0     19      3      4      -4   B  Reduction     3.21       68     0     B
79       169    129    32    34     169       0     28      2      4       4   A  Reduction     3.18       68     1     B

games                80
mean plies           164.6   (movement 124.6)
mean captures        29.2
mean removals        29.9
mean dead tail       26.5   plies after the last capture or removal
mean longest quiet   35.3
mean lead changes    1.3   (48 of 80 games had any)
mean peak margin     3.5
mean final margin    2.8   (absolute)
ended by quiet game  53  (66%)
ended by reduction   27  (34%)
ended by immobilize  0  (0%)
won by A / B         37 / 43
mean depth           3.20   (over 5422 searched opening plies)
wall clock           791.258 s

weight-set A wins    39 / 80  (48.8%)   [as P0: 18/40, as P1: 21/40]
weight-set B wins    41 / 80
quiet-game share     A-wins 74.4%   B-wins 58.5%   all 66.2%
95% threshold        wins >= 48 of 80 (one-sided): neither side significant
csv line appended to doc\bench\sweeps\2026-08-24\coarse.csv
drop  oneMoveCapturable x0.5 -> -0.45 = 48.8% wins, quiet 66.25%
>> ./cmake-build-release/latrunculi_game/latrunculi_bench.exe pairs=40 ms=500 seed=777001 threads=8 rows=8 columns=10 perside=20 csv=doc\bench\sweeps\2026-08-24\coarse.csv wA.threat=0.25 wA.pair=0.02 wA.mobility=0.02 wA.centre=0.05 wA.vulnerableAxes=-0.03 wA.oneMoveCapturable=-1.8 wA.spearheadPairs=0.15 wA.diagonalSupport=0.06 wA.deniedSquares=0.04 wA.strikers=0.05 wA.notchExposure=-0.12 wB.threat=0.25 wB.pair=0.02 wB.mobility=0.02 wB.centre=0.05 wB.vulnerableAxes=-0.03 wB.oneMoveCapturable=-0.9 wB.spearheadPairs=0.15 wB.diagonalSupport=0.06 wB.deniedSquares=0.04 wB.strikers=0.05 wB.notchExposure=-0.12
Latrunculi bench: 40 mirrored A-vs-B pairs (80 games), 8x10, 20 per side, slide, convex payoff, komi 1.5, policy placement, 500 ms per searched ply, 8 threads
base seed: 777001  (pair p uses seed base+p; even game index = set A as P0)
XML: not saved   memory tracking level: 0

game   plies  moveP  capt  remv lastAct    tail  quiet   lead   peak  margin win  reason    depth    srchd  AasP  wSet
4        132     92    21    21      92      40     40      2      3       1   B  QuietGame     3.26       68     0     B
1        142    102    32    33     142       0     15      3      5      -5   B  Reduction     3.19       68     1     A
2        157    117    34    34     157       0     26      0      4       4   A  Reduction     3.30       67     0     A
7        165    125    32    33     125      40     40      4      2      -1   B  QuietGame     2.84       68     1     A
3        169    129    26    27     169       0     29      0     11      11   A  Reduction     3.21       67     1     B
6        169    129    31    33     169       0     31      0      5       5   A  Reduction     3.06       68     0     A
0        223    183    33    34     183      40     40      3      3      -2   B  QuietGame     3.24       68     0     B
5        223    183    35    36     183      40     40      3      2       0   B  QuietGame     3.28       68     1     A
9        124     84    18    19      84      40     40      1      2      -1   B  QuietGame     3.13       68     1     A
13       117     77    16    16      77      40     40      0      1       0   B  QuietGame     3.25       68     1     A
12       129     89    32    33     129       0     13      0      5       5   A  Reduction     3.21       68     0     A
8        184    144    35    35     144      40     40      4      2       1   B  QuietGame     3.12       68     0     B
10       187    147    34    34     187       0     37      0      4       4   A  Reduction     3.21       67     0     A
11       225    185    30    31     185      40     40      0      5       5   A  QuietGame     2.82       67     1     B
15       176    136    34    36     176       0     29      1      2      -2   B  Reduction     3.24       68     1     A
14       184    144    34    35     184       0     23      3      3      -3   B  Reduction     3.22       68     0     B
19       112     72    17    18      72      40     40      0      3       2   A  QuietGame     3.15       68     1     B
16       169    129    31    32     129      40     40      0      4       4   A  QuietGame     3.18       68     0     A
17       177    137    34    35     177       0     35      2      3       3   A  Reduction     3.21       68     1     B
18       193    153    32    34     153      40     40      3      2       0   B  QuietGame     3.15       68     0     B
20       179    139    32    33     139      40     40      2      2       1   B  QuietGame     3.10       67     0     B
26       126     86    18    18      86      40     40      0      2       0   B  QuietGame     3.13       68     0     B
24       168    128    34    35     128      40     40      1      3      -1   B  QuietGame     3.19       68     0     B
23       181    141    33    33     141      40     40      3      2      -1   B  QuietGame     3.25       68     1     A
21       222    182    35    35     182      40     40      0      2       1   B  QuietGame     3.10       67     1     A
22       214    174    35    35     214       0     38      1      3      -3   B  Reduction     3.28       68     0     B
25       205    165    34    35     205       0     20      0      3       3   A  Reduction     3.10       68     1     B
28       140    100    35    35     140       0     22      3      3      -3   B  Reduction     3.35       68     0     B
27       170    130    29    29     130      40     40      1      2      -1   B  QuietGame     3.24       68     1     A
30        99     59    12    12      59      40     40      0      2       2   A  QuietGame     3.04       67     0     A
34       136     96    34    34     136       0      9      1      4      -4   B  Reduction     3.21       67     0     B
29       191    151    29    30     151      40     40      1      5      -4   B  QuietGame     3.13       68     1     A
36       123     83    27    28     123       0     23      0     10      10   A  Reduction     3.15       68     0     A
37       115     75    18    18      75      40     40      0      2       2   A  QuietGame     3.10       68     1     B
31       217    177    32    35     217       0     30      0      3       3   A  Reduction     3.19       67     1     B
32       204    164    34    34     164      40     40      2      2       0   B  QuietGame     3.18       68     0     B
33       206    166    34    35     166      40     40      2      2       1   B  QuietGame     3.26       68     1     A
35       180    140    33    34     140      40     40      0      3       2   A  QuietGame     3.16       67     1     B
38       107     67    16    18      67      40     40      3      2       0   B  QuietGame     3.06       68     0     B
40       146    106    32    32     106      40     40      3      4      -4   B  QuietGame     3.24       67     0     B
39       174    134    28    30     134      40     40      4      2       0   B  QuietGame     3.13       68     1     A
42       169    129    33    33     169       0     21      0      5       5   A  Reduction     3.21       67     0     A
44       160    120    34    34     120      40     40      4      3       2   A  QuietGame     3.21       68     0     A
41       197    157    36    36     197       0     24      0      3       2   A  Reduction     3.19       67     1     B
45       184    144    32    32     144      40     40      0      2       0   B  QuietGame     3.15       68     1     A
43       226    186    32    34     186      40     40      0      3       2   A  QuietGame     3.01       67     1     B
46       215    175    32    34     175      40     40      5      3      -2   B  QuietGame     3.22       68     0     B
47       168    128    31    31     168       0     23      1      7      -7   B  Reduction     3.26       68     1     A
48       199    159    36    36     199       0     22      2      2       2   A  Reduction     3.21       68     0     A
49       197    157    31    32     157      40     40      3      2       0   B  QuietGame     3.18       68     1     A
50       218    178    36    36     178      40     40      2      2       0   B  QuietGame     3.24       68     0     B
52       193    153    34    34     193       0     20      0      4       4   A  Reduction     3.24       68     0     A
53       170    130    28    30     130      40     40      0      7       6   A  QuietGame     3.25       68     1     B
51       236    196    36    36     236       0     33      1      2      -2   B  Reduction     3.32       68     1     A
54       194    154    31    31     154      40     40      0      2       1   B  QuietGame     3.19       68     0     B
55       198    158    32    32     158      40     40      0      5       4   A  QuietGame     3.28       68     1     B
58       125     85    22    23      85      40     40      2      2       1   B  QuietGame     3.16       68     0     B
56       197    157    30    32     157      40     40      1      4      -2   B  QuietGame     3.24       68     0     B
61       129     89    26    27      89      40     40      0      5       5   A  QuietGame     3.29       68     1     B
59       171    131    31    31     171       0     25      0      7       7   A  Reduction     3.29       68     1     B
57       206    166    33    34     166      40     40      0      3       2   A  QuietGame     3.32       68     1     B
62       178    138    33    35     178       0     31      3      3      -3   B  Reduction     3.10       68     0     B
60       241    201    33    33     201      40     40      0      3       3   A  QuietGame     3.16       68     0     A
66       147    107    32    33     147       0     20      0      5       5   A  Reduction     3.06       68     0     A
67       139     99    32    33     139       0     23      0      5       5   A  Reduction     3.21       68     1     B
64       195    155    33    33     155      40     40      1      3      -1   B  QuietGame     3.24       67     0     B
68       155    115    14    15     115      40     40      0      5       5   A  QuietGame     3.12       68     0     A
63       270    230    34    36     230      40     40      8      1       0   B  QuietGame     3.18       68     1     A
65       215    175    32    33     175      40     40      2      3       3   A  QuietGame     3.21       67     1     B
71        98     58    10    13      58      40     40      0      4       3   A  QuietGame     2.91       68     1     B
72       104     64    15    15      64      40     40      1      3      -3   B  QuietGame     3.16       67     0     B
70       192    152    33    35     192       0     36      3      3      -3   B  Reduction     3.13       68     0     B
74       141    101    30    30     101      40     40      5      1       0   B  QuietGame     3.26       68     0     B
69       222    182    32    33     182      40     40      1      2      -1   B  QuietGame     3.16       68     1     A
78        99     59    12    13      59      40     40      0      3       3   A  QuietGame     3.06       68     0     A
76       189    149    32    34     189       0     27      2      4       4   A  Reduction     3.16       68     0     A
79        99     59    12    13      59      40     40      0      3       3   A  QuietGame     3.06       68     1     B
75       196    156    34    35     156      40     40      3      2      -1   B  QuietGame     3.28       68     1     A
73       233    193    35    36     193      40     40      3      2       0   B  QuietGame     3.13       67     1     A
77       196    156    28    31     156      40     40      1      3      -1   B  QuietGame     3.26       68     1     A

games                80
mean plies           174.0   (movement 134.0)
mean captures        29.5
mean removals        30.3
mean dead tail       26.5   plies after the last capture or removal
mean longest quiet   35.1
mean lead changes    1.4   (45 of 80 games had any)
mean peak margin     3.3
mean final margin    2.6   (absolute)
ended by quiet game  53  (66%)
ended by reduction   27  (34%)
ended by immobilize  0  (0%)
won by A / B         35 / 45
mean depth           3.18   (over 5422 searched opening plies)
wall clock           828.58 s

weight-set A wins    37 / 80  (46.2%)   [as P0: 16/40, as P1: 21/40]
weight-set B wins    43 / 80
quiet-game share     A-wins 62.2%   B-wins 69.8%   all 66.2%
95% threshold        wins >= 48 of 80 (one-sided): neither side significant
csv line appended to doc\bench\sweeps\2026-08-24\coarse.csv
drop  oneMoveCapturable x2 -> -1.8 = 46.3% wins, quiet 66.25%
>> ./cmake-build-release/latrunculi_game/latrunculi_bench.exe pairs=40 ms=500 seed=777001 threads=8 rows=8 columns=10 perside=20 csv=doc\bench\sweeps\2026-08-24\coarse.csv wA.threat=0.25 wA.pair=0.02 wA.mobility=0.02 wA.centre=0.05 wA.vulnerableAxes=-0.03 wA.oneMoveCapturable=-3.6 wA.spearheadPairs=0.15 wA.diagonalSupport=0.06 wA.deniedSquares=0.04 wA.strikers=0.05 wA.notchExposure=-0.12 wB.threat=0.25 wB.pair=0.02 wB.mobility=0.02 wB.centre=0.05 wB.vulnerableAxes=-0.03 wB.oneMoveCapturable=-0.9 wB.spearheadPairs=0.15 wB.diagonalSupport=0.06 wB.deniedSquares=0.04 wB.strikers=0.05 wB.notchExposure=-0.12
Latrunculi bench: 40 mirrored A-vs-B pairs (80 games), 8x10, 20 per side, slide, convex payoff, komi 1.5, policy placement, 500 ms per searched ply, 8 threads
base seed: 777001  (pair p uses seed base+p; even game index = set A as P0)
XML: not saved   memory tracking level: 0

game   plies  moveP  capt  remv lastAct    tail  quiet   lead   peak  margin win  reason    depth    srchd  AasP  wSet
6        124     84    18    21      84      40     40      0      3       1   B  QuietGame     2.99       68     0     B
5        135     95    19    19      95      40     40      0      1       1   B  QuietGame     3.22       68     1     A
1        142    102    32    33     142       0     15      3      5      -5   B  Reduction     3.16       68     1     A
0        158    118    31    32     118      40     40      1      4      -4   B  QuietGame     3.16       68     0     B
7        159    119    31    32     159       0     14      2      6       6   A  Reduction     3.19       68     1     B
2        176    136    36    36     176       0     22      1      2      -2   B  Reduction     3.22       67     0     B
3        201    161    31    31     161      40     40      0      3       3   A  QuietGame     3.16       67     1     B
4        210    170    32    33     170      40     40      1      2      -1   B  QuietGame     3.18       68     0     B
8        167    127    32    33     127      40     40      0      3       3   A  QuietGame     3.21       68     0     A
10       168    128    33    34     128      40     40      0      3       2   A  QuietGame     3.19       67     0     A
12       170    130    31    32     130      40     40      0      5       4   A  QuietGame     3.28       68     0     A
13       161    121    28    29     161       0     23      0      9       9   A  Reduction     3.18       68     1     B
9        215    175    32    33     175      40     40      3      4      -3   B  QuietGame     3.19       68     1     A
11       218    178    33    33     178      40     40      1      4      -3   B  QuietGame     3.28       67     1     A
14       189    149    33    34     189       0     18      0      4       4   A  Reduction     3.22       68     0     A
15       196    156    32    34     156      40     40      1      2      -2   B  QuietGame     3.25       68     1     A
16       161    121    33    34     161       0     35      0      4       4   A  Reduction     3.18       68     0     A
19       143    103    28    30     103      40     40      4      2       2   A  QuietGame     3.12       68     1     B
17       193    153    32    34     193       0     20      0      4       4   A  Reduction     3.07       68     1     B
20       203    163    34    34     203       0     24      0      4       4   A  Reduction     3.16       67     0     A
18       228    188    32    34     188      40     40      4      3       2   A  QuietGame     3.16       68     0     A
22       184    144    33    33     144      40     40      0      4       3   A  QuietGame     3.16       68     0     A
21       206    166    34    35     166      40     40      2      2       1   B  QuietGame     3.19       67     1     A
23       181    141    33    33     141      40     40      3      2      -1   B  QuietGame     3.22       68     1     A
24       149    109    33    33     109      40     40      1      2      -1   B  QuietGame     3.16       68     0     B
28       133     93    28    29      93      40     40      5      2      -1   B  QuietGame     3.25       68     0     B
27       149    109    32    32     149       0     15      0      6       6   A  Reduction     3.29       68     1     B
25       238    198    33    33     238       0     33      1      5      -5   B  Reduction     3.09       68     1     A
29       158    118    31    32     158       0     23      1      6      -6   B  Reduction     3.24       68     1     A
32       157    117    33    34     157       0     26      0      4       4   A  Reduction     3.22       68     0     A
31       161    121    25    28     121      40     40      0      3       2   A  QuietGame     3.18       67     1     B
30       175    135    31    33     135      40     40      0      3       3   A  QuietGame     3.07       67     0     A
26       256    216    33    33     216      40     40      4      2       1   B  QuietGame     3.24       68     0     B
36       108     68    17    17      68      40     40      0      2       1   B  QuietGame     3.10       68     0     B
34       176    136    27    27     136      40     40      1      5      -5   B  QuietGame     3.30       67     0     B
33       195    155    32    34     155      40     40      3      2       0   B  QuietGame     3.13       68     1     A
37       169    129    33    33     169       0     27      0      5       5   A  Reduction     3.29       68     1     B
35       206    166    35    35     166      40     40      0      3       1   B  QuietGame     3.21       67     1     A
38       183    143    33    35     143      40     40      3      2      -1   B  QuietGame     3.16       68     0     B
39       176    136    29    30     136      40     40      0      5       4   A  QuietGame     3.24       68     1     B
40       194    154    33    34     194       0     19      3      4      -4   B  Reduction     3.09       67     0     B
41       183    143    28    29     143      40     40      0      4       3   A  QuietGame     3.21       67     1     B
42       178    138    28    29     138      40     40      1      7      -7   B  QuietGame     3.24       67     0     B
46       137     97    30    33     137       0     25      0      5       5   A  Reduction     3.10       68     0     A
48       163    123    32    33     163       0     25      0      5       5   A  Reduction     3.18       68     0     A
43       232    192    30    31     192      40     40      0      5       3   A  QuietGame     3.10       67     1     B
44       203    163    34    34     163      40     40      3      1       0   B  QuietGame     3.21       68     0     B
47       188    148    30    30     148      40     40      1      6      -6   B  QuietGame     3.32       68     1     A
45       212    172    31    31     172      40     40      0      3       1   B  QuietGame     3.24       68     1     A
49       199    159    36    36     199       0     22      2      2       2   A  Reduction     3.22       68     1     B
50       165    125    26    28     125      40     40      0      8       8   A  QuietGame     3.22       68     0     A
51       153    113    28    29     113      40     40      1      4      -3   B  QuietGame     3.24       68     1     A
56        97     57    11    12      57      40     40      2      2       2   A  QuietGame     2.91       68     0     A
53       141    101    29    31     141       0     19      0      7       7   A  Reduction     3.26       68     1     B
55       181    141    31    32     141      40     40      0      4       4   A  QuietGame     3.22       68     1     B
52       198    158    27    27     158      40     40      0      2       1   B  QuietGame     3.21       68     0     B
54       198    158    28    31     158      40     40      0      4       3   A  QuietGame     3.09       68     0     A
57       110     70    12    13      70      40     40      0      3       1   B  QuietGame     3.16       68     1     A
61       159    119    35    36     159       0     20      0      2       2   A  Reduction     3.28       68     1     B
58       205    165    30    30     205       0     35      0      8       8   A  Reduction     3.19       68     0     A
64       115     75    24    24      75      40     40      0      4       4   A  QuietGame     3.45       67     0     A
59       235    195    32    32     195      40     40      1      3      -2   B  QuietGame     3.34       68     1     A
62       186    146    26    28     146      40     40      1      3      -2   B  QuietGame     3.16       68     0     B
65       177    137    34    34     177       0     28      2      4       4   A  Reduction     3.27       67     1     B
63       192    152    31    33     152      40     40      5      3      -3   B  QuietGame     3.21       68     1     A
60       275    235    34    35     275       0     36      0      3       3   A  Reduction     3.22       68     0     A
66       119     79    21    22      79      40     40      1      1       0   B  QuietGame     3.09       68     0     B
68       141    101    18    19     101      40     40      0      5       5   A  QuietGame     3.13       68     0     A
70        98     58    12    12      58      40     40      0      1       0   B  QuietGame     3.15       68     0     B
67       165    125    33    35     165       0     38      0      3       3   A  Reduction     3.22       68     1     B
72        96     56    12    12      56      40     40      1      2      -2   B  QuietGame     2.94       67     0     B
69       215    175    26    26     175      40     40      0      6       6   A  QuietGame     3.13       68     1     B
73       195    155    33    34     195       0     26      0      5       4   A  Reduction     3.12       67     1     B
74       186    146    30    31     146      40     40      1      2      -1   B  QuietGame     3.16       68     0     B
71       231    191    32    32     191      40     40      2      4       4   A  QuietGame     3.26       68     1     B
76       171    131    34    34     171       0     34      2      4       4   A  Reduction     3.31       68     0     A
78       168    128    31    32     128      40     40      0      3       2   A  QuietGame     3.15       68     0     A
75       205    165    33    34     165      40     40      1      2       0   B  QuietGame     3.24       68     1     A
77       196    156    28    31     156      40     40      1      3      -3   B  QuietGame     3.28       68     1     A
79       169    129    31    31     129      40     40      0      2       1   B  QuietGame     3.22       68     1     A

games                80
mean plies           176.3   (movement 136.3)
mean captures        29.4
mean removals        30.3
mean dead tail       27.5   plies after the last capture or removal
mean longest quiet   35.3
mean lead changes    0.9   (38 of 80 games had any)
mean peak margin     3.6
mean final margin    3.1   (absolute)
ended by quiet game  55  (69%)
ended by reduction   25  (31%)
ended by immobilize  0  (0%)
won by A / B         41 / 39
mean depth           3.19   (over 5422 searched opening plies)
wall clock           855.683 s

weight-set A wins    41 / 80  (51.2%)   [as P0: 21/40, as P1: 20/40]
weight-set B wins    39 / 80
quiet-game share     A-wins 70.7%   B-wins 66.7%   all 68.8%
95% threshold        wins >= 48 of 80 (one-sided): neither side significant
csv line appended to doc\bench\sweeps\2026-08-24\coarse.csv
drop  oneMoveCapturable x4 -> -3.6 = 51.3% wins, quiet 68.75%
>> ./cmake-build-release/latrunculi_game/latrunculi_bench.exe pairs=40 ms=500 seed=777001 threads=8 rows=8 columns=10 perside=20 csv=doc\bench\sweeps\2026-08-24\coarse.csv wA.threat=0.25 wA.pair=0.02 wA.mobility=0.02 wA.centre=0.05 wA.vulnerableAxes=-0.03 wA.oneMoveCapturable=-0.9 wA.spearheadPairs=0.0375 wA.diagonalSupport=0.06 wA.deniedSquares=0.04 wA.strikers=0.05 wA.notchExposure=-0.12 wB.threat=0.25 wB.pair=0.02 wB.mobility=0.02 wB.centre=0.05 wB.vulnerableAxes=-0.03 wB.oneMoveCapturable=-0.9 wB.spearheadPairs=0.15 wB.diagonalSupport=0.06 wB.deniedSquares=0.04 wB.strikers=0.05 wB.notchExposure=-0.12
Latrunculi bench: 40 mirrored A-vs-B pairs (80 games), 8x10, 20 per side, slide, convex payoff, komi 1.5, policy placement, 500 ms per searched ply, 8 threads
base seed: 777001  (pair p uses seed base+p; even game index = set A as P0)
XML: not saved   memory tracking level: 0

game   plies  moveP  capt  remv lastAct    tail  quiet   lead   peak  margin win  reason    depth    srchd  AasP  wSet
7        137     97    24    26      97      40     40      0      3       2   A  QuietGame     3.12       68     1     B
1        154    114    30    33     114      40     40      0      3       1   B  QuietGame     3.07       68     1     A
2        188    148    34    34     148      40     40      5      2      -2   B  QuietGame     3.18       67     0     B
0        188    148    32    33     148      40     40      0      3       1   B  QuietGame     3.28       68     0     B
6        196    156    30    31     156      40     40      0      4       3   A  QuietGame     3.18       68     0     A
3        200    160    26    27     160      40     40      2      4       3   A  QuietGame     3.24       67     1     B
4        228    188    31    31     188      40     40      1      3      -3   B  QuietGame     3.21       68     0     B
5        236    196    33    35     196      40     40      0      4       1   B  QuietGame     3.06       68     1     A
10        97     57     8     8      57      40     40      0      2       2   A  QuietGame     3.19       67     0     A
9        135     95    27    27      95      40     40      0      5       5   A  QuietGame     3.25       68     1     B
12       131     91    20    20      91      40     40      0      4       4   A  QuietGame     3.28       68     0     A
8        204    164    34    34     164      40     40      2      3       2   A  QuietGame     3.19       68     0     A
11       176    136    29    30     136      40     40      0      3       2   A  QuietGame     3.19       67     1     B
13       167    127    31    33     167       0     27      0      5       5   A  Reduction     3.18       68     1     B
14       151    111    33    35     151       0     17      2      3       3   A  Reduction     3.16       68     0     A
15       147    107    27    28     147       0     17      0     10      10   A  Reduction     3.15       68     1     B
16       170    130    33    34     130      40     40      2      3       2   A  QuietGame     3.25       68     0     A
20       116     76    15    17      76      40     40      1      4      -3   B  QuietGame     2.96       67     0     B
17       217    177    34    35     177      40     40      0      3       1   B  QuietGame     3.12       68     1     A
19       176    136    32    33     136      40     40      0      2       1   B  QuietGame     3.22       68     1     A
22       162    122    30    30     122      40     40      0      5       4   A  QuietGame     3.22       68     0     A
18       216    176    32    32     176      40     40      2      2      -2   B  QuietGame     3.41       68     0     B
23       168    128    30    31     128      40     40      2      2       1   B  QuietGame     3.25       68     1     A
24       125     85    31    31     125       0     19      0      7       7   A  Reduction     3.38       68     0     A
21       214    174    30    31     174      40     40      1      3      -3   B  QuietGame     3.21       67     1     A
25       153    113    33    33     153       0     27      0      5       5   A  Reduction     3.38       68     1     B
27       144    104    30    31     104      40     40      1      2      -1   B  QuietGame     3.24       68     1     A
28       146    106    35    36     146       0     16      1      2      -2   B  Reduction     3.22       68     0     B
31       139     99    31    32     139       0     15      0      6       6   A  Reduction     3.19       67     1     B
26       201    161    34    34     161      40     40      1      3      -2   B  QuietGame     3.28       68     0     B
32       129     89    16    18      89      40     40      0      2       2   A  QuietGame     3.21       68     0     A
30       184    144    30    31     144      40     40      0      6       5   A  QuietGame     3.15       67     0     A
29       197    157    32    35     157      40     40      2      2      -1   B  QuietGame     3.15       68     1     A
33       124     84    17    18      84      40     40      0      3       2   A  QuietGame     3.18       68     1     B
34       153    113    28    30     113      40     40      5      2       0   B  QuietGame     3.21       67     0     B
41       173    133    32    33     173       0     29      0      5       5   A  Reduction     3.25       67     1     B
36       214    174    36    36     214       0     25      3      3      -2   B  Reduction     3.35       68     0     B
35       233    193    36    36     193      40     40      3      2       0   B  QuietGame     3.39       67     1     A
40       187    147    34    34     147      40     40      5      1       0   B  QuietGame     3.19       67     0     B
38       221    181    32    34     181      40     40      0      3       2   A  QuietGame     3.18       68     0     A
37       235    195    34    34     235       0     35      0      4       4   A  Reduction     3.21       68     1     B
39       209    169    34    34     169      40     40      0      2       2   A  QuietGame     3.41       68     1     B
42       156    116    30    31     116      40     40      0      4       3   A  QuietGame     3.16       67     0     A
43       161    121    36    36     161       0     36      2      2       2   A  Reduction     3.24       67     1     B
48       137     97    34    34     137       0     13      0      4       4   A  Reduction     3.16       68     0     A
44       185    145    31    32     145      40     40      0      5       4   A  QuietGame     3.18       68     0     A
50       177    137    32    32     137      40     40      0      3       2   A  QuietGame     3.24       68     0     A
46       211    171    31    35     171      40     40      7      2      -1   B  QuietGame     3.21       68     0     B
47       214    174    32    32     174      40     40      1      4      -4   B  QuietGame     3.18       68     1     A
49       202    162    35    35     162      40     40      2      2       1   B  QuietGame     3.26       68     1     A
45       229    189    35    35     189      40     40      3      2      -1   B  QuietGame     3.28       68     1     A
52       145    105    28    28     105      40     40      0      6       6   A  QuietGame     3.16       68     0     A
51       153    113    31    31     113      40     40      0      5       5   A  QuietGame     3.43       68     1     B
53       154    114    30    30     114      40     40      5      2      -2   B  QuietGame     3.24       68     1     A
57       119     79    30    33     119       0     10      0      5       5   A  Reduction     3.19       68     1     B
55       165    125    32    34     165       0     28      0      4       4   A  Reduction     3.16       68     1     B
58       173    133    31    31     133      40     40      0      5       5   A  QuietGame     3.28       68     0     A
56       187    147    30    33     187       0     31      0      5       5   A  Reduction     3.09       68     0     A
54       209    169    33    36     209       0     28      2      3       2   A  Reduction     3.16       68     0     A
60       205    165    34    35     205       0     36      4      3       3   A  Reduction     3.16       68     0     A
59       220    180    34    35     180      40     40      2      2       1   B  QuietGame     3.18       68     1     A
61       192    152    33    34     152      40     40      4      2       0   B  QuietGame     3.21       68     1     A
62       189    149    34    35     149      40     40      0      3       1   B  QuietGame     3.19       68     0     B
63       169    129    32    34     169       0     22      2      4       4   A  Reduction     3.22       68     1     B
65       176    136    32    32     136      40     40      0      5       4   A  QuietGame     3.19       67     1     B
66       167    127    32    33     167       0     30      0      5       5   A  Reduction     3.13       68     0     A
64       203    163    34    35     203       0     22      2      3       3   A  Reduction     3.25       67     0     A
70        97     57    13    14      57      40     40      0      2       2   A  QuietGame     3.16       68     0     A
67       135     95    26    27      95      40     40      2      2       1   B  QuietGame     3.12       68     1     A
68       128     88    32    33     128       0     13      1      5      -5   B  Reduction     3.21       68     0     B
72        99     59    11    11      59      40     40      0      1       1   B  QuietGame     2.93       67     0     B
69       191    151    33    35     191       0     28      2      3       3   A  Reduction     3.12       68     1     B
71       192    152    34    34     152      40     40      0      2       0   B  QuietGame     3.24       68     1     A
75       137     97    31    33     137       0     14      0      5       5   A  Reduction     3.16       68     1     B
77       129     89    32    32     129       0     12      0      6       6   A  Reduction     3.24       68     1     B
73       185    145    31    31     185       0     28      0      7       7   A  Reduction     3.18       67     1     B
76       149    109    32    32     149       0     18      0      6       6   A  Reduction     3.31       68     0     A
74       194    154    35    35     194       0     37      3      3      -3   B  Reduction     3.12       68     0     B
79       139     99    31    33     139       0     29      4      5       5   A  Reduction     3.22       68     1     B
78       185    145    33    34     145      40     40      1      2       0   B  QuietGame     3.19       68     0     B

games                80
mean plies           172.5   (movement 132.5)
mean captures        30.2
mean removals        31.2
mean dead tail       26.0   plies after the last capture or removal
mean longest quiet   34.3
mean lead changes    1.1   (36 of 80 games had any)
mean peak margin     3.5
mean final margin    2.9   (absolute)
ended by quiet game  52  (65%)
ended by reduction   28  (35%)
ended by immobilize  0  (0%)
won by A / B         47 / 33
mean depth           3.21   (over 5422 searched opening plies)
wall clock           829.999 s

weight-set A wins    41 / 80  (51.2%)   [as P0: 24/40, as P1: 17/40]
weight-set B wins    39 / 80
quiet-game share     A-wins 78.0%   B-wins 51.3%   all 65.0%
95% threshold        wins >= 48 of 80 (one-sided): neither side significant
csv line appended to doc\bench\sweeps\2026-08-24\coarse.csv
drop  spearheadPairs x0.25 -> 0.0375 = 51.3% wins, quiet 65%
>> ./cmake-build-release/latrunculi_game/latrunculi_bench.exe pairs=40 ms=500 seed=777001 threads=8 rows=8 columns=10 perside=20 csv=doc\bench\sweeps\2026-08-24\coarse.csv wA.threat=0.25 wA.pair=0.02 wA.mobility=0.02 wA.centre=0.05 wA.vulnerableAxes=-0.03 wA.oneMoveCapturable=-0.9 wA.spearheadPairs=0.075 wA.diagonalSupport=0.06 wA.deniedSquares=0.04 wA.strikers=0.05 wA.notchExposure=-0.12 wB.threat=0.25 wB.pair=0.02 wB.mobility=0.02 wB.centre=0.05 wB.vulnerableAxes=-0.03 wB.oneMoveCapturable=-0.9 wB.spearheadPairs=0.15 wB.diagonalSupport=0.06 wB.deniedSquares=0.04 wB.strikers=0.05 wB.notchExposure=-0.12
Latrunculi bench: 40 mirrored A-vs-B pairs (80 games), 8x10, 20 per side, slide, convex payoff, komi 1.5, policy placement, 500 ms per searched ply, 8 threads
base seed: 777001  (pair p uses seed base+p; even game index = set A as P0)
XML: not saved   memory tracking level: 0

game   plies  moveP  capt  remv lastAct    tail  quiet   lead   peak  margin win  reason    depth    srchd  AasP  wSet
1        109     69    32    32     109       0      8      0      6       6   A  Reduction     3.18       68     1     B
5        135     95    33    34     135       0     18      2      4       4   A  Reduction     3.25       68     1     B
6        160    120    33    34     160       0     17      3      4      -4   B  Reduction     3.22       68     0     B
3        167    127    33    34     167       0     27      2      4       4   A  Reduction     3.30       67     1     B
2        183    143    36    36     143      40     40      3      2       0   B  QuietGame     3.22       67     0     B
0        190    150    32    34     150      40     40      1      2      -2   B  QuietGame     3.29       68     0     B
4        200    160    34    35     160      40     40      4      2       1   B  QuietGame     3.25       68     0     B
7        201    161    33    33     201       0     38      0      5       5   A  Reduction     3.16       68     1     B
10        97     57     8     8      57      40     40      0      2       2   A  QuietGame     3.19       67     0     A
9        153    113    33    33     153       0     36      0      5       5   A  Reduction     3.25       68     1     B
8        203    163    26    27     163      40     40      0      7       7   A  QuietGame     3.09       68     0     A
12       133     93    20    20      93      40     40      0      4       4   A  QuietGame     3.28       68     0     A
11       187    147    35    35     147      40     40      0      3       1   B  QuietGame     3.39       67     1     A
13       172    132    31    32     132      40     40      0      5       4   A  QuietGame     3.32       68     1     B
14       181    141    34    34     141      40     40      1      2       0   B  QuietGame     3.26       68     0     B
15       195    155    30    31     155      40     40      0      5       5   A  QuietGame     3.09       68     1     B
20       122     82    15    17      82      40     40      3      3      -3   B  QuietGame     3.12       67     0     B
16       221    181    32    32     181      40     40      3      5      -4   B  QuietGame     3.21       68     0     B
22       104     64    13    13      64      40     40      1      1      -1   B  QuietGame     3.09       68     0     B
21       152    112    26    26     112      40     40      1      4      -4   B  QuietGame     3.24       67     1     A
18       214    174    34    36     214       0     34      3      2      -2   B  Reduction     3.15       68     0     B
19       222    182    34    35     182      40     40      0      2       1   B  QuietGame     3.18       68     1     A
17       254    214    36    36     214      40     40      2      2       0   B  QuietGame     3.26       68     1     A
25       133     93    31    32     133       0     21      0      6       6   A  Reduction     3.16       68     1     B
23       217    177    30    32     177      40     40      3      5      -4   B  QuietGame     3.21       68     1     A
26       168    128    30    30     128      40     40      1      6      -6   B  QuietGame     3.21       68     0     B
24       198    158    34    36     198       0     38      5      2      -2   B  Reduction     3.19       68     0     B
28       147    107    30    30     107      40     40      7      1       0   B  QuietGame     3.24       68     0     B
27       173    133    31    33     133      40     40      0      3       1   B  QuietGame     3.24       68     1     A
30       202    162    31    32     162      40     40      0      3       2   A  QuietGame     3.16       67     0     A
33       105     65    14    15      65      40     40      0      3       3   A  QuietGame     3.09       68     1     B
29       217    177    29    31     177      40     40      0      3       1   B  QuietGame     3.22       68     1     A
31       184    144    32    34     144      40     40      0      3       2   A  QuietGame     3.09       67     1     B
32       171    131    33    33     171       0     29      0      5       5   A  Reduction     3.28       68     0     A
35       183    143    35    35     183       0     28      2      3       3   A  Reduction     3.24       67     1     B
36       169    129    35    35     129      40     40      0      2       1   B  QuietGame     3.24       68     0     B
34       186    146    31    32     146      40     40      1      4      -4   B  QuietGame     3.16       67     0     B
38       161    121    33    34     161       0     19      0      4       4   A  Reduction     3.24       68     0     A
37       180    140    31    32     140      40     40      0      3       2   A  QuietGame     3.15       68     1     B
39       167    127    27    28     127      40     40      0      6       6   A  QuietGame     3.15       68     1     B
40       146    106    28    29     106      40     40      1      7      -7   B  QuietGame     3.21       67     0     B
41       168    128    30    32     128      40     40      3      4      -4   B  QuietGame     3.22       67     1     A
43       116     76    33    34     116       0      9      1      4      -4   B  Reduction     3.31       67     1     A
44       117     77    19    21      77      40     40      2      2       1   B  QuietGame     3.10       68     0     B
48        87     47     4     4      47      40     40      1      1       0   B  QuietGame     3.00       68     0     B
42       189    149    28    30     149      40     40      1      5      -4   B  QuietGame     3.10       67     0     B
49        94     54     9     9      54      40     40      0      2       1   B  QuietGame     3.21       68     1     A
50        92     52     7     8      52      40     40      2      1       0   B  QuietGame     2.96       68     0     B
45       171    131    33    34     131      40     40      3      3      -2   B  QuietGame     3.34       68     1     A
47       158    118    30    31     118      40     40      0      3       1   B  QuietGame     3.13       68     1     A
46       205    165    30    30     165      40     40      0      6       6   A  QuietGame     3.15       68     0     A
51       176    136    29    33     136      40     40      4      2       1   B  QuietGame     3.07       68     1     A
56       100     60    12    13      60      40     40      1      2      -1   B  QuietGame     3.06       68     0     B
52       202    162    34    34     202       0     27      1      4      -4   B  Reduction     3.32       68     0     B
57       163    123    28    30     123      40     40      0      6       6   A  QuietGame     3.24       68     1     B
55       202    162    31    32     162      40     40      3      3      -2   B  QuietGame     3.16       68     1     A
54       213    173    35    36     173      40     40      1      2       0   B  QuietGame     3.19       68     0     B
53       231    191    34    34     191      40     40      5      2       0   B  QuietGame     3.19       68     1     A
58       205    165    35    35     205       0     33      2      3       3   A  Reduction     3.29       68     0     A
59       213    173    35    35     213       0     35      2      3       3   A  Reduction     3.22       68     1     B
60       195    155    32    32     155      40     40      4      2       2   A  QuietGame     3.29       68     0     A
61       161    121    27    28     121      40     40      0      8       8   A  QuietGame     3.25       68     1     B
62       152    112    22    22     112      40     40      0      3       2   A  QuietGame     3.18       68     0     A
64       161    121    29    30     121      40     40      7      1       0   B  QuietGame     3.16       67     0     B
63       180    140    31    33     140      40     40      2      4       3   A  QuietGame     3.22       68     1     B
65       196    156    32    33     156      40     40      1      3      -1   B  QuietGame     3.09       67     1     A
66       151    111    34    34     151       0     18      0      4       4   A  Reduction     3.10       68     0     A
69       137     97    33    34     137       0     16      0      4       4   A  Reduction     3.21       68     1     B
67       221    181    27    29     181      40     40      0      5       5   A  QuietGame     3.13       68     1     B
70       190    150    31    31     150      40     40      0      3       1   B  QuietGame     3.25       68     0     B
68       247    207    32    32     207      40     40      0      4       4   A  QuietGame     3.29       68     0     A
72       200    160    34    34     160      40     40      5      2      -2   B  QuietGame     3.25       67     0     B
73       171    131    30    30     131      40     40      0      6       6   A  QuietGame     3.12       67     1     B
71       234    194    33    34     194      40     40      5      2      -2   B  QuietGame     3.22       68     1     A
74       184    144    35    35     144      40     40      2      2       1   B  QuietGame     3.19       68     0     B
75       176    136    30    32     136      40     40      0      3       2   A  QuietGame     3.15       68     1     B
76       172    132    32    33     132      40     40      0      4       3   A  QuietGame     3.26       68     0     A
79       133     93    26    26      93      40     40      0      8       8   A  QuietGame     3.29       68     1     B
77       189    149    32    32     149      40     40      1      4      -2   B  QuietGame     3.26       68     1     A
78       181    141    31    31     181       0     26      0      7       7   A  Reduction     3.35       68     0     A

games                80
mean plies           172.4   (movement 132.4)
mean captures        29.1
mean removals        29.9
mean dead tail       30.5   plies after the last capture or removal
mean longest quiet   36.5
mean lead changes    1.4   (43 of 80 games had any)
mean peak margin     3.6
mean final margin    3.0   (absolute)
ended by quiet game  61  (76%)
ended by reduction   19  (24%)
ended by immobilize  0  (0%)
won by A / B         36 / 44
mean depth           3.20   (over 5422 searched opening plies)
wall clock           835.976 s

weight-set A wins    32 / 80  (40.0%)   [as P0: 14/40, as P1: 18/40]
weight-set B wins    48 / 80
quiet-game share     A-wins 81.2%   B-wins 72.9%   all 76.2%
95% threshold        wins >= 48 of 80 (one-sided): B is significantly stronger
csv line appended to doc\bench\sweeps\2026-08-24\coarse.csv
drop  spearheadPairs x0.5 -> 0.075 = 40.0% wins, quiet 76.25%
>> ./cmake-build-release/latrunculi_game/latrunculi_bench.exe pairs=40 ms=500 seed=777001 threads=8 rows=8 columns=10 perside=20 csv=doc\bench\sweeps\2026-08-24\coarse.csv wA.threat=0.25 wA.pair=0.02 wA.mobility=0.02 wA.centre=0.05 wA.vulnerableAxes=-0.03 wA.oneMoveCapturable=-0.9 wA.spearheadPairs=0.3 wA.diagonalSupport=0.06 wA.deniedSquares=0.04 wA.strikers=0.05 wA.notchExposure=-0.12 wB.threat=0.25 wB.pair=0.02 wB.mobility=0.02 wB.centre=0.05 wB.vulnerableAxes=-0.03 wB.oneMoveCapturable=-0.9 wB.spearheadPairs=0.15 wB.diagonalSupport=0.06 wB.deniedSquares=0.04 wB.strikers=0.05 wB.notchExposure=-0.12
Latrunculi bench: 40 mirrored A-vs-B pairs (80 games), 8x10, 20 per side, slide, convex payoff, komi 1.5, policy placement, 500 ms per searched ply, 8 threads
base seed: 777001  (pair p uses seed base+p; even game index = set A as P0)
XML: not saved   memory tracking level: 0

game   plies  moveP  capt  remv lastAct    tail  quiet   lead   peak  margin win  reason    depth    srchd  AasP  wSet
4         99     59    13    13      59      40     40      2      1       1   B  QuietGame     3.25       68     0     B
2        131     91    27    27      91      40     40      0      2       1   B  QuietGame     3.19       67     0     B
0        170    130    33    33     170       0     24      1      5      -5   B  Reduction     3.38       68     0     B
3        179    139    35    36     179       0     38      2      2       2   A  Reduction     3.28       67     1     B
5        188    148    36    36     148      40     40      4      2       0   B  QuietGame     3.24       68     1     A
6        195    155    32    33     155      40     40      0      3       1   B  QuietGame     3.22       68     0     B
7        198    158    30    33     158      40     40      4      2       1   B  QuietGame     3.22       68     1     A
1        204    164    29    30     164      40     40      2      5       4   A  QuietGame     3.26       68     1     B
8        151    111    24    26     151       0     27      0     12      12   A  Reduction     3.13       68     0     A
9        167    127    35    35     167       0     19      0      4       3   A  Reduction     3.07       68     1     B
10       173    133    30    32     133      40     40      1      2       0   B  QuietGame     3.18       67     0     B
13       165    125    30    30     125      40     40      0      3       2   A  QuietGame     3.31       68     1     B
12       185    145    34    35     185       0     22      2      3       3   A  Reduction     3.18       68     0     A
14       190    150    32    34     150      40     40      0      2       0   B  QuietGame     3.19       68     0     B
11       225    185    33    34     185      40     40      1      2       0   B  QuietGame     3.15       67     1     A
18        97     57     9    12      57      40     40      0      4       4   A  QuietGame     2.75       68     0     A
16       199    159    28    29     159      40     40      0      7       7   A  QuietGame     3.31       68     0     A
15       247    207    33    34     247       0     30      0      4       4   A  Reduction     3.22       68     1     B
19       150    110    30    31     150       0     15      3      7      -7   B  Reduction     3.19       68     1     A
17       224    184    35    35     224       0     30      1      3      -3   B  Reduction     3.18       68     1     A
20       196    156    31    32     156      40     40      0      5       4   A  QuietGame     3.15       67     0     A
22       179    139    28    29     139      40     40      4      5       5   A  QuietGame     3.24       68     0     A
21       201    161    34    35     201       0     25      6      3       3   A  Reduction     3.27       67     1     B
25       149    109    30    31     149       0     17      0      7       7   A  Reduction     3.28       68     1     B
23       179    139    35    35     179       0     26      2      3       3   A  Reduction     3.26       68     1     B
24       185    145    33    33     185       0     36      0      5       5   A  Reduction     3.28       68     0     A
26       163    123    20    20     123      40     40      0      7       6   A  QuietGame     3.25       68     0     A
27       183    143    28    30     143      40     40      0      6       6   A  QuietGame     3.12       68     1     B
30       151    111    23    24     111      40     40      0      8       8   A  QuietGame     3.21       67     0     A
28       183    143    30    31     143      40     40      0      3       1   B  QuietGame     3.28       68     0     B
29       197    157    35    35     157      40     40      1      4      -1   B  QuietGame     3.35       68     1     A
31       201    161    32    32     161      40     40      0      4       4   A  QuietGame     3.30       67     1     B
35       131     91    30    31     131       0     15      0      7       7   A  Reduction     3.10       67     1     B
32       217    177    34    34     217       0     38      4      4       4   A  Reduction     3.09       68     0     A
33       219    179    32    33     219       0     36      0      5       5   A  Reduction     3.25       68     1     B
34       198    158    28    29     158      40     40      0      4       3   A  QuietGame     3.27       67     0     A
39       115     75    13    13      75      40     40      2      2       1   B  QuietGame     3.04       68     1     A
37       172    132    28    29     132      40     40      0      4       3   A  QuietGame     3.25       68     1     B
40       155    115    34    35     155       0     26      4      3       3   A  Reduction     3.22       67     0     A
38       201    161    31    33     201       0     34      0      5       5   A  Reduction     3.16       68     0     A
36       241    201    32    32     201      40     40      0      4       4   A  QuietGame     3.16       68     0     A
42       149    109    29    29     149       0     30      0      9       9   A  Reduction     3.22       67     0     A
41       174    134    32    33     134      40     40      4      2       1   B  QuietGame     3.16       67     1     A
43       141    101    29    32     141       0     15      0      6       6   A  Reduction     3.12       67     1     B
44       113     73    32    33     113       0     12      0      5       5   A  Reduction     3.38       68     0     A
45       107     67    17    17      67      40     40      1      2      -1   B  QuietGame     3.12       68     1     A
46       172    132    35    35     172       0     16      7      3      -3   B  Reduction     3.19       68     0     B
53       135     95    17    17      95      40     40      2      1       1   B  QuietGame     3.31       68     1     A
48       197    157    33    33     157      40     40      1      2      -1   B  QuietGame     3.31       68     0     B
49       190    150    33    34     190       0     26      3      4      -4   B  Reduction     3.32       68     1     A
47       202    162    31    31     162      40     40      0      2       1   B  QuietGame     3.16       68     1     A
50       193    153    29    29     153      40     40      0      7       7   A  QuietGame     3.29       68     0     A
51       193    153    33    33     153      40     40      2      3       3   A  QuietGame     3.29       68     1     B
52       219    179    31    31     179      40     40      0      3       1   B  QuietGame     3.29       68     0     B
57       127     87    27    27      87      40     40      1      2      -1   B  QuietGame     3.34       68     1     A
56       134     94    32    32     134       0      9      1      6      -6   B  Reduction     3.22       68     0     B
54       167    127    31    31     127      40     40      1      2      -1   B  QuietGame     3.21       68     0     B
55       176    136    32    32     176       0     33      1      6      -6   B  Reduction     3.32       68     1     A
59       190    150    30    30     150      40     40      5      1       0   B  QuietGame     3.18       68     1     A
61       151    111    34    34     111      40     40      5      2       0   B  QuietGame     3.37       68     1     A
63       120     80    19    19      80      40     40      1      1      -1   B  QuietGame     3.19       68     1     A
58       241    201    34    34     201      40     40      0      2       2   A  QuietGame     3.16       68     0     A
60       235    195    35    35     195      40     40      0      2       1   B  QuietGame     3.22       68     0     B
64       163    123    31    31     123      40     40      0      2       1   B  QuietGame     3.22       67     0     B
62       185    145    29    29     145      40     40      1      2      -1   B  QuietGame     3.26       68     0     B
65       172    132    33    35     172       0     25      1      3      -3   B  Reduction     3.24       67     1     A
67       180    140    30    31     140      40     40      0      3       1   B  QuietGame     3.16       68     1     A
66       187    147    33    34     147      40     40      0      3       2   A  QuietGame     3.40       68     0     A
71       122     82    31    32     122       0     11      1      6      -6   B  Reduction     3.16       68     1     A
69       192    152    30    32     152      40     40      5      2      -2   B  QuietGame     3.28       68     1     A
68       204    164    33    33     164      40     40      1      3      -3   B  QuietGame     3.24       68     0     B
72       176    136    30    32     136      40     40      0      5       4   A  QuietGame     3.31       67     0     A
73       180    140    34    34     140      40     40      3      2      -2   B  QuietGame     3.19       67     1     A
75       136     96    28    29      96      40     40      0      4       3   A  QuietGame     3.19       68     1     B
70       270    230    32    32     230      40     40      4      2       0   B  QuietGame     3.28       68     0     B
74       198    158    33    34     198       0     34      3      4      -4   B  Reduction     3.25       68     0     B
76       183    143    33    33     143      40     40      2      2       1   B  QuietGame     3.16       68     0     B
77       229    189    30    30     189      40     40      0      6       6   A  QuietGame     3.25       68     1     B
78       228    188    35    36     188      40     40      2      2       0   B  QuietGame     3.18       68     0     B
79       210    170    34    34     170      40     40      3      2      -2   B  QuietGame     3.15       68     1     A

games                80
mean plies           178.7   (movement 138.7)
mean captures        30.0
mean removals        30.7
mean dead tail       26.5   plies after the last capture or removal
mean longest quiet   34.9
mean lead changes    1.3   (43 of 80 games had any)
mean peak margin     3.7
mean final margin    3.1   (absolute)
ended by quiet game  53  (66%)
ended by reduction   27  (34%)
ended by immobilize  0  (0%)
won by A / B         37 / 43
mean depth           3.22   (over 5422 searched opening plies)
wall clock           873.224 s

weight-set A wins    43 / 80  (53.8%)   [as P0: 20/40, as P1: 23/40]
weight-set B wins    37 / 80
quiet-game share     A-wins 67.4%   B-wins 64.9%   all 66.2%
95% threshold        wins >= 48 of 80 (one-sided): neither side significant
csv line appended to doc\bench\sweeps\2026-08-24\coarse.csv
drop  spearheadPairs x2 -> 0.3 = 53.8% wins, quiet 66.25%
>> ./cmake-build-release/latrunculi_game/latrunculi_bench.exe pairs=40 ms=500 seed=777001 threads=8 rows=8 columns=10 perside=20 csv=doc\bench\sweeps\2026-08-24\coarse.csv wA.threat=0.25 wA.pair=0.02 wA.mobility=0.02 wA.centre=0.05 wA.vulnerableAxes=-0.03 wA.oneMoveCapturable=-0.9 wA.spearheadPairs=0.6 wA.diagonalSupport=0.06 wA.deniedSquares=0.04 wA.strikers=0.05 wA.notchExposure=-0.12 wB.threat=0.25 wB.pair=0.02 wB.mobility=0.02 wB.centre=0.05 wB.vulnerableAxes=-0.03 wB.oneMoveCapturable=-0.9 wB.spearheadPairs=0.15 wB.diagonalSupport=0.06 wB.deniedSquares=0.04 wB.strikers=0.05 wB.notchExposure=-0.12
Latrunculi bench: 40 mirrored A-vs-B pairs (80 games), 8x10, 20 per side, slide, convex payoff, komi 1.5, policy placement, 500 ms per searched ply, 8 threads
base seed: 777001  (pair p uses seed base+p; even game index = set A as P0)
XML: not saved   memory tracking level: 0

game   plies  moveP  capt  remv lastAct    tail  quiet   lead   peak  margin win  reason    depth    srchd  AasP  wSet
7        104     64    14    16      64      40     40      0      2       0   B  QuietGame     3.19       68     1     A
2        152    112    26    27     112      40     40      0      6       5   A  QuietGame     3.18       67     0     A
4        171    131    28    29     171       0     23      0      9       9   A  Reduction     3.22       68     0     A
1        176    136    29    30     136      40     40      0      3       2   A  QuietGame     3.19       68     1     B
5        184    144    35    36     184       0     17      5      2      -2   B  Reduction     3.12       68     1     A
0        206    166    34    35     166      40     40      0      3       1   B  QuietGame     3.24       68     0     B
3        210    170    32    33     170      40     40      3      3      -3   B  QuietGame     3.16       67     1     A
6        218    178    30    31     178      40     40      1      5      -5   B  QuietGame     3.12       68     0     B
8        191    151    30    31     151      40     40      0      2       1   B  QuietGame     3.25       68     0     B
14       106     66    10    10      66      40     40      1      2      -2   B  QuietGame     3.18       68     0     B
11       171    131    32    32     131      40     40      0      4       4   A  QuietGame     3.30       67     1     B
10       182    142    28    30     142      40     40      0      3       2   A  QuietGame     3.27       67     0     A
9        214    174    33    34     174      40     40      4      2       0   B  QuietGame     3.16       68     1     A
13       178    138    34    35     178       0     29      1      3      -3   B  Reduction     3.25       68     1     A
15       178    138    29    30     138      40     40      0      7       6   A  QuietGame     3.22       68     1     B
12       236    196    34    34     196      40     40      0      3       2   A  QuietGame     3.19       68     0     A
16       185    145    29    30     145      40     40      0      6       6   A  QuietGame     3.24       68     0     A
21       111     71    11    11      71      40     40      2      1       1   B  QuietGame     3.24       67     1     A
18       175    135    35    35     175       0     25      6      3       3   A  Reduction     3.35       68     0     A
17       207    167    28    29     167      40     40      4      2       1   B  QuietGame     3.26       68     1     A
20       181    141    36    36     141      40     40      1      1       0   B  QuietGame     3.21       67     0     B
19       205    165    35    36     165      40     40      9      2       0   B  QuietGame     3.16       68     1     A
23       149    109    32    34     149       0     26      2      4       4   A  Reduction     3.19       68     1     B
22       218    178    33    33     178      40     40      0      3       1   B  QuietGame     3.07       68     0     B
25       140    100    24    26     100      40     40      1      3      -2   B  QuietGame     3.21       68     1     A
28        89     49     5     5      49      40     40      0      1       1   B  QuietGame     2.94       68     0     B
24       165    125    34    35     165       0     24      0      3       3   A  Reduction     3.19       68     0     A
27       139     99    33    34     139       0     13      0      4       4   A  Reduction     3.18       68     1     B
29       145    105    32    33     145       0     17      2      5       5   A  Reduction     3.24       68     1     B
30       149    109    29    31     109      40     40      0      5       5   A  QuietGame     3.28       67     0     A
26       216    176    32    33     176      40     40      0      3       1   B  QuietGame     3.26       68     0     B
34       130     90    22    24      90      40     40      2      2       0   B  QuietGame     3.27       67     0     B
31       161    121    24    25     121      40     40      0      4       3   A  QuietGame     3.28       67     1     B
36       102     62    15    15      62      40     40      0      4       3   A  QuietGame     3.06       68     0     A
35       178    138    35    35     178       0     34      1      3      -3   B  Reduction     3.27       67     1     A
33       213    173    34    34     173      40     40      3      2       0   B  QuietGame     3.18       68     1     A
32       217    177    27    30     177      40     40      0      4       4   A  QuietGame     3.26       68     0     A
38       163    123    34    34     123      40     40      3      2       0   B  QuietGame     3.25       68     0     B
40       132     92    22    22      92      40     40      0      3       2   A  QuietGame     3.30       67     0     A
37       213    173    33    34     173      40     40      2      2       2   A  QuietGame     3.26       68     1     B
39       194    154    33    33     194       0     33      1      5      -5   B  Reduction     3.26       68     1     A
41       195    155    34    34     155      40     40      1      3      -2   B  QuietGame     3.31       67     1     A
45       105     65    13    14      65      40     40      0      2       2   A  QuietGame     3.12       68     1     B
44       179    139    32    33     139      40     40      2      3       3   A  QuietGame     3.28       68     0     A
47       121     81    19    20      81      40     40      1      3      -2   B  QuietGame     3.16       68     1     A
43       212    172    32    33     172      40     40      4      2       1   B  QuietGame     3.15       67     1     A
46       163    123    31    32     123      40     40      0      4       4   A  QuietGame     3.26       68     0     A
42       255    215    32    32     215      40     40      3      2       0   B  QuietGame     3.30       67     0     B
49       117     77    15    15      77      40     40      2      3       3   A  QuietGame     3.29       68     1     B
50       179    139    35    35     139      40     40      1      2      -1   B  QuietGame     3.24       68     0     B
48       220    180    35    35     220       0     30      1      3      -3   B  Reduction     3.28       68     0     B
53       128     88    19    19      88      40     40      0      2       1   B  QuietGame     3.28       68     1     A
51       165    125    30    30     125      40     40      3      2       0   B  QuietGame     3.31       68     1     A
52       195    155    34    35     195       0     22      0      4       3   A  Reduction     3.29       68     0     A
55       177    137    36    36     137      40     40      5      1       0   B  QuietGame     3.26       68     1     A
56       176    136    35    35     176       0     27      1      3      -3   B  Reduction     3.25       68     0     B
54       236    196    35    35     196      40     40      0      2       1   B  QuietGame     3.31       68     0     B
60       140    100    24    27     100      40     40      1      7      -7   B  QuietGame     3.03       68     0     B
61       103     63    12    12      63      40     40      0      2       2   A  QuietGame     3.12       68     1     B
57       164    124    27    29     124      40     40      0      8       7   A  QuietGame     3.29       68     1     B
58       171    131    29    31     171       0     19      0      7       7   A  Reduction     3.35       68     0     A
59       203    163    29    29     163      40     40      2      2       1   B  QuietGame     3.09       68     1     A
62       130     90    13    14      90      40     40      0      3       2   A  QuietGame     3.07       68     0     A
66       125     85    26    28     125       0     27      0     10      10   A  Reduction     3.22       68     0     A
64       171    131    28    28     131      40     40      5      2       0   B  QuietGame     3.33       67     0     B
65       160    120    33    34     160       0     27      3      4      -4   B  Reduction     3.19       67     1     A
70        97     57    10    10      57      40     40      0      2       2   A  QuietGame     3.06       68     0     A
63       207    167    28    31     207       0     33      0      7       7   A  Reduction     3.22       68     1     B
68       184    144    35    35     184       0     26      1      3      -3   B  Reduction     3.25       68     0     B
75       104     64    15    15      64      40     40      1      1      -1   B  QuietGame     3.15       68     1     A
67       245    205    32    32     205      40     40      0      4       4   A  QuietGame     3.10       68     1     B
69       220    180    35    35     180      40     40      4      2       1   B  QuietGame     3.24       68     1     A
71       159    119    31    31     119      40     40      0      5       5   A  QuietGame     3.22       68     1     B
73       150    110    33    33     150       0     17      1      5      -5   B  Reduction     3.24       67     1     A
74       169    129    31    32     129      40     40      0      4       4   A  QuietGame     3.41       68     0     A
72       224    184    32    33     184      40     40      2      3       1   B  QuietGame     3.24       67     0     B
76       232    192    35    36     232       0     30      3      2      -2   B  Reduction     3.13       68     0     B
78       186    146    33    35     146      40     40      2      2       1   B  QuietGame     3.16       68     0     B
77       205    165    32    32     165      40     40      1      4      -2   B  QuietGame     3.29       68     1     A
79       309    269    35    36     269      40     40      5      3       0   B  QuietGame     3.24       68     1     A

games                80
mean plies           174.2   (movement 134.2)
mean captures        28.4
mean removals        29.1
mean dead tail       30.0   plies after the last capture or removal
mean longest quiet   36.2
mean lead changes    1.4   (44 of 80 games had any)
mean peak margin     3.4
mean final margin    2.7   (absolute)
ended by quiet game  60  (75%)
ended by reduction   20  (25%)
ended by immobilize  0  (0%)
won by A / B         34 / 46
mean depth           3.22   (over 5422 searched opening plies)
wall clock           895.242 s

weight-set A wins    44 / 80  (55.0%)   [as P0: 19/40, as P1: 25/40]
weight-set B wins    36 / 80
quiet-game share     A-wins 72.7%   B-wins 77.8%   all 75.0%
95% threshold        wins >= 48 of 80 (one-sided): neither side significant
csv line appended to doc\bench\sweeps\2026-08-24\coarse.csv
KEEP  spearheadPairs x4 -> 0.6 = 55.0% wins, quiet 75%
>> ./cmake-build-release/latrunculi_game/latrunculi_bench.exe pairs=40 ms=500 seed=777001 threads=8 rows=8 columns=10 perside=20 csv=doc\bench\sweeps\2026-08-24\coarse.csv wA.threat=0.25 wA.pair=0.02 wA.mobility=0.02 wA.centre=0.05 wA.vulnerableAxes=-0.03 wA.oneMoveCapturable=-0.9 wA.spearheadPairs=0.15 wA.diagonalSupport=0.015 wA.deniedSquares=0.04 wA.strikers=0.05 wA.notchExposure=-0.12 wB.threat=0.25 wB.pair=0.02 wB.mobility=0.02 wB.centre=0.05 wB.vulnerableAxes=-0.03 wB.oneMoveCapturable=-0.9 wB.spearheadPairs=0.15 wB.diagonalSupport=0.06 wB.deniedSquares=0.04 wB.strikers=0.05 wB.notchExposure=-0.12
Latrunculi bench: 40 mirrored A-vs-B pairs (80 games), 8x10, 20 per side, slide, convex payoff, komi 1.5, policy placement, 500 ms per searched ply, 8 threads
base seed: 777001  (pair p uses seed base+p; even game index = set A as P0)
XML: not saved   memory tracking level: 0

game   plies  moveP  capt  remv lastAct    tail  quiet   lead   peak  margin win  reason    depth    srchd  AasP  wSet
7        113     73    11    11      73      40     40      0      5       5   A  QuietGame     3.07       68     1     B
4        147    107    32    32     107      40     40      0      3       2   A  QuietGame     3.21       68     0     A
0        148    108    28    29     108      40     40      1      3      -3   B  QuietGame     3.16       68     0     B
6        168    128    34    34     128      40     40      0      3       0   B  QuietGame     3.24       68     0     B
2        189    149    25    26     149      40     40      0     10      10   A  QuietGame     3.24       67     0     A
1        189    149    32    32     149      40     40      3      2       0   B  QuietGame     3.28       68     1     A
3        197    157    34    35     157      40     40      7      2      -1   B  QuietGame     3.15       67     1     A
8        106     66    15    15      66      40     40      3      1      -1   B  QuietGame     3.18       68     0     B
5        221    181    34    34     181      40     40      0      3       2   A  QuietGame     3.22       68     1     B
9        164    124    34    34     124      40     40      3      2      -2   B  QuietGame     3.19       68     1     A
10       191    151    26    27     191       0     23      0     11      11   A  Reduction     2.97       67     0     A
11       175    135    28    30     135      40     40      4      4       4   A  QuietGame     3.22       67     1     B
15       137     97    17    17      97      40     40      0      3       3   A  QuietGame     3.18       68     1     B
12       185    145    33    35     145      40     40      2      2       1   B  QuietGame     3.25       68     0     B
14       205    165    35    35     165      40     40      2      2       1   B  QuietGame     3.21       68     0     B
16       199    159    36    36     159      40     40      3      1       0   B  QuietGame     3.16       68     0     B
13       246    206    31    32     206      40     40      0      5       4   A  QuietGame     2.84       68     1     B
20       188    148    33    33     148      40     40      4      2       1   B  QuietGame     3.22       67     0     B
18       193    153    34    34     153      40     40      1      2       0   B  QuietGame     3.03       68     0     B
17       223    183    31    31     183      40     40      0      5       5   A  QuietGame     3.13       68     1     B
21       166    126    31    31     126      40     40      1      5      -5   B  QuietGame     3.27       67     1     A
19       206    166    33    33     166      40     40      0      2       1   B  QuietGame     3.24       68     1     A
24       144    104    33    33     104      40     40      0      2       1   B  QuietGame     2.96       68     0     B
22       188    148    31    31     148      40     40      0      6       5   A  QuietGame     3.26       68     0     A
23       199    159    35    35     199       0     33      2      3       3   A  Reduction     3.21       68     1     B
26       108     68    17    18      68      40     40      0      2       0   B  QuietGame     2.85       68     0     B
27       118     78    17    18      78      40     40      4      2       0   B  QuietGame     3.18       68     1     A
25       145    105    32    32     145       0     19      0      6       6   A  Reduction     3.18       68     1     B
31       113     73     9    10      73      40     40      1      2       0   B  QuietGame     3.16       67     1     A
28       193    153    32    34     153      40     40      3      2       0   B  QuietGame     3.15       68     0     B
29       211    171    32    32     171      40     40      0      2       2   A  QuietGame     3.18       68     1     B
30       187    147    34    35     187       0     32      4      3       3   A  Reduction     2.96       67     0     A
33       158    118    23    23     118      40     40      5      1      -1   B  QuietGame     2.91       68     1     A
32       177    137    31    33     177       0     32      0      5       5   A  Reduction     3.18       68     0     A
35       191    151    30    33     191       0     35      2      5       5   A  Reduction     3.09       67     1     B
36       173    133    31    32     133      40     40      1      3      -2   B  QuietGame     3.18       68     0     B
34       241    201    33    34     201      40     40      0      3       2   A  QuietGame     3.22       67     0     A
39       137     97    16    17      97      40     40      1      3      -1   B  QuietGame     2.72       68     1     A
37       171    131    33    33     171       0     29      0      5       5   A  Reduction     3.26       68     1     B
40       121     81    12    12      81      40     40      0      4       4   A  QuietGame     2.87       67     0     A
38       174    134    34    34     174       0     39      5      4      -4   B  Reduction     3.22       68     0     B
41       181    141    34    35     181       0     26      0      3       3   A  Reduction     3.28       67     1     B
42       160    120    26    26     120      40     40      0      3       2   A  QuietGame     3.24       67     0     A
44       146    106    35    35     146       0     15      1      3      -3   B  Reduction     3.31       68     0     B
48       110     70    16    17      70      40     40      1      2      -1   B  QuietGame     3.09       68     0     B
43       217    177    28    30     177      40     40      2      6       6   A  QuietGame     3.12       67     1     B
46       191    151    31    31     191       0     32      0      7       7   A  Reduction     3.28       68     0     A
47       189    149    31    34     149      40     40      7      2       0   B  QuietGame     2.88       68     1     A
45       196    156    35    35     156      40     40      3      2      -1   B  QuietGame     3.00       68     1     A
49       198    158    29    30     158      40     40      1      7       6   A  QuietGame     3.26       68     1     B
50       164    124    27    29     124      40     40      0      6       5   A  QuietGame     3.19       68     0     A
55        95     55    11    11      55      40     40      0      1       1   B  QuietGame     2.54       68     1     A
54       109     69    14    15      69      40     40      1      2      -1   B  QuietGame     3.12       68     0     B
52       181    141    33    34     181       0     28      0      5       4   A  Reduction     3.28       68     0     A
51       231    191    31    31     191      40     40      0      3       3   A  QuietGame     3.22       68     1     B
56       183    143    32    33     183       0     31      0      5       5   A  Reduction     2.91       68     0     A
59       139     99    34    34     139       0     16      0      4       4   A  Reduction     2.88       68     1     B
58       151    111    33    34     151       0     17      4      4       4   A  Reduction     3.16       68     0     A
53       254    214    30    30     214      40     40      1      6      -6   B  QuietGame     3.18       68     1     A
57       175    135    33    34     175       0     21      2      4       4   A  Reduction     3.21       68     1     B
61       162    122    35    35     162       0     20      1      3      -3   B  Reduction     3.26       68     1     A
64       106     66    14    16      66      40     40      1      2      -2   B  QuietGame     2.85       67     0     B
60       235    195    35    35     195      40     40      0      2       1   B  QuietGame     3.25       68     0     B
63       162    122    31    31     122      40     40      2      2       1   B  QuietGame     3.09       68     1     A
65       147    107    32    33     147       0     15      0      5       5   A  Reduction     3.15       67     1     B
62       208    168    33    35     208       0     36      1      3      -3   B  Reduction     3.15       68     0     B
71        98     58     7     9      58      40     40      1      2      -1   B  QuietGame     2.65       68     1     A
67       193    153    33    35     153      40     40      4      2       1   B  QuietGame     3.21       68     1     A
66       208    168    31    32     168      40     40      0      3       2   A  QuietGame     3.16       68     0     A
68       190    150    32    35     150      40     40      0      2       1   B  QuietGame     3.21       68     0     B
69       169    129    35    36     169       0     27      4      2       2   A  Reduction     2.94       68     1     B
70       208    168    33    33     168      40     40      0      4       3   A  QuietGame     3.26       68     0     A
75       109     69    28    29     109       0     14      0      9       9   A  Reduction     3.18       68     1     B
73       175    135    32    33     135      40     40      0      3       3   A  QuietGame     3.31       67     1     B
72       196    156    33    34     156      40     40      0      3       2   A  QuietGame     3.18       67     0     A
74       175    135    31    31     135      40     40      0      3       1   B  QuietGame     2.90       68     0     B
76       157    117    26    27     157       0     21      0     11      11   A  Reduction     3.29       68     0     A
78       137     97    30    30      97      40     40      7      1       0   B  QuietGame     2.96       68     0     B
77       156    116    32    32     116      40     40      2      3       2   A  QuietGame     3.31       68     1     B
79       187    147    29    30     147      40     40      0      6       6   A  QuietGame     3.24       68     1     B

games                80
mean plies           171.9   (movement 131.9)
mean captures        28.7
mean removals        29.4
mean dead tail       29.0   plies after the last capture or removal
mean longest quiet   36.0
mean lead changes    1.4   (41 of 80 games had any)
mean peak margin     3.6
mean final margin    3.0   (absolute)
ended by quiet game  58  (72%)
ended by reduction   22  (28%)
ended by immobilize  0  (0%)
won by A / B         41 / 39
mean depth           3.13   (over 5422 searched opening plies)
wall clock           852.392 s

weight-set A wins    35 / 80  (43.8%)   [as P0: 18/40, as P1: 17/40]
weight-set B wins    45 / 80
quiet-game share     A-wins 74.3%   B-wins 71.1%   all 72.5%
95% threshold        wins >= 48 of 80 (one-sided): neither side significant
csv line appended to doc\bench\sweeps\2026-08-24\coarse.csv
drop  diagonalSupport x0.25 -> 0.015 = 43.8% wins, quiet 72.5%
>> ./cmake-build-release/latrunculi_game/latrunculi_bench.exe pairs=40 ms=500 seed=777001 threads=8 rows=8 columns=10 perside=20 csv=doc\bench\sweeps\2026-08-24\coarse.csv wA.threat=0.25 wA.pair=0.02 wA.mobility=0.02 wA.centre=0.05 wA.vulnerableAxes=-0.03 wA.oneMoveCapturable=-0.9 wA.spearheadPairs=0.15 wA.diagonalSupport=0.03 wA.deniedSquares=0.04 wA.strikers=0.05 wA.notchExposure=-0.12 wB.threat=0.25 wB.pair=0.02 wB.mobility=0.02 wB.centre=0.05 wB.vulnerableAxes=-0.03 wB.oneMoveCapturable=-0.9 wB.spearheadPairs=0.15 wB.diagonalSupport=0.06 wB.deniedSquares=0.04 wB.strikers=0.05 wB.notchExposure=-0.12
Latrunculi bench: 40 mirrored A-vs-B pairs (80 games), 8x10, 20 per side, slide, convex payoff, komi 1.5, policy placement, 500 ms per searched ply, 8 threads
base seed: 777001  (pair p uses seed base+p; even game index = set A as P0)
XML: not saved   memory tracking level: 0

game   plies  moveP  capt  remv lastAct    tail  quiet   lead   peak  margin win  reason    depth    srchd  AasP  wSet
5        159    119    32    33     159       0     23      0      5       5   A  Reduction     3.28       68     1     B
7        175    135    32    33     135      40     40      2      3       3   A  QuietGame     3.25       68     1     B
2        197    157    30    31     157      40     40      0      3       3   A  QuietGame     3.33       67     0     A
6        199    159    33    33     159      40     40      6      2       1   B  QuietGame     3.28       68     0     B
1        201    161    36    36     161      40     40      1      1       0   B  QuietGame     3.25       68     1     A
0        201    161    33    33     161      40     40      2      3       3   A  QuietGame     3.37       68     0     A
3        227    187    28    28     187      40     40      0      8       8   A  QuietGame     3.15       67     1     B
4        238    198    34    34     198      40     40      0      3       2   A  QuietGame     3.12       68     0     A
8        128     88    35    35     128       0     11      1      3      -3   B  Reduction     3.26       68     0     B
13       103     63    15    15      63      40     40      1      1       1   B  QuietGame     3.18       68     1     A
9        146    106    32    32     106      40     40      0      5       4   A  QuietGame     3.19       68     1     B
10       144    104    30    32     104      40     40      3      4      -4   B  QuietGame     3.09       67     0     B
14       130     90    29    29      90      40     40      1      2      -1   B  QuietGame     3.21       68     0     B
15       125     85    16    16      85      40     40      0      2       2   A  QuietGame     3.16       68     1     B
11       185    145    35    35     185       0     22      0      3       3   A  Reduction     3.24       67     1     B
12       199    159    28    29     159      40     40      0      5       5   A  QuietGame     2.99       68     0     A
17       124     84    20    20      84      40     40      0      3       2   A  QuietGame     3.18       68     1     B
16       171    131    34    35     171       0     30      0      3       3   A  Reduction     3.16       68     0     A
18       193    153    32    34     153      40     40      3      2       0   B  QuietGame     3.15       68     0     B
23       116     76    20    20      76      40     40      0      3       2   A  QuietGame     3.24       68     1     B
19       199    159    28    29     159      40     40      0      7       7   A  QuietGame     3.13       68     1     B
21       190    150    33    33     150      40     40      1      3      -3   B  QuietGame     3.24       67     1     A
22       177    137    29    31     137      40     40      0      3       1   B  QuietGame     3.16       68     0     B
20       208    168    36    36     168      40     40      6      1       0   B  QuietGame     3.24       67     0     B
24       174    134    34    35     174       0     19      1      3      -3   B  Reduction     3.21       68     0     B
25       206    166    31    32     166      40     40      1      4      -4   B  QuietGame     3.18       68     1     A
31       109     69     9    10      69      40     40      1      2       0   B  QuietGame     3.18       67     1     A
26       170    130    34    34     130      40     40      2      2       0   B  QuietGame     3.31       68     0     B
27       168    128    26    26     128      40     40      1      6      -6   B  QuietGame     3.34       68     1     A
28       184    144    35    35     184       0     38      3      3      -3   B  Reduction     3.25       68     0     B
30       165    125    26    29     125      40     40      0      3       1   B  QuietGame     3.16       67     0     B
32       147    107    20    22     107      40     40      0      4       4   A  QuietGame     3.19       68     0     A
29       220    180    35    35     180      40     40      0      3       1   B  QuietGame     3.29       68     1     A
34       131     91    21    21      91      40     40      1      3      -1   B  QuietGame     3.31       67     0     B
37       105     65     9    10      65      40     40      2      2       2   A  QuietGame     3.07       68     1     B
36       182    142    34    35     142      40     40      3      2      -1   B  QuietGame     3.21       68     0     B
33       211    171    35    35     171      40     40      1      2      -1   B  QuietGame     3.34       68     1     A
35       215    175    31    31     175      40     40      1      4      -3   B  QuietGame     3.19       67     1     A
41       134     94    18    20      94      40     40      2      2       0   B  QuietGame     3.18       67     1     A
40       158    118    34    34     158       0     27      1      4      -4   B  Reduction     3.21       67     0     B
39       230    190    35    35     190      40     40      5      2      -1   B  QuietGame     3.22       68     1     A
38       244    204    35    35     204      40     40      0      2       1   B  QuietGame     3.16       68     0     B
42       185    145    31    32     145      40     40      0      4       4   A  QuietGame     3.25       67     0     A
43       149    109    33    33     149       0     19      0      5       5   A  Reduction     3.22       67     1     B
46       138     98    16    17      98      40     40      1      4      -3   B  QuietGame     3.01       68     0     B
48       110     70    16    17      70      40     40      1      2      -1   B  QuietGame     3.06       68     0     B
45       191    151    31    31     151      40     40      7      2      -1   B  QuietGame     3.16       68     1     A
44       248    208    34    36     248       0     36      1      2      -2   B  Reduction     3.19       68     0     B
49       186    146    29    30     146      40     40      1      2      -2   B  QuietGame     3.26       68     1     A
51       181    141    33    33     141      40     40      0      4       3   A  QuietGame     3.15       68     1     B
47       263    223    34    35     223      40     40      3      2      -1   B  QuietGame     3.04       68     1     A
50       210    170    34    34     170      40     40      0      3       2   A  QuietGame     3.19       68     0     A
52       170    130    28    30     130      40     40      0      7       6   A  QuietGame     3.25       68     0     A
53       188    148    32    32     188       0     36      1      6      -6   B  Reduction     3.21       68     1     A
54       179    139    32    35     179       0     36      0      4       3   A  Reduction     3.35       68     0     A
56       126     86    31    31     126       0     13      1      7      -7   B  Reduction     3.32       68     0     B
55       175    135    33    35     135      40     40      0      2       1   B  QuietGame     3.25       68     1     A
57       167    127    29    30     127      40     40      0      3       2   A  QuietGame     3.25       68     1     B
58       202    162    35    35     162      40     40      0      3       1   B  QuietGame     3.22       68     0     B
59       190    150    29    30     150      40     40      2      3       2   A  QuietGame     3.19       68     1     B
62       149    109    23    25     109      40     40      1      3      -1   B  QuietGame     3.16       68     0     B
63       163    123    27    29     123      40     40      1      2      -1   B  QuietGame     3.12       68     1     A
60       235    195    35    35     195      40     40      0      2       1   B  QuietGame     3.25       68     0     B
61       207    167    33    33     167      40     40      4      1       1   B  QuietGame     3.31       68     1     A
64       189    149    34    34     149      40     40      3      2       0   B  QuietGame     3.12       67     0     B
67       104     64    13    13      64      40     40      0      2       1   B  QuietGame     3.12       68     1     A
69        96     56     9     9      56      40     40      1      1      -1   B  QuietGame     2.96       68     1     A
65       191    151    30    31     151      40     40      2      2       1   B  QuietGame     3.12       67     1     A
70       123     83    14    14      83      40     40      0      4       4   A  QuietGame     3.16       68     0     A
68       190    150    32    35     150      40     40      0      2       1   B  QuietGame     3.18       68     0     B
72       161    121    31    32     121      40     40      1      2       0   B  QuietGame     3.15       67     0     B
66       241    201    33    34     241       0     34      0      4       4   A  Reduction     3.15       68     0     A
73       157    117    33    33     157       0     25      0      5       5   A  Reduction     3.22       67     1     B
75       122     82    33    33     122       0     11      1      5      -5   B  Reduction     3.24       68     1     A
71       215    175    34    34     175      40     40      1      3      -2   B  QuietGame     3.26       68     1     A
74       197    157    35    35     197       0     33      2      3       3   A  Reduction     3.28       68     0     A
79       137     97    32    33      97      40     40      0      3       3   A  QuietGame     3.34       68     1     B
77       179    139    32    35     179       0     16      0      3       3   A  Reduction     3.28       68     1     B
78       157    117    35    35     157       0     15      0      3       3   A  Reduction     3.24       68     0     A
76       223    183    31    34     183      40     40      1      3       0   B  QuietGame     3.26       68     0     B

games                80
mean plies           174.8   (movement 134.8)
mean captures        29.1
mean removals        29.9
mean dead tail       31.0   plies after the last capture or removal
mean longest quiet   36.5
mean lead changes    1.1   (45 of 80 games had any)
mean peak margin     3.1
mean final margin    2.4   (absolute)
ended by quiet game  62  (78%)
ended by reduction   18  (22%)
ended by immobilize  0  (0%)
won by A / B         31 / 49
mean depth           3.20   (over 5422 searched opening plies)
wall clock           841.601 s

weight-set A wins    37 / 80  (46.2%)   [as P0: 14/40, as P1: 23/40]
weight-set B wins    43 / 80
quiet-game share     A-wins 81.1%   B-wins 74.4%   all 77.5%
95% threshold        wins >= 48 of 80 (one-sided): neither side significant
csv line appended to doc\bench\sweeps\2026-08-24\coarse.csv
drop  diagonalSupport x0.5 -> 0.03 = 46.3% wins, quiet 77.5%
>> ./cmake-build-release/latrunculi_game/latrunculi_bench.exe pairs=40 ms=500 seed=777001 threads=8 rows=8 columns=10 perside=20 csv=doc\bench\sweeps\2026-08-24\coarse.csv wA.threat=0.25 wA.pair=0.02 wA.mobility=0.02 wA.centre=0.05 wA.vulnerableAxes=-0.03 wA.oneMoveCapturable=-0.9 wA.spearheadPairs=0.15 wA.diagonalSupport=0.12 wA.deniedSquares=0.04 wA.strikers=0.05 wA.notchExposure=-0.12 wB.threat=0.25 wB.pair=0.02 wB.mobility=0.02 wB.centre=0.05 wB.vulnerableAxes=-0.03 wB.oneMoveCapturable=-0.9 wB.spearheadPairs=0.15 wB.diagonalSupport=0.06 wB.deniedSquares=0.04 wB.strikers=0.05 wB.notchExposure=-0.12
Latrunculi bench: 40 mirrored A-vs-B pairs (80 games), 8x10, 20 per side, slide, convex payoff, komi 1.5, policy placement, 500 ms per searched ply, 8 threads
base seed: 777001  (pair p uses seed base+p; even game index = set A as P0)
XML: not saved   memory tracking level: 0

game   plies  moveP  capt  remv lastAct    tail  quiet   lead   peak  margin win  reason    depth    srchd  AasP  wSet
6        113     73    15    17      73      40     40      2      5       5   A  QuietGame     2.94       68     0     A
5        153    113    33    35     153       0     29      0      3       3   A  Reduction     3.19       68     1     B
1        162    122    26    27     122      40     40      4      2       1   B  QuietGame     3.28       68     1     A
7        163    123    31    31     123      40     40      1      2      -1   B  QuietGame     3.12       68     1     A
3        167    127    31    32     127      40     40      0      4       4   A  QuietGame     3.18       67     1     B
0        194    154    33    35     194       0     27      7      3      -3   B  Reduction     3.21       68     0     B
2        199    159    33    33     159      40     40      2      2       1   B  QuietGame     3.24       67     0     B
4        212    172    33    34     172      40     40      8      1       0   B  QuietGame     3.21       68     0     B
11       119     79    29    31     119       0     13      0      7       7   A  Reduction     3.10       67     1     B
8        185    145    34    34     185       0     26      0      4       4   A  Reduction     3.13       68     0     A
12       144    104    22    22     104      40     40      2      2       0   B  QuietGame     3.19       68     0     B
9        160    120    31    31     120      40     40      0      4       3   A  QuietGame     3.16       68     1     B
13       139     99    25    26      99      40     40      2      4       2   A  QuietGame     3.28       68     1     B
10       196    156    35    35     156      40     40      1      2      -1   B  QuietGame     3.28       67     0     B
14       163    123    31    32     163       0     33      0      6       6   A  Reduction     3.16       68     0     A
15       214    174    33    33     174      40     40      0      2       1   B  QuietGame     3.16       68     1     A
16       182    142    30    30     142      40     40      0      5       4   A  QuietGame     3.24       68     0     A
18       165    125    30    31     165       0     27      2      7       7   A  Reduction     3.29       68     0     A
17       186    146    35    35     186       0     33      3      3      -3   B  Reduction     3.41       68     1     A
20       203    163    27    28     163      40     40      1      2       0   B  QuietGame     2.96       67     0     B
23       116     76    20    20      76      40     40      0      3       2   A  QuietGame     3.21       68     1     B
19       234    194    28    28     194      40     40      0      7       6   A  QuietGame     3.19       68     1     B
22       195    155    34    34     155      40     40      1      3      -2   B  QuietGame     3.31       68     0     B
21       228    188    29    29     188      40     40      3      3      -3   B  QuietGame     3.28       67     1     A
24       145    105    30    30     105      40     40      0      4       4   A  QuietGame     3.16       68     0     A
25       162    122    33    33     122      40     40      1      3      -3   B  QuietGame     3.19       68     1     A
30        98     58    11    13      58      40     40      0      2       1   B  QuietGame     3.00       67     0     B
26       173    133    35    35     173       0     35      0      3       3   A  Reduction     3.31       68     0     A
27       190    150    35    35     150      40     40      5      3      -1   B  QuietGame     3.29       68     1     A
28       188    148    32    33     148      40     40      3      3      -3   B  QuietGame     3.16       68     0     B
29       205    165    32    32     165      40     40      2      3       2   A  QuietGame     3.29       68     1     B
32       170    130    31    31     130      40     40      0      4       3   A  QuietGame     3.22       68     0     A
33       159    119    19    19     119      40     40      2      2       1   B  QuietGame     3.29       68     1     A
31       210    170    32    34     170      40     40      0      4       2   A  QuietGame     3.09       67     1     B
34       161    121    26    28     121      40     40      3      7      -6   B  QuietGame     3.18       67     0     B
37        91     51     8     8      51      40     40      1      1       0   B  QuietGame     3.07       68     1     A
35       174    134    32    32     134      40     40      1      2      -2   B  QuietGame     3.27       67     1     A
36       149    109    34    36     149       0     25      4      2       2   A  Reduction     3.32       68     0     A
42       104     64    12    13      64      40     40      2      2       1   B  QuietGame     3.18       67     0     B
39       171    131    28    30     131      40     40      6      2       2   A  QuietGame     3.16       68     1     B
38       196    156    32    34     156      40     40      0      3       2   A  QuietGame     3.22       68     0     A
43       143    103    26    28     103      40     40      0      8       8   A  QuietGame     3.07       67     1     B
41       173    133    19    19     133      40     40      6      1       1   B  QuietGame     3.18       67     1     A
44       160    120    34    34     120      40     40      4      3       2   A  QuietGame     3.24       68     0     A
40       214    174    30    31     174      40     40      0      2       1   B  QuietGame     3.21       67     0     B
45       140    100    31    32     100      40     40      2      1       0   B  QuietGame     3.24       68     1     A
46       172    132    34    34     132      40     40      5      2      -2   B  QuietGame     3.21       68     0     B
50       120     80    18    18      80      40     40      0      1       0   B  QuietGame     3.28       68     0     B
47       149    109    29    30     109      40     40      0      6       6   A  QuietGame     3.21       68     1     B
51       128     88    20    23      88      40     40      0      3       1   B  QuietGame     3.06       68     1     A
48       183    143    35    36     183       0     30      2      2       2   A  Reduction     3.19       68     0     A
49       185    145    27    29     145      40     40      0      4       3   A  QuietGame     3.21       68     1     B
53       167    127    30    31     127      40     40      0      5       5   A  QuietGame     3.16       68     1     B
56       151    111    29    30     111      40     40      7      1       0   B  QuietGame     3.12       68     0     B
52       266    226    35    35     226      40     40      1      2      -1   B  QuietGame     3.22       68     0     B
54       205    165    33    34     165      40     40      3      2       0   B  QuietGame     3.18       68     0     B
57       190    150    32    33     190       0     29      1      5      -5   B  Reduction     3.06       68     1     A
60       140    100    26    26     100      40     40      5      3      -2   B  QuietGame     3.19       68     0     B
55       229    189    33    34     189      40     40      1      2       0   B  QuietGame     3.16       68     1     A
58       192    152    30    31     152      40     40      0      6       5   A  QuietGame     3.09       68     0     A
59       193    153    33    33     153      40     40      1      2      -1   B  QuietGame     3.09       68     1     A
64       103     63    11    12      63      40     40      3      2       0   B  QuietGame     3.16       67     0     B
63       146    106    35    35     146       0     16      1      3      -3   B  Reduction     3.29       68     1     A
61       200    160    30    31     160      40     40      0      2       1   B  QuietGame     3.18       68     1     A
62       207    167    32    34     167      40     40      2      2       2   A  QuietGame     3.12       68     0     A
71        96     56     8     8      56      40     40      0      1       0   B  QuietGame     2.97       68     1     A
66       210    170    35    35     170      40     40      4      2       1   B  QuietGame     3.18       68     0     B
65       231    191    33    34     191      40     40      2      2       2   A  QuietGame     3.25       67     1     B
69       157    117    36    36     157       0     28      2      2       2   A  Reduction     3.29       68     1     B
68       210    170    32    33     170      40     40      5      3      -3   B  QuietGame     3.26       68     0     B
67       229    189    33    33     189      40     40      1      2      -1   B  QuietGame     3.29       68     1     A
70       141    101    22    23     101      40     40      0      7       7   A  QuietGame     3.24       68     0     A
73       102     62     9     9      62      40     40      0      2       1   B  QuietGame     3.06       67     1     A
79       101     61     9     9      61      40     40      0      3       3   A  QuietGame     2.97       68     1     B
72       187    147    33    33     147      40     40      0      2       1   B  QuietGame     3.24       67     0     B
74       160    120    32    32     120      40     40      1      4      -4   B  QuietGame     3.16       68     0     B
76       169    129    34    34     169       0     34      2      4       4   A  Reduction     3.31       68     0     A
75       185    145    33    34     145      40     40      0      2       2   A  QuietGame     3.13       68     1     B
77       193    153    25    26     153      40     40      1      7      -6   B  QuietGame     3.22       68     1     A
78       242    202    35    35     202      40     40      2      2       1   B  QuietGame     3.13       68     0     B

games                80
mean plies           171.3   (movement 131.3)
mean captures        28.4
mean removals        29.1
mean dead tail       33.0   plies after the last capture or removal
mean longest quiet   37.8
mean lead changes    1.7   (49 of 80 games had any)
mean peak margin     3.1
mean final margin    2.5   (absolute)
ended by quiet game  66  (82%)
ended by reduction   14  (18%)
ended by immobilize  0  (0%)
won by A / B         34 / 46
mean depth           3.19   (over 5422 searched opening plies)
wall clock           838.289 s

weight-set A wins    38 / 80  (47.5%)   [as P0: 16/40, as P1: 22/40]
weight-set B wins    42 / 80
quiet-game share     A-wins 73.7%   B-wins 90.5%   all 82.5%
95% threshold        wins >= 48 of 80 (one-sided): neither side significant
csv line appended to doc\bench\sweeps\2026-08-24\coarse.csv
drop  diagonalSupport x2 -> 0.12 = 47.5% wins, quiet 82.5%
>> ./cmake-build-release/latrunculi_game/latrunculi_bench.exe pairs=40 ms=500 seed=777001 threads=8 rows=8 columns=10 perside=20 csv=doc\bench\sweeps\2026-08-24\coarse.csv wA.threat=0.25 wA.pair=0.02 wA.mobility=0.02 wA.centre=0.05 wA.vulnerableAxes=-0.03 wA.oneMoveCapturable=-0.9 wA.spearheadPairs=0.15 wA.diagonalSupport=0.24 wA.deniedSquares=0.04 wA.strikers=0.05 wA.notchExposure=-0.12 wB.threat=0.25 wB.pair=0.02 wB.mobility=0.02 wB.centre=0.05 wB.vulnerableAxes=-0.03 wB.oneMoveCapturable=-0.9 wB.spearheadPairs=0.15 wB.diagonalSupport=0.06 wB.deniedSquares=0.04 wB.strikers=0.05 wB.notchExposure=-0.12
Latrunculi bench: 40 mirrored A-vs-B pairs (80 games), 8x10, 20 per side, slide, convex payoff, komi 1.5, policy placement, 500 ms per searched ply, 8 threads
base seed: 777001  (pair p uses seed base+p; even game index = set A as P0)
XML: not saved   memory tracking level: 0

game   plies  moveP  capt  remv lastAct    tail  quiet   lead   peak  margin win  reason    depth    srchd  AasP  wSet
1        115     75    16    16      75      40     40      0      4       4   A  QuietGame     3.18       68     1     B
5        120     80    17    18      80      40     40      2      4      -4   B  QuietGame     3.24       68     1     A
0        124     84    33    33     124       0     11      1      5      -5   B  Reduction     3.31       68     0     B
7        131     91    24    25      91      40     40      2      3       3   A  QuietGame     3.28       68     1     B
3        142    102    29    30     102      40     40      0      2       0   B  QuietGame     3.34       67     1     A
2        188    148    31    32     148      40     40      2      2       0   B  QuietGame     3.04       67     0     B
4        193    153    34    35     193       0     26      2      3       3   A  Reduction     3.32       68     0     A
6        204    164    36    36     164      40     40      2      2       0   B  QuietGame     3.07       68     0     B
11       146    106    22    23     106      40     40      3      2      -1   B  QuietGame     3.15       67     1     A
9        161    121    27    29     121      40     40      0      7       7   A  QuietGame     3.09       68     1     B
10       170    130    27    28     130      40     40      0      2       0   B  QuietGame     3.19       67     0     B
8        212    172    32    32     172      40     40      0      5       4   A  QuietGame     3.18       68     0     A
14       152    112    34    34     152       0     24      1      4      -4   B  Reduction     3.16       68     0     B
12       212    172    31    31     172      40     40      3      2      -1   B  QuietGame     2.91       68     0     B
13       212    172    34    35     212       0     37      3      3      -3   B  Reduction     3.19       68     1     A
15       216    176    27    28     176      40     40      0      9       8   A  QuietGame     3.04       68     1     B
16       177    137    26    26     137      40     40      0      8       8   A  QuietGame     3.19       68     0     A
19       137     97    30    31     137       0     19      0      7       7   A  Reduction     3.21       68     1     B
17       193    153    34    36     193       0     22      4      2       2   A  Reduction     3.26       68     1     B
18       183    143    28    29     143      40     40      0      7       7   A  QuietGame     3.19       68     0     A
21       135     95    27    27      95      40     40      0      2       1   B  QuietGame     2.93       67     1     A
22       139     99    15    17      99      40     40      0      3       3   A  QuietGame     2.96       68     0     A
24       100     60    13    15      60      40     40      0      3       1   B  QuietGame     3.07       68     0     B
23       158    118    32    32     118      40     40      0      5       4   A  QuietGame     3.28       68     1     B
20       237    197    32    32     197      40     40      2      4       4   A  QuietGame     3.21       67     0     A
26       155    115    31    32     115      40     40      0      4       4   A  QuietGame     3.16       68     0     A
25       190    150    33    33     150      40     40      5      4       3   A  QuietGame     3.18       68     1     B
27       206    166    34    34     166      40     40      0      3       2   A  QuietGame     3.34       68     1     B
28       203    163    32    33     163      40     40      4      2       1   B  QuietGame     3.00       68     0     B
29       161    121    34    34     161       0     24      0      4       4   A  Reduction     3.21       68     1     B
30       163    123    29    30     123      40     40      0      6       6   A  QuietGame     3.28       67     0     A
32       153    113    27    29     153       0     33      0      9       9   A  Reduction     3.07       68     0     A
31       187    147    31    32     147      40     40      0      3       2   A  QuietGame     3.25       67     1     B
33       210    170    35    35     210       0     21      1      3      -3   B  Reduction     3.37       68     1     A
36       161    121    31    32     121      40     40      1      3      -2   B  QuietGame     3.00       68     0     B
34       213    173    32    33     173      40     40      3      4      -3   B  QuietGame     3.22       67     0     B
35       186    146    32    32     146      40     40      1      4      -4   B  QuietGame     3.28       67     1     A
37       202    162    33    34     162      40     40      1      2      -2   B  QuietGame     3.15       68     1     A
38       204    164    33    34     164      40     40      0      3       2   A  QuietGame     3.12       68     0     A
39       183    143    35    35     183       0     33      0      4       3   A  Reduction     3.28       68     1     B
40       164    124    30    30     124      40     40      1      2       0   B  QuietGame     3.22       67     0     B
42       112     72    20    21      72      40     40      0      2       1   B  QuietGame     2.87       67     0     B
41       143    103    35    35     143       0     20      2      3       3   A  Reduction     3.19       67     1     B
44       149    109    29    29     109      40     40      1      4      -3   B  QuietGame     3.15       68     0     B
43       166    126    35    35     126      40     40      1      2      -1   B  QuietGame     3.13       67     1     A
47       158    118    29    30     118      40     40      0      5       4   A  QuietGame     3.13       68     1     B
48       161    121    31    32     121      40     40      0      5       4   A  QuietGame     3.26       68     0     A
45       196    156    33    33     156      40     40      1      3      -3   B  QuietGame     3.24       68     1     A
50       131     91    26    27      91      40     40      0      5       5   A  QuietGame     3.37       68     0     A
46       192    152    33    33     152      40     40      2      4       3   A  QuietGame     3.19       68     0     A
51       113     73    13    16      73      40     40      4      2       2   A  QuietGame     3.04       68     1     B
52       134     94    29    29      94      40     40      0      4       3   A  QuietGame     3.25       68     0     A
49       213    173    33    35     173      40     40      3      2      -1   B  QuietGame     2.90       68     1     A
58        94     54     7     9      54      40     40      1      2      -1   B  QuietGame     3.04       68     0     B
55       115     75    28    30     115       0     10      0      8       8   A  Reduction     3.21       68     1     B
53       152    112    26    27     112      40     40      0      8       7   A  QuietGame     3.28       68     1     B
57       151    111    27    28     111      40     40      0      6       6   A  QuietGame     3.16       68     1     B
56       162    122    32    32     122      40     40      4      1       0   B  QuietGame     3.31       68     0     B
59       121     81    16    16      81      40     40      0      2       2   A  QuietGame     3.12       68     1     B
54       189    149    34    34     149      40     40      1      3      -2   B  QuietGame     3.26       68     0     B
60       147    107    33    34     147       0     27      2      4       4   A  Reduction     2.87       68     0     A
63       117     77    32    34     117       0     10      0      4       4   A  Reduction     3.18       68     1     B
65       114     74    34    35     114       0      7      1      3      -3   B  Reduction     3.33       67     1     A
64       127     87    31    32     127       0     14      0      6       6   A  Reduction     3.16       67     0     A
62       176    136    33    33     176       0     23      1      5      -5   B  Reduction     3.10       68     0     B
61       197    157    32    33     157      40     40      1      2      -1   B  QuietGame     3.25       68     1     A
67       169    129    33    33     129      40     40      6      1       1   B  QuietGame     3.25       68     1     A
66       202    162    33    34     202       0     38      3      4      -4   B  Reduction     3.15       68     0     B
70       124     84    22    23      84      40     40      1      2      -1   B  QuietGame     3.21       68     0     B
68       192    152    36    36     192       0     27      1      3      -2   B  Reduction     2.93       68     0     B
69       183    143    31    32     143      40     40      0      4       4   A  QuietGame     3.16       68     1     B
71       194    154    33    34     154      40     40      0      3       2   A  QuietGame     3.09       68     1     B
73       177    137    31    31     137      40     40      2      3       3   A  QuietGame     3.24       67     1     B
74       175    135    34    34     175       0     23      4      4       4   A  Reduction     3.13       68     0     A
72       241    201    32    34     201      40     40      3      2       0   B  QuietGame     3.22       67     0     B
78       121     81    32    34     121       0     11      0      4       4   A  Reduction     3.24       68     0     A
75       183    143    33    34     143      40     40      1      2       0   B  QuietGame     3.21       68     1     A
76       193    153    33    33     193       0     26      0      5       5   A  Reduction     3.28       68     0     A
79       151    111    32    32     151       0     34      0      6       6   A  Reduction     3.28       68     1     B
77       211    171    31    34     171      40     40      0      4       2   A  QuietGame     2.78       68     1     B

games                80
mean plies           166.8   (movement 126.8)
mean captures        29.5
mean removals        30.3
mean dead tail       28.5   plies after the last capture or removal
mean longest quiet   35.0
mean lead changes    1.1   (42 of 80 games had any)
mean peak margin     3.8
mean final margin    3.2   (absolute)
ended by quiet game  57  (71%)
ended by reduction   23  (29%)
ended by immobilize  0  (0%)
won by A / B         44 / 36
mean depth           3.17   (over 5422 searched opening plies)
wall clock           798.056 s

weight-set A wins    34 / 80  (42.5%)   [as P0: 19/40, as P1: 15/40]
weight-set B wins    46 / 80
quiet-game share     A-wins 70.6%   B-wins 71.7%   all 71.2%
95% threshold        wins >= 48 of 80 (one-sided): neither side significant
csv line appended to doc\bench\sweeps\2026-08-24\coarse.csv
drop  diagonalSupport x4 -> 0.24 = 42.5% wins, quiet 71.25%
>> ./cmake-build-release/latrunculi_game/latrunculi_bench.exe pairs=40 ms=500 seed=777001 threads=8 rows=8 columns=10 perside=20 csv=doc\bench\sweeps\2026-08-24\coarse.csv wA.threat=0.25 wA.pair=0.02 wA.mobility=0.02 wA.centre=0.05 wA.vulnerableAxes=-0.03 wA.oneMoveCapturable=-0.9 wA.spearheadPairs=0.15 wA.diagonalSupport=0.06 wA.deniedSquares=0.01 wA.strikers=0.05 wA.notchExposure=-0.12 wB.threat=0.25 wB.pair=0.02 wB.mobility=0.02 wB.centre=0.05 wB.vulnerableAxes=-0.03 wB.oneMoveCapturable=-0.9 wB.spearheadPairs=0.15 wB.diagonalSupport=0.06 wB.deniedSquares=0.04 wB.strikers=0.05 wB.notchExposure=-0.12
Latrunculi bench: 40 mirrored A-vs-B pairs (80 games), 8x10, 20 per side, slide, convex payoff, komi 1.5, policy placement, 500 ms per searched ply, 8 threads
base seed: 777001  (pair p uses seed base+p; even game index = set A as P0)
XML: not saved   memory tracking level: 0

game   plies  moveP  capt  remv lastAct    tail  quiet   lead   peak  margin win  reason    depth    srchd  AasP  wSet
0        141    101    32    32     101      40     40      1      3      -2   B  QuietGame     3.31       68     0     B
1        142    102    28    28     102      40     40      1      2      -2   B  QuietGame     3.31       68     1     A
6        152    112    32    34     152       0     11      0      4      -4   B  Reduction     3.18       68     0     B
7        154    114    26    26     114      40     40      1      5       4   A  QuietGame     3.15       68     1     B
3        171    131    31    32     131      40     40      0      4       4   A  QuietGame     3.16       67     1     B
4        171    131    27    27     131      40     40      0      5       5   A  QuietGame     3.18       68     0     A
2        188    148    29    30     148      40     40      1      6      -6   B  QuietGame     3.24       67     0     B
5        197    157    33    33     157      40     40      0      3       3   A  QuietGame     3.26       68     1     B
13        97     57    12    12      57      40     40      0      1       0   B  QuietGame     3.06       68     1     A
9        141    101    16    17     101      40     40      0      3       3   A  QuietGame     2.96       68     1     B
10       143    103    34    35     143       0     23      0      3       3   A  Reduction     3.16       67     0     A
8        160    120    28    29     120      40     40      2      2       1   B  QuietGame     3.12       68     0     B
11       169    129    28    29     129      40     40      0      3       3   A  QuietGame     3.07       67     1     B
12       157    117    27    28     117      40     40      0      6       6   A  QuietGame     3.21       68     0     A
14       162    122    33    33     162       0     22      1      5      -5   B  Reduction     3.18       68     0     B
15       167    127    30    30     127      40     40      1      3       0   B  QuietGame     3.19       68     1     A
17       100     60    16    16      60      40     40      0      2       0   B  QuietGame     3.03       68     1     A
16       159    119    30    31     119      40     40      0      3       3   A  QuietGame     3.18       68     0     A
20       144    104    34    34     144       0     23      1      4      -4   B  Reduction     3.27       67     0     B
18       173    133    32    32     173       0     36      0      6       6   A  Reduction     3.21       68     0     A
23       116     76    20    20      76      40     40      0      3       2   A  QuietGame     3.22       68     1     B
21       156    116    20    21     116      40     40      1      3      -3   B  QuietGame     3.18       67     1     A
19       193    153    32    34     153      40     40      3      2       0   B  QuietGame     3.15       68     1     A
22       171    131    30    30     131      40     40      0      4       4   A  QuietGame     3.25       68     0     A
24       177    137    33    34     137      40     40      1      3      -2   B  QuietGame     3.15       68     0     B
27       114     74    12    12      74      40     40      0      1       0   B  QuietGame     3.16       68     1     A
26       125     85    14    14      85      40     40      1      1       0   B  QuietGame     3.29       68     0     B
28       126     86    13    13      86      40     40      0      3       1   B  QuietGame     3.10       68     0     B
25       188    148    31    32     188       0     26      1      6      -6   B  Reduction     3.09       68     1     A
31        99     59    12    12      59      40     40      0      2       2   A  QuietGame     3.04       67     1     B
30       165    125    33    34     125      40     40      1      2       0   B  QuietGame     3.19       67     0     B
32       142    102    30    32     142       0     13      3      6      -6   B  Reduction     3.32       68     0     B
29       207    167    34    35     167      40     40      1      2      -1   B  QuietGame     3.09       68     1     A
34       139     99    34    34     139       0     21      0      4       4   A  Reduction     3.31       67     0     A
36       120     80    20    20      80      40     40      0      3       2   A  QuietGame     3.10       68     0     A
35       136     96    34    34     136       0      9      1      4      -4   B  Reduction     3.21       67     1     A
37       124     84    21    23      84      40     40      0      2       1   B  QuietGame     3.13       68     1     A
33       192    152    33    36     152      40     40      2      3       0   B  QuietGame     3.28       68     1     A
39       107     67    16    18      67      40     40      3      2       0   B  QuietGame     3.06       68     1     A
38       194    154    33    35     194       0     25      7      3      -3   B  Reduction     3.10       68     0     B
40       184    144    28    29     144      40     40      5      1      -1   B  QuietGame     3.25       67     0     B
44       160    120    34    34     120      40     40      4      3       2   A  QuietGame     3.22       68     0     A
41       195    155    34    34     155      40     40      3      2       0   B  QuietGame     3.28       67     1     A
43       183    143    33    33     183       0     37      0      5       5   A  Reduction     3.19       67     1     B
42       191    151    31    32     151      40     40      0      4       4   A  QuietGame     3.12       67     0     A
45       160    120    34    34     120      40     40      4      3       2   A  QuietGame     3.22       68     1     B
46       177    137    29    30     177       0     26      0      8       8   A  Reduction     3.29       68     0     A
47       183    143    32    33     183       0     25      0      5       5   A  Reduction     3.25       68     1     B
49       159    119    30    32     159       0     30      0      6       6   A  Reduction     3.09       68     1     B
52       141    101    29    31     141       0     19      0      7       7   A  Reduction     3.26       68     0     A
50       151    111    28    29     111      40     40      0      7       7   A  QuietGame     3.19       68     0     A
51       155    115    17    17     115      40     40      0      3       3   A  QuietGame     3.10       68     1     B
48       199    159    36    36     199       0     22      2      2       2   A  Reduction     3.25       68     0     A
53       167    127    29    32     127      40     40      0      4       4   A  QuietGame     3.28       68     1     B
56        90     50     6     6      50      40     40      0      1       0   B  QuietGame     3.04       68     0     B
54       165    125    33    33     165       0     35      0      5       5   A  Reduction     3.24       68     0     A
59        88     48     5     6      48      40     40      2      1       0   B  QuietGame     2.94       68     1     A
58       125     85    22    23      85      40     40      2      2       1   B  QuietGame     3.16       68     0     B
55       177    137    34    34     177       0     18      2      4       4   A  Reduction     3.15       68     1     B
57       159    119    24    25     119      40     40      2      5       5   A  QuietGame     3.32       68     1     B
61       153    113    30    30     113      40     40      2      2       2   A  QuietGame     3.13       68     1     B
64       117     77    10    11      77      40     40      0      2       1   B  QuietGame     3.01       67     0     B
63       154    114    30    32     114      40     40      2      3       2   A  QuietGame     3.15       68     1     B
65       115     75    24    24      75      40     40      0      4       4   A  QuietGame     3.42       67     1     B
62       176    136    34    36     176       0     20      3      2      -2   B  Reduction     3.13       68     0     B
60       238    198    34    34     198      40     40      2      3       2   A  QuietGame     3.24       68     0     A
66       179    139    34    35     179       0     18      0      3       3   A  Reduction     3.06       68     0     A
70       123     83    16    16      83      40     40      0      3       2   A  QuietGame     3.09       68     0     A
68       167    127    33    34     167       0     24      2      4       4   A  Reduction     3.19       68     0     A
67       192    152    33    35     152      40     40      4      2       1   B  QuietGame     3.16       68     1     A
73       156    116    31    32     116      40     40      0      5       4   A  QuietGame     3.24       67     1     B
69       217    177    33    35     177      40     40      4      1       1   B  QuietGame     3.16       68     1     A
72       175    135    31    32     175       0     21      0      6       6   A  Reduction     3.28       67     0     A
71       190    150    32    33     150      40     40      0      4       3   A  QuietGame     3.16       68     1     B
76       133     93    27    28     133       0     19      0     10      10   A  Reduction     3.29       68     0     A
75       148    108    33    34     148       0     12      1      4      -4   B  Reduction     3.21       68     1     A
79        99     59    12    13      59      40     40      0      3       3   A  QuietGame     3.07       68     1     B
74       184    144    33    34     184       0     31      3      4      -4   B  Reduction     3.19       68     0     B
78       117     77    22    22      77      40     40      0      2       2   A  QuietGame     3.16       68     0     A
77       230    190    31    34     190      40     40      0      3       2   A  QuietGame     3.28       68     1     B

games                80
mean plies           156.9   (movement 116.9)
mean captures        27.2
mean removals        28.0
mean dead tail       27.5   plies after the last capture or removal
mean longest quiet   34.6
mean lead changes    1.0   (38 of 80 games had any)
mean peak margin     3.5
mean final margin    3.0   (absolute)
ended by quiet game  55  (69%)
ended by reduction   25  (31%)
ended by immobilize  0  (0%)
won by A / B         44 / 36
mean depth           3.18   (over 5422 searched opening plies)
wall clock           760.314 s

weight-set A wins    40 / 80  (50.0%)   [as P0: 22/40, as P1: 18/40]
weight-set B wins    40 / 80
quiet-game share     A-wins 65.0%   B-wins 72.5%   all 68.8%
95% threshold        wins >= 48 of 80 (one-sided): neither side significant
csv line appended to doc\bench\sweeps\2026-08-24\coarse.csv
drop  deniedSquares x0.25 -> 0.01 = 50.0% wins, quiet 68.75%
>> ./cmake-build-release/latrunculi_game/latrunculi_bench.exe pairs=40 ms=500 seed=777001 threads=8 rows=8 columns=10 perside=20 csv=doc\bench\sweeps\2026-08-24\coarse.csv wA.threat=0.25 wA.pair=0.02 wA.mobility=0.02 wA.centre=0.05 wA.vulnerableAxes=-0.03 wA.oneMoveCapturable=-0.9 wA.spearheadPairs=0.15 wA.diagonalSupport=0.06 wA.deniedSquares=0.02 wA.strikers=0.05 wA.notchExposure=-0.12 wB.threat=0.25 wB.pair=0.02 wB.mobility=0.02 wB.centre=0.05 wB.vulnerableAxes=-0.03 wB.oneMoveCapturable=-0.9 wB.spearheadPairs=0.15 wB.diagonalSupport=0.06 wB.deniedSquares=0.04 wB.strikers=0.05 wB.notchExposure=-0.12
Latrunculi bench: 40 mirrored A-vs-B pairs (80 games), 8x10, 20 per side, slide, convex payoff, komi 1.5, policy placement, 500 ms per searched ply, 8 threads
base seed: 777001  (pair p uses seed base+p; even game index = set A as P0)
XML: not saved   memory tracking level: 0

game   plies  moveP  capt  remv lastAct    tail  quiet   lead   peak  margin win  reason    depth    srchd  AasP  wSet
0        124     84    31    32     124       0     11      1      6      -6   B  Reduction     3.26       68     0     B
4        155    115    27    27     115      40     40      0      3       3   A  QuietGame     3.16       68     0     A
2        173    133    31    32     173       0     24      0      6       6   A  Reduction     3.16       67     0     A
1        185    145    33    34     185       0     29      2      4       4   A  Reduction     3.25       68     1     B
3        186    146    33    34     146      40     40      8      2       0   B  QuietGame     3.28       67     1     A
7        201    161    32    32     201       0     38      0      6       6   A  Reduction     3.18       68     1     B
6        207    167    32    34     167      40     40      7      1       0   B  QuietGame     3.28       68     0     B
5        235    195    31    31     195      40     40      0      3       3   A  QuietGame     3.16       68     1     B
13       103     63    15    15      63      40     40      1      1       1   B  QuietGame     3.18       68     1     A
9        157    117    30    31     117      40     40      4      2       1   B  QuietGame     3.15       68     1     A
8        197    157    31    33     157      40     40      0      4       3   A  QuietGame     3.16       68     0     A
11       151    111    21    22     111      40     40      0      2       2   A  QuietGame     3.22       67     1     B
10       187    147    34    34     187       0     37      0      4       4   A  Reduction     3.19       67     0     A
12       173    133    32    33     173       0     22      0      5       5   A  Reduction     3.25       68     0     A
14       160    120    32    32     160       0     15      1      6      -6   B  Reduction     3.19       68     0     B
15       209    169    30    30     169      40     40      1      5      -4   B  QuietGame     3.18       68     1     A
17       163    123    32    33     123      40     40      0      3       3   A  QuietGame     3.18       68     1     B
16       185    145    31    32     145      40     40      0      4       4   A  QuietGame     3.18       68     0     A
18       169    129    28    28     129      40     40      0      2       2   A  QuietGame     3.21       68     0     A
21       157    117    28    29     117      40     40      1      5      -3   B  QuietGame     3.21       67     1     A
20       173    133    33    33     133      40     40      1      4      -3   B  QuietGame     3.21       67     0     B
19       204    164    33    35     204       0     36      3      3      -3   B  Reduction     3.16       68     1     A
23       116     76    20    20      76      40     40      0      3       2   A  QuietGame     3.21       68     1     B
24       113     73    22    23      73      40     40      1      2      -1   B  QuietGame     3.16       68     0     B
22       212    172    29    30     172      40     40      0      3       2   A  QuietGame     3.24       68     0     A
25       113     73    22    23      73      40     40      1      2      -1   B  QuietGame     3.18       68     1     A
26       191    151    33    33     151      40     40      2      2       1   B  QuietGame     3.28       68     0     B
30       147    107    32    33     147       0     29      0      5       5   A  Reduction     3.18       67     0     A
29       184    144    34    35     184       0     35      1      3      -3   B  Reduction     3.09       68     1     A
28       213    173    34    35     173      40     40      1      2      -1   B  QuietGame     3.09       68     0     B
27       234    194    35    35     194      40     40      4      2       1   B  QuietGame     3.18       68     1     A
31       175    135    35    35     175       0     25      0      3       3   A  Reduction     3.15       67     1     B
32       182    142    33    33     142      40     40      1      3      -3   B  QuietGame     3.29       68     0     B
33       193    153    28    29     153      40     40      0      5       5   A  QuietGame     3.15       68     1     B
38       107     67    16    18      67      40     40      3      2       0   B  QuietGame     3.06       68     0     B
34       182    142    34    34     182       0     31      1      4      -4   B  Reduction     3.34       67     0     B
36       159    119    27    27     119      40     40      0      2       1   B  QuietGame     3.25       68     0     B
35       176    136    27    27     136      40     40      1      5      -5   B  QuietGame     3.25       67     1     A
37       169    129    33    33     169       0     27      0      5       5   A  Reduction     3.26       68     1     B
39       202    162    34    36     162      40     40      4      2       0   B  QuietGame     3.15       68     1     A
40       207    167    32    34     167      40     40      0      2       2   A  QuietGame     3.27       67     0     A
42       135     95    24    27      95      40     40      0      5       5   A  QuietGame     3.12       67     0     A
41       208    168    30    33     168      40     40      3      3      -3   B  QuietGame     3.25       67     1     A
46       111     71    29    30     111       0      8      0      8       8   A  Reduction     3.24       68     0     A
45       159    119    35    35     159       0     36      4      3       3   A  Reduction     3.24       68     1     B
44       160    120    34    34     120      40     40      4      3       2   A  QuietGame     3.25       68     0     A
47       111     71    29    30     111       0      8      0      8       8   A  Reduction     3.22       68     1     B
43       217    177    28    30     177      40     40      2      6       6   A  QuietGame     3.15       67     1     B
48       145    105    34    34     145       0     16      2      4       4   A  Reduction     3.22       68     0     A
51       155    115    17    17     115      40     40      0      3       3   A  QuietGame     3.09       68     1     B
53       137     97    26    29      97      40     40      0      4       3   A  QuietGame     3.26       68     1     B
50       187    147    34    35     147      40     40      0      2       1   B  QuietGame     3.07       68     0     B
49       205    165    28    30     165      40     40      0      6       6   A  QuietGame     3.07       68     1     B
54       145    105    31    32     145       0     17      0      6       6   A  Reduction     3.13       68     0     A
52       170    130    28    30     130      40     40      0      7       6   A  QuietGame     3.25       68     0     A
59        88     48     5     6      48      40     40      2      1       0   B  QuietGame     2.97       68     1     A
56       192    152    30    31     152      40     40      0      6       5   A  QuietGame     3.29       68     0     A
55       231    191    33    33     191      40     40      2      3       3   A  QuietGame     3.13       68     1     B
60       183    143    32    32     143      40     40      2      4       4   A  QuietGame     3.22       68     0     A
57       204    164    33    33     164      40     40      2      2       1   B  QuietGame     3.10       68     1     A
62       172    132    31    33     132      40     40      2      2       1   B  QuietGame     3.07       68     0     B
58       218    178    34    34     178      40     40      2      3       0   B  QuietGame     3.22       68     0     B
64       115     75    24    24      75      40     40      0      4       4   A  QuietGame     3.45       67     0     A
65       115     75    24    24      75      40     40      0      4       4   A  QuietGame     3.46       67     1     B
61       231    191    33    33     191      40     40      0      3       3   A  QuietGame     3.19       68     1     B
63       205    165    32    34     165      40     40      1      3      -2   B  QuietGame     3.15       68     1     A
71       111     71    20    20      71      40     40      0      2       2   A  QuietGame     3.22       68     1     B
68       167    127    33    34     167       0     24      2      4       4   A  Reduction     3.21       68     0     A
67       174    134    32    34     134      40     40      6      2       0   B  QuietGame     3.21       68     1     A
72       149    109    32    32     149       0     26      0      6       6   A  Reduction     3.28       67     0     A
66       208    168    33    34     168      40     40      0      3       2   A  QuietGame     3.09       68     0     A
69       189    149    26    28     149      40     40      0      8       8   A  QuietGame     3.16       68     1     B
70       178    138    34    34     138      40     40      2      3       2   A  QuietGame     3.25       68     0     A
78        99     59    12    13      59      40     40      0      3       3   A  QuietGame     3.06       68     0     A
79        99     59    12    13      59      40     40      0      3       3   A  QuietGame     3.06       68     1     B
73       213    173    30    30     173      40     40      0      6       6   A  QuietGame     3.24       67     1     B
74       184    144    33    34     184       0     31      3      4      -4   B  Reduction     3.18       68     0     B
75       180    140    33    34     180       0     25      1      4      -4   B  Reduction     3.16       68     1     A
77       161    121    33    33     121      40     40      2      3       3   A  QuietGame     3.31       68     1     B
76       213    173    26    27     173      40     40      0      9       9   A  QuietGame     3.29       68     0     A

games                80
mean plies           170.7   (movement 130.7)
mean captures        29.1
mean removals        29.9
mean dead tail       29.0   plies after the last capture or removal
mean longest quiet   35.9
mean lead changes    1.2   (40 of 80 games had any)
mean peak margin     3.8
mean final margin    3.3   (absolute)
ended by quiet game  58  (72%)
ended by reduction   22  (28%)
ended by immobilize  0  (0%)
won by A / B         48 / 32
mean depth           3.20   (over 5422 searched opening plies)
wall clock           820.36 s

weight-set A wins    42 / 80  (52.5%)   [as P0: 25/40, as P1: 17/40]
weight-set B wins    38 / 80
quiet-game share     A-wins 71.4%   B-wins 73.7%   all 72.5%
95% threshold        wins >= 48 of 80 (one-sided): neither side significant
csv line appended to doc\bench\sweeps\2026-08-24\coarse.csv
drop  deniedSquares x0.5 -> 0.02 = 52.5% wins, quiet 72.5%
>> ./cmake-build-release/latrunculi_game/latrunculi_bench.exe pairs=40 ms=500 seed=777001 threads=8 rows=8 columns=10 perside=20 csv=doc\bench\sweeps\2026-08-24\coarse.csv wA.threat=0.25 wA.pair=0.02 wA.mobility=0.02 wA.centre=0.05 wA.vulnerableAxes=-0.03 wA.oneMoveCapturable=-0.9 wA.spearheadPairs=0.15 wA.diagonalSupport=0.06 wA.deniedSquares=0.08 wA.strikers=0.05 wA.notchExposure=-0.12 wB.threat=0.25 wB.pair=0.02 wB.mobility=0.02 wB.centre=0.05 wB.vulnerableAxes=-0.03 wB.oneMoveCapturable=-0.9 wB.spearheadPairs=0.15 wB.diagonalSupport=0.06 wB.deniedSquares=0.04 wB.strikers=0.05 wB.notchExposure=-0.12
Latrunculi bench: 40 mirrored A-vs-B pairs (80 games), 8x10, 20 per side, slide, convex payoff, komi 1.5, policy placement, 500 ms per searched ply, 8 threads
base seed: 777001  (pair p uses seed base+p; even game index = set A as P0)
XML: not saved   memory tracking level: 0

game   plies  moveP  capt  remv lastAct    tail  quiet   lead   peak  margin win  reason    depth    srchd  AasP  wSet
2        135     95    28    29     135       0     19      0      9       9   A  Reduction     3.28       67     0     A
1        141    101    32    32     101      40     40      1      3      -2   B  QuietGame     3.31       68     1     A
7        144    104    33    34     144       0     23      3      4      -4   B  Reduction     3.21       68     1     A
6        148    108    30    30     108      40     40      2      3       0   B  QuietGame     3.24       68     0     B
4        155    115    34    34     155       0     22      0      4       4   A  Reduction     3.22       68     0     A
5        159    119    34    34     159       0     22      0      4       4   A  Reduction     3.21       68     1     B
0        166    126    28    28     126      40     40      1      7      -6   B  QuietGame     3.26       68     0     B
3        173    133    31    31     133      40     40      0      3       3   A  QuietGame     3.25       67     1     B
8        152    112    23    24     112      40     40      0      2       0   B  QuietGame     3.28       68     0     B
10       172    132    35    36     132      40     40      0      3       0   B  QuietGame     3.19       67     0     B
15       147    107    34    35     147       0     18      2      4       3   A  Reduction     3.16       68     1     B
12       183    143    29    30     183       0     25      0      8       8   A  Reduction     3.25       68     0     A
9        196    156    33    33     156      40     40      0      2       1   B  QuietGame     3.18       68     1     A
14       178    138    34    34     178       0     24      1      4      -4   B  Reduction     3.18       68     0     B
11       209    169    35    35     209       0     24      2      3       3   A  Reduction     3.25       67     1     B
13       222    182    35    35     222       0     36      3      3      -3   B  Reduction     3.18       68     1     A
16       156    116    30    33     116      40     40      1      3      -1   B  QuietGame     3.13       68     0     B
17       146    106    26    28     106      40     40      3      3      -2   B  QuietGame     3.10       68     1     A
22       116     76    19    20      76      40     40      1      2       0   B  QuietGame     3.25       68     0     B
21       140    100    32    33     140       0      9      1      5      -5   B  Reduction     3.19       67     1     A
20       153    113    33    34     113      40     40      1      3      -2   B  QuietGame     3.25       67     0     B
18       193    153    32    34     153      40     40      3      2       0   B  QuietGame     3.15       68     0     B
19       193    153    32    34     153      40     40      3      2       0   B  QuietGame     3.15       68     1     A
23       168    128    18    19     128      40     40      1      3      -3   B  QuietGame     3.13       68     1     A
25       113     73    22    23      73      40     40      1      2      -1   B  QuietGame     3.18       68     1     A
28       141    101    32    33     141       0     18      0      5       5   A  Reduction     3.19       68     0     A
24       206    166    36    36     206       0     29      1      2      -2   B  Reduction     3.44       68     0     B
31       107     67    29    30     107       0      5      0      8       8   A  Reduction     3.30       67     1     B
26       199    159    35    35     199       0     28      2      3       3   A  Reduction     3.26       68     0     A
27       192    152    31    31     152      40     40      0      6       5   A  QuietGame     3.24       68     1     B
29       193    153    34    34     153      40     40      1      2       0   B  QuietGame     3.25       68     1     A
30       213    173    32    32     173      40     40      0      4       4   A  QuietGame     3.28       67     0     A
33       155    115    34    35     155       0     28      2      3       3   A  Reduction     3.40       68     1     B
32       239    199    36    36     199      40     40      3      2       0   B  QuietGame     3.28       68     0     B
36       145    105    35    35     145       0     13      0      3       3   A  Reduction     3.26       68     0     A
38       115     75    15    15      75      40     40      0      5       5   A  QuietGame     3.15       68     0     A
35       176    136    27    27     136      40     40      1      5      -5   B  QuietGame     3.27       67     1     A
37       169    129    33    33     169       0     27      0      5       5   A  Reduction     3.26       68     1     B
34       210    170    30    32     170      40     40      1      4      -4   B  QuietGame     3.22       67     0     B
42       123     83    27    27      83      40     40      0      3       3   A  QuietGame     3.25       67     0     A
39       196    156    34    34     156      40     40      0      3       2   A  QuietGame     3.19       68     1     B
44       157    117    33    33     117      40     40      1      4      -3   B  QuietGame     3.24       68     0     B
40       207    167    32    34     167      40     40      0      2       2   A  QuietGame     3.27       67     0     A
46       172    132    34    34     132      40     40      5      2      -2   B  QuietGame     3.21       68     0     B
43       211    171    32    33     211       0     34      0      5       5   A  Reduction     3.16       67     1     B
45       213    173    28    31     173      40     40      3      2      -1   B  QuietGame     3.15       68     1     A
41       261    221    32    32     221      40     40      0      4       4   A  QuietGame     3.22       67     1     B
48       163    123    32    33     163       0     25      0      5       5   A  Reduction     3.18       68     0     A
52        97     57    10    11      57      40     40      0      2       1   B  QuietGame     3.00       68     0     B
47       195    155    26    27     155      40     40      3      2      -1   B  QuietGame     3.06       68     1     A
50       167    127    29    30     167       0     17      0      8       8   A  Reduction     3.18       68     0     A
53       118     78    14    15      78      40     40      1      2      -1   B  QuietGame     3.19       68     1     A
49       217    177    31    32     177      40     40      1      3      -2   B  QuietGame     3.24       68     1     A
57       112     72     9     9      72      40     40      1      1      -1   B  QuietGame     3.25       68     1     A
54       165    125    33    33     165       0     35      0      5       5   A  Reduction     3.25       68     0     A
51       218    178    36    36     178      40     40      2      2       0   B  QuietGame     3.24       68     1     A
58       125     85    22    23      85      40     40      2      2       1   B  QuietGame     3.21       68     0     B
55       203    163    32    33     163      40     40      3      2      -1   B  QuietGame     3.22       68     1     A
56       207    167    31    31     167      40     40      0      5       5   A  QuietGame     3.26       68     0     A
59       192    152    30    30     152      40     40      1      6      -6   B  QuietGame     3.07       68     1     A
63       139     99    32    33     139       0     14      4      5       5   A  Reduction     3.19       68     1     B
60       183    143    33    33     183       0     25      0      5       5   A  Reduction     3.19       68     0     A
61       199    159    36    36     199       0     35      6      2       2   A  Reduction     3.32       68     1     B
62       196    156    33    35     156      40     40      2      2       1   B  QuietGame     3.10       68     0     B
66       152    112    30    31     112      40     40      1      2      -1   B  QuietGame     3.19       68     0     B
64       228    188    35    35     188      40     40      1      3      -1   B  QuietGame     3.27       67     0     B
67       152    112    30    31     112      40     40      1      2      -1   B  QuietGame     3.18       68     1     A
65       215    175    35    35     215       0     32      4      3       3   A  Reduction     3.15       67     1     B
69       158    118    31    31     118      40     40      0      4       3   A  QuietGame     3.34       68     1     B
70       120     80    15    16      80      40     40      2      2       0   B  QuietGame     3.15       68     0     B
68       190    150    33    34     190       0     21      5      4      -4   B  Reduction     3.25       68     0     B
71       200    160    32    32     200       0     31      1      6      -6   B  Reduction     3.29       68     1     A
72       172    132    31    32     132      40     40      4      3       2   A  QuietGame     3.15       67     0     A
75       160    120    32    33     160       0     21      1      5      -5   B  Reduction     3.25       68     1     A
76       156    116    32    32     116      40     40      2      3       2   A  QuietGame     3.29       68     0     A
74       192    152    31    32     152      40     40      1      4      -4   B  QuietGame     3.24       68     0     B
73       208    168    26    30     168      40     40      2      2       0   B  QuietGame     2.94       67     1     A
79        90     50     7     8      50      40     40      0      2       0   B  QuietGame     3.06       68     1     A
77       187    147    32    33     187       0     23      0      5       5   A  Reduction     3.34       68     1     B
78       173    133    31    31     173       0     30      0      7       7   A  Reduction     3.35       68     0     A

games                80
mean plies           171.3   (movement 131.3)
mean captures        29.7
mean removals        30.4
mean dead tail       25.0   plies after the last capture or removal
mean longest quiet   33.9
mean lead changes    1.3   (50 of 80 games had any)
mean peak margin     3.6
mean final margin    3.0   (absolute)
ended by quiet game  50  (62%)
ended by reduction   30  (38%)
ended by immobilize  0  (0%)
won by A / B         34 / 46
mean depth           3.22   (over 5422 searched opening plies)
wall clock           809.318 s

weight-set A wins    42 / 80  (52.5%)   [as P0: 18/40, as P1: 24/40]
weight-set B wins    38 / 80
quiet-game share     A-wins 61.9%   B-wins 63.2%   all 62.5%
95% threshold        wins >= 48 of 80 (one-sided): neither side significant
csv line appended to doc\bench\sweeps\2026-08-24\coarse.csv
drop  deniedSquares x2 -> 0.08 = 52.5% wins, quiet 62.5%
>> ./cmake-build-release/latrunculi_game/latrunculi_bench.exe pairs=40 ms=500 seed=777001 threads=8 rows=8 columns=10 perside=20 csv=doc\bench\sweeps\2026-08-24\coarse.csv wA.threat=0.25 wA.pair=0.02 wA.mobility=0.02 wA.centre=0.05 wA.vulnerableAxes=-0.03 wA.oneMoveCapturable=-0.9 wA.spearheadPairs=0.15 wA.diagonalSupport=0.06 wA.deniedSquares=0.16 wA.strikers=0.05 wA.notchExposure=-0.12 wB.threat=0.25 wB.pair=0.02 wB.mobility=0.02 wB.centre=0.05 wB.vulnerableAxes=-0.03 wB.oneMoveCapturable=-0.9 wB.spearheadPairs=0.15 wB.diagonalSupport=0.06 wB.deniedSquares=0.04 wB.strikers=0.05 wB.notchExposure=-0.12
Latrunculi bench: 40 mirrored A-vs-B pairs (80 games), 8x10, 20 per side, slide, convex payoff, komi 1.5, policy placement, 500 ms per searched ply, 8 threads
base seed: 777001  (pair p uses seed base+p; even game index = set A as P0)
XML: not saved   memory tracking level: 0

game   plies  moveP  capt  remv lastAct    tail  quiet   lead   peak  margin win  reason    depth    srchd  AasP  wSet
5        147    107    32    32     107      40     40      0      3       2   A  QuietGame     3.21       68     1     B
0        179    139    35    35     179       0     27      2      3       3   A  Reduction     3.38       68     0     A
2        185    145    33    34     185       0     35      0      4       4   A  Reduction     3.15       67     0     A
6        186    146    33    36     186       0     19      1      3      -2   B  Reduction     3.24       68     0     B
4        191    151    33    34     151      40     40      2      2       2   A  QuietGame     3.19       68     0     A
7        198    158    34    34     158      40     40      1      2      -2   B  QuietGame     3.10       68     1     A
1        201    161    33    35     161      40     40      1      3      -1   B  QuietGame     3.15       68     1     A
3        231    191    34    35     191      40     40      0      2       1   B  QuietGame     3.19       67     1     A
11       111     71    13    13      71      40     40      2      1       1   B  QuietGame     3.04       67     1     A
10       115     75    13    13      75      40     40      2      1       1   B  QuietGame     3.12       67     0     B
8        167    127    35    36     167       0     36      4      2       2   A  Reduction     3.18       68     0     A
12       129     89    32    33     129       0     13      0      5       5   A  Reduction     3.22       68     0     A
9        159    119    34    34     159       0     17      4      4       4   A  Reduction     3.25       68     1     B
14       209    169    31    31     169      40     40      0      5       5   A  QuietGame     3.12       68     0     A
13       217    177    34    35     217       0     36      2      3       3   A  Reduction     3.15       68     1     B
15       231    191    36    36     191      40     40      1      3       0   B  QuietGame     3.15       68     1     A
17       196    156    34    34     156      40     40      1      2      -2   B  QuietGame     3.37       68     1     A
16       199    159    36    36     159      40     40      3      1       0   B  QuietGame     3.15       68     0     B
19       175    135    33    33     135      40     40      1      4      -3   B  QuietGame     3.32       68     1     A
18       203    163    34    35     203       0     31      4      3       3   A  Reduction     3.22       68     0     A
20       195    155    33    33     155      40     40      0      2       1   B  QuietGame     3.27       67     0     B
22       174    134    35    35     174       0     24      1      3      -3   B  Reduction     3.21       68     0     B
25       113     73    22    23      73      40     40      1      2      -1   B  QuietGame     3.16       68     1     A
21       192    152    33    34     152      40     40      4      2       0   B  QuietGame     3.21       67     1     A
24       140    100    33    34     140       0     14      3      4      -4   B  Reduction     3.21       68     0     B
28       127     87    17    19      87      40     40      0      3       3   A  QuietGame     3.09       68     0     A
23       188    148    33    33     148      40     40      0      2       1   B  QuietGame     3.35       68     1     A
26       216    176    30    30     176      40     40      0      2       0   B  QuietGame     3.26       68     0     B
27       203    163    32    32     203       0     29      0      6       6   A  Reduction     3.19       68     1     B
30       155    115    26    28     115      40     40      0      6       6   A  QuietGame     3.09       67     0     A
29       167    127    31    31     127      40     40      5      2      -1   B  QuietGame     3.34       68     1     A
33       159    119    19    19     119      40     40      2      2       1   B  QuietGame     3.28       68     1     A
32       203    163    35    36     203       0     31      2      2       2   A  Reduction     3.18       68     0     A
34       185    145    31    32     145      40     40      1      3      -2   B  QuietGame     3.19       67     0     B
37       106     66    17    18      66      40     40      2      3       2   A  QuietGame     3.07       68     1     B
31       266    226    34    35     226      40     40      0      3       1   B  QuietGame     3.10       67     1     A
35       173    133    32    32     133      40     40      5      1       0   B  QuietGame     3.22       67     1     A
38       153    113    32    33     113      40     40      4      2       1   B  QuietGame     3.25       68     0     B
36       191    151    35    35     191       0     21      0      3       3   A  Reduction     3.41       68     0     A
40       172    132    32    33     132      40     40      0      2       1   B  QuietGame     3.28       67     0     B
39       193    153    34    34     153      40     40      1      2       0   B  QuietGame     3.19       68     1     A
44       131     91    25    25      91      40     40      2      3       3   A  QuietGame     3.26       68     0     A
42       184    144    31    32     144      40     40      0      3       2   A  QuietGame     3.12       67     0     A
43       180    140    31    32     140      40     40      2      5       4   A  QuietGame     3.22       67     1     B
41       220    180    32    32     180      40     40      1      4      -4   B  QuietGame     3.30       67     1     A
45       159    119    29    29     119      40     40      0      4       3   A  QuietGame     3.22       68     1     B
46       188    148    31    33     148      40     40      0      4       3   A  QuietGame     3.15       68     0     A
48       100     60    11    12      60      40     40      1      2       0   B  QuietGame     3.13       68     0     B
52        97     57    10    11      57      40     40      0      2       1   B  QuietGame     3.01       68     0     B
49       159    119    30    31     159       0     29      0      7       7   A  Reduction     3.15       68     1     B
51       122     82    17    19      82      40     40      1      2      -1   B  QuietGame     3.18       68     1     A
47       183    143    26    28     143      40     40      0      6       6   A  QuietGame     3.01       68     1     B
54       131     91    32    33     131       0     12      0      5       5   A  Reduction     3.16       68     0     A
53       171    131    28    29     131      40     40      0      5       5   A  QuietGame     3.16       68     1     B
56        99     59     6     6      59      40     40      1      1       0   B  QuietGame     3.19       68     0     B
55       174    134    29    29     134      40     40      0      4       3   A  QuietGame     3.19       68     1     B
50       240    200    31    31     200      40     40      2      2       1   B  QuietGame     3.15       68     0     B
59       127     87    33    34     127       0     12      0      4       4   A  Reduction     3.12       68     1     B
57       162    122    33    34     122      40     40      2      3       2   A  QuietGame     3.22       68     1     B
58       157    117    29    29     117      40     40      2      2       1   B  QuietGame     3.13       68     0     B
63       141    101    35    35     141       0     18      2      3       3   A  Reduction     3.24       68     1     B
60       188    148    32    33     148      40     40      1      3      -3   B  QuietGame     3.12       68     0     B
65       115     75    29    30     115       0     12      0      8       8   A  Reduction     3.18       67     1     B
64       163    123    34    35     163       0     29      0      3       3   A  Reduction     3.18       67     0     A
61       233    193    33    35     193      40     40      1      2      -1   B  QuietGame     3.04       68     1     A
62       231    191    34    36     191      40     40      3      2       0   B  QuietGame     3.13       68     0     B
67       180    140    31    32     140      40     40      0      5       4   A  QuietGame     3.13       68     1     B
69       115     75    17    19      75      40     40      0      3       3   A  QuietGame     3.21       68     1     B
66       203    163    31    31     163      40     40      0      5       5   A  QuietGame     3.19       68     0     A
71       142    102    28    28     102      40     40      0      2       0   B  QuietGame     3.32       68     1     A
70       178    138    33    33     138      40     40      1      2       1   B  QuietGame     3.32       68     0     B
68       209    169    30    31     169      40     40      5      2      -1   B  QuietGame     3.26       68     0     B
72       151    111    29    29     111      40     40      0      7       7   A  QuietGame     3.28       67     0     A
74       138     98    34    35     138       0     19      7      3      -3   B  Reduction     3.16       68     0     B
73       187    147    36    36     187       0     21      4      2       2   A  Reduction     3.22       67     1     B
75       156    116    28    29     116      40     40      5      2      -1   B  QuietGame     3.22       68     1     A
77       143    103    31    33     143       0     23      0      5       5   A  Reduction     3.18       68     1     B
76       195    155    29    30     155      40     40      0      6       6   A  QuietGame     3.24       68     0     A
78       179    139    34    35     179       0     20      2      3       3   A  Reduction     3.21       68     0     A
79       178    138    33    34     138      40     40      4      3       0   B  QuietGame     3.34       68     1     A

games                80
mean plies           171.4   (movement 131.4)
mean captures        29.7
mean removals        30.4
mean dead tail       28.5   plies after the last capture or removal
mean longest quiet   35.1
mean lead changes    1.4   (47 of 80 games had any)
mean peak margin     3.1
mean final margin    2.5   (absolute)
ended by quiet game  57  (71%)
ended by reduction   23  (29%)
ended by immobilize  0  (0%)
won by A / B         39 / 41
mean depth           3.20   (over 5422 searched opening plies)
wall clock           835.267 s

weight-set A wins    41 / 80  (51.2%)   [as P0: 20/40, as P1: 21/40]
weight-set B wins    39 / 80
quiet-game share     A-wins 75.6%   B-wins 66.7%   all 71.2%
95% threshold        wins >= 48 of 80 (one-sided): neither side significant
csv line appended to doc\bench\sweeps\2026-08-24\coarse.csv
drop  deniedSquares x4 -> 0.16 = 51.3% wins, quiet 71.25%
>> ./cmake-build-release/latrunculi_game/latrunculi_bench.exe pairs=40 ms=500 seed=777001 threads=8 rows=8 columns=10 perside=20 csv=doc\bench\sweeps\2026-08-24\coarse.csv wA.threat=0.25 wA.pair=0.02 wA.mobility=0.02 wA.centre=0.05 wA.vulnerableAxes=-0.03 wA.oneMoveCapturable=-0.9 wA.spearheadPairs=0.15 wA.diagonalSupport=0.06 wA.deniedSquares=0.04 wA.strikers=0.0125 wA.notchExposure=-0.12 wB.threat=0.25 wB.pair=0.02 wB.mobility=0.02 wB.centre=0.05 wB.vulnerableAxes=-0.03 wB.oneMoveCapturable=-0.9 wB.spearheadPairs=0.15 wB.diagonalSupport=0.06 wB.deniedSquares=0.04 wB.strikers=0.05 wB.notchExposure=-0.12
Latrunculi bench: 40 mirrored A-vs-B pairs (80 games), 8x10, 20 per side, slide, convex payoff, komi 1.5, policy placement, 500 ms per searched ply, 8 threads
base seed: 777001  (pair p uses seed base+p; even game index = set A as P0)
XML: not saved   memory tracking level: 0

game   plies  moveP  capt  remv lastAct    tail  quiet   lead   peak  margin win  reason    depth    srchd  AasP  wSet
5         90     50     7     7      50      40     40      0      2       1   B  QuietGame     2.94       68     1     A
3        112     72    21    21      72      40     40      0      4       3   A  QuietGame     3.18       67     1     B
2        161    121    28    29     121      40     40      0      2       1   B  QuietGame     3.13       67     0     B
6        165    125    34    34     165       0     17      2      4       4   A  Reduction     3.21       68     0     A
7        165    125    34    34     165       0     17      2      4       4   A  Reduction     3.19       68     1     B
1        185    145    32    33     145      40     40      2      3       3   A  QuietGame     3.28       68     1     B
4        199    159    33    35     159      40     40      2      2       1   B  QuietGame     3.15       68     0     B
0        210    170    34    34     170      40     40      1      3      -2   B  QuietGame     3.31       68     0     B
9        161    121    24    25     121      40     40      0      7       7   A  QuietGame     3.19       68     1     B
10       127     87    28    31     127       0     15      0      7       7   A  Reduction     3.07       67     0     A
8        227    187    34    35     227       0     26      2      3       3   A  Reduction     3.19       68     0     A
11       159    119    29    31     159       0     31      0      7       7   A  Reduction     3.09       67     1     B
12       168    128    32    33     128      40     40      0      4       3   A  QuietGame     3.13       68     0     A
13       170    130    30    31     130      40     40      0      6       5   A  QuietGame     3.29       68     1     B
14       160    120    32    32     160       0     15      1      6      -6   B  Reduction     3.18       68     0     B
15       155    115    20    21     115      40     40      0      3       3   A  QuietGame     3.28       68     1     B
17       150    110    29    30     110      40     40      2      2       0   B  QuietGame     3.15       68     1     A
16       165    125    32    33     165       0     31      0      5       5   A  Reduction     3.18       68     0     A
23       116     76    20    20      76      40     40      0      3       2   A  QuietGame     3.21       68     1     B
21       144    104    34    34     144       0     23      1      4      -4   B  Reduction     3.21       67     1     A
19       179    139    34    35     139      40     40      1      3      -1   B  QuietGame     3.29       68     1     A
22       150    110    33    34     150       0     16      3      4      -4   B  Reduction     3.26       68     0     B
18       193    153    32    34     153      40     40      3      2       0   B  QuietGame     3.16       68     0     B
20       229    189    30    31     189      40     40      3      4      -3   B  QuietGame     3.21       67     0     B
25       148    108    31    31     108      40     40      3      5      -5   B  QuietGame     3.21       68     1     A
24       160    120    32    32     120      40     40      2      2       0   B  QuietGame     3.22       68     0     B
30        98     58    11    13      58      40     40      0      2       1   B  QuietGame     3.01       67     0     B
27       118     78    17    18      78      40     40      4      2       0   B  QuietGame     3.18       68     1     A
26       165    125    33    33     165       0     35      0      5       5   A  Reduction     3.19       68     0     A
28       169    129    31    32     129      40     40      2      2       2   A  QuietGame     3.18       68     0     A
29       174    134    34    34     174       0     20      3      4      -4   B  Reduction     3.24       68     1     A
31       178    138    33    33     138      40     40      0      4       3   A  QuietGame     3.09       67     1     B
33       155    115    29    30     115      40     40      0      3       2   A  QuietGame     3.26       68     1     B
34       148    108    32    32     148       0     23      1      6      -6   B  Reduction     3.33       67     0     B
32       186    146    32    33     146      40     40      0      4       3   A  QuietGame     3.26       68     0     A
36       163    123    35    35     163       0     22      0      3       3   A  Reduction     3.25       68     0     A
35       212    172    31    31     212       0     27      1      7      -7   B  Reduction     3.27       67     1     A
37       169    129    33    33     169       0     27      0      5       5   A  Reduction     3.28       68     1     B
39       107     67    16    18      67      40     40      3      2       0   B  QuietGame     3.07       68     1     A
38       173    133    32    34     133      40     40      5      2       0   B  QuietGame     3.15       68     0     B
42       115     75    33    33     115       0      6      0      5       5   A  Reduction     3.22       67     0     A
41       200    160    33    34     160      40     40      2      3       0   B  QuietGame     3.12       67     1     A
40       215    175    30    31     175      40     40      2      3       3   A  QuietGame     3.19       67     0     A
43       183    143    32    32     143      40     40      0      2       2   A  QuietGame     3.22       67     1     B
47       141    101    29    32     141       0     24      0      6       6   A  Reduction     3.22       68     1     B
44       183    143    30    32     143      40     40      0      4       4   A  QuietGame     3.19       68     0     A
45       176    136    27    27     136      40     40      1      5      -5   B  QuietGame     3.24       68     1     A
46       183    143    30    31     143      40     40      0      5       5   A  QuietGame     3.25       68     0     A
48       163    123    32    33     163       0     25      0      5       5   A  Reduction     3.21       68     0     A
49       179    139    30    30     179       0     27      0      8       8   A  Reduction     3.25       68     1     B
52       141    101    29    31     141       0     19      0      7       7   A  Reduction     3.26       68     0     A
50       173    133    34    34     133      40     40      3      1       0   B  QuietGame     3.25       68     0     B
56       112     72     9     9      72      40     40      1      1      -1   B  QuietGame     3.22       68     0     B
53       162    122    26    26     122      40     40      6      3       2   A  QuietGame     3.12       68     1     B
51       182    142    30    32     142      40     40      0      3       2   A  QuietGame     3.19       68     1     B
55       155    115    35    36     155       0     25      0      3       2   A  Reduction     3.25       68     1     B
54       195    155    36    36     195       0     32      0      2       2   A  Reduction     3.18       68     0     A
59        92     52     8     9      52      40     40      1      1      -1   B  QuietGame     3.00       68     1     A
57       123     83    13    13      83      40     40      0      3       3   A  QuietGame     3.12       68     1     B
58       161    121    33    33     161       0     27      0      5       5   A  Reduction     3.28       68     0     A
64       115     75    24    24      75      40     40      0      4       4   A  QuietGame     3.45       67     0     A
61       158    118    35    36     158       0     23      3      2      -2   B  Reduction     3.40       68     1     A
62       156    116    33    33     116      40     40      2      2       1   B  QuietGame     3.29       68     0     B
60       193    153    34    34     193       0     35      0      4       4   A  Reduction     3.19       68     0     A
63       179    139    32    33     179       0     29      4      5       5   A  Reduction     3.16       68     1     B
66       164    124    29    31     124      40     40      3      2      -1   B  QuietGame     3.21       68     0     B
70       111     71    16    16      71      40     40      1      1       0   B  QuietGame     3.13       68     0     B
67       155    115    33    33     155       0     21      0      5       5   A  Reduction     3.26       68     1     B
69       122     82    33    34     122       0      9      1      4      -4   B  Reduction     3.18       68     1     A
65       235    195    32    34     195      40     40      3      2       0   B  QuietGame     3.12       67     1     A
72       112     72    16    16      72      40     40      1      2      -2   B  QuietGame     3.01       67     0     B
68       177    137    31    31     137      40     40      0      5       5   A  QuietGame     3.29       68     0     A
73       149    109    28    29     109      40     40      0      7       7   A  QuietGame     3.16       67     1     B
78        99     59    12    13      59      40     40      0      3       3   A  QuietGame     3.04       68     0     A
71       222    182    33    33     182      40     40      0      4       3   A  QuietGame     3.29       68     1     B
79        99     59    12    13      59      40     40      0      3       3   A  QuietGame     3.04       68     1     B
75       152    112    32    33     112      40     40      0      2       1   B  QuietGame     3.15       68     1     A
74       180    140    31    31     140      40     40      0      4       3   A  QuietGame     3.21       68     0     A
76       173    133    34    34     173       0     34      2      4       4   A  Reduction     3.32       68     0     A
77       210    170    27    28     170      40     40      1      8      -8   B  QuietGame     3.25       68     1     A

games                80
mean plies           160.7   (movement 120.7)
mean captures        28.4
mean removals        29.1
mean dead tail       25.5   plies after the last capture or removal
mean longest quiet   34.0
mean lead changes    1.1   (39 of 80 games had any)
mean peak margin     3.8
mean final margin    3.2   (absolute)
ended by quiet game  51  (64%)
ended by reduction   29  (36%)
ended by immobilize  0  (0%)
won by A / B         46 / 34
mean depth           3.20   (over 5422 searched opening plies)
wall clock           773.554 s

weight-set A wins    40 / 80  (50.0%)   [as P0: 23/40, as P1: 17/40]
weight-set B wins    40 / 80
quiet-game share     A-wins 55.0%   B-wins 72.5%   all 63.8%
95% threshold        wins >= 48 of 80 (one-sided): neither side significant
csv line appended to doc\bench\sweeps\2026-08-24\coarse.csv
drop  strikers x0.25 -> 0.0125 = 50.0% wins, quiet 63.75%
>> ./cmake-build-release/latrunculi_game/latrunculi_bench.exe pairs=40 ms=500 seed=777001 threads=8 rows=8 columns=10 perside=20 csv=doc\bench\sweeps\2026-08-24\coarse.csv wA.threat=0.25 wA.pair=0.02 wA.mobility=0.02 wA.centre=0.05 wA.vulnerableAxes=-0.03 wA.oneMoveCapturable=-0.9 wA.spearheadPairs=0.15 wA.diagonalSupport=0.06 wA.deniedSquares=0.04 wA.strikers=0.025 wA.notchExposure=-0.12 wB.threat=0.25 wB.pair=0.02 wB.mobility=0.02 wB.centre=0.05 wB.vulnerableAxes=-0.03 wB.oneMoveCapturable=-0.9 wB.spearheadPairs=0.15 wB.diagonalSupport=0.06 wB.deniedSquares=0.04 wB.strikers=0.05 wB.notchExposure=-0.12
Latrunculi bench: 40 mirrored A-vs-B pairs (80 games), 8x10, 20 per side, slide, convex payoff, komi 1.5, policy placement, 500 ms per searched ply, 8 threads
base seed: 777001  (pair p uses seed base+p; even game index = set A as P0)
XML: not saved   memory tracking level: 0

game   plies  moveP  capt  remv lastAct    tail  quiet   lead   peak  margin win  reason    depth    srchd  AasP  wSet
7        117     77    32    32     117       0      9      0      6       6   A  Reduction     3.22       68     1     B
2        128     88    34    34     128       0     10      1      4      -4   B  Reduction     3.24       67     0     B
6        148    108    30    30     108      40     40      2      3       0   B  QuietGame     3.22       68     0     B
0        158    118    34    34     158       0     16      1      4      -4   B  Reduction     3.32       68     0     B
5        183    143    33    33     143      40     40      0      3       3   A  QuietGame     3.21       68     1     B
1        185    145    33    34     185       0     29      2      4       4   A  Reduction     3.25       68     1     B
3        202    162    35    35     202       0     21      1      3      -3   B  Reduction     3.25       67     1     A
4        224    184    32    34     184      40     40      2      2       0   B  QuietGame     3.16       68     0     B
9        124     84    23    23      84      40     40      0      4       3   A  QuietGame     3.18       68     1     B
10       138     98    33    33     138       0     33      1      5      -5   B  Reduction     3.19       67     0     B
12       129     89    32    33     129       0     13      0      5       5   A  Reduction     3.24       68     0     A
13       137     97    34    36     137       0     10      0      3       2   A  Reduction     3.24       68     1     B
11       192    152    32    32     152      40     40      2      2       0   B  QuietGame     3.24       67     1     A
15       140    100    21    23     100      40     40      0      2       1   B  QuietGame     3.19       68     1     A
8        267    227    30    31     227      40     40      2      2       1   B  QuietGame     3.15       68     0     B
19        95     55    11    12      55      40     40      2      2       2   A  QuietGame     2.97       68     1     B
14       204    164    32    32     204       0     33      1      6      -6   B  Reduction     3.18       68     0     B
16       171    131    34    35     171       0     30      0      3       3   A  Reduction     3.18       68     0     A
17       148    108    29    30     108      40     40      2      2       0   B  QuietGame     3.15       68     1     A
20       137     97    31    31      97      40     40      1      3      -1   B  QuietGame     3.27       67     0     B
18       205    165    32    34     165      40     40      3      3      -2   B  QuietGame     3.18       68     0     B
23       116     76    19    20      76      40     40      1      2       0   B  QuietGame     3.25       68     1     A
21       166    126    33    33     166       0     38      1      5      -5   B  Reduction     3.24       67     1     A
22       150    110    34    34     150       0     17      1      4      -4   B  Reduction     3.28       68     0     B
24       154    114    31    32     114      40     40      0      5       4   A  QuietGame     3.16       68     0     A
26       171    131    30    30     131      40     40      0      6       6   A  QuietGame     3.25       68     0     A
25       188    148    34    35     188       0     37      1      3      -3   B  Reduction     3.09       68     1     A
29       102     62    10    10      62      40     40      0      1       0   B  QuietGame     3.12       68     1     A
27       197    157    34    34     157      40     40      1      2       0   B  QuietGame     3.28       68     1     A
31       159    119    29    31     119      40     40      0      4       3   A  QuietGame     3.22       67     1     B
30       165    125    33    34     125      40     40      1      2       0   B  QuietGame     3.18       67     0     B
28       198    158    28    29     158      40     40      1      2      -1   B  QuietGame     3.22       68     0     B
32       164    124    33    34     124      40     40      2      3       2   A  QuietGame     3.38       68     0     A
33       155    115    29    30     115      40     40      0      3       2   A  QuietGame     3.25       68     1     B
34       162    122    31    31     122      40     40      1      5      -5   B  QuietGame     3.31       67     0     B
35       212    172    31    31     212       0     27      1      7      -7   B  Reduction     3.27       67     1     A
36       169    129    33    33     169       0     27      0      5       5   A  Reduction     3.25       68     0     A
37       169    129    33    33     169       0     27      0      5       5   A  Reduction     3.26       68     1     B
40       149    109    32    32     109      40     40      1      1       0   B  QuietGame     3.21       67     0     B
38       181    141    33    35     181       0     21      6      3       3   A  Reduction     3.10       68     0     A
39       173    133    32    34     133      40     40      5      2       0   B  QuietGame     3.15       68     1     A
42       177    137    34    34     137      40     40      3      2       0   B  QuietGame     3.15       67     0     B
41       204    164    28    29     164      40     40      1      7      -7   B  QuietGame     3.18       67     1     A
44       152    112    29    30     112      40     40      1      4      -4   B  QuietGame     3.19       68     0     B
45       160    120    34    34     120      40     40      4      3       2   A  QuietGame     3.19       68     1     B
43       201    161    29    31     201       0     25      2      7       7   A  Reduction     3.13       67     1     B
46       163    123    32    33     163       0     14      0      5       5   A  Reduction     3.24       68     0     A
48       177    137    35    35     137      40     40      8      2       1   B  QuietGame     3.26       68     0     B
49       160    120    28    28     120      40     40      0      5       4   A  QuietGame     3.29       68     1     B
47       228    188    34    35     228       0     32      3      3      -3   B  Reduction     3.03       68     1     A
52       123     83    28    30     123       0     29      0      8       8   A  Reduction     3.28       68     0     A
50       194    154    33    34     154      40     40      4      2       0   B  QuietGame     3.21       68     0     B
51       164    124    34    34     164       0     21      1      4      -4   B  Reduction     3.26       68     1     A
56        90     50     6     6      50      40     40      0      1       0   B  QuietGame     3.06       68     0     B
54       211    171    36    36     211       0     35      0      2       2   A  Reduction     3.16       68     0     A
53       224    184    32    32     184      40     40      4      5       4   A  QuietGame     3.15       68     1     B
55       200    160    35    35     160      40     40      0      2       1   B  QuietGame     3.19       68     1     A
57       172    132    32    33     132      40     40      0      5       3   A  QuietGame     3.22       68     1     B
59       154    114    25    25     114      40     40      1      5      -5   B  QuietGame     3.12       68     1     A
61       147    107    34    34     147       0     17      6      4       4   A  Reduction     3.38       68     1     B
62       111     71    16    17      71      40     40      0      3       3   A  QuietGame     3.04       68     0     A
58       216    176    33    33     176      40     40      0      4       3   A  QuietGame     3.21       68     0     A
64       115     75    24    24      75      40     40      0      4       4   A  QuietGame     3.42       67     0     A
60       223    183    34    34     183      40     40      3      2       0   B  QuietGame     3.22       68     0     B
65       162    122    32    34     162       0     26      1      4      -4   B  Reduction     3.18       67     1     A
63       225    185    33    35     185      40     40      4      2       1   B  QuietGame     3.15       68     1     A
69       139     99    34    34     139       0     10      0      4       4   A  Reduction     3.26       68     1     B
66       196    156    32    34     156      40     40      4      2       0   B  QuietGame     3.24       68     0     B
67       194    154    31    33     154      40     40      3      2      -1   B  QuietGame     3.18       68     1     A
70       167    127    33    33     167       0     17      0      5       5   A  Reduction     3.26       68     0     A
68       210    170    32    33     170      40     40      5      3      -3   B  QuietGame     3.25       68     0     B
71       188    148    33    33     148      40     40      0      3       1   B  QuietGame     3.28       68     1     A
75       147    107    31    31     107      40     40      4      1       1   B  QuietGame     3.25       68     1     A
74       162    122    34    34     162       0     16      1      4      -4   B  Reduction     3.25       68     0     B
78        99     59    12    13      59      40     40      0      3       3   A  QuietGame     3.06       68     0     A
72       220    180    32    33     180      40     40      3      2      -1   B  QuietGame     3.28       67     0     B
73       178    138    30    31     138      40     40      0      4       3   A  QuietGame     3.16       67     1     B
79        99     59    12    13      59      40     40      0      3       3   A  QuietGame     3.06       68     1     B
76       196    156    32    32     156      40     40      2      3       2   A  QuietGame     3.37       68     0     A
77       235    195    32    35     195      40     40      2      3       1   B  QuietGame     3.28       68     1     A

games                80
mean plies           168.9   (movement 128.9)
mean captures        30.0
mean removals        30.7
mean dead tail       26.0   plies after the last capture or removal
mean longest quiet   34.0
mean lead changes    1.4   (50 of 80 games had any)
mean peak margin     3.5
mean final margin    2.8   (absolute)
ended by quiet game  52  (65%)
ended by reduction   28  (35%)
ended by immobilize  0  (0%)
won by A / B         34 / 46
mean depth           3.21   (over 5422 searched opening plies)
wall clock           825.708 s

weight-set A wins    38 / 80  (47.5%)   [as P0: 16/40, as P1: 22/40]
weight-set B wins    42 / 80
quiet-game share     A-wins 60.5%   B-wins 69.0%   all 65.0%
95% threshold        wins >= 48 of 80 (one-sided): neither side significant
csv line appended to doc\bench\sweeps\2026-08-24\coarse.csv
drop  strikers x0.5 -> 0.025 = 47.5% wins, quiet 65%
>> ./cmake-build-release/latrunculi_game/latrunculi_bench.exe pairs=40 ms=500 seed=777001 threads=8 rows=8 columns=10 perside=20 csv=doc\bench\sweeps\2026-08-24\coarse.csv wA.threat=0.25 wA.pair=0.02 wA.mobility=0.02 wA.centre=0.05 wA.vulnerableAxes=-0.03 wA.oneMoveCapturable=-0.9 wA.spearheadPairs=0.15 wA.diagonalSupport=0.06 wA.deniedSquares=0.04 wA.strikers=0.1 wA.notchExposure=-0.12 wB.threat=0.25 wB.pair=0.02 wB.mobility=0.02 wB.centre=0.05 wB.vulnerableAxes=-0.03 wB.oneMoveCapturable=-0.9 wB.spearheadPairs=0.15 wB.diagonalSupport=0.06 wB.deniedSquares=0.04 wB.strikers=0.05 wB.notchExposure=-0.12
Latrunculi bench: 40 mirrored A-vs-B pairs (80 games), 8x10, 20 per side, slide, convex payoff, komi 1.5, policy placement, 500 ms per searched ply, 8 threads
base seed: 777001  (pair p uses seed base+p; even game index = set A as P0)
XML: not saved   memory tracking level: 0

game   plies  moveP  capt  remv lastAct    tail  quiet   lead   peak  margin win  reason    depth    srchd  AasP  wSet
4        117     77    15    17      77      40     40      0      4       3   A  QuietGame     3.26       68     0     A
1        149    109    31    31     149       0     19      0      7       7   A  Reduction     3.28       68     1     B
7        168    128    33    33     128      40     40      4      2       1   B  QuietGame     3.21       68     1     A
2        179    139    25    26     139      40     40      0      8       8   A  QuietGame     3.25       67     0     A
0        179    139    33    35     139      40     40      3      2      -1   B  QuietGame     3.13       68     0     B
3        189    149    26    27     149      40     40      1      6      -5   B  QuietGame     3.18       67     1     A
6        221    181    31    31     221       0     38      0      7       7   A  Reduction     3.26       68     0     A
5        225    185    34    35     185      40     40      6      2       1   B  QuietGame     3.22       68     1     A
9        131     91    26    29      91      40     40      0      7       7   A  QuietGame     3.13       68     1     B
8        170    130    30    31     130      40     40      0      4       3   A  QuietGame     3.22       68     0     A
11       133     93    28    31     133       0     13      0      7       7   A  Reduction     3.22       67     1     B
12       157    117    31    32     157       0     20      0      6       6   A  Reduction     3.22       68     0     A
10       192    152    34    35     192       0     32      1      3      -3   B  Reduction     3.18       67     0     B
14       150    110    30    31     110      40     40      0      4       3   A  QuietGame     3.21       68     0     A
13       183    143    30    32     143      40     40      0      4       4   A  QuietGame     3.25       68     1     B
15       160    120    32    32     160       0     15      1      6      -6   B  Reduction     3.18       68     1     A
17       145    105    33    34     145       0     19      0      4       4   A  Reduction     3.26       68     1     B
18       143    103    32    34     143       0     10      2      4       4   A  Reduction     3.13       68     0     A
22       116     76    20    20      76      40     40      0      3       2   A  QuietGame     3.25       68     0     A
16       214    174    36    36     174      40     40      6      2       0   B  QuietGame     3.21       68     0     B
21       131     91    26    27      91      40     40      1      5      -3   B  QuietGame     3.22       67     1     A
23       117     77    28    30     117       0     10      0      8       8   A  Reduction     3.09       68     1     B
19       183    143    29    29     183       0     22      0      9       9   A  Reduction     3.19       68     1     B
20       173    133    34    34     133      40     40      3      2       0   B  QuietGame     3.28       67     0     B
25       126     86    34    35     126       0      6      5      3      -3   B  Reduction     3.24       68     1     A
24       163    123    31    31     123      40     40      0      3       3   A  QuietGame     3.19       68     0     A
29       103     63    16    17      63      40     40      2      1       1   B  QuietGame     3.01       68     1     A
26       191    151    33    33     151      40     40      2      2       1   B  QuietGame     3.25       68     0     B
27       205    165    36    36     205       0     25      2      2       2   A  Reduction     3.26       68     1     B
28       205    165    31    33     165      40     40      6      3       3   A  QuietGame     3.16       68     0     A
31       178    138    29    32     138      40     40      0      5       4   A  QuietGame     2.97       67     1     B
30       200    160    32    34     160      40     40      1      3      -2   B  QuietGame     3.07       67     0     B
32       182    142    28    28     142      40     40      0      7       6   A  QuietGame     3.15       68     0     A
33       177    137    31    33     137      40     40      0      3       3   A  QuietGame     3.15       68     1     B
34       196    156    32    33     156      40     40      6      2       1   B  QuietGame     3.13       67     0     B
35       136     96    34    34     136       0      9      1      4      -4   B  Reduction     3.24       67     1     A
39       107     67    16    18      67      40     40      3      2       0   B  QuietGame     3.06       68     1     A
37       162    122    31    33     122      40     40      6      2       1   B  QuietGame     3.31       68     1     A
36       177    137    28    31     137      40     40      0      5       5   A  QuietGame     3.07       68     0     A
38       173    133    32    34     133      40     40      5      2       0   B  QuietGame     3.16       68     0     B
40       180    140    32    32     140      40     40      1      3      -2   B  QuietGame     3.24       67     0     B
41       188    148    29    30     148      40     40      0      7       6   A  QuietGame     3.16       67     1     B
43       167    127    33    33     167       0     29      0      5       5   A  Reduction     3.22       67     1     B
44       160    120    34    34     120      40     40      4      3       2   A  QuietGame     3.22       68     0     A
42       195    155    30    30     155      40     40      4      2       2   A  QuietGame     3.19       67     0     A
45       154    114    30    30     114      40     40      8      1       0   B  QuietGame     3.18       68     1     A
46       165    125    31    32     165       0     27      0      6       6   A  Reduction     3.26       68     0     A
47       165    125    32    32     125      40     40      6      2       2   A  QuietGame     3.18       68     1     B
50       149    109    26    26     109      40     40      5      1       0   B  QuietGame     3.24       68     0     B
49       181    141    33    34     141      40     40      3      3      -2   B  QuietGame     3.28       68     1     A
51       172    132    30    31     132      40     40      0      3       1   B  QuietGame     3.18       68     1     A
48       226    186    33    33     226       0     24      1      5      -5   B  Reduction     3.16       68     0     B
52       175    135    29    29     135      40     40      0      7       7   A  QuietGame     3.24       68     0     A
53       169    129    29    31     169       0     36      0      7       7   A  Reduction     3.26       68     1     B
55       171    131    24    27     131      40     40      0      3       3   A  QuietGame     3.10       68     1     B
54       188    148    32    32     148      40     40      0      3       2   A  QuietGame     3.26       68     0     A
56       129     89    34    34     129       0     13      0      4       4   A  Reduction     3.37       68     0     A
58       125     85    22    23      85      40     40      2      2       1   B  QuietGame     3.16       68     0     B
57       147    107    31    34     107      40     40      7      1       0   B  QuietGame     3.26       68     1     A
59       164    124    34    35     164       0     23      3      3      -3   B  Reduction     3.18       68     1     A
60       194    154    32    32     154      40     40      0      3       2   A  QuietGame     3.28       68     0     A
63       147    107    33    34     147       0     29      0      4       4   A  Reduction     3.21       68     1     B
62       182    142    30    31     142      40     40      0      4       3   A  QuietGame     3.16       68     0     A
64       166    126    35    35     166       0     27      1      3      -3   B  Reduction     3.37       67     0     B
61       237    197    34    35     197      40     40      2      2       1   B  QuietGame     3.32       68     1     A
66       165    125    33    35     125      40     40      0      3       1   B  QuietGame     3.16       68     0     B
65       171    131    31    31     131      40     40      0      4       3   A  QuietGame     3.36       67     1     B
67       149    109    33    35     149       0     13      0      3       3   A  Reduction     3.15       68     1     B
68       121     81    19    20      81      40     40      0      2       2   A  QuietGame     3.24       68     0     A
69       152    112    29    29     112      40     40      0      6       5   A  QuietGame     3.18       68     1     B
70       168    128    31    32     128      40     40      0      5       4   A  QuietGame     3.15       68     0     A
72       150    110    22    23     110      40     40      1      7      -7   B  QuietGame     3.15       67     0     B
73       151    111    29    29     111      40     40      0      7       7   A  QuietGame     3.24       67     1     B
74       179    139    31    31     139      40     40      0      3       3   A  QuietGame     3.19       68     0     A
76       152    112    29    30     112      40     40      0      3       2   A  QuietGame     3.26       68     0     A
71       222    182    36    36     182      40     40      6      2       0   B  QuietGame     3.25       68     1     A
78        99     59    12    13      59      40     40      0      3       3   A  QuietGame     3.06       68     0     A
75       213    173    34    35     213       0     35      0      3       3   A  Reduction     3.25       68     1     B
77       180    140    32    34     180       0     21      1      4      -4   B  Reduction     3.19       68     1     A
79       180    140    33    34     180       0     25      3      4      -4   B  Reduction     3.18       68     1     A

games                80
mean plies           166.9   (movement 126.9)
mean captures        29.8
mean removals        30.8
mean dead tail       27.5   plies after the last capture or removal
mean longest quiet   34.2
mean lead changes    1.6   (38 of 80 games had any)
mean peak margin     3.9
mean final margin    3.3   (absolute)
ended by quiet game  55  (69%)
ended by reduction   25  (31%)
ended by immobilize  0  (0%)
won by A / B         46 / 34
mean depth           3.20   (over 5422 searched opening plies)
wall clock           814.461 s

weight-set A wins    44 / 80  (55.0%)   [as P0: 25/40, as P1: 19/40]
weight-set B wins    36 / 80
quiet-game share     A-wins 75.0%   B-wins 61.1%   all 68.8%
95% threshold        wins >= 48 of 80 (one-sided): neither side significant
csv line appended to doc\bench\sweeps\2026-08-24\coarse.csv
KEEP  strikers x2 -> 0.1 = 55.0% wins, quiet 68.75%
>> ./cmake-build-release/latrunculi_game/latrunculi_bench.exe pairs=40 ms=500 seed=777001 threads=8 rows=8 columns=10 perside=20 csv=doc\bench\sweeps\2026-08-24\coarse.csv wA.threat=0.25 wA.pair=0.02 wA.mobility=0.02 wA.centre=0.05 wA.vulnerableAxes=-0.03 wA.oneMoveCapturable=-0.9 wA.spearheadPairs=0.15 wA.diagonalSupport=0.06 wA.deniedSquares=0.04 wA.strikers=0.2 wA.notchExposure=-0.12 wB.threat=0.25 wB.pair=0.02 wB.mobility=0.02 wB.centre=0.05 wB.vulnerableAxes=-0.03 wB.oneMoveCapturable=-0.9 wB.spearheadPairs=0.15 wB.diagonalSupport=0.06 wB.deniedSquares=0.04 wB.strikers=0.05 wB.notchExposure=-0.12
Latrunculi bench: 40 mirrored A-vs-B pairs (80 games), 8x10, 20 per side, slide, convex payoff, komi 1.5, policy placement, 500 ms per searched ply, 8 threads
base seed: 777001  (pair p uses seed base+p; even game index = set A as P0)
XML: not saved   memory tracking level: 0

game   plies  moveP  capt  remv lastAct    tail  quiet   lead   peak  margin win  reason    depth    srchd  AasP  wSet
7        119     79    30    30     119       0     17      1      8       8   A  Reduction     3.09       68     1     B
2        135     95    28    29     135       0     19      0      9       9   A  Reduction     3.28       67     0     A
4        140    100    24    25     100      40     40      0      4       3   A  QuietGame     3.25       68     0     A
3        171    131    34    35     171       0     26      0      3       3   A  Reduction     3.15       67     1     B
0        175    135    34    34     135      40     40      3      3       0   B  QuietGame     3.21       68     0     B
5        194    154    32    32     154      40     40      0      5       4   A  QuietGame     3.38       68     1     B
6        208    168    32    34     168      40     40      0      3       2   A  QuietGame     3.24       68     0     A
1        234    194    31    31     194      40     40      0      4       3   A  QuietGame     3.13       68     1     B
9        137     97    32    34     137       0     29      0      4       4   A  Reduction     3.32       68     1     B
11       113     73    15    17      73      40     40      0      2       1   B  QuietGame     3.21       67     1     A
8        169    129    33    34     169       0     32      4      4       4   A  Reduction     3.29       68     0     A
10       211    171    36    36     211       0     28      4      2       2   A  Reduction     3.45       67     0     A
12       181    141    33    33     141      40     40      1      4      -3   B  QuietGame     3.31       68     0     B
13       172    132    33    33     132      40     40      0      4       3   A  QuietGame     3.31       68     1     B
14       160    120    33    33     160       0     11      1      5      -5   B  Reduction     3.31       68     0     B
16       128     88    21    21      88      40     40      0      4       3   A  QuietGame     3.19       68     0     A
17       165    125    34    35     165       0     22      2      3       3   A  Reduction     3.22       68     1     B
18       167    127    32    34     167       0     33      4      4       4   A  Reduction     3.16       68     0     A
20       142    102    34    34     142       0     19      5      4      -4   B  Reduction     3.30       67     0     B
15       253    213    34    35     213      40     40      1      2       1   B  QuietGame     2.93       68     1     A
19       169    129    35    35     169       0     22      0      3       3   A  Reduction     3.31       68     1     B
21       155    115    35    35     155       0     15      4      3       3   A  Reduction     3.27       67     1     B
22       153    113    34    34     153       0     32      0      4       4   A  Reduction     3.31       68     0     A
23       186    146    30    32     146      40     40      0      5       4   A  QuietGame     3.13       68     1     B
29       120     80    19    20      80      40     40      0      3       2   A  QuietGame     3.19       68     1     B
24       195    155    35    35     195       0     34      4      3       3   A  Reduction     3.24       68     0     A
25       191    151    28    28     151      40     40      0      2       2   A  QuietGame     3.15       68     1     B
28       148    108    17    17     108      40     40      1      2      -1   B  QuietGame     3.26       68     0     B
27       176    136    32    32     136      40     40      3      3      -2   B  QuietGame     2.99       68     1     A
26       211    171    33    34     171      40     40      1      2       0   B  QuietGame     3.15       68     0     B
31       143    103    30    31     143       0     21      0      7       7   A  Reduction     3.30       67     1     B
30       201    161    34    34     161      40     40      5      2       0   B  QuietGame     3.22       67     0     B
34       154    114    24    28     114      40     40      1      4      -4   B  QuietGame     2.96       67     0     B
32       182    142    30    31     142      40     40      1      5      -5   B  QuietGame     3.22       68     0     B
33       185    145    32    33     185       0     32      0      5       5   A  Reduction     3.21       68     1     B
35       162    122    35    35     162       0     23      1      3      -3   B  Reduction     3.31       67     1     A
37       140    100    29    31     100      40     40      6      2       1   B  QuietGame     3.29       68     1     A
38       146    106    30    31     106      40     40      0      6       5   A  QuietGame     3.12       68     0     A
39       167    127    32    32     127      40     40      0      4       4   A  QuietGame     3.34       68     1     B
36       225    185    35    35     185      40     40      0      2       1   B  QuietGame     3.18       68     0     B
41       140    100    33    35     140       0     11      5      3      -3   B  Reduction     3.15       67     1     A
43       149    109    33    34     149       0     16      0      4       4   A  Reduction     3.18       67     1     B
40       180    140    32    32     140      40     40      1      3      -2   B  QuietGame     3.27       67     0     B
42       179    139    34    34     179       0     33      4      4       4   A  Reduction     3.27       67     0     A
45       151    111    33    34     151       0     23      0      4       4   A  Reduction     3.22       68     1     B
44       179    139    34    34     179       0     35      0      4       4   A  Reduction     3.19       68     0     A
47       151    111    33    33     151       0     35      0      5       5   A  Reduction     3.22       68     1     B
46       177    137    32    33     137      40     40      0      3       3   A  QuietGame     3.12       68     0     A
49       123     83    19    20      83      40     40      0      2       2   A  QuietGame     3.10       68     1     B
48       172    132    33    33     172       0     26      1      5      -5   B  Reduction     3.19       68     0     B
52       129     89    34    34     129       0     10      0      4       4   A  Reduction     3.25       68     0     A
50       186    146    34    35     146      40     40      0      4       1   B  QuietGame     3.22       68     0     B
51       161    121    24    26     121      40     40      0      6       6   A  QuietGame     3.07       68     1     B
54       130     90    29    29      90      40     40      3      2      -1   B  QuietGame     3.24       68     0     B
53       178    138    30    30     138      40     40      3      2      -2   B  QuietGame     3.24       68     1     A
56       178    138    28    28     138      40     40      0      7       6   A  QuietGame     3.34       68     0     A
55       229    189    32    32     189      40     40      1      5      -4   B  QuietGame     3.24       68     1     A
58       177    137    29    29     137      40     40      0      7       7   A  QuietGame     3.51       68     0     A
57       189    149    33    33     189       0     33      0      5       5   A  Reduction     3.21       68     1     B
59       183    143    31    31     143      40     40      0      3       3   A  QuietGame     3.16       68     1     B
60       194    154    31    32     154      40     40      0      5       4   A  QuietGame     3.19       68     0     A
61       199    159    33    34     159      40     40      1      2       0   B  QuietGame     3.22       68     1     A
65       101     61    14    15      61      40     40      0      3       3   A  QuietGame     3.07       67     1     B
62       219    179    35    36     219       0     37      8      2       2   A  Reduction     3.19       68     0     A
66       178    138    31    31     138      40     40      5      1      -1   B  QuietGame     3.21       68     0     B
64       204    164    35    35     204       0     27      1      3      -3   B  Reduction     3.34       67     0     B
63       240    200    34    35     200      40     40      3      1      -1   B  QuietGame     3.18       68     1     A
67       220    180    30    30     180      40     40      1      6      -6   B  QuietGame     3.18       68     1     A
70       167    127    28    29     127      40     40      0      7       7   A  QuietGame     3.18       68     0     A
69       198    158    32    32     158      40     40      0      5       4   A  QuietGame     3.22       68     1     B
68       236    196    34    35     236       0     34      1      3      -3   B  Reduction     3.12       68     0     B
72       113     73    14    15      73      40     40      1      3      -1   B  QuietGame     3.07       67     0     B
71       181    141    34    34     141      40     40      2      2       2   A  QuietGame     3.32       68     1     B
74       138     98    30    30      98      40     40      6      2       0   B  QuietGame     3.29       68     0     B
73       160    120    34    34     160       0     24      1      4      -4   B  Reduction     3.24       67     1     A
75       136     96    24    26      96      40     40      1      4      -4   B  QuietGame     3.16       68     1     A
79       133     93    33    34     133       0     20      0      4       4   A  Reduction     3.25       68     1     B
76       184    144    28    28     144      40     40      0      5       4   A  QuietGame     3.22       68     0     A
77       199    159    34    34     159      40     40      1      2       0   B  QuietGame     3.26       68     1     A
78       216    176    34    34     176      40     40      0      3       2   A  QuietGame     3.24       68     0     A

games                80
mean plies           171.8   (movement 131.8)
mean captures        30.6
mean removals        31.2
mean dead tail       24.5   plies after the last capture or removal
mean longest quiet   34.2
mean lead changes    1.3   (40 of 80 games had any)
mean peak margin     3.8
mean final margin    3.2   (absolute)
ended by quiet game  49  (61%)
ended by reduction   31  (39%)
ended by immobilize  0  (0%)
won by A / B         47 / 33
mean depth           3.22   (over 5422 searched opening plies)
wall clock           840.783 s

weight-set A wins    35 / 80  (43.8%)   [as P0: 21/40, as P1: 14/40]
weight-set B wins    45 / 80
quiet-game share     A-wins 62.9%   B-wins 60.0%   all 61.2%
95% threshold        wins >= 48 of 80 (one-sided): neither side significant
csv line appended to doc\bench\sweeps\2026-08-24\coarse.csv
drop  strikers x4 -> 0.2 = 43.8% wins, quiet 61.25%
>> ./cmake-build-release/latrunculi_game/latrunculi_bench.exe pairs=40 ms=500 seed=777001 threads=8 rows=8 columns=10 perside=20 csv=doc\bench\sweeps\2026-08-24\coarse.csv wA.threat=0.25 wA.pair=0.02 wA.mobility=0.02 wA.centre=0.05 wA.vulnerableAxes=-0.03 wA.oneMoveCapturable=-0.9 wA.spearheadPairs=0.15 wA.diagonalSupport=0.06 wA.deniedSquares=0.04 wA.strikers=0.05 wA.notchExposure=-0.03 wB.threat=0.25 wB.pair=0.02 wB.mobility=0.02 wB.centre=0.05 wB.vulnerableAxes=-0.03 wB.oneMoveCapturable=-0.9 wB.spearheadPairs=0.15 wB.diagonalSupport=0.06 wB.deniedSquares=0.04 wB.strikers=0.05 wB.notchExposure=-0.12
Latrunculi bench: 40 mirrored A-vs-B pairs (80 games), 8x10, 20 per side, slide, convex payoff, komi 1.5, policy placement, 500 ms per searched ply, 8 threads
base seed: 777001  (pair p uses seed base+p; even game index = set A as P0)
XML: not saved   memory tracking level: 0

game   plies  moveP  capt  remv lastAct    tail  quiet   lead   peak  margin win  reason    depth    srchd  AasP  wSet
4        125     85    20    21      85      40     40      1      2      -1   B  QuietGame     3.15       68     0     B
1        141    101    32    32     101      40     40      1      3      -2   B  QuietGame     3.32       68     1     A
0        151    111    32    32     151       0     18      0      6       6   A  Reduction     3.19       68     0     A
7        172    132    28    28     132      40     40      1      6      -6   B  QuietGame     3.19       68     1     A
5        174    134    32    32     134      40     40      0      5       4   A  QuietGame     3.22       68     1     B
2        179    139    25    26     139      40     40      0      8       8   A  QuietGame     3.25       67     0     A
3        179    139    25    26     139      40     40      0      8       8   A  QuietGame     3.25       67     1     B
6        200    160    31    33     160      40     40      0      4       3   A  QuietGame     2.93       68     0     A
9        124     84    18    19      84      40     40      1      2      -1   B  QuietGame     3.09       68     1     A
8        163    123    28    30     123      40     40      0      4       4   A  QuietGame     3.10       68     0     A
15       125     85    16    16      85      40     40      0      2       2   A  QuietGame     3.13       68     1     B
10       187    147    34    34     187       0     37      0      4       4   A  Reduction     3.24       67     0     A
14       174    134    34    34     134      40     40      2      3       2   A  QuietGame     3.04       68     0     A
11       187    147    34    34     187       0     37      0      4       4   A  Reduction     3.22       67     1     B
13       191    151    30    30     151      40     40      0      4       4   A  QuietGame     3.15       68     1     B
12       248    208    33    34     208      40     40      3      2      -2   B  QuietGame     3.24       68     0     B
16       175    135    33    34     135      40     40      7      1       0   B  QuietGame     3.21       68     0     B
19       104     64    17    17      64      40     40      0      2       1   B  QuietGame     3.13       68     1     A
17       188    148    32    32     148      40     40      4      3       0   B  QuietGame     3.19       68     1     A
21       138     98    29    29      98      40     40      1      3      -3   B  QuietGame     3.22       67     1     A
18       195    155    33    35     195       0     15      4      3       3   A  Reduction     3.16       68     0     A
20       199    159    36    36     199       0     32      2      2       2   A  Reduction     3.36       67     0     A
25       137     97    26    27      97      40     40      1      2      -1   B  QuietGame     3.18       68     1     A
22       201    161    31    31     161      40     40      0      3       3   A  QuietGame     3.24       68     0     A
26       163    123    36    36     163       0     30      2      2       2   A  Reduction     3.35       68     0     A
23       221    181    35    35     221       0     32      2      3       3   A  Reduction     3.32       68     1     B
28       160    120    30    31     120      40     40      1      2      -1   B  QuietGame     3.09       68     0     B
24       248    208    36    36     248       0     32      1      2      -2   B  Reduction     3.25       68     0     B
31       147    107    29    32     147       0     22      0      6       6   A  Reduction     3.19       67     1     B
27       227    187    34    34     187      40     40      3      1       0   B  QuietGame     3.18       68     1     A
29       184    144    34    35     184       0     35      1      3      -3   B  Reduction     3.09       68     1     A
30       215    175    34    34     175      40     40      0      2       2   A  QuietGame     3.12       67     0     A
32       158    118    31    32     118      40     40      1      4      -4   B  QuietGame     3.22       68     0     B
33       159    119    19    19     119      40     40      2      2       1   B  QuietGame     3.28       68     1     A
36       115     75    18    18      75      40     40      0      2       2   A  QuietGame     3.12       68     0     A
38       107     67    16    18      67      40     40      3      2       0   B  QuietGame     3.07       68     0     B
35       158    118    30    30     118      40     40      1      6      -6   B  QuietGame     3.31       67     1     A
37       169    129    33    33     169       0     27      0      5       5   A  Reduction     3.26       68     1     B
34       238    198    34    34     238       0     38      1      4      -4   B  Reduction     3.07       67     0     B
39       154    114    34    34     154       0     13      1      4      -4   B  Reduction     3.15       68     1     A
42       132     92    25    25      92      40     40      1      2      -1   B  QuietGame     3.28       67     0     B
41       187    147    34    35     147      40     40      1      2      -1   B  QuietGame     3.12       67     1     A
43       167    127    33    33     167       0     29      0      5       5   A  Reduction     3.24       67     1     B
40       210    170    34    34     170      40     40      1      2      -2   B  QuietGame     3.13       67     0     B
44       174    134    32    33     174       0     36      1      5      -5   B  Reduction     3.16       68     0     B
46       115     75    34    35     115       0      6      0      3       3   A  Reduction     3.19       68     0     A
45       163    123    31    31     123      40     40      1      2      -1   B  QuietGame     3.31       68     1     A
50       102     62    14    14      62      40     40      0      1       0   B  QuietGame     3.04       68     0     B
51       102     62     9    11      62      40     40      0      2       1   B  QuietGame     3.07       68     1     A
47       175    135    31    31     135      40     40      0      3       3   A  QuietGame     3.25       68     1     B
48       173    133    32    32     133      40     40      2      2       2   A  QuietGame     3.25       68     0     A
52       141    101    29    31     141       0     19      0      7       7   A  Reduction     3.26       68     0     A
53       169    129    29    31     169       0     36      0      7       7   A  Reduction     3.24       68     1     B
49       217    177    33    34     177      40     40      2      3       2   A  QuietGame     3.25       68     1     B
54       193    153    33    33     153      40     40      0      2       1   B  QuietGame     3.18       68     0     B
59       129     89    16    17      89      40     40      3      2      -1   B  QuietGame     3.15       68     1     A
55       189    149    30    30     189       0     36      0      8       8   A  Reduction     3.22       68     1     B
56       224    184    29    31     184      40     40      0      6       5   A  QuietGame     3.10       68     0     A
58       210    170    31    32     210       0     38      1      6      -6   B  Reduction     3.12       68     0     B
60       163    123    30    30     123      40     40      1      3      -2   B  QuietGame     3.19       68     0     B
61       188    148    28    29     148      40     40      1      7      -7   B  QuietGame     3.07       68     1     A
57       289    249    35    36     289       0     30      2      2       2   A  Reduction     3.13       68     1     B
62       177    137    17    17     137      40     40      0      5       5   A  QuietGame     3.15       68     0     A
64       191    151    33    34     151      40     40      1      2       0   B  QuietGame     3.19       67     0     B
63       203    163    33    33     163      40     40      3      2      -1   B  QuietGame     3.28       68     1     A
65       183    143    32    32     143      40     40      0      4       4   A  QuietGame     3.37       67     1     B
67       165    125    28    28     125      40     40      0      6       6   A  QuietGame     3.35       68     1     B
66       236    196    35    35     236       0     38      1      3      -3   B  Reduction     3.25       68     0     B
69       201    161    32    33     161      40     40      2      3       3   A  QuietGame     3.24       68     1     B
70       190    150    29    31     150      40     40      4      2       1   B  QuietGame     3.16       68     0     B
68       215    175    28    29     175      40     40      3      2      -1   B  QuietGame     3.25       68     0     B
74       167    127    18    19     127      40     40      2      3       3   A  QuietGame     3.07       68     0     A
71       210    170    32    34     170      40     40      1      2      -2   B  QuietGame     3.12       68     1     A
72       221    181    33    36     181      40     40      3      2       0   B  QuietGame     3.15       67     0     B
77       107     67    14    15      67      40     40      0      2       1   B  QuietGame     3.07       68     1     A
75       155    115    21    24     115      40     40      0      8       8   A  QuietGame     3.18       68     1     B
73       231    191    32    34     191      40     40      3      3      -2   B  QuietGame     3.21       67     1     A
76       180    140    32    32     140      40     40      0      5       4   A  QuietGame     3.16       68     0     A
78       190    150    36    36     190       0     25      5      2      -2   B  Reduction     3.12       68     0     B
79       161    121    34    34     121      40     40      1      2       0   B  QuietGame     3.26       68     1     A

games                80
mean plies           175.9   (movement 135.9)
mean captures        29.0
mean removals        29.7
mean dead tail       28.5   plies after the last capture or removal
mean longest quiet   36.8
mean lead changes    1.2   (48 of 80 games had any)
mean peak margin     3.5
mean final margin    3.0   (absolute)
ended by quiet game  57  (71%)
ended by reduction   23  (29%)
ended by immobilize  0  (0%)
won by A / B         37 / 43
mean depth           3.19   (over 5422 searched opening plies)
wall clock           857.773 s

weight-set A wins    41 / 80  (51.2%)   [as P0: 19/40, as P1: 22/40]
weight-set B wins    39 / 80
quiet-game share     A-wins 78.0%   B-wins 64.1%   all 71.2%
95% threshold        wins >= 48 of 80 (one-sided): neither side significant
csv line appended to doc\bench\sweeps\2026-08-24\coarse.csv
drop  notchExposure x0.25 -> -0.03 = 51.3% wins, quiet 71.25%
>> ./cmake-build-release/latrunculi_game/latrunculi_bench.exe pairs=40 ms=500 seed=777001 threads=8 rows=8 columns=10 perside=20 csv=doc\bench\sweeps\2026-08-24\coarse.csv wA.threat=0.25 wA.pair=0.02 wA.mobility=0.02 wA.centre=0.05 wA.vulnerableAxes=-0.03 wA.oneMoveCapturable=-0.9 wA.spearheadPairs=0.15 wA.diagonalSupport=0.06 wA.deniedSquares=0.04 wA.strikers=0.05 wA.notchExposure=-0.06 wB.threat=0.25 wB.pair=0.02 wB.mobility=0.02 wB.centre=0.05 wB.vulnerableAxes=-0.03 wB.oneMoveCapturable=-0.9 wB.spearheadPairs=0.15 wB.diagonalSupport=0.06 wB.deniedSquares=0.04 wB.strikers=0.05 wB.notchExposure=-0.12
Latrunculi bench: 40 mirrored A-vs-B pairs (80 games), 8x10, 20 per side, slide, convex payoff, komi 1.5, policy placement, 500 ms per searched ply, 8 threads
base seed: 777001  (pair p uses seed base+p; even game index = set A as P0)
XML: not saved   memory tracking level: 0

game   plies  moveP  capt  remv lastAct    tail  quiet   lead   peak  margin win  reason    depth    srchd  AasP  wSet
0         96     56    13    14      56      40     40      1      1       0   B  QuietGame     3.01       68     0     B
3        121     81    27    28     121       0     13      0     10      10   A  Reduction     3.21       67     1     B
1        141    101    32    32     101      40     40      1      3      -2   B  QuietGame     3.34       68     1     A
2        175    135    22    23     135      40     40      0      7       7   A  QuietGame     3.25       67     0     A
5        177    137    27    29     137      40     40      0      2       1   B  QuietGame     3.22       68     1     A
7        183    143    36    36     183       0     23      2      2       2   A  Reduction     3.21       68     1     B
6        184    144    32    32     144      40     40      4      2       0   B  QuietGame     3.34       68     0     B
4        189    149    28    28     149      40     40      0      8       8   A  QuietGame     3.22       68     0     A
8        150    110    28    28     110      40     40      0      3       2   A  QuietGame     3.07       68     0     A
9        159    119    34    35     159       0     19      0      3       3   A  Reduction     3.09       68     1     B
12       169    129    21    21     129      40     40      0      4       3   A  QuietGame     3.25       68     0     A
10       218    178    33    34     218       0     28      1      4      -4   B  Reduction     3.09       67     0     B
15       170    130    28    28     130      40     40      1      4      -4   B  QuietGame     3.18       68     1     A
11       187    147    33    33     147      40     40      0      4       3   A  QuietGame     3.19       67     1     B
13       203    163    27    27     163      40     40      1      4       3   A  QuietGame     3.31       68     1     B
14       216    176    34    35     176      40     40      2      2       1   B  QuietGame     3.16       68     0     B
17       164    124    32    32     124      40     40      4      3       0   B  QuietGame     3.18       68     1     A
16       199    159    36    36     159      40     40      3      1       0   B  QuietGame     3.16       68     0     B
23       116     76    20    20      76      40     40      0      3       2   A  QuietGame     3.22       68     1     B
22       133     93    22    22      93      40     40      3      1       0   B  QuietGame     3.24       68     0     B
20       166    126    33    33     166       0     38      1      5      -5   B  Reduction     3.24       67     0     B
21       166    126    33    33     166       0     38      1      5      -5   B  Reduction     3.22       67     1     A
18       193    153    32    34     153      40     40      3      2       0   B  QuietGame     3.16       68     0     B
19       205    165    35    35     205       0     19      0      3       3   A  Reduction     3.16       68     1     B
25       177    137    33    34     137      40     40      1      3      -2   B  QuietGame     3.13       68     1     A
24       194    154    35    35     154      40     40      6      2       1   B  QuietGame     3.12       68     0     B
26       162    122    32    32     122      40     40      0      3       2   A  QuietGame     3.22       68     0     A
27       169    129    27    29     129      40     40      2      7       7   A  QuietGame     3.18       68     1     B
31       147    107    29    29     107      40     40      5      4      -3   B  QuietGame     3.22       67     1     A
28       184    144    34    35     184       0     35      1      3      -3   B  Reduction     3.10       68     0     B
29       184    144    34    35     184       0     35      1      3      -3   B  Reduction     3.07       68     1     A
30       175    135    28    29     135      40     40      0      5       5   A  QuietGame     3.25       67     0     A
33       105     65    17    18      65      40     40      1      2       0   B  QuietGame     3.04       68     1     A
36       120     80    20    20      80      40     40      0      3       2   A  QuietGame     3.10       68     0     A
32       210    170    30    31     170      40     40      1      2      -1   B  QuietGame     3.16       68     0     B
34       173    133    33    33     133      40     40      2      1       1   B  QuietGame     3.24       67     0     B
39       152    112    32    32     152       0     15      1      6      -6   B  Reduction     3.15       68     1     A
35       186    146    32    33     186       0     27      1      5      -5   B  Reduction     3.22       67     1     A
37       167    127    34    34     167       0     32      0      4       4   A  Reduction     3.18       68     1     B
40       186    146    32    34     186       0     31      0      4      -4   B  Reduction     3.12       67     0     B
38       214    174    32    34     174      40     40      8      2       0   B  QuietGame     3.10       68     0     B
41       173    133    34    34     173       0     26      0      4       4   A  Reduction     3.28       67     1     B
45       132     92    19    19      92      40     40      3      1      -1   B  QuietGame     3.10       68     1     A
44       160    120    34    34     120      40     40      4      3       2   A  QuietGame     3.19       68     0     A
43       183    143    33    33     183       0     37      0      5       5   A  Reduction     3.18       67     1     B
42       210    170    30    30     170      40     40      0      5       4   A  QuietGame     3.13       67     0     A
47       129     89    24    24      89      40     40      0      4       4   A  QuietGame     3.18       68     1     B
46       173    133    25    26     133      40     40      0      3       2   A  QuietGame     3.10       68     0     A
48       173    133    32    32     133      40     40      2      2       2   A  QuietGame     3.21       68     0     A
51       102     62     9    11      62      40     40      0      2       1   B  QuietGame     3.07       68     1     A
55       111     71    32    33     111       0     14      0      5       5   A  Reduction     3.24       68     1     B
52       141    101    29    31     141       0     19      0      7       7   A  Reduction     3.26       68     0     A
49       173    133    32    32     133      40     40      2      2       2   A  QuietGame     3.22       68     1     B
50       171    131    32    32     131      40     40      1      2       0   B  QuietGame     3.22       68     0     B
53       141    101    29    31     141       0     19      0      7       7   A  Reduction     3.25       68     1     B
54       195    155    36    36     195       0     32      0      2       2   A  Reduction     3.16       68     0     A
57       123     83    13    13      83      40     40      0      3       3   A  QuietGame     3.07       68     1     B
59       120     80    17    18      80      40     40      4      1       0   B  QuietGame     3.16       68     1     A
56       211    171    36    36     211       0     27      2      2       2   A  Reduction     3.25       68     0     A
60       146    106    33    34     106      40     40     10      1       0   B  QuietGame     3.26       68     0     B
61       175    135    30    30     135      40     40      2      2       2   A  QuietGame     3.21       68     1     B
58       224    184    36    36     224       0     38      1      2      -2   B  Reduction     3.15       68     0     B
62       209    169    33    35     169      40     40      2      2       1   B  QuietGame     3.18       68     0     B
65       115     75    24    24      75      40     40      0      4       4   A  QuietGame     3.42       67     1     B
66       108     68    21    22      68      40     40      2      1       0   B  QuietGame     3.09       68     0     B
64       205    165    35    36     165      40     40      5      2       0   B  QuietGame     3.13       67     0     B
63       206    166    32    32     166      40     40      4      2       0   B  QuietGame     3.28       68     1     A
69       118     78    12    12      78      40     40      2      3       2   A  QuietGame     3.07       68     1     B
68       167    127    33    34     167       0     24      2      4       4   A  Reduction     3.19       68     0     A
67       227    187    30    30     187      40     40      0      6       6   A  QuietGame     3.16       68     1     B
70       183    143    35    35     183       0     25      0      3       3   A  Reduction     3.25       68     0     A
74       135     95    17    18      95      40     40      2      2       2   A  QuietGame     3.04       68     0     A
73       177    137    32    33     177       0     15      0      5       5   A  Reduction     3.15       67     1     B
72       210    170    32    35     170      40     40      3      2      -1   B  QuietGame     3.15       67     0     B
76       121     81    17    18      81      40     40      0      2       2   A  QuietGame     3.12       68     0     A
71       240    200    29    32     200      40     40      0      5       4   A  QuietGame     3.12       68     1     B
75       155    115    23    26     115      40     40      0      8       8   A  QuietGame     3.19       68     1     B
78        99     59    12    13      59      40     40      0      3       3   A  QuietGame     3.06       68     0     A
79       161    121    34    34     121      40     40      1      2       0   B  QuietGame     3.24       68     1     A
77       201    161    33    33     201       0     39      0      5       5   A  Reduction     3.18       68     1     B

games                80
mean plies           167.3   (movement 127.3)
mean captures        28.6
mean removals        29.3
mean dead tail       27.5   plies after the last capture or removal
mean longest quiet   35.9
mean lead changes    1.4   (45 of 80 games had any)
mean peak margin     3.4
mean final margin    2.8   (absolute)
ended by quiet game  55  (69%)
ended by reduction   25  (31%)
ended by immobilize  0  (0%)
won by A / B         43 / 37
mean depth           3.18   (over 5422 searched opening plies)
wall clock           809.474 s

weight-set A wins    35 / 80  (43.8%)   [as P0: 19/40, as P1: 16/40]
weight-set B wins    45 / 80
quiet-game share     A-wins 74.3%   B-wins 64.4%   all 68.8%
95% threshold        wins >= 48 of 80 (one-sided): neither side significant
csv line appended to doc\bench\sweeps\2026-08-24\coarse.csv
drop  notchExposure x0.5 -> -0.06 = 43.8% wins, quiet 68.75%
>> ./cmake-build-release/latrunculi_game/latrunculi_bench.exe pairs=40 ms=500 seed=777001 threads=8 rows=8 columns=10 perside=20 csv=doc\bench\sweeps\2026-08-24\coarse.csv wA.threat=0.25 wA.pair=0.02 wA.mobility=0.02 wA.centre=0.05 wA.vulnerableAxes=-0.03 wA.oneMoveCapturable=-0.9 wA.spearheadPairs=0.15 wA.diagonalSupport=0.06 wA.deniedSquares=0.04 wA.strikers=0.05 wA.notchExposure=-0.24 wB.threat=0.25 wB.pair=0.02 wB.mobility=0.02 wB.centre=0.05 wB.vulnerableAxes=-0.03 wB.oneMoveCapturable=-0.9 wB.spearheadPairs=0.15 wB.diagonalSupport=0.06 wB.deniedSquares=0.04 wB.strikers=0.05 wB.notchExposure=-0.12
Latrunculi bench: 40 mirrored A-vs-B pairs (80 games), 8x10, 20 per side, slide, convex payoff, komi 1.5, policy placement, 500 ms per searched ply, 8 threads
base seed: 777001  (pair p uses seed base+p; even game index = set A as P0)
XML: not saved   memory tracking level: 0

game   plies  moveP  capt  remv lastAct    tail  quiet   lead   peak  margin win  reason    depth    srchd  AasP  wSet
1         90     50     6     7      50      40     40      1      1      -1   B  QuietGame     3.04       68     1     A
6         98     58     9     9      58      40     40      1      1      -1   B  QuietGame     3.04       68     0     B
4        143    103    22    22     103      40     40      2      4       4   A  QuietGame     3.41       68     0     A
5        155    115    27    27     115      40     40      0      3       3   A  QuietGame     3.19       68     1     B
7        167    127    34    34     127      40     40      0      2       2   A  QuietGame     3.21       68     1     B
3        171    131    30    30     131      40     40      9      1       0   B  QuietGame     3.21       67     1     A
0        177    137    34    35     177       0     35      0      3       3   A  Reduction     3.18       68     0     A
2        189    149    33    33     149      40     40      5      2      -1   B  QuietGame     3.18       67     0     B
9        156    116    23    24     116      40     40      0      2       0   B  QuietGame     3.13       68     1     A
8        198    158    27    28     158      40     40      0      5       4   A  QuietGame     3.24       68     0     A
13       142    102    31    32     142       0     27      3      6      -6   B  Reduction     3.09       68     1     A
14       140    100    34    35     140       0     15      1      3      -3   B  Reduction     3.16       68     0     B
11       169    129    33    35     129      40     40      0      3       1   B  QuietGame     3.16       67     1     A
15       155    115    29    32     115      40     40      0      4       4   A  QuietGame     3.10       68     1     B
10       232    192    36    36     232       0     35      1      2      -2   B  Reduction     3.31       67     0     B
12       218    178    27    28     178      40     40      0      5       4   A  QuietGame     3.24       68     0     A
17       151    111    28    28     111      40     40      4      2       2   A  QuietGame     3.16       68     1     B
16       187    147    34    34     147      40     40      4      2       2   A  QuietGame     3.22       68     0     A
19       153    113    33    35     153       0     26      2      3       3   A  Reduction     3.10       68     1     B
21       145    105    27    27     105      40     40      1      4      -3   B  QuietGame     3.22       67     1     A
18       178    138    26    29     138      40     40      0      8       7   A  QuietGame     3.16       68     0     A
20       178    138    33    34     178       0     27      1      4      -4   B  Reduction     3.13       67     0     B
22       161    121    27    29     121      40     40      0      7       7   A  QuietGame     3.18       68     0     A
23       171    131    32    32     131      40     40      0      3       2   A  QuietGame     3.29       68     1     B
26       103     63    16    16      63      40     40      0      2       2   A  QuietGame     3.24       68     0     A
24       204    164    31    32     164      40     40      1      2      -2   B  QuietGame     3.10       68     0     B
29       154    114    28    28     114      40     40      0      4       2   A  QuietGame     3.22       68     1     B
25       228    188    34    35     228       0     34      1      3      -3   B  Reduction     3.18       68     1     A
27       191    151    33    33     151      40     40      2      2       1   B  QuietGame     3.26       68     1     A
30       182    142    35    35     182       0     33      1      3      -3   B  Reduction     3.25       67     0     B
28       229    189    32    32     189      40     40      2      4       4   A  QuietGame     3.19       68     0     A
34        88     48     3     3      48      40     40      1      1      -1   B  QuietGame     3.00       67     0     B
32       188    148    35    35     188       0     23      1      3      -3   B  Reduction     3.35       68     0     B
31       230    190    33    33     190      40     40      0      4       3   A  QuietGame     3.31       67     1     B
37       115     75    18    18      75      40     40      0      2       2   A  QuietGame     3.13       68     1     B
33       190    150    31    31     150      40     40      1      4      -3   B  QuietGame     3.19       68     1     A
35       202    162    34    35     202       0     35      3      3      -3   B  Reduction     3.24       67     1     A
38       171    131    33    34     171       0     26      0      4       4   A  Reduction     3.19       68     0     A
39       176    136    31    33     136      40     40      4      2       1   B  QuietGame     3.18       68     1     A
36       226    186    35    35     186      40     40      2      2       1   B  QuietGame     3.16       68     0     B
41       150    110    35    35     150       0     21      1      3      -3   B  Reduction     3.19       67     1     A
40       211    171    34    35     171      40     40      3      2      -1   B  QuietGame     3.31       67     0     B
43       152    112    35    35     152       0     22      1      3      -3   B  Reduction     3.19       67     1     A
42       162    122    27    27     122      40     40      0      4       1   B  QuietGame     3.18       67     0     B
44       160    120    34    34     120      40     40      4      3       2   A  QuietGame     3.21       68     0     A
45       165    125    25    25     125      40     40      0      3       3   A  QuietGame     3.15       68     1     B
48       123     83    15    15      83      40     40      0      3       3   A  QuietGame     3.18       68     0     A
46       183    143    30    31     143      40     40      0      5       5   A  QuietGame     3.26       68     0     A
47       199    159    31    32     159      40     40      0      2       2   A  QuietGame     3.18       68     1     B
50       139     99    30    32     139       0     15      0      6       6   A  Reduction     3.19       68     0     A
49       185    145    27    28     145      40     40      0      2       2   A  QuietGame     3.12       68     1     B
51       171    131    32    32     131      40     40      1      2       0   B  QuietGame     3.24       68     1     A
52       174    134    35    36     174       0     19      3      2      -2   B  Reduction     3.28       68     0     B
53       181    141    32    33     181       0     21      0      5       5   A  Reduction     3.16       68     1     B
56       158    118    32    32     118      40     40      1      4      -4   B  QuietGame     3.24       68     0     B
58       139     99    28    28      99      40     40      3      3      -2   B  QuietGame     3.25       68     0     B
55       195    155    31    32     155      40     40      0      4       4   A  QuietGame     3.21       68     1     B
54       227    187    31    32     187      40     40      0      4       4   A  QuietGame     3.22       68     0     A
59       178    138    27    28     138      40     40      5      4      -4   B  QuietGame     3.16       68     1     A
57       222    182    28    30     182      40     40      6      2       0   B  QuietGame     3.09       68     1     A
60       146    106    33    34     106      40     40     10      1       0   B  QuietGame     3.25       68     0     B
61       159    119    30    31     119      40     40      5      2      -1   B  QuietGame     3.21       68     1     A
63       149    109    30    33     149       0     17      0      5       5   A  Reduction     3.13       68     1     B
64       156    116    30    31     116      40     40      0      4       3   A  QuietGame     3.10       67     0     A
65       173    133    30    32     173       0     33      0      6       6   A  Reduction     3.15       67     1     B
62       215    175    32    34     175      40     40      3      2       0   B  QuietGame     3.15       68     0     B
66       188    148    33    33     148      40     40      0      4       3   A  QuietGame     3.25       68     0     A
68       204    164    36    36     204       0     34      3      2      -2   B  Reduction     3.21       68     0     B
70       126     86    24    25      86      40     40      0      2       1   B  QuietGame     3.15       68     0     B
69       191    151    31    31     191       0     23      0      7       7   A  Reduction     3.24       68     1     B
71       151    111    30    31     151       0     24      0      7       7   A  Reduction     3.28       68     1     B
67       243    203    34    34     243       0     35      0      4       4   A  Reduction     3.28       68     1     B
72       165    125    32    32     125      40     40      0      4       4   A  QuietGame     3.19       67     0     A
73       201    161    32    33     161      40     40      2      3       3   A  QuietGame     3.12       67     1     B
75       161    121    26    28     121      40     40      0      8       8   A  QuietGame     3.13       68     1     B
74       184    144    31    33     144      40     40      7      3      -1   B  QuietGame     3.22       68     0     B
78       168    128    30    30     128      40     40      1      4      -4   B  QuietGame     3.16       68     0     B
76       224    184    30    31     184      40     40      1      5      -5   B  QuietGame     3.10       68     0     B
79       194    154    33    33     154      40     40      1      3      -3   B  QuietGame     3.25       68     1     A
77       203    163    34    34     163      40     40      9      1       0   B  QuietGame     3.19       68     1     A

games                80
mean plies           173.4   (movement 133.4)
mean captures        29.5
mean removals        30.2
mean dead tail       29.0   plies after the last capture or removal
mean longest quiet   36.2
mean lead changes    1.6   (44 of 80 games had any)
mean peak margin     3.4
mean final margin    2.9   (absolute)
ended by quiet game  58  (72%)
ended by reduction   22  (28%)
ended by immobilize  0  (0%)
won by A / B         39 / 41
mean depth           3.19   (over 5422 searched opening plies)
wall clock           830.485 s

weight-set A wins    37 / 80  (46.2%)   [as P0: 18/40, as P1: 19/40]
weight-set B wins    43 / 80
quiet-game share     A-wins 78.4%   B-wins 67.4%   all 72.5%
95% threshold        wins >= 48 of 80 (one-sided): neither side significant
csv line appended to doc\bench\sweeps\2026-08-24\coarse.csv
drop  notchExposure x2 -> -0.24 = 46.3% wins, quiet 72.5%
>> ./cmake-build-release/latrunculi_game/latrunculi_bench.exe pairs=40 ms=500 seed=777001 threads=8 rows=8 columns=10 perside=20 csv=doc\bench\sweeps\2026-08-24\coarse.csv wA.threat=0.25 wA.pair=0.02 wA.mobility=0.02 wA.centre=0.05 wA.vulnerableAxes=-0.03 wA.oneMoveCapturable=-0.9 wA.spearheadPairs=0.15 wA.diagonalSupport=0.06 wA.deniedSquares=0.04 wA.strikers=0.05 wA.notchExposure=-0.48 wB.threat=0.25 wB.pair=0.02 wB.mobility=0.02 wB.centre=0.05 wB.vulnerableAxes=-0.03 wB.oneMoveCapturable=-0.9 wB.spearheadPairs=0.15 wB.diagonalSupport=0.06 wB.deniedSquares=0.04 wB.strikers=0.05 wB.notchExposure=-0.12
Latrunculi bench: 40 mirrored A-vs-B pairs (80 games), 8x10, 20 per side, slide, convex payoff, komi 1.5, policy placement, 500 ms per searched ply, 8 threads
base seed: 777001  (pair p uses seed base+p; even game index = set A as P0)
XML: not saved   memory tracking level: 0

game   plies  moveP  capt  remv lastAct    tail  quiet   lead   peak  margin win  reason    depth    srchd  AasP  wSet
1         98     58    11    15      58      40     40      2      2       1   B  QuietGame     3.00       68     1     A
2        156    116    31    31     116      40     40      1      2      -1   B  QuietGame     3.28       67     0     B
6        162    122    31    32     122      40     40      2      3       2   A  QuietGame     3.41       68     0     A
0        162    122    29    32     122      40     40      4      2       0   B  QuietGame     3.15       68     0     B
3        181    141    36    36     181       0     25      6      2       2   A  Reduction     3.30       67     1     B
5        182    142    35    35     142      40     40      2      2       1   B  QuietGame     3.25       68     1     A
8        103     63    16    16      63      40     40      0      4       4   A  QuietGame     3.21       68     0     A
7        191    151    34    35     191       0     38      0      4       3   A  Reduction     3.22       68     1     B
4        236    196    33    34     196      40     40      0      3       2   A  QuietGame     3.24       68     0     A
12        98     58    12    13      58      40     40      0      2       1   B  QuietGame     3.00       68     0     B
9        167    127    34    34     167       0     25      0      4       4   A  Reduction     3.29       68     1     B
15       160    120    30    30     120      40     40      6      1       0   B  QuietGame     3.15       68     1     A
14       165    125    34    35     165       0     24      0      3       3   A  Reduction     3.16       68     0     A
10       192    152    31    32     192       0     27      1      6      -6   B  Reduction     3.18       67     0     B
13       192    152    32    33     192       0     21      1      5      -5   B  Reduction     3.25       68     1     A
11       227    187    32    34     227       0     32      0      4       4   A  Reduction     3.04       67     1     B
17       165    125    29    30     125      40     40      2      3      -2   B  QuietGame     3.15       68     1     A
16       194    154    33    33     154      40     40      4      2       1   B  QuietGame     3.35       68     0     B
18       140    100    33    35     140       0     12      3      3      -3   B  Reduction     3.18       68     0     B
20       187    147    34    35     187       0     38      0      3       3   A  Reduction     3.18       67     0     A
19       197    157    35    35     197       0     27      0      3       3   A  Reduction     3.25       68     1     B
21       218    178    33    33     178      40     40      3      3      -3   B  QuietGame     3.22       67     1     A
23       216    176    33    34     176      40     40      4      2       0   B  QuietGame     3.16       68     1     A
22       231    191    30    32     191      40     40      1      5      -4   B  QuietGame     3.10       68     0     B
25       174    134    27    28     134      40     40      1      3      -2   B  QuietGame     3.16       68     1     A
24       184    144    34    34     144      40     40      1      3       2   A  QuietGame     3.25       68     0     A
26       180    140    34    34     140      40     40      3      2      -2   B  QuietGame     3.28       68     0     B
27       168    128    32    32     128      40     40      1      4      -4   B  QuietGame     3.25       68     1     A
28       180    140    34    34     140      40     40      2      3       2   A  QuietGame     3.28       68     0     A
34       123     83     9    13      83      40     40      0      3       3   A  QuietGame     2.90       67     0     A
32       150    110    18    18     110      40     40      1      2      -2   B  QuietGame     3.12       68     0     B
30       153    113    30    33     113      40     40      0      3       3   A  QuietGame     3.12       67     0     A
29       194    154    34    34     154      40     40      0      3       2   A  QuietGame     3.19       68     1     B
31       196    156    32    33     156      40     40      1      3      -3   B  QuietGame     3.22       67     1     A
33       217    177    34    34     177      40     40      6      2       2   A  QuietGame     3.22       68     1     B
39       125     85    30    31     125       0      8      0      7       7   A  Reduction     3.16       68     1     B
38       129     89    31    32     129       0      8      0      6       6   A  Reduction     3.18       68     0     A
36       165    125    27    29     125      40     40      0      7       7   A  QuietGame     3.24       68     0     A
35       196    156    32    32     156      40     40      2      5       4   A  QuietGame     3.27       67     1     B
37       187    147    32    32     147      40     40      0      4       4   A  QuietGame     3.24       68     1     B
40       181    141    26    27     141      40     40      2      3       1   B  QuietGame     3.12       67     0     B
41       188    148    32    33     188       0     21      1      5      -5   B  Reduction     3.25       67     1     A
43       137     97    29    30      97      40     40      0      6       6   A  QuietGame     3.28       67     1     B
42       200    160    33    33     160      40     40      2      2       1   B  QuietGame     3.21       67     0     B
46       149    109    31    33     149       0     23      0      5       5   A  Reduction     3.09       68     0     A
47       147    107    34    35     147       0     16      0      3       3   A  Reduction     3.22       68     1     B
45       194    154    33    33     154      40     40      1      3      -3   B  QuietGame     3.21       68     1     A
44       234    194    35    35     194      40     40      3      3      -1   B  QuietGame     3.26       68     0     B
48       175    135    35    35     175       0     19      4      3       3   A  Reduction     3.13       68     0     A
50       137     97    30    32     137       0     18      0      6       6   A  Reduction     3.19       68     0     A
49       192    152    28    29     152      40     40      0      8       7   A  QuietGame     3.26       68     1     B
52       183    143    30    30     143      40     40      3      2       0   B  QuietGame     3.21       68     0     B
51       201    161    32    34     161      40     40      1      2       0   B  QuietGame     3.21       68     1     A
54       178    138    36    36     178       0     28      5      2      -2   B  Reduction     3.34       68     0     B
53       199    159    31    31     159      40     40      0      2       1   B  QuietGame     3.28       68     1     A
57       161    121    33    35     161       0     30      2      3       3   A  Reduction     3.18       68     1     B
55       193    153    35    35     193       0     32      0      3       3   A  Reduction     3.19       68     1     B
56       200    160    32    32     160      40     40      1      2      -2   B  QuietGame     3.26       68     0     B
58       162    122    33    33     122      40     40      0      3       1   B  QuietGame     3.31       68     0     B
60       184    144    35    35     184       0     38      1      3      -3   B  Reduction     3.22       68     0     B
59       198    158    31    31     158      40     40      1      3      -3   B  QuietGame     3.24       68     1     A
62       166    126    24    27     126      40     40      0      4       3   A  QuietGame     3.09       68     0     A
64       153    113    23    26     113      40     40      0      8       8   A  QuietGame     3.07       67     0     A
66       127     87    29    31     127       0     26      0      7       7   A  Reduction     3.09       68     0     A
65       153    113    32    33     153       0     29      0      5       5   A  Reduction     3.24       67     1     B
61       217    177    29    32     177      40     40      5      2       0   B  QuietGame     3.28       68     1     A
63       202    162    30    32     162      40     40      0      3       2   A  QuietGame     3.25       68     1     B
67       131     91    20    20      91      40     40      1      3      -2   B  QuietGame     3.21       68     1     A
68       130     90    18    19      90      40     40      3      2      -1   B  QuietGame     3.21       68     0     B
71       134     94    25    26      94      40     40      0      2       0   B  QuietGame     3.21       68     1     A
69       197    157    35    35     197       0     34      2      3       3   A  Reduction     3.40       68     1     B
73       189    149    36    36     189       0     29      4      2       2   A  Reduction     3.18       67     1     B
70       206    166    29    31     166      40     40      1      5      -5   B  QuietGame     2.97       68     0     B
72       231    191    35    35     191      40     40      7      2      -1   B  QuietGame     3.21       67     0     B
76       172    132    30    30     132      40     40      2      2       0   B  QuietGame     3.29       68     0     B
74       226    186    30    32     186      40     40      1      2      -2   B  QuietGame     3.16       68     0     B
77       169    129    32    33     169       0     25      0      5       5   A  Reduction     3.16       68     1     B
75       221    181    35    35     181      40     40      1      2      -1   B  QuietGame     3.18       68     1     A
78       165    125    27    30     125      40     40      7      1       0   B  QuietGame     3.16       68     0     B
79       264    224    35    35     224      40     40      1      2      -1   B  QuietGame     3.18       68     1     A

games                80
mean plies           177.3   (movement 137.3)
mean captures        30.2
mean removals        31.1
mean dead tail       27.0   plies after the last capture or removal
mean longest quiet   35.2
mean lead changes    1.5   (49 of 80 games had any)
mean peak margin     3.3
mean final margin    2.8   (absolute)
ended by quiet game  54  (68%)
ended by reduction   26  (32%)
ended by immobilize  0  (0%)
won by A / B         37 / 43
mean depth           3.20   (over 5422 searched opening plies)
wall clock           901.855 s

weight-set A wins    37 / 80  (46.2%)   [as P0: 17/40, as P1: 20/40]
weight-set B wins    43 / 80
quiet-game share     A-wins 75.7%   B-wins 60.5%   all 67.5%
95% threshold        wins >= 48 of 80 (one-sided): neither side significant
csv line appended to doc\bench\sweeps\2026-08-24\coarse.csv
drop  notchExposure x4 -> -0.48 = 46.3% wins, quiet 67.5%

Survivors (save each as a .psd1 and run -Stage confirm):
  @{ mobility = 0.005 }
  @{ centre = 0.2 }
  @{ vulnerableAxes = -0.06 }
  @{ vulnerableAxes = -0.12 }
  @{ spearheadPairs = 0.6 }
  @{ strikers = 0.1 }
