sweep stage 'confirm' -> doc/bench/sweeps/2026-08-24
>> ./cmake-build-release/latrunculi_game/latrunculi_bench.exe pairs=310 ms=500 seed=777001 threads=8 rows=8 columns=10 perside=20 csv=doc\bench\sweeps\2026-08-24\confirm.csv wA.threat=0.25 wA.pair=0.02 wA.mobility=0.02 wA.centre=0.05 wA.vulnerableAxes=-0.12 wA.oneMoveCapturable=-0.9 wA.spearheadPairs=0.15 wA.diagonalSupport=0.06 wA.deniedSquares=0.04 wA.strikers=0.05 wA.notchExposure=-0.12 wB.threat=0.25 wB.pair=0.02 wB.mobility=0.02 wB.centre=0.05 wB.vulnerableAxes=-0.03 wB.oneMoveCapturable=-0.9 wB.spearheadPairs=0.15 wB.diagonalSupport=0.06 wB.deniedSquares=0.04 wB.strikers=0.05 wB.notchExposure=-0.12
Latrunculi bench: 310 mirrored A-vs-B pairs (620 games), 8x10, 20 per side, slide, convex payoff, komi 1.5, policy placement, 500 ms per searched ply, 8 threads
base seed: 777001  (pair p uses seed base+p; even game index = set A as P0)
XML: not saved   memory tracking level: 0

game   plies  moveP  capt  remv lastAct    tail  quiet   lead   peak  margin win  reason    depth    srchd  AasP  wSet
7         88     48     4     5      48      40     40      1      2      -1   B  QuietGame     3.06       68     1     A
6        149    109    29    30     109      40     40      1      3      -2   B  QuietGame     3.12       68     0     B
1        163    123    34    34     163       0     17      0      4       4   A  Reduction     3.31       68     1     B
0        169    129    29    30     129      40     40      0      6       6   A  QuietGame     3.15       68     0     A
2        189    149    31    32     149      40     40      0      2       2   A  QuietGame     3.34       67     0     A
5        199    159    33    34     159      40     40      5      2       0   B  QuietGame     3.37       68     1     A
4        199    159    29    29     159      40     40      0      7       7   A  QuietGame     3.34       68     0     A
3        202    162    34    34     162      40     40      0      3       2   A  QuietGame     3.27       67     1     B
8        142    102    19    20     102      40     40      0      5       4   A  QuietGame     3.21       68     0     A
9        143    103    33    34     143       0     11      0      5       4   A  Reduction     3.21       68     1     B
10       141    101    25    25     101      40     40      2      2       1   B  QuietGame     3.30       67     0     B
11       160    120    27    28     120      40     40      0      3       2   A  QuietGame     3.13       67     1     B
12       172    132    27    27     132      40     40      1      2      -1   B  QuietGame     3.22       68     0     B
13       176    136    32    32     136      40     40      2      5       4   A  QuietGame     3.31       68     1     B
15       183    143    32    33     183       0     35      0      5       5   A  Reduction     3.25       68     1     B
17       126     86    16    16      86      40     40      2      1       0   B  QuietGame     3.25       68     1     A
16       229    189    29    31     189      40     40      1      6      -5   B  QuietGame     3.13       68     0     B
14       262    222    34    34     222      40     40      3      2      -2   B  QuietGame     3.21       68     0     B
19       153    113    27    28     113      40     40      1      5      -4   B  QuietGame     3.13       68     1     A
18       211    171    34    34     171      40     40      5      1       0   B  QuietGame     3.26       68     0     B
20       161    121    30    33     121      40     40      4      3       3   A  QuietGame     3.18       67     0     A
22       186    146    30    31     146      40     40      0      4       3   A  QuietGame     3.13       68     0     A
23       186    146    35    36     186       0     34      1      2      -2   B  Reduction     3.22       68     1     A
21       248    208    31    31     208      40     40      1      5      -5   B  QuietGame     3.39       67     1     A
26       157    117    32    32     157       0     29      0      6       6   A  Reduction     3.19       68     0     A
25       174    134    30    31     134      40     40      1      5      -5   B  QuietGame     3.10       68     1     A
24       223    183    35    36     223       0     35      0      2       2   A  Reduction     3.24       68     0     A
27       176    136    29    29     136      40     40      0      6       5   A  QuietGame     3.26       68     1     B
28       194    154    33    34     154      40     40      6      2       0   B  QuietGame     3.18       68     0     B
29       164    124    26    26     124      40     40      1      4      -4   B  QuietGame     3.25       68     1     A
30       164    124    29    30     124      40     40      0      7       6   A  QuietGame     3.28       67     0     A
33       198    158    28    28     158      40     40      1      4      -4   B  QuietGame     3.29       68     1     A
32       213    173    32    33     173      40     40      1      3      -1   B  QuietGame     3.07       68     0     B
31       223    183    29    30     183      40     40      0      6       6   A  QuietGame     3.21       67     1     B
35       171    131    32    33     131      40     40      1      3      -1   B  QuietGame     3.19       67     1     A
36       153    113    28    29     113      40     40      0      7       7   A  QuietGame     3.18       68     0     A
37       154    114    32    34     154       0     17      1      4      -4   B  Reduction     3.24       68     1     A
34       217    177    32    32     177      40     40      5      5      -4   B  QuietGame     3.24       67     0     B
40       102     62    16    16      62      40     40      2      1       0   B  QuietGame     3.06       67     0     B
38       186    146    34    34     146      40     40      0      3       2   A  QuietGame     3.29       68     0     A
44        93     53     6     6      53      40     40      0      2       2   A  QuietGame     2.87       68     0     A
42       145    105    30    30     105      40     40      1      2       0   B  QuietGame     3.21       67     0     B
39       162    122    33    33     122      40     40      0      2       1   B  QuietGame     3.28       68     1     A
43       147    107    27    27     107      40     40      1      2      -1   B  QuietGame     3.28       67     1     A
41       167    127    29    30     127      40     40      1      5      -4   B  QuietGame     3.19       67     1     A
47       145    105    33    34     145       0     16      0      4       4   A  Reduction     3.18       68     1     B
45       249    209    34    35     209      40     40      1      2      -1   B  QuietGame     3.16       68     1     A
50       157    117    28    29     117      40     40      0      7       7   A  QuietGame     3.26       68     0     A
46       222    182    33    34     222       0     36      1      4      -4   B  Reduction     3.24       68     0     B
48       201    161    31    31     161      40     40      1      6      -5   B  QuietGame     3.24       68     0     B
49       190    150    29    32     150      40     40      1      3      -2   B  QuietGame     3.07       68     1     A
51       192    152    31    32     152      40     40      0      3       2   A  QuietGame     3.19       68     1     B
52       191    151    29    31     151      40     40      0      3       1   B  QuietGame     3.24       68     0     B
53       202    162    35    35     162      40     40      4      2       1   B  QuietGame     3.31       68     1     A
56       133     93    29    31     133       0     17      0      7       7   A  Reduction     3.12       68     0     A
55       161    121    33    35     161       0     27      0      3       3   A  Reduction     3.21       68     1     B
54       168    128    26    29     128      40     40      0      3       1   B  QuietGame     3.10       68     0     B
58       182    142    29    29     142      40     40      1      3      -3   B  QuietGame     3.18       68     0     B
57       200    160    31    32     160      40     40      0      5       4   A  QuietGame     3.12       68     1     B
60       184    144    34    35     184       0     34      1      3      -3   B  Reduction     3.15       68     0     B
59       202    162    33    34     162      40     40      0      4       2   A  QuietGame     3.21       68     1     B
64        98     58     9    11      58      40     40      0      4       3   A  QuietGame     2.85       67     0     A
63       141    101    32    33     141       0     17      0      5       5   A  Reduction     3.21       68     1     B
66       102     62    11    12      62      40     40      0      3       2   A  QuietGame     3.18       68     0     A
62       185    145    35    35     185       0     25      0      3       3   A  Reduction     3.28       68     0     A
61       206    166    34    34     206       0     26      1      4      -4   B  Reduction     3.24       68     1     A
70       125     85    33    34     125       0      8      0      4       4   A  Reduction     3.15       68     0     A
67       201    161    36    36     201       0     32      4      2       2   A  Reduction     3.24       68     1     B
69       207    167    26    27     167      40     40      3      2      -1   B  QuietGame     3.34       68     1     A
65       243    203    35    36     203      40     40      5      2       0   B  QuietGame     3.21       67     1     A
72       157    117    34    36     157       0     16      8      2       2   A  Reduction     3.22       67     0     A
68       227    187    34    34     187      40     40      2      2       2   A  QuietGame     3.40       68     0     A
71       196    156    34    35     196       0     21      3      3      -3   B  Reduction     3.26       68     1     A
74       138     98    18    18      98      40     40      0      2       0   B  QuietGame     3.12       68     0     B
73       215    175    33    33     175      40     40      1      4      -3   B  QuietGame     3.21       67     1     A
76       122     82    25    26      82      40     40      2      2       0   B  QuietGame     3.22       68     0     B
77       171    131    27    30     131      40     40      3      3       0   B  QuietGame     3.25       68     1     A
78       157    117    31    32     117      40     40      3      3      -2   B  QuietGame     3.21       68     0     B
79       160    120    29    31     120      40     40      1      2      -1   B  QuietGame     3.22       68     1     A
75       231    191    35    35     191      40     40      3      2      -1   B  QuietGame     3.21       68     1     A
81       153    113    31    31     153       0     19      0      7       7   A  Reduction     3.22       68     1     B
80       199    159    29    30     159      40     40      0      6       6   A  QuietGame     3.22       68     0     A
84        94     54     9    10      54      40     40      0      2       0   B  QuietGame     2.99       67     0     B
82       179    139    35    36     179       0     37      6      2       2   A  Reduction     3.29       68     0     A
83       207    167    35    35     167      40     40      4      1       1   B  QuietGame     3.09       68     1     A
85       180    140    35    35     180       0     34      1      3      -3   B  Reduction     3.28       67     1     A
87       161    121    32    34     161       0     33      0      4       4   A  Reduction     3.24       68     1     B
86       218    178    34    34     218       0     36      1      4      -4   B  Reduction     3.12       68     0     B
92       112     72    19    19      72      40     40      0      2       1   B  QuietGame     3.28       68     0     B
89       185    145    29    29     145      40     40      1      6      -5   B  QuietGame     3.29       69     1     A
91       174    134    27    29     134      40     40      0      8       7   A  QuietGame     3.06       67     1     B
93       102     62    12    12      62      40     40      0      2       0   B  QuietGame     3.06       68     1     A
90       189    149    33    33     149      40     40      1      2      -1   B  QuietGame     3.27       67     0     B
88       216    176    36    36     216       0     20      3      2      -2   B  Reduction     3.20       69     0     B
94       165    125    35    35     165       0     15      0      4       3   A  Reduction     3.23       69     0     A
95       157    117    28    30     117      40     40      1      3      -2   B  QuietGame     3.19       69     1     A
100      113     73    15    15      73      40     40      2      1       1   B  QuietGame     3.21       68     0     B
97       155    115    26    28     115      40     40      2      2       2   A  QuietGame     3.13       67     1     B
98       179    139    33    33     139      40     40      1      2      -1   B  QuietGame     3.30       67     0     B
101      180    140    30    32     140      40     40      0      5       4   A  QuietGame     3.31       68     1     B
99       214    174    34    34     174      40     40      1      2      -2   B  QuietGame     3.25       67     1     A
102      131     91    31    32     131       0     18      0      6       6   A  Reduction     3.18       68     0     A
96       253    213    32    33     213      40     40      2      3       3   A  QuietGame     3.25       67     0     A
104      149    109    27    29     109      40     40      0      7       7   A  QuietGame     3.12       68     0     A
103      176    136    30    31     136      40     40      2      4       3   A  QuietGame     3.31       68     1     B
107      118     78    12    12      78      40     40      1      2      -2   B  QuietGame     3.03       68     1     A
108      119     79    17    17      79      40     40      0      3       3   A  QuietGame     3.24       68     0     A
105      186    146    31    31     146      40     40      0      2       1   B  QuietGame     3.16       68     1     A
109      135     95    33    33     135       0     15      0      5       5   A  Reduction     3.29       68     1     B
106      208    168    30    31     168      40     40      1      3      -3   B  QuietGame     3.26       68     0     B
111      165    125    31    31     165       0     33      0      7       7   A  Reduction     3.12       67     1     B
112      165    125    32    32     165       0     21      0      6       6   A  Reduction     3.16       68     0     A
110      239    199    35    35     199      40     40      1      2      -1   B  QuietGame     3.13       67     0     B
113      191    151    32    34     151      40     40      3      2       0   B  QuietGame     3.12       68     1     A
118      100     60    10    11      60      40     40      0      2       1   B  QuietGame     3.01       69     0     B
116      185    145    30    30     145      40     40      2      4       4   A  QuietGame     3.26       68     0     A
115      230    190    34    34     190      40     40      4      1       0   B  QuietGame     3.21       68     1     A
114      234    194    32    35     194      40     40      5      3      -1   B  QuietGame     3.21       68     0     B
117      185    145    25    25     145      40     40      0      7       7   A  QuietGame     3.16       68     1     B
119      138     98    19    19      98      40     40      1      3      -3   B  QuietGame     3.22       69     1     A
120      137     97    30    31     137       0     25      0      7       7   A  Reduction     3.21       68     0     A
121      153    113    30    31     113      40     40      0      3       3   A  QuietGame     3.21       68     1     B
122      162    122    33    34     162       0     28      1      4      -4   B  Reduction     3.26       68     0     B
123      173    133    34    35     173       0     28      4      3       3   A  Reduction     3.25       68     1     B
125      147    107    30    31     107      40     40      0      3       3   A  QuietGame     3.19       68     1     B
126      180    140    32    32     140      40     40      1      3      -2   B  QuietGame     3.22       67     0     B
124      189    149    33    33     149      40     40      0      3       3   A  QuietGame     3.28       68     0     A
128      152    112    34    35     152       0     17      3      3      -3   B  Reduction     3.24       66     0     B
127      187    147    32    32     147      40     40      5      3      -2   B  QuietGame     3.18       67     1     A
129      183    143    32    33     143      40     40      0      3       3   A  QuietGame     3.17       66     1     B
130      164    124    30    31     124      40     40      3      2      -1   B  QuietGame     3.15       68     0     B
132      154    114    30    32     114      40     40      0      3       2   A  QuietGame     3.29       68     0     A
131      165    125    25    25     125      40     40      2      3       1   B  QuietGame     3.22       68     1     A
134      156    116    33    33     116      40     40      0      4       3   A  QuietGame     3.19       68     0     A
133      226    186    32    33     186      40     40      1      3      -3   B  QuietGame     3.16       68     1     A
135      215    175    33    34     175      40     40      9      1       0   B  QuietGame     3.26       68     1     A
136      226    186    29    29     186      40     40      0      6       5   A  QuietGame     3.19       68     0     A
141       96     56    10    11      56      40     40      1      3      -3   B  QuietGame     3.06       68     1     A
138      175    135    28    28     135      40     40      0      3       2   A  QuietGame     3.13       69     0     A
137      185    145    32    32     185       0     36      0      6       6   A  Reduction     3.24       68     1     B
139      166    126    32    33     126      40     40      5      1      -1   B  QuietGame     3.10       69     1     A
140      243    203    33    34     243       0     33      0      4       4   A  Reduction     3.09       68     0     A
142      165    125    31    31     125      40     40      3      4      -3   B  QuietGame     3.24       67     0     B
143      164    124    30    33     164       0     21      1      5      -5   B  Reduction     3.22       67     1     A
148      128     88    24    24      88      40     40      2      1       0   B  QuietGame     3.21       68     0     B
144      183    143    28    30     143      40     40      2      6       6   A  QuietGame     3.21       68     0     A
146      185    145    30    32     145      40     40      0      4       4   A  QuietGame     3.12       67     0     A
147      181    141    32    33     181       0     30      0      5       5   A  Reduction     3.18       67     1     B
145      227    187    35    35     187      40     40      6      1       1   B  QuietGame     3.13       68     1     A
150      116     76    18    20      76      40     40      1      2      -2   B  QuietGame     3.18       68     0     B
152      145    105    21    23     145       0     37      0     12      12   A  Immobilize     3.04       67     0     A
151      168    128    32    33     128      40     40      3      2      -1   B  QuietGame     3.12       68     1     A
149      200    160    30    31     160      40     40      1      5      -5   B  QuietGame     3.18       68     1     A
155      138     98    26    28      98      40     40      2      3       2   A  QuietGame     3.13       67     1     B
156      119     79    22    23      79      40     40      1      3      -1   B  QuietGame     3.38       68     0     B
153      201    161    33    33     161      40     40      2      3       3   A  QuietGame     3.36       67     1     B
157      154    114    20    20     114      40     40      0      3       0   B  QuietGame     3.12       68     1     A
154      213    173    35    35     213       0     26      0      3       3   A  Reduction     3.27       67     0     A
158      163    123    33    34     163       0     18      0      4       4   A  Reduction     3.15       68     0     A
159      179    139    28    29     139      40     40      1      6      -5   B  QuietGame     3.26       68     1     A
161      163    123    28    28     123      40     40      0      8       8   A  QuietGame     3.26       68     1     B
162      181    141    30    31     181       0     35      0      7       7   A  Reduction     3.15       67     0     A
165      145    105    15    15     105      40     40      1      7       7   A  QuietGame     3.18       68     1     B
160      235    195    34    35     195      40     40      2      2       1   B  QuietGame     3.21       68     0     B
164      158    118    21    21     118      40     40      2      2       1   B  QuietGame     3.15       68     0     B
163      202    162    30    32     162      40     40      8      2       0   B  QuietGame     3.13       67     1     A
167      160    120    30    31     120      40     40      2      4       3   A  QuietGame     3.36       69     1     B
166      204    164    32    32     204       0     31      1      6      -6   B  Reduction     3.20       69     0     B
168      187    147    32    32     147      40     40      1      3      -2   B  QuietGame     3.16       68     0     B
172      141    101    32    33     141       0     21      0      5       5   A  Reduction     3.24       67     0     A
169      182    142    29    29     182       0     19      1      9      -9   B  Reduction     3.32       68     1     A
170      190    150    33    34     150      40     40      3      2      -2   B  QuietGame     3.24       68     0     B
171      207    167    32    34     167      40     40      9      1       0   B  QuietGame     3.25       68     1     A
175      137     97    31    32     137       0     10      0      6       6   A  Reduction     3.21       68     1     B
174      192    152    27    30     152      40     40      6      2       0   B  QuietGame     3.25       68     0     B
173      262    222    31    32     222      40     40      0      3       0   B  QuietGame     3.13       67     1     A
176      190    150    33    34     150      40     40      0      4       2   A  QuietGame     3.27       67     0     A
179      131     91    25    26      91      40     40      0      4       2   A  QuietGame     3.03       68     1     B
177      205    165    34    35     205       0     33      2      3       3   A  Reduction     3.19       67     1     B
178      198    158    30    33     158      40     40      1      2      -1   B  QuietGame     3.32       68     0     B
180      161    121    34    34     121      40     40      3      2       0   B  QuietGame     3.29       68     0     B
181      170    130    30    33     130      40     40      9      1      -1   B  QuietGame     3.29       68     1     A
185      120     80    33    33     120       0     13      3      5      -5   B  Reduction     3.25       69     1     A
182      167    127    34    34     167       0     14      0      4       4   A  Reduction     3.32       68     0     A
183      164    124    30    33     164       0     22      1      5      -5   B  Reduction     3.04       68     1     A
184      165    125    31    31     165       0     34      0      7       7   A  Reduction     3.22       69     0     A
186      175    135    32    32     135      40     40      2      3       2   A  QuietGame     3.24       68     0     A
187      174    134    28    29     134      40     40      2      2       1   B  QuietGame     3.19       68     1     A
188      166    126    31    31     126      40     40      0      6       5   A  QuietGame     3.24       68     0     A
190      153    113    32    33     153       0     24      0      5       5   A  Reduction     3.16       67     0     A
189      174    134    35    35     174       0     17      1      3      -3   B  Reduction     3.15       68     1     A
191      167    127    30    32     127      40     40      2      4       4   A  QuietGame     3.16       67     1     B
193      187    147    28    28     147      40     40      0      4       4   A  QuietGame     3.25       68     1     B
192      214    174    33    35     174      40     40      2      2       1   B  QuietGame     3.25       68     0     B
194      168    128    29    31     128      40     40      0      6       5   A  QuietGame     3.19       68     0     A
195      176    136    35    35     176       0     22      3      3      -3   B  Reduction     3.29       68     1     A
196      169    129    32    33     169       0     26      0      5       5   A  Reduction     3.21       68     0     A
197      179    139    31    32     139      40     40      0      4       4   A  QuietGame     3.25       68     1     B
198      188    148    28    29     148      40     40      3      7      -7   B  QuietGame     3.23       69     0     B
199      185    145    30    30     145      40     40      0      4       4   A  QuietGame     3.14       69     1     B
200      159    119    34    34     159       0     21      0      4       4   A  Reduction     3.19       68     0     A
202      179    139    35    35     179       0     36      0      3       3   A  Reduction     3.28       68     0     A
203      172    132    27    28     132      40     40      1      8      -8   B  QuietGame     3.37       68     1     A
204      179    139    30    31     139      40     40      0      7       5   A  QuietGame     3.22       68     0     A
201      213    173    33    34     173      40     40      7      1       0   B  QuietGame     3.31       68     1     A
205      151    111    29    29     111      40     40      2      4       3   A  QuietGame     3.35       68     1     B
206      157    117    34    34     157       0     14      0      4       4   A  Reduction     3.38       69     0     A
207      137     97    19    21      97      40     40      1      3      -1   B  QuietGame     3.12       69     1     A
208      150    110    32    32     150       0     15      1      6      -6   B  Reduction     3.27       67     0     B
209      125     85    31    33     125       0     18      0      5       5   A  Reduction     3.22       67     1     B
212      142    102    26    26     102      40     40      4      1       0   B  QuietGame     3.27       67     0     B
213      178    138    34    34     138      40     40      2      1       0   B  QuietGame     3.31       67     1     A
210      218    178    28    30     178      40     40      0      5       4   A  QuietGame     3.13       68     0     A
211      209    169    35    36     209       0     23      0      3       2   A  Reduction     3.18       68     1     B
214      190    150    25    27     150      40     40      0      8       7   A  QuietGame     3.01       68     0     A
215      209    169    34    36     209       0     32      0      3       2   A  Reduction     3.22       68     1     B
217      173    133    31    31     133      40     40      0      3       1   B  QuietGame     3.16       67     1     A
218      137     97    11    13      97      40     40      4      2       1   B  QuietGame     3.22       67     0     B
216      217    177    35    35     177      40     40      3      2      -1   B  QuietGame     3.27       67     0     B
221      106     66    13    14      66      40     40      0      2       0   B  QuietGame     3.10       68     1     A
220      131     91    26    27      91      40     40      0      3       3   A  QuietGame     3.21       68     0     A
224      103     63    16    16      63      40     40      1      1       0   B  QuietGame     3.10       67     0     B
219      183    143    33    33     143      40     40      1      4      -3   B  QuietGame     3.24       67     1     A
222      153    113    33    34     113      40     40      3      1       0   B  QuietGame     3.25       68     0     B
223      166    126    29    30     126      40     40      2      5       4   A  QuietGame     3.28       68     1     B
225      173    133    33    33     173       0     35      0      5       5   A  Reduction     3.28       67     1     B
227      158    118    36    36     158       0     27      7      2      -2   B  Reduction     3.22       68     1     A
226      192    152    33    33     192       0     25      7      5      -5   B  Reduction     3.25       68     0     B
230      127     87    19    20      87      40     40      0      4       4   A  QuietGame     3.09       67     0     A
229      157    117    34    34     157       0     22      0      4       4   A  Reduction     3.21       68     1     B
231      170    130    34    34     130      40     40      3      2      -2   B  QuietGame     3.24       67     1     A
228      225    185    34    36     225       0     38      4      2       2   A  Reduction     3.29       68     0     A
233      162    122    34    35     162       0     21      1      3      -3   B  Reduction     3.21       68     1     A
232      185    145    28    29     145      40     40      0      7       7   A  QuietGame     3.19       68     0     A
235      139     99    17    18      99      40     40      0      5       4   A  QuietGame     3.15       67     1     B
234      183    143    34    35     183       0     31      0      3       3   A  Reduction     3.22       67     0     A
237      167    127    28    29     127      40     40      3      2      -1   B  QuietGame     3.18       68     1     A
238      154    114    20    21     114      40     40      2      2       1   B  QuietGame     3.24       68     0     B
236      203    163    31    32     163      40     40      0      4       4   A  QuietGame     3.16       68     0     A
239      154    114    35    35     154       0     22      5      3      -3   B  Reduction     3.24       68     1     A
241      145    105    29    29     105      40     40      0      7       7   A  QuietGame     3.19       69     1     B
242      150    110    34    34     150       0     25      1      4      -4   B  Reduction     3.19       68     0     B
243      146    106    26    27     106      40     40      1      5      -5   B  QuietGame     3.16       68     1     A
240      185    145    25    26     185       0     33      0     12      12   A  Reduction     3.06       69     0     A
246       99     59    12    12      59      40     40      1      1       0   B  QuietGame     2.97       68     0     B
244      160    120    30    30     120      40     40      0      4       2   A  QuietGame     3.25       68     0     A
249      101     61    11    12      61      40     40      1      2       0   B  QuietGame     3.00       68     1     A
245      168    128    32    34     128      40     40      0      2       0   B  QuietGame     3.21       68     1     A
247      164    124    34    34     124      40     40      0      3       0   B  QuietGame     3.19       68     1     A
251       99     59    11    11      59      40     40      0      3       3   A  QuietGame     3.07       67     1     B
255       94     54     9     9      54      40     40      1      1      -1   B  QuietGame     3.09       67     1     A
252      168    128    29    31     128      40     40      3      3      -1   B  QuietGame     3.25       68     0     B
248      214    174    30    30     174      40     40      1      6      -6   B  QuietGame     3.31       68     0     B
250      202    162    36    36     202       0     36      1      2      -2   B  Reduction     3.21       67     0     B
253      172    132    32    33     132      40     40      0      2       1   B  QuietGame     3.06       68     1     A
254      180    140    32    33     140      40     40      3      2      -1   B  QuietGame     3.07       67     0     B
257      201    161    35    35     201       0     32      0      3       3   A  Reduction     3.26       68     1     B
258      134     94    34    35     134       0     15      5      3      -3   B  Reduction     3.26       68     0     B
256      217    177    28    29     177      40     40      0      7       7   A  QuietGame     3.13       68     0     A
261      123     83    32    33     123       0     13      0      5       5   A  Reduction     3.21       67     1     B
260      145    105    32    34     145       0     21      0      4       4   A  Reduction     3.01       67     0     A
259      169    129    36    36     169       0     22      2      2       2   A  Reduction     3.21       68     1     B
262      147    107    29    29     107      40     40      1      2      -1   B  QuietGame     3.21       68     0     B
265      102     62    13    13      62      40     40      3      1      -1   B  QuietGame     2.94       68     1     A
266      110     70    29    31     110       0      7      1      7      -7   B  Reduction     3.12       67     0     B
268      109     69    16    16      69      40     40      1      1       0   B  QuietGame     3.18       68     0     B
263      171    131    24    25     131      40     40      0      5       5   A  QuietGame     3.04       68     1     B
264      162    122    28    29     122      40     40      0      4       3   A  QuietGame     3.18       68     0     A
269      191    151    26    27     151      40     40      0      9       9   A  QuietGame     3.19       68     1     B
267      246    206    34    34     206      40     40      0      3       2   A  QuietGame     3.24       67     1     B
272      158    118    29    30     118      40     40      1      5      -4   B  QuietGame     3.26       68     0     B
270      196    156    36    36     196       0     29      1      2      -2   B  Reduction     3.18       68     0     B
271      183    143    30    32     143      40     40      1      3      -2   B  QuietGame     3.12       68     1     A
275      133     93    19    19      93      40     40      0      2       1   B  QuietGame     3.28       68     1     A
274      163    123    32    32     123      40     40      3      3      -2   B  QuietGame     3.24       68     0     B
273      207    167    32    34     167      40     40      1      3      -2   B  QuietGame     3.19       68     1     A
280      125     85    33    33     125       0     11      0      5       5   A  Reduction     3.21       68     0     A
276      186    146    31    32     146      40     40      0      5       4   A  QuietGame     3.04       68     0     A
279      172    132    29    30     132      40     40      1      4      -4   B  QuietGame     3.04       67     1     A
278      191    151    30    31     151      40     40      0      4       3   A  QuietGame     3.19       67     0     A
282      169    129    33    33     129      40     40      3      2      -1   B  QuietGame     3.23       69     0     B
281      190    150    32    33     150      40     40      0      4       3   A  QuietGame     3.18       68     1     B
277      210    170    33    33     170      40     40      1      3      -3   B  QuietGame     3.12       68     1     A
283      143    103    31    31     103      40     40      3      2      -1   B  QuietGame     3.16       69     1     A
285      132     92    26    28      92      40     40      1      3      -2   B  QuietGame     3.18       67     1     A
284      158    118    20    20     118      40     40      0      2       0   B  QuietGame     3.13       67     0     B
290       97     57    11    11      57      40     40      0      2       1   B  QuietGame     3.04       67     0     B
286      147    107    24    26     107      40     40      0      8       8   A  QuietGame     3.04       68     0     A
288      167    127    33    33     127      40     40      0      3       3   A  QuietGame     3.16       68     0     A
287      182    142    28    30     142      40     40      1      6      -6   B  QuietGame     3.21       68     1     A
289      191    151    30    30     191       0     23      0      8       8   A  Reduction     3.19       68     1     B
291      191    151    33    33     151      40     40      2      3       3   A  QuietGame     3.19       67     1     B
292      174    134    31    31     134      40     40      3      5      -5   B  QuietGame     3.26       68     0     B
294      199    159    32    33     159      40     40      1      2      -1   B  QuietGame     3.21       68     0     B
293      214    174    31    31     174      40     40      0      4       3   A  QuietGame     3.32       68     1     B
296      152    112    28    28     112      40     40      0      4       2   A  QuietGame     3.13       67     0     A
295      203    163    31    32     163      40     40      2      5       4   A  QuietGame     3.07       68     1     B
297      185    145    30    31     145      40     40      0      3       3   A  QuietGame     3.16       67     1     B
299      209    169    33    33     169      40     40      0      3       3   A  QuietGame     3.16       67     1     B
298      222    182    31    32     182      40     40      0      5       4   A  QuietGame     3.10       67     0     A
302      164    124    29    31     164       0     25      1      7      -7   B  Reduction     3.09       67     0     B
303      186    146    34    35     146      40     40      2      2       1   B  QuietGame     3.13       67     1     A
304      185    145    35    35     145      40     40      1      2      -1   B  QuietGame     3.13       68     0     B
301      208    168    31    32     168      40     40      2      5       4   A  QuietGame     3.13       67     1     B
300      263    223    35    35     223      40     40      1      2      -1   B  QuietGame     3.12       67     0     B
305      205    165    30    31     165      40     40      0      5       5   A  QuietGame     3.15       68     1     B
306      189    149    28    29     149      40     40      0      7       7   A  QuietGame     3.25       68     0     A
311      102     62    15    15      62      40     40      0      4       3   A  QuietGame     3.26       68     1     B
307      181    141    31    31     141      40     40      0      5       5   A  QuietGame     3.24       68     1     B
308      179    139    32    33     179       0     26      0      5       5   A  Reduction     3.15       67     0     A
312      129     89    20    20      89      40     40      1      1       0   B  QuietGame     3.10       69     0     B
310      154    114    29    30     114      40     40      0      3       0   B  QuietGame     3.18       68     0     B
309      182    142    29    29     142      40     40      1      5      -5   B  QuietGame     3.25       67     1     A
313      174    134    35    36     174       0     19      1      2      -2   B  Reduction     3.01       69     1     A
316      145    105    18    18     105      40     40      0      4       4   A  QuietGame     3.22       68     0     A
319      153    113    33    33     153       0     15      4      5       5   A  Reduction     3.13       68     1     B
314      207    167    32    34     167      40     40      3      2       0   B  QuietGame     3.18       68     0     B
315      209    169    34    35     209       0     26      2      3       3   A  Reduction     3.13       68     1     B
318      191    151    33    34     151      40     40      0      2       2   A  QuietGame     3.16       68     0     A
320      171    131    29    30     131      40     40      1      3      -2   B  QuietGame     3.19       68     0     B
317      214    174    34    35     214       0     38      1      3      -3   B  Reduction     3.24       68     1     A
321      203    163    31    31     163      40     40      1      2      -1   B  QuietGame     3.07       68     1     A
324      154    114    29    30     114      40     40      0      5       4   A  QuietGame     3.28       68     0     A
322      217    177    31    32     177      40     40      9      1       0   B  QuietGame     3.16       67     0     B
326      169    129    31    31     129      40     40      1      2      -1   B  QuietGame     3.15       67     0     B
327      168    128    29    29     128      40     40      0      4       3   A  QuietGame     3.22       67     1     B
323      224    184    33    33     184      40     40      5      2      -1   B  QuietGame     3.25       67     1     A
325      237    197    33    35     197      40     40      4      3      -1   B  QuietGame     3.18       68     1     A
328      228    188    33    36     188      40     40      2      4       0   B  QuietGame     3.21       68     0     B
329      148    108    29    31     108      40     40      0      6       5   A  QuietGame     3.16       68     1     B
331      129     89    24    26      89      40     40      0      6       6   A  QuietGame     3.26       68     1     B
330      194    154    32    33     154      40     40      2      2       1   B  QuietGame     3.13       68     0     B
332      167    127    34    35     167       0     34      0      3       3   A  Reduction     3.15       68     0     A
336      113     73    15    15      73      40     40      2      1       1   B  QuietGame     3.25       68     0     B
335      145    105    30    33     145       0     25      0      5       5   A  Reduction     3.01       68     1     B
333      203    163    32    33     203       0     38      0      5       5   A  Reduction     3.15       68     1     B
334      181    141    26    29     141      40     40      0      7       7   A  QuietGame     3.01       68     0     A
337      164    124    32    32     124      40     40      6      2       0   B  QuietGame     3.28       68     1     A
340      115     75    31    32     115       0     20      0      6       6   A  Reduction     3.24       67     0     A
338      198    158    34    34     158      40     40      0      4       2   A  QuietGame     3.31       68     0     A
343      127     87    15    17      87      40     40      2      2       1   B  QuietGame     3.10       68     1     A
339      195    155    35    35     155      40     40      3      2      -1   B  QuietGame     3.22       68     1     A
341      188    148    23    23     148      40     40      1      5      -5   B  QuietGame     3.15       67     1     A
342      193    153    30    33     193       0     34      0      5       5   A  Reduction     3.16       68     0     A
344      203    163    34    34     163      40     40      0      2       2   A  QuietGame     3.21       68     0     A
345      195    155    32    32     155      40     40      0      4       4   A  QuietGame     3.19       68     1     B
347      188    148    25    28     148      40     40      1      8      -8   B  QuietGame     3.21       68     1     A
349      137     97    33    33     137       0     12      0      5       5   A  Reduction     3.13       67     1     B
346      205    165    34    34     165      40     40      1      3      -2   B  QuietGame     3.19       68     0     B
352       90     50     7     8      50      40     40      2      1       0   B  QuietGame     2.81       68     0     B
348      179    139    36    36     179       0     18      2      2       2   A  Reduction     3.27       67     0     A
350      182    142    33    34     142      40     40      0      3       2   A  QuietGame     3.21       68     0     A
357      104     64    14    14      64      40     40      0      3       2   A  QuietGame     3.10       68     1     B
355      126     86    33    34     126       0      9      7      4      -4   B  Reduction     3.26       68     1     A
351      257    217    34    34     217      40     40      0      3       2   A  QuietGame     3.26       68     1     B
353      206    166    33    33     166      40     40      1      3      -3   B  QuietGame     3.19       68     1     A
356      188    148    35    35     188       0     31      1      3      -3   B  Reduction     3.31       68     0     B
358      189    149    33    33     149      40     40      0      3       3   A  QuietGame     3.28       68     0     A
359      153    113    32    33     113      40     40      0      3       3   A  QuietGame     3.24       68     1     B
354      257    217    34    35     217      40     40      3      2      -1   B  QuietGame     3.19       68     0     B
363      105     65    14    14      65      40     40      0      2       2   A  QuietGame     3.01       67     1     B
360      159    119    31    32     119      40     40      0      3       2   A  QuietGame     3.32       68     0     A
362      128     88    30    31     128       0     12      1      7      -7   B  Reduction     3.21       67     0     B
364      110     70    16    16      70      40     40      0      3       2   A  QuietGame     3.34       67     0     A
365      108     68    13    13      68      40     40      1      7      -7   B  QuietGame     3.16       67     1     A
361      200    160    34    34     160      40     40      2      3       2   A  QuietGame     3.19       68     1     B
367      152    112    29    31     152       0     25      3      7      -7   B  Reduction     3.12       68     1     A
366      189    149    31    32     189       0     20      0      6       6   A  Reduction     3.29       68     0     A
373      103     63    17    18      63      40     40      1      2       0   B  QuietGame     3.15       68     1     A
369      171    131    35    35     171       0     30      0      3       3   A  Reduction     3.21       68     1     B
370      187    147    33    34     147      40     40      3      2       0   B  QuietGame     3.31       68     0     B
372      167    127    25    26     127      40     40      0      6       6   A  QuietGame     3.21       68     0     A
368      238    198    32    33     198      40     40      0      4       3   A  QuietGame     3.16       68     0     A
371      226    186    31    34     186      40     40      2      3       2   A  QuietGame     3.04       68     1     B
374      155    115    28    28     115      40     40      7      1       0   B  QuietGame     3.24       68     0     B
376      166    126    27    29     126      40     40      0      4       3   A  QuietGame     3.21       68     0     A
375      177    137    33    34     137      40     40      7      1       0   B  QuietGame     3.10       68     1     A
378      127     87     9     9      87      40     40      0      2       1   B  QuietGame     3.03       68     0     B
377      175    135    34    34     175       0     22      2      4       4   A  Reduction     3.21       68     1     B
381      107     67     7     7      67      40     40      1      1       1   B  QuietGame     3.03       67     1     A
380      134     94    26    27      94      40     40      1      3      -3   B  QuietGame     3.24       67     0     B
379      166    126    27    29     126      40     40      4      4       3   A  QuietGame     3.07       68     1     B
383      130     90    34    36     130       0      9      1      2      -2   B  Reduction     3.21       68     1     A
382      156    116    31    33     116      40     40      1      2      -1   B  QuietGame     3.16       68     0     B
385      154    114    23    23     114      40     40      0      2       1   B  QuietGame     3.25       68     1     A
386      147    107    35    35     107      40     40      2      2       1   B  QuietGame     3.24       68     0     B
384      169    129    27    27     129      40     40      0      9       9   A  QuietGame     3.24       68     0     A
387      190    150    33    34     150      40     40      2      3       2   A  QuietGame     3.24       68     1     B
388      200    160    35    35     200       0     26      3      3      -3   B  Reduction     3.25       68     0     B
390      151    111    28    30     111      40     40      0      2       2   A  QuietGame     3.19       68     0     A
389      210    170    29    32     170      40     40      3      4      -4   B  QuietGame     3.00       68     1     A
391      168    128    32    32     128      40     40      0      3       2   A  QuietGame     3.24       68     1     B
393      162    122    29    29     122      40     40      1      7      -7   B  QuietGame     3.12       68     1     A
394      205    165    27    30     165      40     40      0      6       6   A  QuietGame     3.01       68     0     A
396      151    111    26    27     111      40     40      4      1       1   B  QuietGame     3.15       68     0     B
392      236    196    29    31     196      40     40      0      6       5   A  QuietGame     3.15       68     0     A
398      165    125    28    28     125      40     40      0      2       2   A  QuietGame     3.18       68     0     A
395      224    184    33    34     184      40     40      0      3       2   A  QuietGame     3.35       68     1     B
399      165    125    30    31     125      40     40      5      2      -1   B  QuietGame     3.12       68     1     A
397      193    153    35    35     193       0     30      4      3       3   A  Reduction     3.29       68     1     B
400      136     96    13    15      96      40     40      0      3       1   B  QuietGame     3.00       68     0     B
401      113     73    10    11      73      40     40      4      1       1   B  QuietGame     3.01       68     1     A
402      174    134    29    29     134      40     40      0      6       5   A  QuietGame     3.25       67     0     A
405      126     86    29    31     126       0     13      1      7      -7   B  Reduction     3.25       68     1     A
403      198    158    28    28     158      40     40      0      7       6   A  QuietGame     3.24       67     1     B
404      177    137    35    35     137      40     40      0      2       1   B  QuietGame     3.15       68     0     B
406      181    141    29    30     141      40     40      2      3       2   A  QuietGame     3.15       67     0     A
408      174    134    27    29     134      40     40      0      8       7   A  QuietGame     2.99       68     0     A
407      181    141    31    31     141      40     40      4      5       5   A  QuietGame     3.27       67     1     B
409      188    148    30    30     148      40     40      1      6      -6   B  QuietGame     3.21       68     1     A
411      178    138    29    30     138      40     40      0      2       0   B  QuietGame     3.31       68     1     A
413      148    108    34    34     108      40     40      0      3       2   A  QuietGame     3.19       67     1     B
412      165    125    31    31     125      40     40      2      3       3   A  QuietGame     3.18       67     0     A
410      214    174    32    33     174      40     40      3      3      -3   B  QuietGame     3.07       68     0     B
415      152    112    27    28     112      40     40      1      6      -6   B  QuietGame     3.21       68     1     A
414      169    129    30    32     129      40     40      1      3      -2   B  QuietGame     3.10       68     0     B
416      178    138    33    35     178       0     31      1      3      -3   B  Reduction     3.13       69     0     B
417      157    117    30    31     157       0     20      0      7       7   A  Reduction     2.97       69     1     B
420       96     56     8     9      56      40     40      0      2       1   B  QuietGame     3.00       68     0     B
425      103     63    14    14      63      40     40      3      1       0   B  QuietGame     3.01       68     1     A
421      154    114    27    28     114      40     40      3      2      -2   B  QuietGame     3.22       68     1     A
419      193    153    33    33     193       0     27      4      5       5   A  Reduction     3.01       68     1     B
422      182    142    33    35     182       0     22      3      3      -3   B  Reduction     3.16       68     0     B
418      236    196    32    32     196      40     40      0      5       4   A  QuietGame     3.18       68     0     A
423      197    157    33    34     157      40     40      4      2       2   A  QuietGame     3.22       68     1     B
424      203    163    32    32     163      40     40      2      2       2   A  QuietGame     3.24       68     0     A
426      208    168    36    36     208       0     20      1      2      -2   B  Reduction     3.12       68     0     B
428      165    125    19    19     125      40     40      2      2       1   B  QuietGame     3.15       67     0     B
427      189    149    33    33     149      40     40      4      2       1   B  QuietGame     3.18       68     1     A
430      193    153    28    28     153      40     40      2      4       4   A  QuietGame     3.19       68     0     A
432      177    137    29    30     137      40     40      0      4       4   A  QuietGame     3.21       68     0     A
431      204    164    35    35     164      40     40      4      2       1   B  QuietGame     3.09       68     1     A
429      263    223    31    31     223      40     40      4      2       1   B  QuietGame     3.31       67     1     A
433      195    155    33    34     195       0     27      0      4       4   A  Reduction     3.10       68     1     B
435      167    127    34    34     127      40     40      5      1       0   B  QuietGame     3.29       68     1     A
440       96     56    10    11      56      40     40      0      4       3   A  QuietGame     2.97       68     0     A
439      148    108    27    29     108      40     40      0      2       1   B  QuietGame     3.19       68     1     A
438      179    139    27    28     139      40     40      0      6       6   A  QuietGame     3.28       68     0     A
436      236    196    31    32     196      40     40      1      4      -4   B  QuietGame     3.17       69     0     B
434      302    262    34    35     262      40     40      7      2      -1   B  QuietGame     3.10       68     0     B
437      247    207    36    36     207      40     40      3      3       0   B  QuietGame     3.30       69     1     A
442      156    116    24    25     116      40     40      0      6       5   A  QuietGame     3.24       68     0     A
441      213    173    31    31     173      40     40      0      5       5   A  QuietGame     3.15       68     1     B
444      169    129    25    27     129      40     40      2      7       7   A  QuietGame     3.10       68     0     A
446      188    148    32    32     148      40     40      2      2       0   B  QuietGame     3.19       68     0     B
443      245    205    31    32     205      40     40      2      4       4   A  QuietGame     3.07       68     1     B
447      191    151    29    31     191       0     35      0      7       7   A  Reduction     3.01       68     1     B
445      215    175    35    35     175      40     40      0      2       1   B  QuietGame     3.24       68     1     A
450      158    118    30    31     118      40     40      1      3      -3   B  QuietGame     3.25       68     0     B
449      176    136    27    27     136      40     40      1      7      -7   B  QuietGame     3.28       68     1     A
448      223    183    35    35     183      40     40      1      2      -1   B  QuietGame     3.04       68     0     B
451      188    148    33    34     188       0     34      3      4      -4   B  Reduction     3.15       68     1     A
454      144    104    32    34     144       0     22      3      4      -4   B  Reduction     3.09       67     0     B
457      123     83    18    18      83      40     40      2      2       2   A  QuietGame     3.16       69     1     B
453      171    131    30    31     171       0     26      0      7       7   A  Reduction     3.15       68     1     B
455      164    124    33    33     124      40     40      5      1      -1   B  QuietGame     3.21       67     1     A
452      189    149    28    30     149      40     40      0      6       6   A  QuietGame     3.03       68     0     A
456      181    141    33    33     141      40     40      1      2      -1   B  QuietGame     3.17       69     0     B
458      174    134    31    32     134      40     40      0      3       2   A  QuietGame     3.18       67     0     A
460      174    134    31    31     134      40     40      1      5      -5   B  QuietGame     3.19       67     0     B
459      185    145    32    32     145      40     40      0      4       4   A  QuietGame     3.22       67     1     B
461      212    172    33    34     212       0     19      1      4      -4   B  Reduction     3.10       67     1     A
465      166    126    32    32     166       0     27      1      6      -6   B  Reduction     3.22       68     1     A
462      213    173    29    31     173      40     40      0      5       5   A  QuietGame     3.06       68     0     A
464      207    167    30    31     167      40     40      0      5       5   A  QuietGame     3.18       68     0     A
463      251    211    30    31     211      40     40      3      6      -5   B  QuietGame     3.15       68     1     A
466      186    146    32    33     146      40     40      3      3      -3   B  QuietGame     3.10       68     0     B
467      143    103    31    31     143       0     24      0      7       7   A  Reduction     3.13       68     1     B
468      179    139    32    32     179       0     35      0      6       6   A  Reduction     3.10       68     0     A
472      121     81    15    15      81      40     40      2      1       1   B  QuietGame     3.19       68     0     B
469      168    128    27    28     128      40     40      0      3       2   A  QuietGame     3.13       68     1     B
474      103     63    12    14      63      40     40      0      3       2   A  QuietGame     2.90       68     0     A
470      165    125    29    29     125      40     40      0      3       3   A  QuietGame     3.25       67     0     A
475      106     66     7     7      66      40     40      1      1      -1   B  QuietGame     2.91       68     1     A
473      141    101    33    34     141       0     29      0      4       4   A  Reduction     3.16       68     1     B
471      236    196    35    36     196      40     40      2      2       0   B  QuietGame     3.06       67     1     A
476      191    151    33    33     151      40     40      2      2       1   B  QuietGame     3.09       68     0     B
477      201    161    34    35     201       0     24      0      3       3   A  Reduction     3.10       68     1     B
480      167    127    28    28     127      40     40      0      4       4   A  QuietGame     3.24       68     0     A
479      176    136    33    34     136      40     40      1      2      -2   B  QuietGame     3.09       69     1     A
481      172    132    16    16     132      40     40      0      3       0   B  QuietGame     3.13       68     1     A
482      217    177    27    28     177      40     40      1      3      -2   B  QuietGame     3.21       67     0     B
483      166    126    30    32     166       0     25      1      6      -6   B  Reduction     3.16       67     1     A
478      249    209    32    32     209      40     40      6      2       2   A  QuietGame     3.17       69     0     A
485      104     64     7     7      64      40     40      1      3      -3   B  QuietGame     3.06       68     1     A
484      123     83    16    18      83      40     40      1      2       0   B  QuietGame     3.18       68     0     B
487      153    113    29    29     113      40     40      0      7       7   A  QuietGame     3.26       68     1     B
488      161    121    33    34     161       0     29      0      4       4   A  Reduction     3.12       67     0     A
491      157    117    30    31     117      40     40      1      2      -1   B  QuietGame     3.15       68     1     A
489      166    126    32    33     126      40     40      3      3      -3   B  QuietGame     3.15       67     1     A
492      148    108    23    23     108      40     40      0      3       1   B  QuietGame     3.03       68     0     B
490      165    125    31    31     165       0     33      0      7       7   A  Reduction     3.03       68     0     A
486      246    206    34    35     206      40     40      3      2      -1   B  QuietGame     3.04       68     0     B
493      200    160    32    32     160      40     40      1      3      -2   B  QuietGame     3.22       68     1     A
495      166    126    22    22     126      40     40      0      3       2   A  QuietGame     3.10       68     1     B
497      116     76    14    15      76      40     40      3      1      -1   B  QuietGame     3.20       69     1     A
494      197    157    30    31     157      40     40      1      4      -3   B  QuietGame     3.12       68     0     B
496      147    107    31    32     147       0     23      0      6       6   A  Reduction     3.28       69     0     A
499      144    104    23    23     104      40     40      0      6       5   A  QuietGame     3.03       68     1     B
500      167    127    31    33     167       0     13      4      5       5   A  Reduction     3.13       68     0     A
498      197    157    33    34     197       0     27      2      4       4   A  Reduction     3.29       68     0     A
501      165    125    33    33     165       0     16      0      5       5   A  Reduction     3.13       68     1     B
505      106     66    19    19      66      40     40      1      1      -1   B  QuietGame     3.12       66     1     A
502      148    108    30    30     108      40     40      0      3       2   A  QuietGame     3.18       68     0     A
504      164    124    29    30     124      40     40      0      2       0   B  QuietGame     3.11       66     0     B
506      219    179    32    33     179      40     40      0      2       1   B  QuietGame     3.12       68     0     B
503      254    214    36    36     214      40     40      8      1       0   B  QuietGame     3.15       68     1     A
508      177    137    27    28     137      40     40      0      8       8   A  QuietGame     3.03       68     0     A
509      164    124    30    30     124      40     40      6      3       2   A  QuietGame     3.18       68     1     B
510      155    115    32    34     115      40     40      3      3       0   B  QuietGame     3.27       67     0     B
507      221    181    34    34     181      40     40      5      1       0   B  QuietGame     3.16       68     1     A
511      192    152    32    33     152      40     40      1      3      -3   B  QuietGame     3.16       67     1     A
512      183    143    32    34     183       0     32      0      4       4   A  Reduction     3.22       68     0     A
515      138     98    20    22      98      40     40      1      2      -2   B  QuietGame     3.12       68     1     A
517      145    105    31    32     105      40     40      2      3       2   A  QuietGame     3.03       69     1     B
513      195    155    34    35     155      40     40      4      2       1   B  QuietGame     3.13       68     1     A
516      189    149    35    35     189       0     26      2      3       3   A  Reduction     3.25       69     0     A
518      189    149    33    33     149      40     40      1      4      -3   B  QuietGame     3.24       68     0     B
519      153    113    33    33     113      40     40      3      2      -1   B  QuietGame     3.21       68     1     A
514      230    190    30    31     190      40     40      0      2       1   B  QuietGame     3.28       68     0     B
520      179    139    31    31     139      40     40      1      2      -1   B  QuietGame     3.19       68     0     B
523      112     72    17    17      72      40     40      0      2       1   B  QuietGame     3.03       68     1     A
522      177    137    33    33     177       0     24      0      5       5   A  Reduction     3.10       68     0     A
521      206    166    33    33     166      40     40      1      3      -3   B  QuietGame     3.12       68     1     A
526      135     95    14    16      95      40     40      2      2       2   A  QuietGame     3.04       68     0     A
524      177    137    31    32     177       0     31      0      6       6   A  Reduction     3.16       68     0     A
525      168    128    31    33     128      40     40      1      4      -3   B  QuietGame     3.18       68     1     A
527      164    124    28    29     124      40     40      1      3      -1   B  QuietGame     3.10       68     1     A
528      178    138    32    32     138      40     40      3      4      -4   B  QuietGame     3.06       68     0     B
532      115     75    18    18      75      40     40      0      4       4   A  QuietGame     3.18       68     0     A
530      189    149    31    33     149      40     40      0      4       3   A  QuietGame     3.19       68     0     A
529      239    199    29    29     199      40     40      1      6      -5   B  QuietGame     3.06       68     1     A
534      182    142    29    30     142      40     40      0      7       6   A  QuietGame     3.22       68     0     A
535      192    152    31    32     192       0     24      1      6      -6   B  Reduction     3.13       68     1     A
533      207    167    33    33     167      40     40      1      4      -3   B  QuietGame     3.15       68     1     A
536      176    136    35    35     176       0     30      1      3      -3   B  Reduction     3.15       67     0     B
531      266    226    35    35     226      40     40      3      2      -1   B  QuietGame     3.24       68     1     A
541      105     65    14    15      65      40     40      1      2      -1   B  QuietGame     3.13       67     1     A
539      158    118    28    30     118      40     40      6      1       0   B  QuietGame     3.15       68     1     A
537      247    207    35    35     247       0     35      0      3       3   A  Reduction     3.01       67     1     B
538      239    199    32    33     199      40     40      2      3       3   A  QuietGame     3.22       68     0     A
543      166    126    34    35     126      40     40      1      2      -1   B  QuietGame     3.13       67     1     A
542      194    154    33    34     154      40     40      0      3       2   A  QuietGame     3.22       67     0     A
546      100     60    10    11      60      40     40      0      2       1   B  QuietGame     2.84       67     0     B
540      224    184    35    36     184      40     40      6      1       0   B  QuietGame     3.21       67     0     B
545      119     79    13    13      79      40     40      0      5       5   A  QuietGame     3.09       68     1     B
544      212    172    33    34     172      40     40      4      3       0   B  QuietGame     3.24       68     0     B
547      174    134    32    32     134      40     40      3      2      -2   B  QuietGame     3.09       67     1     A
552      130     90    10    12      90      40     40      3      2      -2   B  QuietGame     3.06       68     0     B
549      166    126    31    31     126      40     40      2      4       3   A  QuietGame     3.10       68     1     B
554      139     99    34    36     139       0     16      2      2       2   A  Reduction     3.09       67     0     A
553      174    134    35    35     174       0     34      1      4      -3   B  Reduction     3.10       68     1     A
550      191    151    27    28     191       0     35      0     10      10   A  Reduction     3.12       68     0     A
548      206    166    33    33     166      40     40      1      3      -3   B  QuietGame     3.19       68     0     B
551      205    165    26    27     165      40     40      2      5       5   A  QuietGame     2.97       68     1     B
556      119     79    31    32     119       0     17      0      6       6   A  Reduction     3.19       68     0     A
561       95     55    12    12      55      40     40      1      1       0   B  QuietGame     3.03       68     1     A
557      136     96    25    27      96      40     40      0      6       5   A  QuietGame     3.00       68     1     B
558      126     86    13    13      86      40     40      1      2      -1   B  QuietGame     3.12       68     0     B
555      216    176    31    32     176      40     40      1      2      -2   B  QuietGame     3.09       67     1     A
559      151    111    31    34     111      40     40      2      3       2   A  QuietGame     3.12       68     1     B
562      146    106    17    19     106      40     40      0      3       1   B  QuietGame     2.91       67     0     B
560      187    147    30    31     147      40     40      0      3       3   A  QuietGame     3.21       68     0     A
563      161    121    28    31     121      40     40      0      3       3   A  QuietGame     3.06       67     1     B
565      197    157    36    36     197       0     26      2      2       2   A  Reduction     3.21       67     1     B
566      196    156    31    32     156      40     40      3      4      -4   B  QuietGame     3.10       67     0     B
564      235    195    25    25     195      40     40      2      7       7   A  QuietGame     3.12       67     0     A
568      199    159    27    28     199       0     33      0     10      10   A  Reduction     3.16       68     0     A
567      221    181    34    34     221       0     36      0      4       4   A  Reduction     3.16       67     1     B
569      187    147    32    34     147      40     40      1      3      -2   B  QuietGame     3.16       68     1     A
571      177    137    31    32     137      40     40      1      2       2   A  QuietGame     3.15       68     1     B
570      212    172    34    34     172      40     40      6      1       0   B  QuietGame     3.10       68     0     B
572      145    105    27    29     105      40     40      0      5       5   A  QuietGame     3.12       68     0     A
573      140    100    28    28     100      40     40      0      3       2   A  QuietGame     3.18       68     1     B
574      149    109    20    22     109      40     40      0      6       4   A  QuietGame     3.10       67     0     A
576      139     99    32    34     139       0     14      0      4       4   A  Reduction     3.09       68     0     A
577      147    107    26    26     107      40     40      0      4       4   A  QuietGame     3.16       68     1     B
575      213    173    28    30     173      40     40      0      6       6   A  QuietGame     3.21       67     1     B
583       97     57    11    11      57      40     40      0      3       3   A  QuietGame     3.00       68     1     B
578      182    142    35    35     142      40     40      4      2       1   B  QuietGame     3.19       68     0     B
579      185    145    31    32     185       0     39      0      6       6   A  Reduction     3.32       68     1     B
580      178    138    28    29     138      40     40      0      8       7   A  QuietGame     3.18       68     0     A
581      179    139    31    31     139      40     40      6      1       1   B  QuietGame     3.19       68     1     A
582      169    129    21    22     129      40     40      0      2       2   A  QuietGame     3.15       68     0     A
584      225    185    34    35     185      40     40      3      2      -1   B  QuietGame     3.06       68     0     B
586      159    119    33    34     159       0     30      0      4       4   A  Reduction     3.09       68     0     A
587      170    130    31    33     130      40     40      1      2      -1   B  QuietGame     3.12       68     1     A
590      125     85    13    16      85      40     40      0      3       2   A  QuietGame     2.96       68     0     A
585      187    147    29    30     147      40     40      0      6       6   A  QuietGame     3.19       68     1     B
591      133     93    33    33     133       0     11      0      5       5   A  Reduction     3.13       68     1     B
588      220    180    29    31     180      40     40      0      6       5   A  QuietGame     3.12       68     0     A
592      109     69    13    14      69      40     40      1      2       0   B  QuietGame     2.91       68     0     B
589      205    165    30    30     165      40     40      0      6       6   A  QuietGame     3.15       68     1     B
593      152    112    27    28     112      40     40      7      2      -2   B  QuietGame     3.15       68     1     A
596      152    112    32    32     112      40     40      4      1       0   B  QuietGame     3.22       68     0     B
600       89     49     7     7      49      40     40      0      1       1   B  QuietGame     3.00       67     0     B
594      175    135    28    29     135      40     40      0      7       7   A  QuietGame     3.16       67     0     A
599      115     75    11    12      75      40     40      1      2       0   B  QuietGame     2.96       68     1     A
595      205    165    31    33     165      40     40      0      3       3   A  QuietGame     3.01       67     1     B
597      190    150    36    36     150      40     40      6      1       0   B  QuietGame     3.28       68     1     A
601      122     82    21    22      82      40     40      3      2       0   B  QuietGame     3.16       67     1     A
603      118     78    20    20      78      40     40      2      1       0   B  QuietGame     3.19       68     1     A
604      120     80    14    14      80      40     40      0      2       0   B  QuietGame     3.10       68     0     B
598      236    196    32    32     196      40     40      1      4      -4   B  QuietGame     3.16       68     0     B
606      112     72    13    13      72      40     40      0      2       1   B  QuietGame     3.12       66     0     B
602      168    128    30    30     128      40     40      1      3      -2   B  QuietGame     3.19       68     0     B
605      170    130    29    30     130      40     40      0      5       4   A  QuietGame     3.16       68     1     B
607      149    109    30    32     109      40     40      0      4       4   A  QuietGame     3.23       66     1     B
608      168    128    31    34     168       0     25      3      4      -4   B  Reduction     3.09       68     0     B
611      119     79    32    33     119       0     13      2      5       5   A  Reduction     3.31       68     1     B
609      177    137    29    29     137      40     40      0      7       7   A  QuietGame     3.09       68     1     B
612      215    175    36    36     215       0     24      5      2       2   A  Reduction     3.18       68     0     A
613      213    173    30    31     173      40     40      1      4      -3   B  QuietGame     3.10       68     1     A
610      250    210    33    33     210      40     40      0      4       3   A  QuietGame     3.19       68     0     A
616      143    103    31    32     143       0     21      0      6       6   A  Reduction     3.09       67     0     A
614      194    154    32    32     154      40     40      0      5       4   A  QuietGame     3.18       68     0     A
615      224    184    35    35     184      40     40      7      1      -1   B  QuietGame     3.12       68     1     A
618      158    118    29    30     118      40     40      1      4      -4   B  QuietGame     3.07       69     0     B
617      204    164    31    32     164      40     40      0      3       2   A  QuietGame     3.21       67     1     B
619      182    142    33    33     182       0     25      1      5      -5   B  Reduction     3.29       69     1     A

games                620
mean plies           172.9   (movement 132.9)
mean captures        28.7
mean removals        29.4
mean dead tail       30.2   plies after the last capture or removal
mean longest quiet   36.2
mean lead changes    1.4   (348 of 620 games had any)
mean peak margin     3.6
mean final margin    3.0   (absolute)
ended by quiet game  468  (75%)
ended by reduction   151  (24%)
ended by immobilize  1  (0%)
won by A / B         295 / 325
mean depth           3.17   (over 42040 searched opening plies)
wall clock           6254.25 s

weight-set A wins    329 / 620  (53.1%)   [as P0: 157/310, as P1: 172/310]
weight-set B wins    291 / 620
quiet-game share     A-wins 75.7%   B-wins 75.3%   all 75.5%
95% threshold        wins >= 331 of 620 (one-sided): neither side significant
csv line appended to doc\bench\sweeps\2026-08-24\confirm.csv

wins 329/620 (threshold 331), quiet 75.48% (limit 75.5%), captures 28.68 (floor 26.163)
REJECT: no significant strength gain.
sweep stage 'confirm' -> doc/bench/sweeps/2026-08-24
>> ./cmake-build-release/latrunculi_game/latrunculi_bench.exe pairs=310 ms=500 seed=777001 threads=8 rows=8 columns=10 perside=20 csv=doc\bench\sweeps\2026-08-24\confirm.csv wA.threat=0.25 wA.pair=0.02 wA.mobility=0.005 wA.centre=0.05 wA.vulnerableAxes=-0.03 wA.oneMoveCapturable=-0.9 wA.spearheadPairs=0.15 wA.diagonalSupport=0.06 wA.deniedSquares=0.04 wA.strikers=0.05 wA.notchExposure=-0.12 wB.threat=0.25 wB.pair=0.02 wB.mobility=0.02 wB.centre=0.05 wB.vulnerableAxes=-0.03 wB.oneMoveCapturable=-0.9 wB.spearheadPairs=0.15 wB.diagonalSupport=0.06 wB.deniedSquares=0.04 wB.strikers=0.05 wB.notchExposure=-0.12
Latrunculi bench: 310 mirrored A-vs-B pairs (620 games), 8x10, 20 per side, slide, convex payoff, komi 1.5, policy placement, 500 ms per searched ply, 8 threads
base seed: 777001  (pair p uses seed base+p; even game index = set A as P0)
XML: not saved   memory tracking level: 0

game   plies  moveP  capt  remv lastAct    tail  quiet   lead   peak  margin win  reason    depth    srchd  AasP  wSet
7        108     68     9     9      68      40     40      0      2       1   B  QuietGame     3.12       68     1     A
4        123     83    25    25      83      40     40      0      4       3   A  QuietGame     3.15       68     0     A
2        130     90    13    14      90      40     40      1      4      -4   B  QuietGame     3.15       67     0     B
1        143    103    29    30     103      40     40      0      6       6   A  QuietGame     3.13       68     1     B
0        173    133    16    17     133      40     40      0      3       3   A  QuietGame     3.18       68     0     A
6        174    134    27    28     134      40     40      2      5       4   A  QuietGame     3.31       68     0     A
3        185    145    34    34     145      40     40      1      1       0   B  QuietGame     3.03       67     1     A
5        211    171    27    27     171      40     40      1      4      -3   B  QuietGame     3.18       68     1     A
8        133     93    17    17      93      40     40      2      1       1   B  QuietGame     3.15       68     0     B
11       128     88    25    25      88      40     40      1      2      -1   B  QuietGame     3.24       67     1     A
12       120     80    10    10      80      40     40      0      1       0   B  QuietGame     3.16       68     0     B
9        199    159    33    33     159      40     40      0      3       3   A  QuietGame     3.15       68     1     B
16       109     69    19    20      69      40     40      0      3       2   A  QuietGame     3.09       68     0     A
15       149    109    28    30     109      40     40      1      2       0   B  QuietGame     3.09       68     1     A
10       238    198    34    35     198      40     40      0      2       1   B  QuietGame     3.10       67     0     B
14       189    149    31    33     189       0     33      0      5       5   A  Reduction     2.96       68     0     A
13       201    161    30    31     161      40     40      0      3       3   A  QuietGame     3.21       68     1     B
17       213    173    29    30     173      40     40      0      4       4   A  QuietGame     3.16       68     1     B
18       218    178    34    34     218       0     29      1      4      -4   B  Reduction     3.13       68     0     B
19       192    152    30    30     152      40     40      0      5       4   A  QuietGame     3.22       68     1     B
20       190    150    36    36     190       0     28      3      2      -2   B  Reduction     3.22       67     0     B
21       191    151    30    31     151      40     40      1      2      -1   B  QuietGame     3.24       67     1     A
24       186    146    30    30     146      40     40      1      3      -2   B  QuietGame     3.13       68     0     B
23       194    154    35    35     194       0     35      1      3      -3   B  Reduction     3.19       68     1     A
25       127     87    17    17      87      40     40      1      2      -1   B  QuietGame     3.19       68     1     A
22       233    193    34    34     193      40     40      1      2       0   B  QuietGame     3.19       68     0     B
28       138     98    31    32     138       0     20      1      6      -6   B  Reduction     3.13       68     0     B
26       182    142    33    33     142      40     40      0      4       3   A  QuietGame     3.13       68     0     A
27       184    144    32    32     144      40     40      2      2       0   B  QuietGame     3.13       68     1     A
29       152    112    24    26     112      40     40      1      6      -6   B  QuietGame     3.15       68     1     A
31       181    141    34    34     181       0     38      0      4       4   A  Reduction     3.30       67     1     B
33       154    114    31    32     114      40     40      0      5       4   A  QuietGame     3.28       68     1     B
34       128     88    11    12      88      40     40      2      2       0   B  QuietGame     3.07       67     0     B
30       224    184    30    31     184      40     40      0      6       5   A  QuietGame     3.10       67     0     A
32       202    162    28    29     162      40     40      0      6       5   A  QuietGame     3.06       68     0     A
36       130     90    21    21      90      40     40      1      2      -1   B  QuietGame     3.24       68     0     B
35       201    161    31    31     161      40     40      0      5       5   A  QuietGame     3.36       67     1     B
37       210    170    33    33     170      40     40      0      2       1   B  QuietGame     3.18       68     1     A
38       176    136    27    28     136      40     40      2      2       0   B  QuietGame     3.29       68     0     B
43       116     76    18    21      76      40     40      1      3      -1   B  QuietGame     2.97       67     1     A
39       184    144    32    32     144      40     40      1      2      -2   B  QuietGame     3.32       68     1     A
42       146    106    22    23     106      40     40      0      6       5   A  QuietGame     3.24       67     0     A
40       170    130    27    28     130      40     40      2      3       0   B  QuietGame     3.27       67     0     B
41       203    163    24    24     163      40     40      1      3      -2   B  QuietGame     3.30       67     1     A
44       120     80    16    16      80      40     40      1      2      -2   B  QuietGame     2.69       68     0     B
47        87     47     4     4      47      40     40      0      1       0   B  QuietGame     2.15       68     1     A
48       107     67    15    17      67      40     40      0      7       7   A  QuietGame     2.66       68     0     A
50        98     58    12    12      58      40     40      0      2       0   B  QuietGame     2.66       68     0     B
49       100     60    12    13      60      40     40      1      2      -1   B  QuietGame     2.54       68     1     A
51       111     71    19    19      71      40     40      0      1       1   B  QuietGame     2.90       68     1     A
45       190    150    14    14     150      40     40      2      4       2   A  QuietGame     2.26       68     1     B
56        95     55     9    11      55      40     40      0      2       1   B  QuietGame     2.66       68     0     B
55       117     77    26    26      77      40     40      0      2       2   A  QuietGame     2.93       68     1     B
46       215    175    24    25     175      40     40      0      9       9   A  QuietGame     2.15       68     0     A
54       131     91    21    21      91      40     40      0      3       3   A  QuietGame     2.84       68     0     A
52       180    140    22    23     140      40     40      0      4       3   A  QuietGame     2.75       68     0     A
57       106     66    10    12      66      40     40      0      5       4   A  QuietGame     2.57       68     1     B
59        99     59    13    14      59      40     40      0      2       2   A  QuietGame     2.69       68     1     B
53       196    156    25    25     156      40     40      0      5       3   A  QuietGame     2.54       68     1     B
58       114     74    17    18      74      40     40      2      2       0   B  QuietGame     2.47       68     0     B
61       125     85    16    16      85      40     40      0      4       4   A  QuietGame     2.15       68     1     B
65        97     57    11    11      57      40     40      0      2       1   B  QuietGame     2.76       67     1     A
60       165    125    23    25     125      40     40      2      2       1   B  QuietGame     2.57       68     0     B
66        93     53     7     8      53      40     40      0      4       4   A  QuietGame     2.49       68     0     A
62       157    117    24    25     117      40     40      0      5       5   A  QuietGame     2.82       68     0     A
67       109     69    17    17      69      40     40      3      2      -1   B  QuietGame     2.57       68     1     A
63       166    126    27    28     126      40     40      0      5       4   A  QuietGame     2.82       68     1     B
68       124     84    15    16      84      40     40      2      2       0   B  QuietGame     2.57       68     0     B
64       227    187    28    31     187      40     40      0      5       5   A  QuietGame     2.58       67     0     A
69       122     82    24    24      82      40     40      1      2      -2   B  QuietGame     2.97       68     1     A
70       127     87    14    16      87      40     40      0      6       6   A  QuietGame     2.79       68     0     A
72       148    108    30    30     148       0     17      1      8      -8   B  Reduction     3.00       67     0     B
73       134     94    18    18      94      40     40      4      1       0   B  QuietGame     2.87       67     1     A
74       150    110    26    26     110      40     40      0      2       0   B  QuietGame     2.91       68     0     B
71       182    142    27    29     142      40     40      1      2      -1   B  QuietGame     2.91       68     1     A
75       156    116    31    32     116      40     40      4      2       0   B  QuietGame     3.25       68     1     A
80        98     58     8     8      58      40     40      0      1       0   B  QuietGame     3.22       68     0     B
76       200    160    32    32     160      40     40      2      5       4   A  QuietGame     3.35       68     0     A
78       200    160    29    30     160      40     40      2      5       4   A  QuietGame     3.26       68     0     A
82       152    112    24    26     112      40     40      0      5       4   A  QuietGame     3.22       68     0     A
79       203    163    31    32     163      40     40      1      5      -4   B  QuietGame     3.25       68     1     A
77       248    208    25    26     208      40     40      0      5       4   A  QuietGame     3.34       68     1     B
83       132     92    32    32     132       0     13      1      6      -6   B  Reduction     3.19       68     1     A
81       192    152    32    34     152      40     40      0      4       2   A  QuietGame     3.19       68     1     B
84       179    139    30    31     139      40     40      0      5       5   A  QuietGame     3.12       67     0     A
88       103     63     9    10      63      40     40      2      2       2   A  QuietGame     3.17       69     0     A
86       143    103    32    32     143       0     21      0      6       6   A  Reduction     3.19       68     0     A
90       158    118    24    25     118      40     40      0      6       5   A  QuietGame     3.27       67     0     A
91       165    125    28    30     165       0     38      0      8       8   A  Reduction     3.15       67     1     B
89       169    129    28    29     129      40     40      1      8      -7   B  QuietGame     3.13       69     1     A
92       156    116    28    28     116      40     40      0      3       2   A  QuietGame     3.16       68     0     A
85       260    220    32    33     220      40     40      1      3      -3   B  QuietGame     3.21       67     1     A
87       243    203    32    34     203      40     40      2      2       2   A  QuietGame     3.09       68     1     B
96       110     70    11    11      70      40     40      2      2       1   B  QuietGame     3.15       67     0     B
94       198    158    33    33     158      40     40      0      4       3   A  QuietGame     3.19       69     0     A
93       221    181    29    29     181      40     40      0      6      -5   B  QuietGame     3.28       68     1     A
95       179    139    26    27     139      40     40      0      4       3   A  QuietGame     3.13       69     1     B
97       199    159    34    34     159      40     40      9      1       0   B  QuietGame     3.19       67     1     A
100      159    119    28    28     119      40     40      0      6       6   A  QuietGame     3.24       68     0     A
103      103     63    17    18      63      40     40      0      4       4   A  QuietGame     3.09       68     1     B
99       208    168    31    31     168      40     40      1      3      -3   B  QuietGame     3.09       67     1     A
102      135     95    25    25      95      40     40      0      5       5   A  QuietGame     3.25       68     0     A
98       236    196    32    32     196      40     40      0      3       2   A  QuietGame     3.33       67     0     A
106      102     62    15    16      62      40     40      0      5       4   A  QuietGame     3.07       68     0     A
101      209    169    32    33     169      40     40      0      3       3   A  QuietGame     3.19       68     1     B
104      160    120    28    29     120      40     40      0      6       5   A  QuietGame     3.25       68     0     A
107      130     90    20    21      90      40     40      3      2      -1   B  QuietGame     3.28       68     1     A
105      165    125    26    28     125      40     40      3      5      -4   B  QuietGame     3.24       68     1     A
108      191    151    33    33     191       0     27      6      5       5   A  Reduction     3.26       68     0     A
109      194    154    28    30     154      40     40      0      7       6   A  QuietGame     3.29       68     1     B
111      158    118    12    13     118      40     40      1      2      -1   B  QuietGame     3.01       67     1     A
110      193    153    35    35     193       0     28      0      3       3   A  Reduction     3.33       67     0     A
114      115     75    17    18      75      40     40      1      3      -2   B  QuietGame     3.21       68     0     B
113      150    110    25    25     110      40     40      1      5      -5   B  QuietGame     3.29       68     1     A
112      201    161    30    30     161      40     40      0      6       6   A  QuietGame     3.40       68     0     A
118       99     59    15    15      59      40     40      0      1       1   B  QuietGame     3.23       69     0     B
115      217    177    26    28     177      40     40      7      2       0   B  QuietGame     2.85       68     1     A
117      145    105    32    32     145       0     29      0      6       6   A  Reduction     3.21       68     1     B
120      137     97    18    19      97      40     40      0      3       3   A  QuietGame     3.13       68     0     A
121      152    112    29    30     152       0     19      1      8      -8   B  Reduction     3.28       68     1     A
119      179    139    32    32     179       0     27      0      6       6   A  Reduction     3.30       69     1     B
122      143    103    34    35     143       0     11      2      3       3   A  Reduction     3.13       68     0     A
116      227    187    31    31     227       0     25      0      7       7   A  Reduction     3.13       68     0     A
124      143    103    33    33     143       0     19      0      5       5   A  Reduction     3.38       68     0     A
123      207    167    29    29     167      40     40      2      3       3   A  QuietGame     3.24       68     1     B
126      154    114    26    27     114      40     40      3      2      -1   B  QuietGame     3.40       67     0     B
125      228    188    35    36     228       0     34      1      3      -2   B  Reduction     3.31       68     1     A
127      216    176    34    34     176      40     40      1      3      -2   B  QuietGame     3.24       67     1     A
128      192    152    26    27     152      40     40      0      6       5   A  QuietGame     3.21       66     0     A
130      176    136    29    29     136      40     40      0      2       1   B  QuietGame     3.16       68     0     B
133      133     93    22    23      93      40     40      1      4      -3   B  QuietGame     3.09       68     1     A
131      167    127    32    33     127      40     40      0      3       3   A  QuietGame     3.26       68     1     B
129      242    202    36    36     202      40     40      6      1       0   B  QuietGame     3.17       66     1     A
132      165    125    32    32     165       0     37      0      6       6   A  Reduction     3.22       68     0     A
134      148    108    22    23     108      40     40      0      3       1   B  QuietGame     3.25       68     0     B
139      108     68    16    18      68      40     40      1      2      -2   B  QuietGame     3.07       69     1     A
135      200    160    34    35     160      40     40      2      2       1   B  QuietGame     3.29       68     1     A
136      250    210    29    29     210      40     40      0      2       1   B  QuietGame     3.19       68     0     B
142      134     94    24    24      94      40     40      2      2       0   B  QuietGame     3.28       67     0     B
137      249    209    32    32     209      40     40      1      3      -2   B  QuietGame     3.31       68     1     A
141      187    147    34    34     187       0     28      0      4       4   A  Reduction     3.19       68     1     B
138      220    180    35    35     180      40     40      6      2       1   B  QuietGame     3.25       69     0     B
140      219    179    35    35     219       0     36      2      3       3   A  Reduction     3.19       68     0     A
143      197    157    32    33     157      40     40      0      3       3   A  QuietGame     3.22       67     1     B
144      157    117    34    34     157       0     16      0      4       4   A  Reduction     3.34       68     0     A
146      111     71    18    19      71      40     40      0      3       3   A  QuietGame     3.22       67     0     A
150      129     89    34    34     129       0     16      0      4       4   A  Reduction     3.44       68     0     A
145      155    115    31    32     115      40     40      3      1       0   B  QuietGame     3.22       68     1     A
147      164    124    22    22     124      40     40      0      4       2   A  QuietGame     3.09       67     1     B
151      115     75    31    31     115       0      6      0      7       7   A  Reduction     3.43       68     1     B
148      197    157    30    30     157      40     40      3      5      -4   B  QuietGame     3.26       68     0     B
149      220    180    33    34     180      40     40      0      4       2   A  QuietGame     3.21       68     1     B
152      155    115    21    22     115      40     40      0      4       4   A  QuietGame     3.25       67     0     A
155      154    114    29    29     114      40     40      5      1      -1   B  QuietGame     3.24       67     1     A
153      209    169    33    35     209       0     37      0      4       3   A  Reduction     3.16       67     1     B
154      189    149    30    30     149      40     40      2      2       2   A  QuietGame     3.45       67     0     A
158      139     99    30    32     139       0     20      0      6       6   A  Reduction     3.22       68     0     A
159      139     99    34    34     139       0     14      2      4       4   A  Reduction     3.22       68     1     B
156      208    168    32    32     168      40     40      2      3       0   B  QuietGame     3.28       68     0     B
157      178    138    31    32     138      40     40      5      4      -4   B  QuietGame     3.19       68     1     A
160      170    130    33    33     170       0     19      1      5      -5   B  Reduction     3.10       68     0     B
164       96     56     8     8      56      40     40      3      2      -2   B  QuietGame     3.09       68     0     B
167      102     62     8     9      62      40     40      1      1      -1   B  QuietGame     3.10       69     1     A
161      183    143    26    28     143      40     40      0      4       2   A  QuietGame     3.24       68     1     B
163      159    119    34    34     159       0     13      0      4       4   A  Reduction     3.36       67     1     B
162      179    139    28    28     139      40     40      0      6       6   A  QuietGame     3.18       67     0     A
169      131     91    34    34     131       0     15      0      4       4   A  Reduction     3.28       68     1     B
166      198    158    33    33     158      40     40      1      3      -3   B  QuietGame     3.32       69     0     B
173      109     69    17    18      69      40     40      2      2       2   A  QuietGame     3.04       67     1     B
165      223    183    30    32     183      40     40      0      4       2   A  QuietGame     3.06       68     1     B
168      180    140    29    29     140      40     40      3      2      -1   B  QuietGame     3.25       68     0     B
170      147    107    16    16     107      40     40      0      4       4   A  QuietGame     3.19       68     0     A
172      198    158    23    23     158      40     40      0      3       1   B  QuietGame     3.16       67     0     B
171      215    175    31    34     175      40     40      4      2       2   A  QuietGame     3.12       68     1     B
174      178    138    26    27     138      40     40      0      4       3   A  QuietGame     3.12       68     0     A
177      180    140    25    25     140      40     40      0      4       3   A  QuietGame     3.12       67     1     B
180      111     71    16    16      71      40     40      1      2       0   B  QuietGame     3.03       68     0     B
178      202    162    28    28     162      40     40      3      2      -2   B  QuietGame     3.29       68     0     B
179      190    150    30    31     150      40     40      1      5      -5   B  QuietGame     3.09       68     1     A
175      229    189    34    34     189      40     40      5      2       0   B  QuietGame     3.19       68     1     A
176      222    182    30    32     182      40     40      1      3      -2   B  QuietGame     3.15       67     0     B
181      174    134    27    28     134      40     40      1      3      -2   B  QuietGame     3.10       68     1     A
183      127     87    26    27      87      40     40      4      2       1   B  QuietGame     3.10       68     1     A
182      168    128    28    30     128      40     40      2      5       4   A  QuietGame     3.22       68     0     A
185      144    104    21    21     104      40     40      0      4       3   A  QuietGame     3.19       69     1     B
184      161    121    18    18     121      40     40      2      2       2   A  QuietGame     3.16       69     0     A
186      155    115    30    31     115      40     40      0      5       5   A  QuietGame     3.18       68     0     A
187      182    142    34    34     142      40     40      0      3       2   A  QuietGame     3.13       68     1     B
188      188    148    31    33     148      40     40      0      4       3   A  QuietGame     3.16       68     0     A
189      144    104    16    16     104      40     40      1      2      -2   B  QuietGame     3.06       68     1     A
191      143    103    25    26     103      40     40      0      2       2   A  QuietGame     3.21       67     1     B
190      153    113    26    26     113      40     40      1      1       0   B  QuietGame     3.15       67     0     B
192      177    137    25    28     137      40     40      0      4       4   A  QuietGame     3.22       68     0     A
195      137     97    20    20      97      40     40      1      2       0   B  QuietGame     3.19       68     1     A
193      185    145    35    35     185       0     17      2      3       3   A  Reduction     3.21       68     1     B
196      166    126    28    30     126      40     40      0      5       4   A  QuietGame     3.01       68     0     A
194      219    179    31    32     179      40     40      0      4       4   A  QuietGame     3.12       68     0     A
197      172    132    34    34     132      40     40      4      1       0   B  QuietGame     3.15       68     1     A
199      177    137    33    34     177       0     34      0      4       4   A  Reduction     3.06       69     1     B
198      185    145    31    31     145      40     40      2      5       5   A  QuietGame     3.12       69     0     A
202      134     94    29    30      94      40     40      2      3       2   A  QuietGame     3.26       68     0     A
200      161    121    27    28     121      40     40      4      3       2   A  QuietGame     3.21       68     0     A
203      164    124    27    29     124      40     40      1      2      -1   B  QuietGame     3.31       68     1     A
201      234    194    26    26     194      40     40      1      8      -8   B  QuietGame     2.94       68     1     A
204      184    144    29    29     144      40     40      0      6       5   A  QuietGame     3.15       68     0     A
207      165    125    35    35     165       0     31      2      3       3   A  Reduction     3.22       69     1     B
205      202    162    34    34     162      40     40      2      2       0   B  QuietGame     3.21       68     1     A
206      188    148    31    33     148      40     40      0      4       3   A  QuietGame     3.07       69     0     A
208      173    133    30    32     133      40     40      0      4       4   A  QuietGame     3.15       67     0     A
209      192    152    31    31     152      40     40      0      6       5   A  QuietGame     3.21       67     1     B
212      161    121    34    34     161       0     18      0      4       4   A  Reduction     3.09       67     0     A
211      177    137    25    25     137      40     40      0      2       1   B  QuietGame     3.21       68     1     A
214      158    118    34    34     158       0     29      1      4      -4   B  Reduction     3.18       68     0     B
215      166    126    33    33     166       0     35      1      5      -5   B  Reduction     3.12       68     1     A
213      197    157    30    32     157      40     40      2      3       2   A  QuietGame     3.21       67     1     B
210      253    213    30    33     213      40     40      0      3       3   A  QuietGame     3.15       68     0     A
216      197    157    33    33     197       0     30      0      5       5   A  Reduction     3.28       67     0     A
217      220    180    34    34     180      40     40      0      2       0   B  QuietGame     3.24       67     1     A
218      208    168    33    33     168      40     40      0      4       3   A  QuietGame     3.22       67     0     A
219      202    162    31    33     162      40     40      0      2       1   B  QuietGame     3.18       67     1     A
220      198    158    29    30     158      40     40      0      3       2   A  QuietGame     3.25       68     0     A
221      195    155    32    32     155      40     40      5      1       0   B  QuietGame     3.24       68     1     A
223      186    146    25    27     146      40     40      0      8       7   A  QuietGame     3.06       68     1     B
224      148    108    20    20     108      40     40      0      4       2   A  QuietGame     3.37       67     0     A
222      226    186    25    26     186      40     40      3      2      -2   B  QuietGame     3.35       68     0     B
225      190    150    19    20     150      40     40      6      1       0   B  QuietGame     3.16       67     1     A
228      149    109    30    31     149       0     15      0      7       7   A  Reduction     3.18       68     0     A
230      121     81    23    23      81      40     40      0      2       1   B  QuietGame     3.27       67     0     B
229      127     87    19    22      87      40     40      1      2       0   B  QuietGame     3.12       68     1     A
226      191    151    21    22     151      40     40      0     10      10   A  QuietGame     3.24       68     0     A
227      210    170    33    36     170      40     40      2      2       0   B  QuietGame     3.28       68     1     A
232      163    123    29    29     163       0     23      2      9       9   A  Reduction     3.34       68     0     A
237      118     78    17    18      78      40     40      0      2       0   B  QuietGame     3.04       68     1     A
235      150    110    19    19     110      40     40      0      2       1   B  QuietGame     3.22       67     1     A
231      260    220    33    34     220      40     40      2      3       2   A  QuietGame     3.28       67     1     B
236      172    132    30    31     132      40     40      1      2      -1   B  QuietGame     3.16       68     0     B
234      175    135    28    29     135      40     40      0      7       7   A  QuietGame     3.25       67     0     A
233      206    166    30    32     166      40     40      3      2      -2   B  QuietGame     3.13       68     1     A
238      170    130    30    30     130      40     40      5      5       4   A  QuietGame     3.32       68     0     A
241      112     72    18    18      72      40     40      0      1       0   B  QuietGame     3.07       69     1     A
239      194    154    32    32     154      40     40      0      2       0   B  QuietGame     3.29       68     1     A
240      161    121    30    31     121      40     40      0      5       5   A  QuietGame     3.19       69     0     A
244      144    104    25    26     104      40     40      4      3       2   A  QuietGame     3.21       68     0     A
242      173    133    28    30     133      40     40      0      6       6   A  QuietGame     3.22       68     0     A
247      112     72    12    12      72      40     40      0      3       2   A  QuietGame     3.12       68     1     B
245      184    144    33    33     144      40     40      2      2       1   B  QuietGame     3.24       68     1     A
243      249    209    32    32     209      40     40      2      4       4   A  QuietGame     3.22       68     1     B
250      124     84    12    12      84      40     40      0      1       0   B  QuietGame     3.16       67     0     B
246      204    164    32    32     164      40     40      2      3       2   A  QuietGame     3.21       68     0     A
249      145    105    23    23     105      40     40      1      4      -3   B  QuietGame     3.32       68     1     A
251      133     93    28    28      93      40     40      0      4       2   A  QuietGame     3.21       67     1     B
248      219    179    28    29     179      40     40      0      7       7   A  QuietGame     3.37       68     0     A
253      183    143    32    32     143      40     40      0      2       2   A  QuietGame     3.29       68     1     B
252      219    179    30    31     179      40     40      0      2       1   B  QuietGame     3.15       68     0     B
254      165    125    26    27     125      40     40      0      5       5   A  QuietGame     3.30       67     0     A
255      171    131    30    31     131      40     40      0      3       3   A  QuietGame     3.25       67     1     B
257      196    156    23    23     156      40     40      0      6       5   A  QuietGame     3.31       68     1     B
256      210    170    32    32     170      40     40      4      2       0   B  QuietGame     3.26       68     0     B
259      177    137    33    33     177       0     22      2      5       5   A  Reduction     3.21       68     1     B
258      245    205    33    35     245       0     30      2      3       3   A  Reduction     3.29       68     0     A
260      163    123    26    25     163       0     27      0     13      13   A  Immobilize     3.28       67     0     A
262      169    129    21    22     129      40     40      1      3      -2   B  QuietGame     3.15       68     0     B
263      198    158    33    33     158      40     40      3      2      -1   B  QuietGame     3.25       68     1     A
264      175    135    28    29     135      40     40      4      4       3   A  QuietGame     3.21       68     0     A
266      156    116    22    24     116      40     40      0      5       4   A  QuietGame     3.18       67     0     A
267      153    113    29    31     113      40     40      2      2       1   B  QuietGame     3.28       67     1     A
265      208    168    36    36     208       0     34      1      2      -2   B  Reduction     3.15       68     1     A
261      267    227    35    36     227      40     40      7      2       0   B  QuietGame     3.13       67     1     A
269      162    122    26    28     122      40     40      1      4      -4   B  QuietGame     3.13       68     1     A
275      116     76    14    14      76      40     40      0      5       4   A  QuietGame     3.21       68     1     B
274      117     77    20    22      77      40     40      0      4       4   A  QuietGame     3.12       68     0     A
268      250    210    34    34     210      40     40      0      3       2   A  QuietGame     3.22       68     0     A
272      154    114    36    36     154       0     15      5      2      -2   B  Reduction     3.32       68     0     B
270      221    181    34    34     221       0     38      0      4       4   A  Reduction     3.24       68     0     A
271      207    167    30    32     167      40     40      1      5      -4   B  QuietGame     3.26       68     1     A
273      212    172    29    29     172      40     40      0      3       1   B  QuietGame     3.24       68     1     A
280      134     94    28    28      94      40     40      1      4      -4   B  QuietGame     3.28       68     0     B
276      208    168    27    29     168      40     40      2      6       5   A  QuietGame     3.13       68     0     A
277      175    135    35    36     175       0     22      0      2       2   A  Reduction     3.21       68     1     B
279      172    132    28    28     132      40     40      1      4      -4   B  QuietGame     3.37       67     1     A
278      211    171    30    31     171      40     40      0      5       5   A  QuietGame     3.13       67     0     A
281      170    130    28    28     130      40     40      0      3       2   A  QuietGame     3.28       68     1     B
282      181    141    30    30     141      40     40      0      4       4   A  QuietGame     3.13       69     0     A
284      163    123    34    36     163       0     21      0      2       2   A  Reduction     3.13       67     0     A
283      217    177    33    33     177      40     40      1      4      -3   B  QuietGame     3.25       69     1     A
286      159    119    15    16     119      40     40      0      6       6   A  QuietGame     3.10       68     0     A
285      209    169    26    29     169      40     40      1      3      -1   B  QuietGame     3.12       67     1     A
287      194    154    31    33     154      40     40      0      4       3   A  QuietGame     3.06       68     1     B
288      179    139    29    29     139      40     40      0      5       5   A  QuietGame     3.21       68     0     A
289      168    128    30    31     128      40     40      0      4       3   A  QuietGame     3.28       68     1     B
291      132     92    18    20      92      40     40      5      2      -2   B  QuietGame     3.15       67     1     A
290      192    152    26    27     152      40     40      1      6      -5   B  QuietGame     3.24       67     0     B
292      129     89    22    22      89      40     40      0      2       2   A  QuietGame     3.18       68     0     A
293      171    131    25    28     131      40     40      1      3       0   B  QuietGame     3.34       68     1     A
296      145    105    30    31     145       0     20      0      7       7   A  Reduction     3.19       67     0     A
295      166    126    31    32     126      40     40      1      2      -2   B  QuietGame     3.25       68     1     A
294      188    148    28    28     148      40     40      1      6      -6   B  QuietGame     3.28       68     0     B
298      158    118    30    32     158       0     23      1      6      -6   B  Reduction     3.30       67     0     B
297      214    174    36    36     174      40     40      4      2       0   B  QuietGame     3.19       67     1     A
300      193    153    36    36     153      40     40      7      1       0   B  QuietGame     3.34       67     0     B
299      230    190    32    34     190      40     40      1      3      -2   B  QuietGame     2.93       67     1     A
301      193    153    28    29     193       0     19      0      9       9   A  Reduction     3.16       67     1     B
304      155    115    33    34     155       0     18      0      4       4   A  Reduction     3.22       68     0     A
302      187    147    34    34     187       0     36      2      4       4   A  Reduction     3.22       67     0     A
306      156    116    30    30     116      40     40      1      6      -6   B  QuietGame     3.35       68     0     B
303      230    190    32    32     190      40     40      3      4      -4   B  QuietGame     3.37       67     1     A
305      196    156    31    31     156      40     40      3      2      -1   B  QuietGame     3.32       68     1     A
308      157    117    31    31     157       0     18      0      7       7   A  Reduction     3.25       67     0     A
307      194    154    32    33     154      40     40      1      3      -3   B  QuietGame     3.19       68     1     A
309      182    142    31    31     142      40     40      1      5      -5   B  QuietGame     3.25       67     1     A
312      120     80    20    20      80      40     40      0      3       2   A  QuietGame     3.22       69     0     A
310      192    152    34    35     192       0     24      1      3      -3   B  Reduction     3.18       68     0     B
313      172    132    27    29     172       0     25      1      9      -9   B  Reduction     3.23       69     1     A
314      171    131    33    33     171       0     25      0      5       5   A  Reduction     3.24       68     0     A
311      235    195    32    33     195      40     40      0      3       3   A  QuietGame     3.28       68     1     B
315      197    157    34    34     197       0     24      0      4       4   A  Reduction     3.26       68     1     B
316      193    153    32    35     193       0     17      6      3       3   A  Reduction     3.15       68     0     A
319      126     86    18    20      86      40     40      2      2       0   B  QuietGame     3.16       68     1     A
318      179    139    32    32     179       0     29      0      6       6   A  Reduction     3.24       68     0     A
321      156    116    25    27     116      40     40      2      2       1   B  QuietGame     3.15       68     1     A
317      256    216    28    30     216      40     40      0      7       6   A  QuietGame     3.09       68     1     B
326       96     56    13    13      56      40     40      0      2       1   B  QuietGame     3.16       67     0     B
322      200    160    29    30     160      40     40      0      5       4   A  QuietGame     3.21       67     0     A
320      212    172    33    33     172      40     40      0      4       3   A  QuietGame     3.34       68     0     A
323      195    155    33    33     155      40     40      1      4      -3   B  QuietGame     3.42       67     1     A
324      213    173    25    27     173      40     40      0      9       9   A  QuietGame     3.22       68     0     A
328      129     89    13    14      89      40     40      2      2       2   A  QuietGame     3.26       68     0     A
325      245    205    34    35     245       0     26      0      3       3   A  Reduction     3.19       68     1     B
331      143    103    31    32     143       0     25      0      6       6   A  Reduction     3.19       68     1     B
329      187    147    30    30     147      40     40      0      3       2   A  QuietGame     3.10       68     1     B
327      223    183    27    28     183      40     40      0      5       4   A  QuietGame     3.16       67     1     B
330      218    178    28    29     178      40     40      1      7      -7   B  QuietGame     3.26       68     0     B
334      135     95    30    31     135       0     15      0      7       7   A  Reduction     3.26       68     0     A
332      179    139    28    28     139      40     40      0      6       6   A  QuietGame     3.18       68     0     A
333      174    134    16    16     134      40     40      0      3       2   A  QuietGame     3.25       68     1     B
336      117     77    18    18      77      40     40      1      2       0   B  QuietGame     3.22       68     0     B
335      143    103    12    12     103      40     40      2      2       2   A  QuietGame     3.03       68     1     B
337      143    103    22    23     103      40     40      1      2      -1   B  QuietGame     3.26       68     1     A
343       98     58    13    13      58      40     40      1      1      -1   B  QuietGame     3.12       68     1     A
342      131     91    15    15      91      40     40      2      1       1   B  QuietGame     3.26       68     0     B
341      158    118    25    25     118      40     40      1      3      -3   B  QuietGame     3.16       67     1     A
339      190    150    34    34     150      40     40      0      3      -2   B  QuietGame     3.35       68     1     A
345      105     65    12    12      65      40     40      1      1       0   B  QuietGame     3.26       68     1     A
338      259    219    35    36     259       0     38      2      2       2   A  Reduction     3.26       68     0     A
344      197    157    30    31     157      40     40      0      5       5   A  QuietGame     3.09       68     0     A
340      231    191    34    34     191      40     40      3      3      -2   B  QuietGame     3.28       67     0     B
346      188    148    32    32     148      40     40      0      5       4   A  QuietGame     3.28       68     0     A
348      151    111    21    21     111      40     40      1      4      -3   B  QuietGame     3.31       67     0     B
347      166    126    32    32     126      40     40      1      4      -4   B  QuietGame     3.50       68     1     A
351      120     80    21    22      80      40     40      0      2       0   B  QuietGame     3.19       68     1     A
350      196    156    28    30     156      40     40      0      5       4   A  QuietGame     3.22       68     0     A
349      217    177    29    29     177      40     40      3      2      -1   B  QuietGame     3.30       67     1     A
353      167    127    29    31     127      40     40      7      2      -1   B  QuietGame     3.21       68     1     A
355      169    129    33    34     129      40     40      7      1       0   B  QuietGame     3.26       68     1     A
352      252    212    30    32     212      40     40      0      5       4   A  QuietGame     3.21       68     0     A
354      213    173    34    34     173      40     40      0      2       2   A  QuietGame     3.34       68     0     A
356      217    177    30    30     177      40     40      1      2       0   B  QuietGame     3.25       68     0     B
358      167    127    29    30     167       0     35      0      8       8   A  Reduction     3.16       68     0     A
360      155    115    32    32     155       0     26      0      6       6   A  Reduction     3.22       68     0     A
357      228    188    32    32     228       0     25      1      6      -6   B  Reduction     3.13       68     1     A
359      218    178    36    36     178      40     40      6      1       0   B  QuietGame     3.18       68     1     A
361      157    117    30    31     157       0     29      0      7       7   A  Reduction     3.18       68     1     B
366      103     63    10    11      63      40     40      0      3       3   A  QuietGame     3.15       68     0     A
367      123     83    18    20      83      40     40      1      2       0   B  QuietGame     3.15       68     1     A
362      195    155    27    28     155      40     40      0      6       6   A  QuietGame     3.13       67     0     A
365      167    127    31    31     127      40     40      2      2       1   B  QuietGame     3.28       67     1     A
363      222    182    35    35     222       0     21      5      3      -3   B  Reduction     3.27       67     1     A
364      224    184    27    28     184      40     40      4      2       0   B  QuietGame     3.25       67     0     B
368      182    142    30    30     142      40     40      0      5       4   A  QuietGame     3.28       68     0     A
372      127     87    21    21      87      40     40      1      2      -1   B  QuietGame     3.25       68     0     B
369      177    137    33    34     137      40     40      1      3      -2   B  QuietGame     3.24       68     1     A
370      185    145    28    29     145      40     40      0      5       5   A  QuietGame     3.16       68     0     A
371      206    166    33    34     166      40     40      8      2       0   B  QuietGame     3.24       68     1     A
374      169    129    17    18     129      40     40      3      3       0   B  QuietGame     3.21       68     0     B
373      202    162    32    32     162      40     40      3      4      -4   B  QuietGame     3.25       68     1     A
376      157    117    30    31     117      40     40      0      5       5   A  QuietGame     3.25       68     0     A
378      163    123    26    28     123      40     40      0      4       4   A  QuietGame     3.32       68     0     A
377      211    171    34    35     211       0     31      0      3       3   A  Reduction     3.22       68     1     B
375      246    206    35    35     206      40     40      1      2      -1   B  QuietGame     3.28       68     1     A
380      141    101    17    17     101      40     40      2      3       3   A  QuietGame     3.27       67     0     A
379      189    149    27    27     149      40     40      3      4      -3   B  QuietGame     3.28       68     1     A
381      126     86    23    23      86      40     40      1      2      -1   B  QuietGame     3.25       67     1     A
382      232    192    35    36     192      40     40      6      2       0   B  QuietGame     3.16       68     0     B
384      188    148    29    31     148      40     40      2      2       1   B  QuietGame     3.21       68     0     B
388      147    107    34    34     147       0     12      0      4       4   A  Reduction     3.31       68     0     A
383      223    183    30    30     183      40     40      0      3       2   A  QuietGame     3.21       68     1     B
389      151    111    29    29     111      40     40      0      7       7   A  QuietGame     3.35       68     1     B
385      171    131    33    33     171       0     14      0      5       5   A  Reduction     3.22       68     1     B
386      197    157    35    35     197       0     34      0      3       3   A  Reduction     3.12       68     0     A
387      207    167    34    34     167      40     40      2      2       2   A  QuietGame     3.22       68     1     B
390      127     87    22    22      87      40     40      0      3       2   A  QuietGame     3.35       68     0     A
391      126     86    21    22      86      40     40      1      4      -4   B  QuietGame     3.31       68     1     A
392      118     78    18    18      78      40     40      2      1       0   B  QuietGame     3.34       68     0     B
396       96     56    12    13      56      40     40      3      1      -1   B  QuietGame     3.07       68     0     B
394      159    119    19    20     119      40     40      0      3       2   A  QuietGame     3.13       68     0     A
395      178    138    27    27     178       0     30      0     11     -11   B  Reduction     3.21       68     1     A
398      103     63    16    17      63      40     40      0      3       3   A  QuietGame     3.13       68     0     A
397      167    127    25    25     127      40     40      2      2       1   B  QuietGame     3.24       68     1     A
393      215    175    32    32     175      40     40      3      3       0   B  QuietGame     3.21       68     1     A
399      178    138    30    30     138      40     40      3      2      -2   B  QuietGame     3.32       68     1     A
402      173    133    33    35     173       0     24      0      3       3   A  Reduction     3.19       67     0     A
403      169    129    30    31     129      40     40      1      4      -3   B  QuietGame     3.15       67     1     A
401      242    202    33    33     202      40     40      3      3      -3   B  QuietGame     3.40       68     1     A
400      260    220    29    30     220      40     40      0      3       2   A  QuietGame     3.18       68     0     A
405      162    122    31    31     122      40     40      0      2       1   B  QuietGame     3.26       68     1     A
404      193    153    30    32     153      40     40      0      4       4   A  QuietGame     3.24       68     0     A
407      144    104    28    28     104      40     40      1      2      -2   B  QuietGame     3.25       67     1     A
406      201    161    27    28     161      40     40      0      8       8   A  QuietGame     3.15       67     0     A
410      112     72    22    23      72      40     40      0      2       1   B  QuietGame     3.35       68     0     B
413      126     86    19    19      86      40     40      3      2      -1   B  QuietGame     3.33       67     1     A
415       94     54     8     8      54      40     40      0      1       0   B  QuietGame     3.12       68     1     A
408      238    198    25    27     198      40     40      2      2       1   B  QuietGame     3.28       68     0     B
411      205    165    26    26     165      40     40      0      4       4   A  QuietGame     3.26       68     1     B
412      202    162    31    31     162      40     40      0      4       3   A  QuietGame     3.28       67     0     A
409      227    187    32    34     187      40     40      3      2       0   B  QuietGame     3.01       68     1     A
417      135     95    13    14      95      40     40      1      1       0   B  QuietGame     3.09       69     1     A
422      114     74    16    16      74      40     40      0      2       0   B  QuietGame     3.22       68     0     B
414      266    226    35    35     226      40     40      2      2       1   B  QuietGame     3.28       68     0     B
416      212    172    33    34     172      40     40      0      3       2   A  QuietGame     3.23       69     0     A
421      185    145    32    32     185       0     38      0      6       6   A  Reduction     3.44       68     1     B
419      201    161    35    35     201       0     34      2      3       3   A  Reduction     3.18       68     1     B
418      275    235    32    33     235      40     40      2      3       3   A  QuietGame     3.24       68     0     A
420      217    177    25    26     177      40     40      0      6       6   A  QuietGame     3.07       68     0     A
423      173    133    29    30     133      40     40      0      3       2   A  QuietGame     3.29       68     1     B
425      155    115    27    28     115      40     40      1      5      -4   B  QuietGame     3.15       68     1     A
427      118     78    14    14      78      40     40      3      2      -2   B  QuietGame     3.19       68     1     A
430      106     66    14    15      66      40     40      1      1      -1   B  QuietGame     3.15       68     0     B
424      237    197    29    30     197      40     40      0      6       6   A  QuietGame     3.19       68     0     A
426      240    200    33    33     200      40     40      0      4       3   A  QuietGame     3.34       68     0     A
428      225    185    32    33     225       0     25      0      5       5   A  Reduction     3.06       67     0     A
429      210    170    29    30     170      40     40      0      7       6   A  QuietGame     3.27       67     1     B
431      198    158    34    36     158      40     40     10      1       0   B  QuietGame     3.26       68     1     A
432      180    140    29    32     140      40     40      0      4       2   A  QuietGame     3.10       68     0     A
434      149    109    25    25     109      40     40      0      3       3   A  QuietGame     3.24       68     0     A
433      193    153    35    35     153      40     40      1      2      -1   B  QuietGame     3.25       68     1     A
435      158    118    18    19     118      40     40      2      2       1   B  QuietGame     3.16       68     1     A
436      171    131    27    29     131      40     40      0      5       5   A  QuietGame     3.13       69     0     A
439      132     92    23    24      92      40     40      1      2      -2   B  QuietGame     3.19       68     1     A
437      160    120    22    22     120      40     40      2      3       0   B  QuietGame     3.17       69     1     A
440      172    132    30    31     132      40     40      0      3       1   B  QuietGame     3.12       68     0     B
438      198    158    29    29     158      40     40      0      4       3   A  QuietGame     3.31       68     0     A
441      160    120    24    25     120      40     40      1      9      -9   B  QuietGame     3.37       68     1     A
442      140    100    28    30     100      40     40      0      5       4   A  QuietGame     3.13       68     0     A
444      138     98    32    32      98      40     40      0      2       0   B  QuietGame     3.35       68     0     B
446      118     78     8    10      78      40     40      0      2       0   B  QuietGame     3.19       68     0     B
445      169    129    33    35     169       0     33      0      3       3   A  Reduction     3.19       68     1     B
443      221    181    30    31     181      40     40      0      5       1   B  QuietGame     3.19       68     1     A
448      160    120    32    32     120      40     40      2      1       0   B  QuietGame     3.19       68     0     B
450      179    139    30    31     139      40     40      2      5       5   A  QuietGame     3.19       68     0     A
447      194    154    30    31     154      40     40      0      5       3   A  QuietGame     3.22       68     1     B
451      184    144    31    32     184       0     25      3      6      -6   B  Reduction     3.19       68     1     A
449      234    194    30    33     194      40     40      2      4       3   A  QuietGame     3.24       68     1     B
454      156    116    25    26     116      40     40      0      7       6   A  QuietGame     3.12       67     0     A
453      163    123    30    30     123      40     40      0      6       6   A  QuietGame     3.25       68     1     B
452      220    180    32    33     180      40     40      0      4       3   A  QuietGame     3.24       68     0     A
456      127     87    16    16      87      40     40      0      4       4   A  QuietGame     3.29       69     0     A
455      169    129    31    32     169       0     23      0      6       6   A  Reduction     3.19       67     1     B
457      160    120    29    30     120      40     40      0      5       4   A  QuietGame     3.28       69     1     B
461      107     67    10    10      67      40     40      0      2       2   A  QuietGame     3.13       67     1     B
458      149    109    31    33     149       0     20      0      5       5   A  Reduction     3.15       67     0     A
459      144    104    17    17     104      40     40      0      5       3   A  QuietGame     3.22       67     1     B
462      105     65     7     7      65      40     40      2      1       1   B  QuietGame     3.18       68     0     B
464      130     90    24    24      90      40     40      0      2       0   B  QuietGame     3.25       68     0     B
463      159    119    36    36     159       0     13      0      3       2   A  Reduction     3.28       68     1     B
460      239    199    33    33     199      40     40      0      4       3   A  QuietGame     3.31       67     0     A
465      173    133    32    32     133      40     40      5      1       0   B  QuietGame     3.28       68     1     A
468      162    122    19    20     122      40     40      0      3       2   A  QuietGame     3.22       68     0     A
467      183    143    30    31     143      40     40      0      4       3   A  QuietGame     3.25       68     1     B
466      191    151    32    34     191       0     32      0      4       4   A  Reduction     3.18       68     0     A
469      179    139    33    33     179       0     29      0      5       5   A  Reduction     3.34       68     1     B
471      157    117    31    31     117      40     40      0      5       5   A  QuietGame     3.31       67     1     B
470      178    138    31    32     138      40     40      2      3       0   B  QuietGame     3.24       67     0     B
472      130     90    11    12      90      40     40      0      3       2   A  QuietGame     3.19       68     0     A
474      100     60    12    13      60      40     40      2      2       1   B  QuietGame     3.07       68     0     B
479       91     51     8     9      51      40     40      2      1       1   B  QuietGame     3.07       69     1     A
476      168    128    23    24     128      40     40      2      3       2   A  QuietGame     3.31       68     0     A
473      226    186    34    36     226       0     31      1      3      -2   B  Reduction     3.13       68     1     A
480      136     96    25    27      96      40     40      2      6       5   A  QuietGame     3.26       68     0     A
475      216    176    35    35     176      40     40      1      2      -1   B  QuietGame     3.18       68     1     A
481      143    103    18    20     103      40     40      0      6       6   A  QuietGame     3.09       68     1     B
477      201    161    22    22     161      40     40      0      6       6   A  QuietGame     3.26       68     1     B
478      197    157    28    28     157      40     40      3      1       0   B  QuietGame     3.25       69     0     B
483      141    101    19    22     101      40     40      0      3       2   A  QuietGame     3.12       67     1     B
482      156    116    18    18     116      40     40      1      3      -2   B  QuietGame     3.27       67     0     B
488       98     58    15    15      58      40     40      0      2       1   B  QuietGame     3.04       67     0     B
484      143    103    31    34     143       0     19      0      4       4   A  Reduction     3.18       68     0     A
486      192    152    29    29     152      40     40      0      6       5   A  QuietGame     3.21       68     0     A
491      105     65    13    13      65      40     40      0      2       1   B  QuietGame     3.31       68     1     A
485      205    165    25    27     165      40     40      1      4      -3   B  QuietGame     3.21       68     1     A
490      122     82    21    22      82      40     40      6      1       0   B  QuietGame     3.21       68     0     B
492      150    110    26    27     110      40     40      0      2       1   B  QuietGame     3.18       68     0     B
489      213    173    32    32     173      40     40      3      3      -2   B  QuietGame     3.22       67     1     A
487      267    227    33    33     227      40     40      5      2      -1   B  QuietGame     3.19       68     1     A
493      164    124    27    27     124      40     40      0      2       1   B  QuietGame     3.28       68     1     A
497      105     65    13    13      65      40     40      0      4       3   A  QuietGame     3.07       69     1     B
494      145    105    32    32     145       0     16      0      6       6   A  Reduction     3.21       68     0     A
496      175    135    17    17     135      40     40      2      1       1   B  QuietGame     2.96       69     0     B
495      213    173    33    35     213       0     26      0      3       3   A  Reduction     3.13       68     1     B
499      153    113    24    27     153       0     21      0     11      11   A  Reduction     3.01       68     1     B
498      174    134    31    32     134      40     40      2      2       0   B  QuietGame     3.24       68     0     B
502      128     88    26    28      88      40     40      2      2       0   B  QuietGame     3.32       68     0     B
501      175    135    34    34     135      40     40      3      1       0   B  QuietGame     3.19       68     1     A
500      192    152    33    34     152      40     40      2      3       2   A  QuietGame     3.24       68     0     A
503      178    138    24    25     138      40     40      0      3       1   B  QuietGame     3.19       68     1     A
507      121     81    25    26      81      40     40      0      6       6   A  QuietGame     3.34       68     1     B
504      171    131    30    31     171       0     31      0      7       7   A  Reduction     3.26       66     0     A
506      167    127    21    22     127      40     40      0      6       6   A  QuietGame     3.19       68     0     A
509      139     99    31    33     139       0     36      0      5       5   A  Reduction     3.24       68     1     B
505      181    141    33    33     141      40     40      1      4      -3   B  QuietGame     3.41       66     1     A
508      165    125    27    29     165       0     19      0      9       9   A  Reduction     3.18       68     0     A
510      182    142    32    32     142      40     40      0      2       0   B  QuietGame     3.28       67     0     B
517      101     61    10    11      61      40     40      2      1       1   B  QuietGame     3.03       69     1     A
514      162    122    21    23     122      40     40      0      8       7   A  QuietGame     3.21       68     0     A
516      156    116    12    14     116      40     40      0      5       4   A  QuietGame     3.07       69     0     A
511      258    218    33    34     218      40     40      1      2      -2   B  QuietGame     3.37       67     1     A
515      186    146    26    26     146      40     40      5      2      -2   B  QuietGame     3.28       68     1     A
512      239    199    29    30     199      40     40      1      6       6   A  QuietGame     3.38       68     0     A
513      236    196    33    34     196      40     40      3      2      -2   B  QuietGame     3.21       68     1     A
518      185    145    28    31     145      40     40      0      5       5   A  QuietGame     3.19       68     0     A
519      209    169    31    33     209       0     28      0      5       5   A  Reduction     3.09       68     1     B
521      167    127    24    25     127      40     40      3      2      -1   B  QuietGame     3.16       68     1     A
525      154    114    28    30     114      40     40      1      6      -6   B  QuietGame     3.25       68     1     A
522      173    133    17    17     133      40     40      0      5       5   A  QuietGame     3.34       68     0     A
524      170    130    32    32     130      40     40      0      5       4   A  QuietGame     3.37       68     0     A
526      145    105    31    32     145       0     25      0      6       6   A  Reduction     3.09       68     0     A
523      207    167    32    32     167      40     40      0      4       4   A  QuietGame     3.31       68     1     B
520      254    214    33    33     214      40     40      5      2      -1   B  QuietGame     3.22       68     0     B
533      110     70    17    17      70      40     40      0      2       1   B  QuietGame     3.25       68     1     A
528      181    141    30    30     181       0     38      0      8       8   A  Reduction     3.25       68     0     A
529      176    136    25    26     136      40     40      0      3       2   A  QuietGame     3.06       68     1     B
527      216    176    29    29     176      40     40      3      7      -7   B  QuietGame     3.09       68     1     A
532      154    114    16    17     114      40     40      0      4       3   A  QuietGame     3.18       68     0     A
531      186    146    28    29     146      40     40      0      8       7   A  QuietGame     3.25       68     1     B
534      185    145    30    32     185       0     19      0      6       6   A  Reduction     3.18       68     0     A
536      118     78    21    21      78      40     40      1      1      -1   B  QuietGame     3.19       67     0     B
530      291    251    27    30     251      40     40      0      6       6   A  QuietGame     3.13       68     0     A
535      182    142    31    32     182       0     25      1      6      -6   B  Reduction     3.18       68     1     A
539      154    114    31    33     154       0     16      1      5      -5   B  Reduction     3.25       68     1     A
540      171    131    30    31     171       0     19      0      7       7   A  Reduction     3.28       67     0     A
537      209    169    33    35     209       0     35      2      3       3   A  Reduction     3.22       67     1     B
541      147    107    28    30     107      40     40      0      3      -2   B  QuietGame     3.33       67     1     A
543       88     48     6     6      48      40     40      0      1       0   B  QuietGame     3.22       67     1     A
538      207    167    32    32     207       0     23      0      6       6   A  Reduction     3.24       68     0     A
542      160    120    30    30     120      40     40      0      6      -6   B  QuietGame     3.30       67     0     B
546      148    108    22    22     108      40     40      0      5       4   A  QuietGame     3.24       67     0     A
548      151    111    14    14     111      40     40      1      2       0   B  QuietGame     3.12       68     0     B
544      206    166    20    20     166      40     40      1      3      -2   B  QuietGame     3.22       68     0     B
550      168    128    30    31     128      40     40      1      3      -1   B  QuietGame     3.38       68     0     B
549      173    133    29    30     133      40     40      1      3      -2   B  QuietGame     3.15       68     1     A
551      163    123    28    29     123      40     40      5      2      -1   B  QuietGame     3.18       68     1     A
545      247    207    35    35     247       0     33      2      3       3   A  Reduction     3.31       68     1     B
547      232    192    36    36     192      40     40      8      2       0   B  QuietGame     3.19       67     1     A
556      138     98    20    21      98      40     40      0      3       1   B  QuietGame     3.26       68     0     B
554      165    125    32    32     165       0     30      0      6       6   A  Reduction     3.19       67     0     A
552      206    166    31    31     166      40     40      0      4       3   A  QuietGame     3.29       68     0     A
557      163    123    25    26     123      40     40      1      2       0   B  QuietGame     3.18       68     1     A
555      213    173    29    29     173      40     40      1      4      -3   B  QuietGame     3.30       67     1     A
559      165    125    36    36     165       0     17      0      2       2   A  Reduction     3.31       68     1     B
553      237    197    31    33     197      40     40      7      4      -3   B  QuietGame     3.24       68     1     A
560      100     60    10    11      60      40     40      2      2       1   B  QuietGame     3.22       68     0     B
558      215    175    31    31     175      40     40      0      5       5   A  QuietGame     3.37       68     0     A
561      148    108    17    17     108      40     40      3      1      -1   B  QuietGame     3.28       68     1     A
567      118     78    15    16      78      40     40      1      2      -2   B  QuietGame     3.18       67     1     A
565      133     93    28    29      93      40     40      0      3       1   B  QuietGame     3.19       67     1     A
562      192    152    33    33     152      40     40      0      3       1   B  QuietGame     3.24       67     0     B
563      176    136    35    36     136      40     40      2      2       0   B  QuietGame     3.27       67     1     A
564      185    145    30    31     145      40     40      4      2       1   B  QuietGame     3.18       67     0     B
566      208    168    30    30     168      40     40      2      2       0   B  QuietGame     3.22       67     0     B
569      153    113    25    26     113      40     40      1      2       0   B  QuietGame     3.22       68     1     A
570      129     89    31    31     129       0     13      0      7       7   A  Reduction     3.38       68     0     A
568      245    205    33    35     205      40     40      0      2       1   B  QuietGame     3.10       68     0     B
571      163    123    32    32     123      40     40      1      2       0   B  QuietGame     3.35       68     1     A
573      200    160    34    34     160      40     40      4      1       0   B  QuietGame     3.35       68     1     A
574      166    126    11    11     126      40     40      1      2      -1   B  QuietGame     3.15       67     0     B
572      213    173    28    31     173      40     40      2      2       1   B  QuietGame     3.12       68     0     B
576      144    104    22    24     104      40     40      0      5       4   A  QuietGame     3.12       68     0     A
575      183    143    31    31     143      40     40      0      2       1   B  QuietGame     3.31       67     1     A
579      128     88    16    19      88      40     40      5      1      -1   B  QuietGame     2.99       68     1     A
577      179    139    34    34     139      40     40      0      3       2   A  QuietGame     3.22       68     1     B
578      193    153    32    32     153      40     40      0      4       4   A  QuietGame     3.19       68     0     A
581      185    145    22    23     145      40     40      0      7       7   A  QuietGame     3.12       68     1     B
583      171    131    28    29     131      40     40      0      2       1   B  QuietGame     3.16       68     1     A
586      119     79    10    10      79      40     40      0      2       2   A  QuietGame     3.28       68     0     A
580      209    169    31    31     169      40     40      0      5       5   A  QuietGame     3.28       68     0     A
582      208    168    27    27     168      40     40      2      4       3   A  QuietGame     3.22       68     0     A
587      117     77    16    16      77      40     40      0      2       2   A  QuietGame     3.46       68     1     B
584      221    181    34    34     181      40     40      1      3      -2   B  QuietGame     3.21       68     0     B
589      154    114    28    30     114      40     40      3      2      -2   B  QuietGame     3.21       68     1     A
585      274    234    28    29     234      40     40      3      2      -1   B  QuietGame     3.21       68     1     A
592      177    137    25    28     177       0     23      0     10      10   A  Reduction     3.13       68     0     A
590      195    155    27    29     155      40     40      0      7       7   A  QuietGame     3.21       68     0     A
591      185    145    32    32     145      40     40      0      4       4   A  QuietGame     3.25       68     1     B
588      207    167    31    31     167      40     40      0      5       5   A  QuietGame     3.25       68     0     A
593      202    162    30    31     162      40     40      1      5      -5   B  QuietGame     3.18       68     1     A
595      138     98    29    30     138       0     13      1      8      -8   B  Reduction     3.30       67     1     A
594      230    190    30    31     190      40     40      6      2       1   B  QuietGame     3.18       67     0     B
596      206    166    30    31     166      40     40      2      2       1   B  QuietGame     3.21       68     0     B
600      166    126    35    35     166       0     17      7      3      -3   B  Reduction     3.31       67     0     B
597      186    146    33    33     146      40     40      2      2       1   B  QuietGame     3.25       68     1     A
598      185    145    31    32     145      40     40      0      4       4   A  QuietGame     3.18       68     0     A
599      207    167    34    34     207       0     39      4      4       4   A  Reduction     3.26       68     1     B
602      208    168    31    31     168      40     40      0      2       1   B  QuietGame     3.37       68     0     B
605      133     93    18    18      93      40     40      0      6       6   A  QuietGame     3.29       68     1     B
606      129     89    25    26     129       0     21      0     12      12   A  Reduction     3.23       66     0     A
608       99     59     8     8      59      40     40      0      2       2   A  QuietGame     3.26       68     0     A
601      257    217    27    27     217      40     40      1      8      -7   B  QuietGame     3.30       67     1     A
603      207    167    26    27     167      40     40      0      7       7   A  QuietGame     3.15       68     1     B
607      145    105    28    29     105      40     40      1      2      -1   B  QuietGame     3.24       66     1     A
604      210    170    34    34     170      40     40      0      3       2   A  QuietGame     3.25       68     0     A
612      126     86    23    24      86      40     40      5      2      -2   B  QuietGame     3.16       68     0     B
610      155    115    30    31     115      40     40      0      5       5   A  QuietGame     3.24       68     0     A
609      188    148    34    35     148      40     40      0      2       1   B  QuietGame     3.26       68     1     A
614      167    127    35    36     167       0     20      2      2       2   A  Reduction     3.24       68     0     A
615      165    125    33    33     165       0     33      0      6       6   A  Reduction     3.25       68     1     B
611      191    151    31    31     151      40     40      3      2      -1   B  QuietGame     3.37       68     1     A
613      183    143    31    31     143      40     40      1      4      -3   B  QuietGame     3.28       68     1     A
617      149    109    33    34     149       0      9      0      4       4   A  Reduction     3.22       67     1     B
616      232    192    28    29     192      40     40      0      6       5   A  QuietGame     3.21       67     0     A
618      180    140    34    34     180       0     33      3      4      -4   B  Reduction     3.39       69     0     B
619      289    249    35    36     249      40     40      5      2       0   B  QuietGame     3.36       69     1     A

games                620
mean plies           173.4   (movement 133.4)
mean captures        26.8
mean removals        27.5
mean dead tail       32.6   plies after the last capture or removal
mean longest quiet   37.2
mean lead changes    1.1   (298 of 620 games had any)
mean peak margin     3.7
mean final margin    3.0   (absolute)
ended by quiet game  505  (81%)
ended by reduction   114  (18%)
ended by immobilize  1  (0%)
won by A / B         315 / 305
mean depth           3.19   (over 42040 searched opening plies)
wall clock           6323.21 s

weight-set A wins    385 / 620  (62.1%)   [as P0: 195/310, as P1: 190/310]
weight-set B wins    235 / 620
quiet-game share     A-wins 82.9%   B-wins 79.1%   all 81.5%
95% threshold        wins >= 331 of 620 (one-sided): A is significantly stronger
csv line appended to doc\bench\sweeps\2026-08-24\confirm.csv

wins 385/620 (threshold 331), quiet 81.45% (limit 75.5%), captures 26.8 (floor 26.163)
REJECT: wins but dulls the game (quiet/capture guardrail failed).
sweep stage 'confirm' -> doc/bench/sweeps/2026-08-24
>> ./cmake-build-release/latrunculi_game/latrunculi_bench.exe pairs=310 ms=500 seed=777001 threads=8 rows=8 columns=10 perside=20 csv=doc\bench\sweeps\2026-08-24\confirm.csv wA.threat=0.25 wA.pair=0.02 wA.mobility=0.02 wA.centre=0.2 wA.vulnerableAxes=-0.03 wA.oneMoveCapturable=-0.9 wA.spearheadPairs=0.15 wA.diagonalSupport=0.06 wA.deniedSquares=0.04 wA.strikers=0.05 wA.notchExposure=-0.12 wB.threat=0.25 wB.pair=0.02 wB.mobility=0.02 wB.centre=0.05 wB.vulnerableAxes=-0.03 wB.oneMoveCapturable=-0.9 wB.spearheadPairs=0.15 wB.diagonalSupport=0.06 wB.deniedSquares=0.04 wB.strikers=0.05 wB.notchExposure=-0.12
Latrunculi bench: 310 mirrored A-vs-B pairs (620 games), 8x10, 20 per side, slide, convex payoff, komi 1.5, policy placement, 500 ms per searched ply, 8 threads
base seed: 777001  (pair p uses seed base+p; even game index = set A as P0)
XML: not saved   memory tracking level: 0

game   plies  moveP  capt  remv lastAct    tail  quiet   lead   peak  margin win  reason    depth    srchd  AasP  wSet
3        106     66    17    18      66      40     40      0      5       4   A  QuietGame     2.96       67     1     B
5        110     70    18    18      70      40     40      0      3       2   A  QuietGame     3.32       68     1     B
1        156    116    31    32     116      40     40      0      3       2   A  QuietGame     3.16       68     1     B
4        157    117    29    29     117      40     40      0      3       1   B  QuietGame     3.21       68     0     B
7        179    139    35    35     179       0     36      0      3       3   A  Reduction     3.31       68     1     B
6        179    139    33    33     139      40     40      1      3      -1   B  QuietGame     3.15       68     0     B
0        206    166    32    33     166      40     40      1      3      -3   B  QuietGame     3.26       68     0     B
8        121     81    20    22      81      40     40      1      2       0   B  QuietGame     2.97       68     0     B
2        228    188    33    33     188      40     40      0      4       3   A  QuietGame     3.31       67     0     A
9        163    123    36    36     163       0     15      0      2       2   A  Reduction     3.10       68     1     B
10       157    117    34    35     157       0     22      4      3       3   A  Reduction     3.15       67     0     A
15       143    103    28    29     103      40     40      0      7       7   A  QuietGame     3.15       68     1     B
14       151    111    26    28     111      40     40      0      6       6   A  QuietGame     3.22       68     0     A
12       189    149    21    23     149      40     40      0      7       7   A  QuietGame     3.12       68     0     A
13       192    152    33    36     152      40     40      0      3       0   B  QuietGame     3.29       68     1     A
11       248    208    29    30     208      40     40      1      6      -6   B  QuietGame     3.15       67     1     A
16       179    139    31    31     179       0     33      0      7       7   A  Reduction     3.24       68     0     A
17       153    113    17    19     113      40     40      0      2       1   B  QuietGame     2.97       68     1     A
22       104     64    15    17      64      40     40      0      3       1   B  QuietGame     2.99       68     0     B
24       107     67    13    13      67      40     40      0      1       1   B  QuietGame     3.07       68     0     B
20       170    130    34    34     170       0     22      1      4      -4   B  Reduction     3.24       67     0     B
19       181    141    31    33     181       0     30      2      5       5   A  Reduction     3.21       68     1     B
18       237    197    32    34     197      40     40      4      3       2   A  QuietGame     3.21       68     0     A
21       185    145    31    31     145      40     40      2      3       3   A  QuietGame     3.18       67     1     B
23       227    187    28    30     187      40     40      0      5       4   A  QuietGame     3.09       68     1     B
30       113     73    14    16      73      40     40      0      4       4   A  QuietGame     3.16       67     0     A
26       192    152    28    32     152      40     40      1      2      -2   B  QuietGame     3.12       68     0     B
25       254    214    32    32     214      40     40      0      3       0   B  QuietGame     3.16       68     1     A
28       172    132    25    26     132      40     40      0      5       4   A  QuietGame     3.10       68     0     A
27       189    149    34    34     149      40     40      3      3      -2   B  QuietGame     3.19       68     1     A
31       195    155    34    34     155      40     40      1      3      -2   B  QuietGame     3.33       67     1     A
29       211    171    36    36     171      40     40      3      2       0   B  QuietGame     3.24       68     1     A
33       139     99    27    29      99      40     40      0      5       5   A  QuietGame     3.21       68     1     B
32       167    127    32    32     167       0     15      0      6       6   A  Reduction     3.32       68     0     A
34       169    129    34    34     129      40     40      5      1       0   B  QuietGame     3.24       67     0     B
39       122     82    18    18      82      40     40      0      2       0   B  QuietGame     3.18       68     1     A
37       173    133    30    30     173       0     33      0      8       8   A  Reduction     3.26       68     1     B
35       200    160    35    35     160      40     40      2      2       1   B  QuietGame     3.36       67     1     A
36       230    190    34    34     190      40     40      6      1       0   B  QuietGame     3.31       68     0     B
42       115     75    11    11      75      40     40      2      2       1   B  QuietGame     3.19       67     0     B
38       205    165    33    33     205       0     26      2      5       5   A  Reduction     3.18       68     0     A
40       170    130    32    32     130      40     40      3      4      -4   B  QuietGame     3.30       67     0     B
41       190    150    31    31     150      40     40      2      2       1   B  QuietGame     3.31       67     1     A
44       135     95    32    32     135       0     25      0      6       6   A  Reduction     3.28       68     0     A
45       140    100    18    19     100      40     40      3      2      -1   B  QuietGame     3.12       68     1     A
47       130     90    16    17      90      40     40      3      1      -1   B  QuietGame     3.10       68     1     A
43       204    164    35    35     204       0     36      1      3      -3   B  Reduction     3.19       67     1     A
46       193    153    35    36     193       0     22      0      2       2   A  Reduction     3.24       68     0     A
48       179    139    33    33     179       0     28      0      5       5   A  Reduction     3.26       68     0     A
50       157    117    30    32     117      40     40      0      4       4   A  QuietGame     3.21       68     0     A
49       192    152    33    34     152      40     40      0      3       2   A  QuietGame     3.29       68     1     B
52       160    120    25    25     120      40     40      1      2      -1   B  QuietGame     3.29       68     0     B
51       183    143    35    35     143      40     40      1      3      -1   B  QuietGame     3.24       68     1     A
54       147    107    32    33     147       0     17      0      5       5   A  Reduction     3.16       68     0     A
53       207    167    31    33     167      40     40      2      4       3   A  QuietGame     3.31       68     1     B
59       145    105    30    30     105      40     40      7      1       0   B  QuietGame     3.38       68     1     A
57       170    130    31    32     130      40     40      0      3       2   A  QuietGame     3.28       68     1     B
61       113     73    12    13      73      40     40      1      4      -3   B  QuietGame     3.09       68     1     A
60       162    122    31    32     122      40     40      2      3       2   A  QuietGame     3.28       68     0     A
55       235    195    33    34     195      40     40      3      3      -2   B  QuietGame     3.13       68     1     A
58       235    195    32    32     195      40     40      0      4       4   A  QuietGame     3.40       68     0     A
56       260    220    33    33     220      40     40      0      4       3   A  QuietGame     3.26       68     0     A
62       152    112    32    35     152       0     19      3      3      -3   B  Reduction     3.26       68     0     B
63       159    119    25    29     119      40     40      0      3       1   B  QuietGame     3.15       68     1     A
64       167    127    31    31     127      40     40      0      5       5   A  QuietGame     3.39       67     0     A
65       165    125    33    33     165       0     33      0      5       5   A  Reduction     3.45       67     1     B
68       121     81    19    20      81      40     40      1      3      -2   B  QuietGame     3.31       68     0     B
70        99     59    12    14      59      40     40      0      4       4   A  QuietGame     2.93       68     0     A
67       162    122    36    36     162       0     18      1      3      -2   B  Reduction     3.25       68     1     A
66       206    166    33    33     166      40     40      0      4       3   A  QuietGame     3.26       68     0     A
69       182    142    28    32     182       0     29      1      6      -6   B  Reduction     3.26       68     1     A
72       143    103    32    33     143       0     15      0      5       5   A  Reduction     3.16       67     0     A
73       172    132    33    34     132      40     40      3      2       0   B  QuietGame     3.25       67     1     A
74       168    128    30    30     128      40     40      0      7       6   A  QuietGame     3.25       68     0     A
75       164    124    29    30     124      40     40      0      5       4   A  QuietGame     3.21       68     1     B
71       224    184    35    35     184      40     40      1      2      -1   B  QuietGame     3.35       68     1     A
76       188    148    34    34     148      40     40      4      2       0   B  QuietGame     3.24       68     0     B
77       175    135    31    33     175       0     39      0      5       5   A  Reduction     3.34       68     1     B
80       113     73    23    24      73      40     40      3      3      -2   B  QuietGame     3.24       68     0     B
78       188    148    32    33     148      40     40      0      2       1   B  QuietGame     3.18       68     0     B
79       177    137    34    36     177       0     26      0      2       2   A  Reduction     3.26       68     1     B
81       156    116    33    33     116      40     40      2      2       1   B  QuietGame     3.35       68     1     A
83       136     96    22    23      96      40     40      5      2      -1   B  QuietGame     3.21       68     1     A
82       165    125    28    29     125      40     40      0      5       5   A  QuietGame     3.26       68     0     A
84       161    121    31    31     161       0     16      0      7       7   A  Reduction     3.25       67     0     A
85       179    139    29    31     139      40     40      1      2      -1   B  QuietGame     3.19       67     1     A
88       138     98    26    27      98      40     40      3      2      -1   B  QuietGame     3.22       69     0     B
86       173    133    34    35     173       0     29      0      3       3   A  Reduction     3.15       68     0     A
87       185    145    33    35     145      40     40      1      2      -1   B  QuietGame     3.21       68     1     A
90       154    114    25    27     114      40     40      0      6       5   A  QuietGame     3.30       67     0     A
91       150    110    30    33     110      40     40      1      3      -3   B  QuietGame     3.13       67     1     A
89       207    167    36    36     207       0     35      6      2       2   A  Reduction     3.28       69     1     B
93       199    159    36    36     199       0     34      0      2       2   A  Reduction     3.38       68     1     B
92       236    196    34    35     196      40     40      0      3       1   B  QuietGame     3.18       68     0     B
94       187    147    34    35     147      40     40      3      2      -1   B  QuietGame     3.25       69     0     B
95       196    156    29    29     156      40     40      0      4       3   A  QuietGame     3.16       69     1     B
97       163    123    28    29     123      40     40      0      7       7   A  QuietGame     3.28       67     1     B
96       203    163    31    32     163      40     40      0      4       4   A  QuietGame     3.21       67     0     A
98       190    150    30    31     150      40     40      0      6       5   A  QuietGame     3.12       67     0     A
99       196    156    34    34     156      40     40      0      4       2   A  QuietGame     3.31       67     1     B
101      133     93    33    33     133       0     31      0      5       5   A  Reduction     3.34       68     1     B
100      182    142    33    36     142      40     40      6      2       0   B  QuietGame     3.35       68     0     B
102      189    149    28    31     149      40     40      0      5       5   A  QuietGame     3.16       68     0     A
105      166    126    33    35     166       0     25      1      3      -3   B  Reduction     3.35       68     1     A
104      181    141    32    33     141      40     40      0      3       3   A  QuietGame     3.25       68     0     A
103      203    163    35    35     163      40     40      5      2      -1   B  QuietGame     3.19       68     1     A
107      150    110    31    31     110      40     40      1      5      -5   B  QuietGame     3.18       68     1     A
106      221    181    31    33     181      40     40      0      4       3   A  QuietGame     3.15       68     0     A
108      189    149    30    32     189       0     32      0      6       6   A  Reduction     3.16       68     0     A
113      102     62    14    15      62      40     40      0      2       1   B  QuietGame     3.03       68     1     A
110      171    131    36    36     171       0     15      0      2       2   A  Reduction     3.37       67     0     A
111      165    125    34    35     165       0     19      2      3       3   A  Reduction     3.25       67     1     B
109      201    161    30    31     161      40     40      3      4      -3   B  QuietGame     3.15       68     1     A
112      185    145    29    29     145      40     40      1      4      -1   B  QuietGame     3.24       68     0     B
117      124     84    19    19      84      40     40      0      6       5   A  QuietGame     3.24       68     1     B
119      106     66    11    12      66      40     40      0      5       4   A  QuietGame     3.16       69     1     B
115      185    145    31    32     145      40     40      1      2       0   B  QuietGame     3.21       68     1     A
116      175    135    30    31     175       0     31      0      7       7   A  Reduction     3.26       68     0     A
114      224    184    32    33     184      40     40      5      2      -1   B  QuietGame     3.18       68     0     B
122      107     67    15    15      67      40     40      5      1       1   B  QuietGame     3.22       68     0     B
121      151    111    35    36     151       0     13      2      2       2   A  Reduction     3.25       68     1     B
120      192    152    32    33     152      40     40      1      3      -3   B  QuietGame     3.34       68     0     B
124      147    107    19    21     107      40     40      0      9       9   A  QuietGame     3.16       68     0     A
123      167    127    32    32     167       0     29      2      6       6   A  Reduction     3.44       68     1     B
118      274    234    35    35     234      40     40      3      2      -1   B  QuietGame     3.20       69     0     B
126      185    145    34    35     145      40     40      3      3      -1   B  QuietGame     3.31       67     0     B
125      197    157    33    35     197       0     21      4      3       3   A  Reduction     3.21       68     1     B
127      169    129    29    32     169       0     26      0      6       6   A  Reduction     3.10       67     1     B
128      172    132    29    30     132      40     40      2      2       0   B  QuietGame     3.21       66     0     B
130      153    113    24    26     113      40     40      0      5       4   A  QuietGame     3.25       68     0     A
133      107     67    15    16      67      40     40      0      3       2   A  QuietGame     3.16       68     1     B
129      214    174    33    35     174      40     40      7      2      -1   B  QuietGame     3.06       66     1     A
132      151    111    34    35     151       0     17      0      3       3   A  Reduction     3.21       68     0     A
134      181    141    35    35     181       0     34      4      3       3   A  Reduction     3.34       68     0     A
131      231    191    35    35     191      40     40      3      3      -1   B  QuietGame     3.31       68     1     A
137      121     81    33    33     121       0     17      0      5       5   A  Reduction     3.38       68     1     B
139      119     79    18    18      79      40     40      5      1       0   B  QuietGame     3.29       69     1     A
136      189    149    32    34     149      40     40      0      2       2   A  QuietGame     3.16       68     0     A
135      235    195    32    32     195      40     40      1      3      -2   B  QuietGame     3.28       68     1     A
138      206    166    32    33     166      40     40      2      4       3   A  QuietGame     3.38       69     0     A
141      137     97    18    19      97      40     40      4      2       1   B  QuietGame     3.34       68     1     A
145      100     60    11    11      60      40     40      0      2       1   B  QuietGame     3.21       68     1     A
140      204    164    34    34     164      40     40      2      2       0   B  QuietGame     3.22       68     0     B
142      166    126    33    34     126      40     40      4      2       0   B  QuietGame     3.25       67     0     B
144      155    115    33    33     155       0     21      0      5       5   A  Reduction     3.32       68     0     A
143      191    151    34    34     151      40     40      3      3      -2   B  QuietGame     3.25       67     1     A
146      150    110    34    35     150       0      9      3      3      -3   B  Reduction     3.28       67     0     B
148      174    134    32    33     174       0     25      3      5      -5   B  Reduction     3.24       68     0     B
149      179    139    30    32     139      40     40      1      5      -4   B  QuietGame     3.24       68     1     A
147      195    155    28    30     155      40     40      0      6       6   A  QuietGame     3.15       67     1     B
152      153    113    32    32     153       0     29      0      6       6   A  Reduction     3.28       67     0     A
150      213    173    33    34     173      40     40      1      3      -2   B  QuietGame     3.29       68     0     B
154      144    104    27    28     104      40     40      0      5       4   A  QuietGame     3.24       67     0     A
151      211    171    33    34     211       0     26      0      4       4   A  Reduction     3.24       68     1     B
153      207    167    31    31     167      40     40      0      5       5   A  QuietGame     3.21       67     1     B
158      159    119    28    28     119      40     40      0      5       4   A  QuietGame     3.31       68     0     A
159      147    107    32    33     147       0     16      0      5       5   A  Reduction     3.32       68     1     B
155      210    170    30    32     170      40     40      0      5       4   A  QuietGame     3.24       67     1     B
156      206    166    32    35     166      40     40      2      2       1   B  QuietGame     3.15       68     0     B
157      216    176    33    35     176      40     40      5      2      -1   B  QuietGame     3.13       68     1     A
161      171    131    35    36     171       0     24      0      2       2   A  Reduction     3.24       68     1     B
163      101     61    10    10      61      40     40      1      1       0   B  QuietGame     3.07       67     1     A
160      222    182    34    35     182      40     40      5      3      -1   B  QuietGame     3.13       68     0     B
162      237    197    31    32     197      40     40      2      2       2   A  QuietGame     3.27       67     0     A
164      191    151    31    33     151      40     40      1      4      -3   B  QuietGame     3.19       68     0     B
165      177    137    28    30     137      40     40      1      7      -6   B  QuietGame     3.19       68     1     A
166      174    134    26    27     174       0     23      1     11     -11   B  Reduction     3.20       69     0     B
167      171    131    33    34     171       0     30      0      4       4   A  Reduction     3.26       69     1     B
168      202    162    30    31     162      40     40      2      2       1   B  QuietGame     3.15       68     0     B
170      182    142    24    24     142      40     40      2      2       0   B  QuietGame     3.15       68     0     B
172      100     60    14    14      60      40     40      0      1       0   B  QuietGame     2.96       67     0     B
171      150    110    17    18     110      40     40      1      3      -2   B  QuietGame     3.32       68     1     A
169      233    193    30    32     233       0     39      0      6       6   A  Reduction     3.10       68     1     B
174      157    117    15    15     117      40     40      2      3       3   A  QuietGame     3.28       68     0     A
176      140    100    35    35     140       0     11      5      3      -3   B  Reduction     3.28       67     0     B
173      216    176    33    34     176      40     40      1      2      -2   B  QuietGame     3.19       67     1     A
175      214    174    35    35     174      40     40      0      2       1   B  QuietGame     3.18       68     1     A
181      106     66    13    15      66      40     40      0      4       3   A  QuietGame     3.03       68     1     B
177      182    142    35    35     182       0     24      1      3      -3   B  Reduction     3.22       67     1     A
180      141    101    33    34     141       0     15      0      4       4   A  Reduction     3.26       68     0     A
179      168    128    32    33     128      40     40      1      2      -1   B  QuietGame     3.16       68     1     A
178      209    169    31    31     169      40     40      0      5       5   A  QuietGame     3.24       68     0     A
183      113     73    25    27     113       0     11      0     11      11   A  Reduction     3.19       68     1     B
185      100     60    13    15      60      40     40      0      4       3   A  QuietGame     3.03       69     1     B
182      193    153    35    35     153      40     40      1      2      -1   B  QuietGame     3.40       68     0     B
186      135     95    26    26      95      40     40      2      3       2   A  QuietGame     3.16       68     0     A
187      165    125    32    33     165       0     24      1      5       5   A  Reduction     3.22       68     1     B
188      151    111    27    27     111      40     40      0      5       5   A  QuietGame     3.22       68     0     A
189      164    124    32    32     164       0     22      1      6      -6   B  Reduction     3.15       68     1     A
184      228    188    35    35     188      40     40      2      2       1   B  QuietGame     3.33       69     0     B
190      219    179    32    34     179      40     40      1      3      -2   B  QuietGame     3.28       67     0     B
192      164    124    30    32     124      40     40      0      5       4   A  QuietGame     3.24       68     0     A
195      151    111    34    35     151       0     21      0      3       3   A  Reduction     3.41       68     1     B
191      226    186    30    33     186      40     40      3      2      -1   B  QuietGame     3.18       67     1     A
196      152    112    31    31     112      40     40      0      4       3   A  QuietGame     3.29       68     0     A
194      185    145    32    35     185       0     30      0      3       3   A  Reduction     3.15       68     0     A
193      246    206    31    32     206      40     40      1      4      -4   B  QuietGame     3.18       68     1     A
197      193    153    34    36     193       0     20      8      2       2   A  Reduction     3.10       68     1     B
199      118     78    15    16      78      40     40      2      1       0   B  QuietGame     3.26       69     1     A
201      166    126    32    33     166       0     33      3      5      -5   B  Reduction     3.28       68     1     A
198      210    170    31    32     210       0     34      1      6      -6   B  Reduction     3.23       69     0     B
202      159    119    32    32     159       0     35      0      6       6   A  Reduction     3.32       68     0     A
203      200    160    31    31     160      40     40      1      3      -3   B  QuietGame     3.24       68     1     A
204      178    138    32    33     138      40     40      0      4       3   A  QuietGame     3.19       68     0     A
200      244    204    34    34     204      40     40      0      3       2   A  QuietGame     3.29       68     0     A
205      190    150    32    34     150      40     40      2      2       0   B  QuietGame     3.28       68     1     A
208      104     64    12    13      64      40     40      1      3      -3   B  QuietGame     3.10       67     0     B
206      201    161    32    32     161      40     40      0      4       4   A  QuietGame     3.36       69     0     A
207      154    114    28    30     114      40     40      0      5       4   A  QuietGame     3.33       69     1     B
210      137     97    32    32     137       0     15      0      6       6   A  Reduction     3.31       68     0     A
211      149    109    20    20     109      40     40      1      2       0   B  QuietGame     3.26       68     1     A
215      104     64    15    16      64      40     40      4      1       0   B  QuietGame     3.07       68     1     A
213      144    104    27    28     104      40     40      2      2       0   B  QuietGame     3.25       67     1     A
209      223    183    32    35     223       0     32      6      3       3   A  Reduction     3.25       67     1     B
212      208    168    30    31     168      40     40      2      2       1   B  QuietGame     3.24       67     0     B
216      166    126    34    34     126      40     40      6      1       0   B  QuietGame     3.33       67     0     B
214      219    179    32    32     179      40     40      4      2       2   A  QuietGame     3.29       68     0     A
218      152    112    26    27     112      40     40      1      3      -3   B  QuietGame     3.13       67     0     B
217      187    147    33    35     187       0     24      0      3       3   A  Reduction     3.24       67     1     B
221      152    112    28    30     112      40     40      0      7       6   A  QuietGame     3.16       68     1     B
224      111     71    16    17      71      40     40      0      3       3   A  QuietGame     3.19       67     0     A
220      197    157    33    35     197       0     24      0      4       3   A  Reduction     3.16       68     0     A
222      187    147    32    32     147      40     40      1      5      -4   B  QuietGame     3.31       68     0     B
219      253    213    36    36     213      40     40      7      1       0   B  QuietGame     3.27       67     1     A
223      190    150    34    34     150      40     40      1      2      -2   B  QuietGame     3.31       68     1     A
225      173    133    34    34     173       0     16      2      4       4   A  Reduction     3.33       67     1     B
227      181    141    34    34     141      40     40      1      4      -2   B  QuietGame     3.38       68     1     A
226      202    162    33    33     162      40     40      0      2       1   B  QuietGame     3.28       68     0     B
229      159    119    30    31     119      40     40      0      4       3   A  QuietGame     3.28       68     1     B
232      126     86    17    18      86      40     40      2      1       0   B  QuietGame     3.21       68     0     B
230      169    129    31    31     129      40     40      0      5       5   A  QuietGame     3.33       67     0     A
231      173    133    34    34     173       0     24      0      4       4   A  Reduction     3.34       67     1     B
234      105     65    16    17      65      40     40      0      2       1   B  QuietGame     3.13       67     0     B
228      256    216    33    34     216      40     40      4      2       0   B  QuietGame     3.16       68     0     B
233      157    117    27    30     117      40     40      0      6       6   A  QuietGame     3.12       68     1     B
235      137     97    22    24      97      40     40      1      2       0   B  QuietGame     3.12       67     1     A
240      111     71    15    15      71      40     40      0      3       3   A  QuietGame     3.23       69     0     A
237      179    139    34    34     179       0     24      0      4       4   A  Reduction     3.29       68     1     B
236      235    195    32    32     195      40     40      2      3       2   A  QuietGame     3.13       68     0     A
239      211    171    31    31     171      40     40      0      3       3   A  QuietGame     3.26       68     1     B
243      171    131    33    33     171       0     36      0      5       5   A  Reduction     3.12       68     1     B
238      255    215    30    31     215      40     40      0      5       5   A  QuietGame     3.21       68     0     A
242      206    166    31    32     166      40     40      0      5       4   A  QuietGame     3.10       68     0     A
241      228    188    34    34     188      40     40      1      2      -2   B  QuietGame     3.23       69     1     A
245      128     88    18    18      88      40     40      1      2      -2   B  QuietGame     3.19       68     1     A
244      172    132    32    33     132      40     40      0      4       3   A  QuietGame     3.21       68     0     A
246      193    153    30    31     153      40     40      0      5       5   A  QuietGame     3.25       68     0     A
250      147    107    32    33     107      40     40      2      3       3   A  QuietGame     3.13       67     0     A
247      207    167    35    36     207       0     19      2      2       2   A  Reduction     3.32       68     1     B
248      199    159    31    31     199       0     37      0      7       7   A  Reduction     3.34       68     0     A
249      199    159    35    35     159      40     40      0      3       1   B  QuietGame     3.24       68     1     A
252      185    145    35    35     185       0     29      4      3       3   A  Reduction     3.37       68     0     A
251      207    167    33    33     167      40     40      3      4      -3   B  QuietGame     3.40       67     1     A
253      233    193    31    31     193      40     40      2      5       5   A  QuietGame     3.31       68     1     B
254      182    142    32    34     142      40     40      3      3      -2   B  QuietGame     3.33       67     0     B
256      163    123    26    26     123      40     40      0      3       2   A  QuietGame     3.24       68     0     A
255      189    149    33    33     149      40     40      3      2      -1   B  QuietGame     3.30       67     1     A
260      117     77    33    35     117       0      8      2      3       3   A  Reduction     3.25       67     0     A
257      167    127    28    31     127      40     40      0      5       5   A  QuietGame     3.21       68     1     B
258      163    123    28    29     123      40     40      0      5       5   A  QuietGame     3.29       68     0     A
259      155    115    23    26     115      40     40      0      8       8   A  QuietGame     3.15       68     1     B
262      120     80    21    23      80      40     40      0      4       3   A  QuietGame     3.19       68     0     A
265       95     55    32    32      95       0      2      0      6       6   A  Reduction     3.28       68     1     B
264      109     69    12    12      69      40     40      0      4       4   A  QuietGame     2.97       68     0     A
261      175    135    30    30     175       0     31      0      8       8   A  Reduction     3.21       67     1     B
263      186    146    32    32     146      40     40      1      4      -4   B  QuietGame     3.18       68     1     A
266      165    125    27    27     125      40     40      0      3       3   A  QuietGame     3.25       67     0     A
267      175    135    31    32     135      40     40      3      2       0   B  QuietGame     3.22       67     1     A
268      186    146    33    34     146      40     40      0      3       2   A  QuietGame     3.13       68     0     A
271      143    103    21    22     103      40     40      3      1       0   B  QuietGame     3.15       68     1     A
269      157    117    33    33     117      40     40      3      2      -1   B  QuietGame     3.29       68     1     A
272      168    128    32    32     128      40     40      1      3      -2   B  QuietGame     3.28       68     0     B
270      201    161    34    34     161      40     40      2      2       2   A  QuietGame     3.35       68     0     A
274      138     98    25    26      98      40     40      2      4       2   A  QuietGame     3.28       68     0     A
275      162    122    19    20     122      40     40      1      4      -4   B  QuietGame     3.13       68     1     A
273      187    147    32    32     147      40     40      0      4       4   A  QuietGame     3.24       68     1     B
276      197    157    31    32     197       0     35      2      6       6   A  Reduction     3.16       68     0     A
279      128     88    16    16      88      40     40      1      2      -2   B  QuietGame     3.22       67     1     A
277      185    145    29    29     145      40     40      0      4       3   A  QuietGame     3.19       68     1     B
278      196    156    32    34     156      40     40      4      2       0   B  QuietGame     3.15       67     0     B
281      143    103    28    31     143       0     18      0      7       7   A  Reduction     3.07       68     1     B
280      184    144    34    34     144      40     40      3      2      -2   B  QuietGame     3.29       68     0     B
283      197    157    35    35     157      40     40      1      2      -1   B  QuietGame     3.30       69     1     A
287      135     95    25    27      95      40     40      0      5       5   A  QuietGame     3.19       68     1     B
282      237    197    36    36     197      40     40      3      2       0   B  QuietGame     3.36       69     0     B
286      179    139    34    34     139      40     40      7      1       0   B  QuietGame     3.29       68     0     B
289      138     98    20    21      98      40     40      2      6       5   A  QuietGame     3.13       68     1     B
285      214    174    32    34     174      40     40      4      2       0   B  QuietGame     3.25       67     1     A
288      176    136    31    33     136      40     40      0      4       3   A  QuietGame     3.29       68     0     A
284      227    187    33    33     187      40     40      4      2       1   B  QuietGame     3.21       67     0     B
291      131     91    31    33     131       0     15      0      5       5   A  Reduction     3.24       67     1     B
292      122     82    16    17      82      40     40      0      4       3   A  QuietGame     3.16       68     0     A
297       96     56     7     7      56      40     40      1      2      -1   B  QuietGame     2.96       67     1     A
290      191    151    33    35     151      40     40      4      2       1   B  QuietGame     3.18       67     0     B
293      161    121    30    31     121      40     40      0      5       5   A  QuietGame     3.21       68     1     B
294      155    115    32    32     155       0     22      0      6       6   A  Reduction     3.32       68     0     A
296      204    164    31    32     164      40     40      0      5       4   A  QuietGame     3.22       67     0     A
302       94     54     9     9      54      40     40      0      2       1   B  QuietGame     2.91       67     0     B
295      221    181    36    36     221       0     34      0      2       2   A  Reduction     3.28       68     1     B
299      143    103    30    32     143       0     28      0      6       6   A  Reduction     3.31       67     1     B
300      173    133    25    27     133      40     40      0      5       5   A  QuietGame     3.06       67     0     A
298      211    171    32    33     171      40     40      1      3      -1   B  QuietGame     3.19       67     0     B
301      171    131    30    33     171       0     27      2      5       5   A  Reduction     3.10       67     1     B
307      137     97    30    31     137       0     17      0      7       7   A  Reduction     3.34       68     1     B
303      223    183    30    30     183      40     40      1      2       0   B  QuietGame     3.24       67     1     A
306      160    120    27    28     120      40     40      0      7       6   A  QuietGame     3.29       68     0     A
305      181    141    34    34     181       0     27      0      4       4   A  Reduction     3.22       68     1     B
304      220    180    36    36     220       0     36      1      3      -2   B  Reduction     3.24       68     0     B
308      172    132    32    33     132      40     40      0      4       3   A  QuietGame     3.40       67     0     A
309      171    131    32    33     131      40     40      0      3       1   B  QuietGame     3.15       67     1     A
311      125     85    17    17      85      40     40      0      2       1   B  QuietGame     3.15       68     1     A
313      140    100    18    18     100      40     40      3      2      -2   B  QuietGame     3.22       69     1     A
314      124     84    15    16      84      40     40      2      2       0   B  QuietGame     3.10       68     0     B
315      100     60    12    12      60      40     40      0      3       2   A  QuietGame     3.16       68     1     B
312      164    124    35    35     164       0     25      1      3      -3   B  Reduction     3.30       69     0     B
310      228    188    32    34     188      40     40      0      3       2   A  QuietGame     3.13       68     0     A
317      159    119    34    34     119      40     40      1      4      -2   B  QuietGame     3.29       68     1     A
316      173    133    31    32     133      40     40      0      4       4   A  QuietGame     3.34       68     0     A
318      143    103    32    32     103      40     40      4      2       2   A  QuietGame     3.31       68     0     A
321      133     93    21    21      93      40     40      3      2      -1   B  QuietGame     3.28       68     1     A
320      175    135    33    34     175       0     27      4      4       4   A  Reduction     3.35       68     0     A
319      207    167    35    35     167      40     40      1      2      -1   B  QuietGame     3.24       68     1     A
322      205    165    31    33     165      40     40      0      3       3   A  QuietGame     3.24       67     0     A
323      216    176    30    32     176      40     40      1      2      -2   B  QuietGame     3.21       67     1     A
326      140    100    16    16     100      40     40      0      2       0   B  QuietGame     3.19       67     0     B
324      159    119    28    29     119      40     40      0      7       7   A  QuietGame     3.29       68     0     A
328      123     83    15    16      83      40     40      0      4       4   A  QuietGame     3.15       68     0     A
325      204    164    32    33     164      40     40      1      3      -3   B  QuietGame     3.40       68     1     A
329      106     66    19    20      66      40     40      0      5       4   A  QuietGame     3.34       68     1     B
330      138     98    15    16      98      40     40      0      4       2   A  QuietGame     3.18       68     0     A
333      114     74    11    13      74      40     40      1      3      -3   B  QuietGame     3.10       68     1     A
327      226    186    34    35     186      40     40      6      2       1   B  QuietGame     3.30       67     1     A
331      189    149    34    34     189       0     28      0      4       4   A  Reduction     3.24       68     1     B
334      158    118    33    33     118      40     40      1      2      -1   B  QuietGame     3.26       68     0     B
335      155    115    28    31     155       0     33      0      7       7   A  Reduction     3.15       68     1     B
332      212    172    31    35     172      40     40      2      2       1   B  QuietGame     3.24       68     0     B
336      184    144    34    36     184       0     32      5      2      -2   B  Reduction     3.15       68     0     B
338      163    123    33    33     123      40     40      0      3       3   A  QuietGame     3.25       68     0     A
339      151    111    29    31     111      40     40      0      2       1   B  QuietGame     3.18       68     1     A
337      199    159    32    33     159      40     40      4      3       1   B  QuietGame     3.15       68     1     A
343      161    121    32    33     121      40     40      1      2      -1   B  QuietGame     3.26       68     1     A
340      199    159    29    32     159      40     40      0      4       4   A  QuietGame     3.25       67     0     A
344      133     93    20    20      93      40     40      0      2       2   A  QuietGame     3.18       68     0     A
342      179    139    33    33     139      40     40      0      3       3   A  QuietGame     3.34       68     0     A
341      221    181    33    33     181      40     40      1      2      -1   B  QuietGame     3.33       67     1     A
345      178    138    33    34     138      40     40      6      2       0   B  QuietGame     3.29       68     1     A
347      194    154    28    29     154      40     40      1      7      -7   B  QuietGame     3.26       68     1     A
346      262    222    30    30     222      40     40      0      6      -6   B  QuietGame     3.26       68     0     B
350      167    127    34    34     127      40     40      0      3       2   A  QuietGame     3.26       68     0     A
349      183    143    29    30     143      40     40      0      6       6   A  QuietGame     3.28       67     1     B
351      167    127    31    32     167       0     29      2      6       6   A  Reduction     3.25       68     1     B
348      194    154    33    34     154      40     40      2      2       0   B  QuietGame     3.21       67     0     B
352      145    105    32    32     105      40     40      2      4       4   A  QuietGame     3.29       68     0     A
354      166    126    31    32     126      40     40      2      5       4   A  QuietGame     3.37       68     0     A
358      116     76    16    18      76      40     40      2      2       0   B  QuietGame     3.15       68     0     B
353      225    185    29    31     185      40     40      5      2      -1   B  QuietGame     3.19       68     1     A
356      148    108    30    32     148       0     21      1      6      -6   B  Reduction     3.12       68     0     B
355      173    133    33    35     173       0     19      0      3       3   A  Reduction     3.25       68     1     B
360      162    122    32    32     162       0     25      1      6      -6   B  Reduction     3.21       68     0     B
359      187    147    33    34     147      40     40      1      2       0   B  QuietGame     3.37       68     1     A
365      113     73    21    21      73      40     40      0      3       3   A  QuietGame     3.28       67     1     B
362      155    115    33    33     115      40     40      2      2      -1   B  QuietGame     3.27       67     0     B
357      261    221    35    36     221      40     40      5      3       0   B  QuietGame     3.22       68     1     A
361      166    126    30    33     126      40     40      0      4       3   A  QuietGame     3.29       68     1     B
363      159    119    33    33     159       0     23      0      5       5   A  Reduction     3.25       67     1     B
364      156    116    28    29     116      40     40      0      8       7   A  QuietGame     3.36       67     0     A
367      110     70    16    18      70      40     40      2      3       2   A  QuietGame     3.29       68     1     B
366      212    172    29    29     172      40     40      2      2       1   B  QuietGame     3.25       68     0     B
371      127     87    30    31     127       0     16      0      7       7   A  Reduction     3.28       68     1     B
368      157    117    31    32     117      40     40      0      3       2   A  QuietGame     3.24       68     0     A
369      177    137    32    35     177       0     25      0      3       3   A  Reduction     3.19       68     1     B
370      179    139    32    35     179       0     31      0      3       3   A  Reduction     3.19       68     0     A
373      187    147    33    33     147      40     40      0      3       3   A  QuietGame     3.38       68     1     B
374      187    147    32    33     147      40     40      3      2      -1   B  QuietGame     3.15       68     0     B
376      112     72     6     7      72      40     40      0      2       1   B  QuietGame     3.19       68     0     B
372      232    192    33    33     192      40     40      1      3      -1   B  QuietGame     3.34       68     0     B
375      183    143    36    36     183       0     24      0      3       2   A  Reduction     3.29       68     1     B
378      163    123    32    32     123      40     40      2      4       4   A  QuietGame     3.25       68     0     A
379      186    146    27    28     186       0     21      1     10     -10   B  Reduction     3.31       68     1     A
381      165    125    32    33     165       0     31      2      5       5   A  Reduction     3.36       67     1     B
377      234    194    35    35     194      40     40      5      1      -1   B  QuietGame     3.22       68     1     A
383      171    131    35    35     171       0     16      0      3       3   A  Reduction     3.41       68     1     B
382      179    139    18    19     139      40     40      0      7       7   A  QuietGame     3.24       68     0     A
380      260    220    35    35     220      40     40      4      2       1   B  QuietGame     3.19       67     0     B
384      169    129    33    33     129      40     40      4      2       1   B  QuietGame     3.21       68     0     B
385      155    115    28    28     115      40     40      0      3       2   A  QuietGame     3.19       68     1     B
386      147    107    30    32     107      40     40      0      4       4   A  QuietGame     3.19       68     0     A
388      167    127    26    28     167       0     21      0     10      10   A  Reduction     3.19       68     0     A
390      145    105    28    29     105      40     40      0      7       7   A  QuietGame     3.25       68     0     A
392      154    114    33    34     154       0     15      1      4      -4   B  Reduction     3.18       68     0     B
387      252    212    34    36     212      40     40      4      2       0   B  QuietGame     3.18       68     1     A
389      232    192    32    33     192      40     40      1      3      -3   B  QuietGame     3.28       68     1     A
395      102     62    14    15      62      40     40      1      1      -1   B  QuietGame     3.13       68     1     A
393      168    128    31    32     128      40     40      1      4      -4   B  QuietGame     3.19       68     1     A
391      215    175    35    35     215       0     31      0      3       3   A  Reduction     3.31       68     1     B
394      193    153    29    29     153      40     40      3      2      -1   B  QuietGame     3.26       68     0     B
397      149    109    28    29     109      40     40      0      4       3   A  QuietGame     3.29       68     1     B
396      216    176    29    30     176      40     40      2      7       6   A  QuietGame     3.37       68     0     A
402      104     64    14    15      64      40     40      0      4       3   A  QuietGame     3.12       67     0     A
399      161    121    34    34     161       0     23      2      4       4   A  Reduction     3.22       68     1     B
401      162    122    22    22     122      40     40      4      1       0   B  QuietGame     3.24       68     1     A
398      177    137    33    34     137      40     40      3      2       0   B  QuietGame     3.28       68     0     B
400      204    164    34    35     164      40     40      0      4       1   B  QuietGame     3.21       68     0     B
403      157    117    32    32     157       0     22      0      6       6   A  Reduction     3.27       67     1     B
406      117     77    18    20      77      40     40      1      2       0   B  QuietGame     3.07       67     0     B
408      121     81    28    29     121       0      9      0      9       9   A  Reduction     3.49       68     0     A
405      187    147    24    25     147      40     40      0      4       3   A  QuietGame     3.35       68     1     B
410      125     85    17    17      85      40     40      0      2       1   B  QuietGame     3.25       68     0     B
409      165    125    34    34     125      40     40      3      2       0   B  QuietGame     3.43       68     1     A
404      212    172    31    32     172      40     40      1      3      -2   B  QuietGame     3.26       68     0     B
407      206    166    29    30     166      40     40      1      6      -6   B  QuietGame     3.34       67     1     A
412      125     85    15    16      85      40     40      0      3       2   A  QuietGame     3.15       67     0     A
411      177    137    16    17     137      40     40      0      7       7   A  QuietGame     3.22       68     1     B
414      135     95    16    16      95      40     40      2      4       4   A  QuietGame     3.29       68     0     A
413      174    134    32    33     134      40     40      0      4       3   A  QuietGame     3.25       67     1     B
416      154    114    31    31     114      40     40      3      2      -1   B  QuietGame     3.38       69     0     B
418      135     95    20    22      95      40     40      2      2       2   A  QuietGame     3.26       68     0     A
417      161    121    34    34     121      40     40      7      3      -2   B  QuietGame     3.33       69     1     A
415      194    154    31    33     154      40     40      3      3      -3   B  QuietGame     3.19       68     1     A
419      216    176    35    35     216       0     27      3      3      -3   B  Reduction     3.25       68     1     A
421      153    113    30    32     113      40     40      0      3       2   A  QuietGame     3.35       68     1     B
420      224    184    30    30     184      40     40      0      7       6   A  QuietGame     3.18       68     0     A
422      163    123    31    33     123      40     40      3      4      -3   B  QuietGame     3.25       68     0     B
423      177    137    34    34     177       0     12      0      4       4   A  Reduction     3.43       68     1     B
425      230    190    28    29     190      40     40      3      4      -3   B  QuietGame     3.19       68     1     A
428      157    117    19    20     117      40     40      0      4       2   A  QuietGame     3.37       67     0     A
424      252    212    35    36     252       0     30      1      3      -2   B  Reduction     3.15       68     0     B
430      144    104    35    35     144       0     15      1      3      -3   B  Reduction     3.31       68     0     B
429      166    126    29    30     126      40     40      0      3       2   A  QuietGame     3.36       67     1     B
426      257    217    32    33     217      40     40      0      3       3   A  QuietGame     3.29       68     0     A
427      199    159    33    34     159      40     40      3      2       0   B  QuietGame     3.22       68     1     A
431      164    124    33    34     124      40     40      0      3       2   A  QuietGame     3.19       68     1     B
433      123     83    31    33     123       0     12      2      5       5   A  Reduction     3.29       68     1     B
436      129     89    31    33     129       0     17      0      5       5   A  Reduction     3.25       69     0     A
434      169    129    31    32     169       0     19      0      6       6   A  Reduction     3.22       68     0     A
432      194    154    25    27     154      40     40      0      6       5   A  QuietGame     3.10       68     0     A
439      115     75    32    33     115       0     13      0      5       5   A  Reduction     3.26       68     1     B
437      191    151    31    33     191       0     22      0      5       5   A  Reduction     3.25       69     1     B
438      227    187    29    31     187      40     40      0      5       5   A  QuietGame     3.29       68     0     A
435      272    232    31    31     232      40     40      0      4       3   A  QuietGame     3.28       68     1     B
441      154    114    33    33     114      40     40      0      4       3   A  QuietGame     3.28       68     1     B
442      143    103    28    29     143       0     12      0      9       9   A  Reduction     3.24       68     0     A
440      190    150    31    31     150      40     40      3      1      -1   B  QuietGame     3.28       68     0     B
443      174    134    29    33     134      40     40      0      4       3   A  QuietGame     3.09       68     1     B
445      137     97    32    34     137       0     15      0      4       4   A  Reduction     3.28       68     1     B
444      183    143    30    30     143      40     40      0      4       4   A  QuietGame     3.40       68     0     A
446      166    126    30    33     126      40     40      2      2       1   B  QuietGame     3.29       68     0     B
447      189    149    31    32     149      40     40      3      2       0   B  QuietGame     3.24       68     1     A
448      173    133    29    30     133      40     40      0      6       6   A  QuietGame     3.18       68     0     A
449      188    148    34    35     148      40     40      5      2      -1   B  QuietGame     3.43       68     1     A
451      169    129    31    31     129      40     40      0      5       5   A  QuietGame     3.37       68     1     B
450      209    169    33    33     169      40     40      1      2      -1   B  QuietGame     3.31       68     0     B
455       97     57    11    12      57      40     40      0      2       2   A  QuietGame     3.21       67     1     B
452      203    163    35    35     163      40     40      1      3      -1   B  QuietGame     3.25       68     0     B
453      202    162    31    31     162      40     40      1      4      -3   B  QuietGame     3.34       68     1     A
454      153    113    17    17     113      40     40      0      5       5   A  QuietGame     3.24       67     0     A
457      169    129    31    33     169       0     28      2      5       5   A  Reduction     3.35       69     1     B
461      114     74    14    14      74      40     40      0      2       0   B  QuietGame     3.30       67     1     A
462      122     82    14    15      82      40     40      1      2      -1   B  QuietGame     3.31       68     0     B
458      183    143    30    30     143      40     40      0      4       4   A  QuietGame     3.25       67     0     A
459      191    151    32    32     151      40     40      1      2       0   B  QuietGame     3.33       67     1     A
456      242    202    29    30     202      40     40      0      7       6   A  QuietGame     3.13       69     0     A
460      199    159    31    31     159      40     40      0      4      -3   B  QuietGame     3.22       67     0     B
463      192    152    32    33     152      40     40      0      2       1   B  QuietGame     3.21       68     1     A
465      173    133    29    32     173       0     19      0      6       6   A  Reduction     3.18       68     1     B
470      104     64    12    12      64      40     40      0      3       2   A  QuietGame     3.07       67     0     A
464      211    171    33    34     211       0     37      0      4       4   A  Reduction     3.24       68     0     A
468      170    130    30    30     130      40     40      0      5       4   A  QuietGame     3.21       68     0     A
467      197    157    26    26     157      40     40      0      6       6   A  QuietGame     3.10       68     1     B
471      136     96    13    16      96      40     40      1      4      -4   B  QuietGame     3.10       67     1     A
466      221    181    31    32     181      40     40      4      4       4   A  QuietGame     3.15       68     0     A
469      224    184    31    33     184      40     40      3      2      -1   B  QuietGame     3.35       68     1     A
475      135     95    32    33     135       0     13      0      5       5   A  Reduction     3.18       68     1     B
474      143    103    33    34     143       0     13      0      4       4   A  Reduction     3.29       68     0     A
477      126     86    19    20      86      40     40      0      2       0   B  QuietGame     3.26       68     1     A
479      106     66     6     6      66      40     40      1      2      -2   B  QuietGame     3.14       69     1     A
473      192    152    36    36     192       0     26      2      2      -2   B  Reduction     3.29       68     1     A
478      178    138    33    33     138      40     40      4      2       1   B  QuietGame     3.36       69     0     B
472      246    206    31    32     206      40     40      0      3       2   A  QuietGame     3.25       68     0     A
476      211    171    22    23     171      40     40      0      5       5   A  QuietGame     3.07       68     0     A
480      160    120    35    35     160       0     23      1      3      -3   B  Reduction     3.37       68     0     B
486      103     63    13    13      63      40     40      0      1       1   B  QuietGame     3.13       68     0     B
482      172    132    30    32     132      40     40      2      2       0   B  QuietGame     3.27       67     0     B
484      154    114    28    28     114      40     40      5      2      -2   B  QuietGame     3.21       68     0     B
481      200    160    30    31     160      40     40      0      3       1   B  QuietGame     3.32       68     1     A
485      160    120    31    31     160       0     16      1      7      -7   B  Reduction     3.31       68     1     A
483      213    173    34    34     173      40     40      7      3      -2   B  QuietGame     3.25       67     1     A
487      166    126    36    36     166       0     15      1      2      -2   B  Reduction     3.25       68     1     A
492      131     91    10    11      91      40     40      0      3       3   A  QuietGame     3.15       68     0     A
489      184    144    34    34     144      40     40      1      2      -2   B  QuietGame     3.31       67     1     A
488      219    179    34    34     179      40     40      2      2       2   A  QuietGame     3.25       67     0     A
490      207    167    35    36     167      40     40      5      2       0   B  QuietGame     3.25       68     0     B
494      164    124    33    33     124      40     40      6      2       1   B  QuietGame     3.24       68     0     B
493      194    154    31    31     194       0     31      1      7      -7   B  Reduction     3.25       68     1     A
491      240    200    33    33     200      40     40      1      3      -3   B  QuietGame     3.34       68     1     A
495      214    174    28    28     174      40     40      1      4      -4   B  QuietGame     3.21       68     1     A
497      158    118    28    29     118      40     40      1      7      -7   B  QuietGame     3.19       69     1     A
496      188    148    26    29     148      40     40      0      6       5   A  QuietGame     3.25       69     0     A
500      159    119    33    33     119      40     40      0      3       3   A  QuietGame     3.34       68     0     A
498      195    155    33    34     155      40     40      0      2       2   A  QuietGame     3.22       68     0     A
501      174    134    34    34     174       0     33      1      4      -4   B  Reduction     3.43       68     1     A
502      171    131    35    35     131      40     40      2      2       1   B  QuietGame     3.24       68     0     B
503      126     86    19    20      86      40     40      4      2       0   B  QuietGame     2.96       68     1     A
499      233    193    34    34     193      40     40      1      1       0   B  QuietGame     3.24       68     1     A
504      165    125    32    32     125      40     40      0      4       4   A  QuietGame     3.41       66     0     A
506      135     95    18    19      95      40     40      0      5       5   A  QuietGame     3.24       68     0     A
505      209    169    32    33     169      40     40      2      2       1   B  QuietGame     3.32       66     1     A
507      183    143    33    34     183       0     17      0      4       4   A  Reduction     3.26       68     1     B
510      166    126    35    35     166       0     29      1      3      -3   B  Reduction     3.27       67     0     B
508      181    141    25    26     141      40     40      0      8       8   A  QuietGame     3.32       68     0     A
509      181    141    31    31     141      40     40      1      4      -3   B  QuietGame     3.12       68     1     A
511      198    158    33    35     198       0     21      5      3      -3   B  Reduction     3.21       67     1     A
513      128     88    12    12      88      40     40      1      4      -4   B  QuietGame     3.16       68     1     A
512      160    120    26    28     160       0     20      1     10     -10   B  Reduction     3.34       68     0     B
514      182    142    30    31     142      40     40      0      4       3   A  QuietGame     3.15       68     0     A
515      161    121    23    25     121      40     40      0      5       5   A  QuietGame     3.09       68     1     B
516      175    135    29    30     135      40     40      0      6       6   A  QuietGame     3.14       69     0     A
517      180    140    31    34     140      40     40      0      3       2   A  QuietGame     3.30       69     1     B
520      150    110    21    21     110      40     40      2      4       3   A  QuietGame     3.37       68     0     A
518      204    164    33    33     164      40     40      2      2       1   B  QuietGame     3.31       68     0     B
521      175    135    30    32     135      40     40      1      3      -2   B  QuietGame     3.19       68     1     A
519      187    147    31    31     147      40     40      3      2      -1   B  QuietGame     3.31       68     1     A
524      157    117    26    27     117      40     40      0      7       7   A  QuietGame     3.06       68     0     A
523      194    154    32    33     194       0     20      1      5      -5   B  Reduction     3.28       68     1     A
522      206    166    32    32     166      40     40      2      3       2   A  QuietGame     3.40       68     0     A
528      135     95    22    23      95      40     40      4      2       1   B  QuietGame     3.31       68     0     B
525      181    141    34    35     141      40     40      1      2      -1   B  QuietGame     3.24       68     1     A
527      163    123    29    29     123      40     40      0      7       7   A  QuietGame     3.37       68     1     B
529      163    123    34    35     163       0     18      2      3       3   A  Reduction     3.19       68     1     B
526      199    159    32    35     159      40     40      0      3       1   B  QuietGame     3.09       68     0     B
535      102     62    14    17      62      40     40      0      2       1   B  QuietGame     2.93       68     1     A
531      147    107    35    35     147       0     13      4      3       3   A  Reduction     3.26       68     1     B
530      165    125    31    31     125      40     40      0      5       5   A  QuietGame     3.10       68     0     A
536      102     62    13    13      62      40     40      1      1      -1   B  QuietGame     2.97       67     0     B
534      171    131    35    35     131      40     40      2      2       1   B  QuietGame     3.29       68     0     B
532      204    164    32    32     164      40     40      0      5       4   A  QuietGame     3.13       68     0     A
537      159    119    29    30     119      40     40      3      5      -4   B  QuietGame     3.16       67     1     A
533      188    148    35    36     188       0     36      1      2      -2   B  Reduction     3.19       68     1     A
538      102     62    14    15      62      40     40      3      1      -1   B  QuietGame     3.19       68     0     B
540       94     54    11    12      54      40     40      0      2       0   B  QuietGame     2.94       67     0     B
539      156    116    35    35     116      40     40      0      2       1   B  QuietGame     3.32       68     1     A
541      159    119    24    25     119      40     40      1      8      -7   B  QuietGame     3.25       67     1     A
542      123     83    35    35     123       0      6      2      3       3   A  Reduction     3.45       67     0     A
543      169    129    34    34     169       0     22      2      4       4   A  Reduction     3.16       67     1     B
546      159    119    32    34     119      40     40      1      2       0   B  QuietGame     3.28       67     0     B
548      105     65    11    11      65      40     40      0      3       3   A  QuietGame     3.22       68     0     A
545      180    140    33    34     140      40     40      2      2       0   B  QuietGame     3.34       68     1     A
544      184    144    35    35     144      40     40      3      2       1   B  QuietGame     3.38       68     0     B
547      241    201    34    34     201      40     40      1      3      -2   B  QuietGame     3.24       67     1     A
552      133     93    25    26      93      40     40      0      2       2   A  QuietGame     3.24       68     0     A
550      203    163    27    30     163      40     40      0      6       6   A  QuietGame     3.12       68     0     A
554      134     94    24    27      94      40     40      4      2       1   B  QuietGame     3.12       67     0     B
553      172    132    28    33     132      40     40      1      3      -3   B  QuietGame     3.09       68     1     A
555      176    136    35    36     176       0     17      1      2      -2   B  Reduction     3.43       67     1     A
549      261    221    34    34     221      40     40      6      2       0   B  QuietGame     3.32       68     1     A
551      232    192    32    32     192      40     40      0      3       2   A  QuietGame     3.24       68     1     B
558      122     82    19    19      82      40     40      0      6       5   A  QuietGame     3.32       68     0     A
556      167    127    30    31     127      40     40      0      5       5   A  QuietGame     3.22       68     0     A
557      135     95    30    31     135       0     20      0      7       7   A  Reduction     3.21       68     1     B
562      139     99    16    17      99      40     40      0      5       5   A  QuietGame     3.18       67     0     A
559      208    168    34    34     208       0     32      1      4      -4   B  Reduction     3.24       68     1     A
560      177    137    30    31     137      40     40      0      5       5   A  QuietGame     3.26       68     0     A
563      163    123    30    32     163       0     15      0      6       6   A  Reduction     3.25       67     1     B
561      228    188    33    36     188      40     40      8      2       0   B  QuietGame     3.07       68     1     A
569      103     63    14    14      63      40     40      0      2       2   A  QuietGame     3.07       68     1     B
565      193    153    32    35     153      40     40      3      2      -1   B  QuietGame     3.15       67     1     A
564      230    190    33    33     190      40     40      2      4       3   A  QuietGame     3.18       67     0     A
566      240    200    31    32     200      40     40      2      3       2   A  QuietGame     3.21       67     0     A
567      187    147    30    32     147      40     40      3      3      -2   B  QuietGame     3.25       67     1     A
568      188    148    36    36     188       0     32      1      2      -2   B  Reduction     3.25       68     0     B
573      133     93    30    33     133       0     13      2      5       5   A  Reduction     3.34       68     1     B
571      175    135    32    34     135      40     40      5      2       0   B  QuietGame     3.19       68     1     A
570      222    182    27    29     182      40     40      0      8       7   A  QuietGame     3.32       68     0     A
572      199    159    32    33     159      40     40      4      2       1   B  QuietGame     3.16       68     0     B
576      153    113    25    26     153       0     23      0     12      12   A  Reduction     3.19       68     0     A
575      189    149    33    33     149      40     40      2      2       1   B  QuietGame     3.27       67     1     A
579      110     70    14    15      70      40     40      1      3      -3   B  QuietGame     3.13       68     1     A
577      168    128    33    34     128      40     40      0      3       2   A  QuietGame     3.24       68     1     B
574      234    194    32    32     194      40     40      4      2       0   B  QuietGame     3.21       67     0     B
581      116     76    11    11      76      40     40      0      2       1   B  QuietGame     3.06       68     1     A
580      152    112    27    29     112      40     40      0      4       3   A  QuietGame     3.31       68     0     A
578      195    155    34    34     155      40     40      5      3       0   B  QuietGame     3.38       68     0     B
582      161    121    29    32     121      40     40      0      3       2   A  QuietGame     3.15       68     0     A
588      109     69    18    18      69      40     40      1      3      -2   B  QuietGame     3.25       68     0     B
583      177    137    35    35     177       0     32      0      3       3   A  Reduction     3.44       68     1     B
586      161    121    34    34     161       0     18      0      4       4   A  Reduction     3.31       68     0     A
584      186    146    34    34     146      40     40      0      3       2   A  QuietGame     3.24       68     0     A
585      203    163    34    34     163      40     40      1      3      -2   B  QuietGame     3.31       68     1     A
589      176    136    31    31     176       0     37      1      7      -7   B  Reduction     3.31       68     1     A
587      191    151    33    33     151      40     40      1      2      -1   B  QuietGame     3.24       68     1     A
590      163    123    32    32     123      40     40      1      2       0   B  QuietGame     3.26       68     0     B
592      165    125    22    22     125      40     40      1      3      -2   B  QuietGame     3.26       68     0     B
591      171    131    33    34     131      40     40      3      2       0   B  QuietGame     3.24       68     1     A
594      170    130    31    31     130      40     40      1      5      -5   B  QuietGame     3.43       67     0     B
593      242    202    32    34     202      40     40      1      2      -2   B  QuietGame     3.09       68     1     A
595      222    182    35    35     182      40     40      0      3       1   B  QuietGame     3.34       67     1     A
596      187    147    35    35     187       0     34      2      3       3   A  Reduction     3.32       68     0     A
600      148    108    31    32     148       0     23      1      6      -6   B  Reduction     3.27       67     0     B
597      231    191    33    36     231       0     34      2      2       2   A  Reduction     3.24       68     1     B
598      214    174    33    35     174      40     40      2      2       1   B  QuietGame     3.07       68     0     B
599      181    141    33    33     141      40     40      0      3       3   A  QuietGame     3.24       68     1     B
601      197    157    32    32     197       0     33      0      6       6   A  Reduction     3.39       67     1     B
604      120     80    15    16      80      40     40      0      2       0   B  QuietGame     3.29       68     0     B
602      166    126    31    31     126      40     40      2      4       3   A  QuietGame     3.22       68     0     A
603      177    137    33    34     177       0     20      0      4       4   A  Reduction     3.15       68     1     B
607      115     75    11    12      75      40     40      0      4       4   A  QuietGame     3.20       66     1     B
605      151    111    25    25     151       0     13      0     13      13   A  Reduction     3.26       68     1     B
606      171    131    18    18     131      40     40      0      6       6   A  QuietGame     3.17       66     0     A
610      145    105    21    22     105      40     40      1      2       0   B  QuietGame     3.35       68     0     B
608      188    148    28    28     148      40     40      0      6      -6   B  QuietGame     3.25       68     0     B
611      171    131    27    27     131      40     40      2      3       3   A  QuietGame     3.29       68     1     B
609      223    183    29    31     183      40     40      1      6       5   A  QuietGame     3.25       68     1     B
614      157    117    28    31     117      40     40      0      5       5   A  QuietGame     3.16       68     0     A
612      186    146    32    35     146      40     40      6      2       1   B  QuietGame     3.43       68     0     B
616      144    104    24    25     104      40     40      0      6       5   A  QuietGame     3.28       67     0     A
615      191    151    35    36     191       0     28      0      3       2   A  Reduction     3.29       68     1     B
613      279    239    34    34     239      40     40      5      1       0   B  QuietGame     3.26       68     1     A
617      195    155    33    33     155      40     40      2      3       3   A  QuietGame     3.16       67     1     B
618      241    201    34    36     201      40     40      3      3       0   B  QuietGame     3.09       69     0     B
619      260    220    35    35     220      40     40      1      3      -1   B  QuietGame     3.13       69     1     A

games                620
mean plies           173.5   (movement 133.5)
mean captures        28.8
mean removals        29.6
mean dead tail       29.9   plies after the last capture or removal
mean longest quiet   35.9
mean lead changes    1.3   (328 of 620 games had any)
mean peak margin     3.6
mean final margin    3.0   (absolute)
ended by quiet game  464  (75%)
ended by reduction   156  (25%)
ended by immobilize  0  (0%)
won by A / B         316 / 304
mean depth           3.23   (over 42040 searched opening plies)
wall clock           6288.67 s

weight-set A wins    342 / 620  (55.2%)   [as P0: 174/310, as P1: 168/310]
weight-set B wins    278 / 620
quiet-game share     A-wins 82.2%   B-wins 65.8%   all 74.8%
95% threshold        wins >= 331 of 620 (one-sided): A is significantly stronger
csv line appended to doc\bench\sweeps\2026-08-24\confirm.csv

wins 342/620 (threshold 331), quiet 74.84% (limit 75.5%), captures 28.76 (floor 26.163)
PROMOTE: doc/bench/sweeps/2026-08-24/cand-centre.psd1 becomes the incumbent for the next round.
sweep stage 'confirm' -> doc/bench/sweeps/2026-08-24
>> ./cmake-build-release/latrunculi_game/latrunculi_bench.exe pairs=310 ms=500 seed=777001 threads=8 rows=8 columns=10 perside=20 csv=doc\bench\sweeps\2026-08-24\confirm.csv wA.threat=0.25 wA.pair=0.02 wA.mobility=0.02 wA.centre=0.05 wA.vulnerableAxes=-0.03 wA.oneMoveCapturable=-0.9 wA.spearheadPairs=0.6 wA.diagonalSupport=0.06 wA.deniedSquares=0.04 wA.strikers=0.05 wA.notchExposure=-0.12 wB.threat=0.25 wB.pair=0.02 wB.mobility=0.02 wB.centre=0.05 wB.vulnerableAxes=-0.03 wB.oneMoveCapturable=-0.9 wB.spearheadPairs=0.15 wB.diagonalSupport=0.06 wB.deniedSquares=0.04 wB.strikers=0.05 wB.notchExposure=-0.12
Latrunculi bench: 310 mirrored A-vs-B pairs (620 games), 8x10, 20 per side, slide, convex payoff, komi 1.5, policy placement, 500 ms per searched ply, 8 threads
base seed: 777001  (pair p uses seed base+p; even game index = set A as P0)
XML: not saved   memory tracking level: 0

game   plies  moveP  capt  remv lastAct    tail  quiet   lead   peak  margin win  reason    depth    srchd  AasP  wSet
7         94     54     8    10      54      40     40      2      1       0   B  QuietGame     2.84       68     1     A
0        130     90    29    29      90      40     40      1      3      -3   B  QuietGame     3.13       68     0     B
5        161    121    28    30     121      40     40      3      3      -2   B  QuietGame     3.32       68     1     A
2        163    123    27    28     123      40     40      0      6       6   A  QuietGame     3.19       67     0     A
4        173    133    32    33     173       0     31      0      5       5   A  Reduction     3.09       68     0     A
1        204    164    30    31     204       0     35      1      7      -7   B  Reduction     3.37       68     1     A
9         92     52     7     8      52      40     40      0      2       0   B  QuietGame     2.63       68     1     A
6        211    171    32    33     171      40     40      1      4      -3   B  QuietGame     3.12       68     0     B
3        228    188    32    33     188      40     40      3      3      -3   B  QuietGame     3.18       67     1     A
8        170    130    28    29     130      40     40      0      6       5   A  QuietGame     3.22       68     0     A
12       115     75    20    20      75      40     40      1      1       0   B  QuietGame     3.31       68     0     B
10       147    107    31    33     147       0     20      0      5       5   A  Reduction     3.28       67     0     A
11       181    141    29    29     141      40     40      0      5       5   A  QuietGame     3.28       67     1     B
15       139     99    30    31     139       0     18      0      7       7   A  Reduction     3.22       68     1     B
13       186    146    33    34     146      40     40      1      2      -2   B  QuietGame     3.28       68     1     A
14       185    145    33    33     145      40     40      1      2      -1   B  QuietGame     3.22       68     0     B
16       180    140    35    35     140      40     40      2      2       1   B  QuietGame     3.34       68     0     B
19       161    121    31    31     121      40     40      0      5       5   A  QuietGame     3.31       68     1     B
18       183    143    34    35     143      40     40      0      3       1   B  QuietGame     3.26       68     0     B
17       230    190    33    34     190      40     40      4      3       2   A  QuietGame     3.29       68     1     B
21       156    116    30    30     116      40     40      4      1       0   B  QuietGame     3.24       67     1     A
20       166    126    34    34     166       0     21      1      4      -4   B  Reduction     3.33       67     0     B
24       158    118    36    36     158       0     20      1      2      -2   B  Reduction     3.29       68     0     B
28        89     49     5     5      49      40     40      0      1       1   B  QuietGame     2.94       68     0     B
23       196    156    32    32     156      40     40      0      5       4   A  QuietGame     2.97       68     1     B
22       221    181    34    34     181      40     40      0      3       2   A  QuietGame     3.16       68     0     A
27       139     99    33    34     139       0     13      0      4       4   A  Reduction     3.19       68     1     B
25       203    163    30    31     163      40     40      1      2      -1   B  QuietGame     3.21       68     1     A
29       169    129    29    30     129      40     40      1      3      -2   B  QuietGame     3.21       68     1     A
26       216    176    32    33     176      40     40      0      3       1   B  QuietGame     3.28       68     0     B
30       149    109    29    31     109      40     40      0      5       5   A  QuietGame     3.31       67     0     A
31       161    121    24    25     121      40     40      0      4       3   A  QuietGame     3.30       67     1     B
32       159    119    31    34     159       0     19      0      4       4   A  Reduction     3.10       68     0     A
36       102     62    15    15      62      40     40      0      4       3   A  QuietGame     3.04       68     0     A
35       110     70    17    18      70      40     40      1      2      -2   B  QuietGame     3.22       67     1     A
34       159    119    28    31     119      40     40      2      4       3   A  QuietGame     3.21       67     0     A
33       176    136    32    32     176       0     32      1      6      -6   B  Reduction     3.29       68     1     A
37       163    123    30    32     163       0     13      2      6       6   A  Reduction     3.22       68     1     B
38       181    141    31    32     141      40     40      1      3      -2   B  QuietGame     3.21       68     0     B
43       140    100    20    20     100      40     40      1      4      -4   B  QuietGame     3.25       67     1     A
40       177    137    30    31     137      40     40      3      2      -1   B  QuietGame     3.00       67     0     B
41       168    128    32    32     128      40     40      6      2       0   B  QuietGame     3.27       67     1     A
45       105     65    13    14      65      40     40      0      2       2   A  QuietGame     3.12       68     1     B
42       185    145    28    29     145      40     40      0      8       7   A  QuietGame     3.25       67     0     A
39       220    180    30    30     220       0     31      1      8      -8   B  Reduction     3.29       68     1     A
44       179    139    32    33     139      40     40      2      3       3   A  QuietGame     3.32       68     0     A
48       109     69    21    22      69      40     40      0      2       2   A  QuietGame     3.16       68     0     A
47       121     81    19    20      81      40     40      1      3      -2   B  QuietGame     3.18       68     1     A
49       117     77    15    15      77      40     40      2      3       3   A  QuietGame     3.29       68     1     B
46       188    148    30    31     148      40     40      0      6       5   A  QuietGame     3.16       68     0     A
51       165    125    30    30     125      40     40      3      2       0   B  QuietGame     3.31       68     1     A
50       176    136    36    36     176       0     26      1      2      -2   B  Reduction     3.26       68     0     B
52       176    136    25    26     136      40     40      0      5       4   A  QuietGame     3.26       68     0     A
53       181    141    34    35     141      40     40      1      2      -1   B  QuietGame     3.24       68     1     A
54       185    145    33    34     145      40     40      7      2       0   B  QuietGame     3.22       68     0     B
56       184    144    32    32     144      40     40      1      2      -2   B  QuietGame     3.25       68     0     B
57       184    144    33    34     144      40     40      2      3       2   A  QuietGame     3.22       68     1     B
55       254    214    35    36     214      40     40      4      1       0   B  QuietGame     3.19       68     1     A
61       149    109    31    31     109      40     40      5      2      -1   B  QuietGame     3.35       68     1     A
58       196    156    30    32     156      40     40      0      3       2   A  QuietGame     3.35       68     0     A
59       203    163    29    29     163      40     40      2      2       1   B  QuietGame     3.15       68     1     A
60       198    158    29    30     158      40     40      4      2       0   B  QuietGame     3.19       68     0     B
63       172    132    34    34     132      40     40      1      3      -2   B  QuietGame     3.35       68     1     A
62       187    147    29    31     147      40     40      0      5       5   A  QuietGame     3.07       68     0     A
66       119     79    21    23      79      40     40      0      7       7   A  QuietGame     3.24       68     0     A
64       171    131    28    28     131      40     40      5      2       0   B  QuietGame     3.34       67     0     B
69       149    109    32    35     149       0     14      0      3       3   A  Reduction     3.12       68     1     B
68       170    130    33    34     130      40     40      0      3       2   A  QuietGame     3.19       68     0     A
65       209    169    29    30     169      40     40      2      6       6   A  QuietGame     3.27       67     1     B
67       212    172    34    35     212       0     30      1      3      -3   B  Reduction     3.16       68     1     A
71       131     91    24    25      91      40     40      1      4      -3   B  QuietGame     3.22       68     1     A
70       164    124    29    29     124      40     40      0      5       3   A  QuietGame     3.18       68     0     A
73       150    110    33    33     150       0     17      1      5      -5   B  Reduction     3.24       67     1     A
74       166    126    33    33     166       0     23      1      5      -5   B  Reduction     3.25       68     0     B
72       282    242    33    35     242      40     40      4      2       1   B  QuietGame     3.25       67     0     B
75       209    169    34    34     169      40     40      3      3       0   B  QuietGame     3.21       68     1     A
79       151    111    30    31     111      40     40      4      3       3   A  QuietGame     3.28       68     1     B
78       186    146    33    33     186       0     31      1      5      -5   B  Reduction     3.16       68     0     B
76       221    181    30    33     181      40     40      4      3       3   A  QuietGame     3.19       68     0     A
77       242    202    35    35     242       0     37      1      4      -3   B  Reduction     3.28       68     1     A
80       201    161    29    30     161      40     40      0      4       4   A  QuietGame     3.24       68     0     A
84       113     73    18    19      73      40     40      0      3       3   A  QuietGame     3.28       67     0     A
81       193    153    29    29     153      40     40      0      5       5   A  QuietGame     3.21       68     1     B
83       172    132    33    33     132      40     40      2      2       1   B  QuietGame     3.38       68     1     A
82       176    136    33    33     136      40     40      3      2      -1   B  QuietGame     3.35       68     0     B
86       182    142    31    32     182       0     34      1      6      -6   B  Reduction     3.28       68     0     B
87       187    147    32    34     147      40     40      9      2       0   B  QuietGame     3.26       68     1     A
91       100     60    15    17      60      40     40      0      2       1   B  QuietGame     3.09       67     1     A
89       181    141    33    34     181       0     26      0      4       4   A  Reduction     3.20       69     1     B
85       284    244    34    35     244      40     40      2      2       1   B  QuietGame     3.09       67     1     A
92       134     94    19    19      94      40     40      0      4       3   A  QuietGame     3.34       68     0     A
90       166    126    26    26     126      40     40      0      5       4   A  QuietGame     3.40       67     0     A
88       223    183    34    34     183      40     40      5      1       0   B  QuietGame     3.22       69     0     B
93       140    100    15    15     100      40     40      1      3      -3   B  QuietGame     3.19       68     1     A
95       104     64    15    15      64      40     40      0      2       1   B  QuietGame     3.12       69     1     A
97       157    117    33    34     157       0     13      0      4       4   A  Reduction     3.16       67     1     B
100      186    146    31    31     146      40     40      0      6       5   A  QuietGame     3.21       68     0     A
94       234    194    32    32     194      40     40      1      4      -4   B  QuietGame     3.35       69     0     B
98       197    157    34    34     157      40     40      0      3       2   A  QuietGame     3.40       67     0     A
96       203    163    31    31     163      40     40      1      4      -3   B  QuietGame     3.18       67     0     B
99       215    175    31    32     175      40     40      5      5      -4   B  QuietGame     3.28       67     1     A
101      179    139    34    34     139      40     40      1      1       0   B  QuietGame     3.31       68     1     A
102      159    119    31    33     159       0     31      0      5       5   A  Reduction     3.19       68     0     A
104      153    113    32    32     153       0     11      0      6       6   A  Reduction     3.22       68     0     A
103      197    157    30    31     157      40     40      0      5       5   A  QuietGame     3.15       68     1     B
108      138     98    18    19      98      40     40      1      2      -1   B  QuietGame     3.21       68     0     B
106      169    129    34    36     169       0     26      4      2       2   A  Reduction     3.18       68     0     A
109      160    120    31    31     160       0     18      1      7      -7   B  Reduction     3.40       68     1     A
110      173    133    26    31     133      40     40      0      3       1   B  QuietGame     3.15       67     0     B
107      195    155    33    34     155      40     40      1      3      -2   B  QuietGame     3.22       68     1     A
105      225    185    27    27     185      40     40      0      7       7   A  QuietGame     3.24       68     1     B
114      103     63    18    18      63      40     40      1      1       0   B  QuietGame     3.22       68     0     B
113      142    102    35    35     142       0     12      1      3      -3   B  Reduction     3.28       68     1     A
115      167    127    27    28     127      40     40      3      2       0   B  QuietGame     3.28       68     1     A
111      215    175    35    35     175      40     40      1      2      -1   B  QuietGame     3.31       67     1     A
119      100     60     8     8      60      40     40      0      2       0   B  QuietGame     3.03       69     1     A
112      217    177    30    30     177      40     40      2      4       4   A  QuietGame     3.09       68     0     A
116      189    149    29    31     149      40     40      0      5       5   A  QuietGame     3.35       68     0     A
117      216    176    30    32     176      40     40      0      3       2   A  QuietGame     2.97       68     1     B
120      193    153    32    33     153      40     40      0      4       3   A  QuietGame     3.25       68     0     A
118      270    230    34    34     230      40     40      1      3      -2   B  QuietGame     3.16       69     0     B
121      162    122    29    30     122      40     40      0      5       4   A  QuietGame     3.26       68     1     B
124      187    147    35    35     187       0     24      2      3       3   A  Reduction     3.21       68     0     A
122      218    178    35    36     178      40     40      6      2       0   B  QuietGame     3.18       68     0     B
125      204    164    32    32     164      40     40      1      4      -4   B  QuietGame     3.24       68     1     A
126      198    158    35    35     158      40     40      2      2       1   B  QuietGame     3.22       67     0     B
123      259    219    32    33     219      40     40      1      4      -3   B  QuietGame     3.29       68     1     A
127      189    149    31    32     149      40     40      1      5      -4   B  QuietGame     3.22       67     1     A
129      201    161    32    33     201       0     21      0      5       5   A  Reduction     3.23       66     1     B
128      212    172    32    33     172      40     40      0      4       3   A  QuietGame     3.23       66     0     A
131      170    130    25    27     130      40     40      0      6       5   A  QuietGame     3.16       68     1     B
132      193    153    33    34     193       0     38      0      4       4   A  Reduction     3.25       68     0     A
133      175    135    29    30     135      40     40      0      6       6   A  QuietGame     3.29       68     1     B
130      227    187    32    34     187      40     40      3      3      -2   B  QuietGame     3.10       68     0     B
134      191    151    32    34     151      40     40      5      2       0   B  QuietGame     3.19       68     0     B
136      185    145    35    35     185       0     36      2      3       3   A  Reduction     3.31       68     0     A
135      215    175    34    35     215       0     38      4      3       3   A  Reduction     3.29       68     1     B
137      182    142    28    28     142      40     40      1      6      -6   B  QuietGame     3.22       68     1     A
138      159    119    33    33     119      40     40      3      2      -1   B  QuietGame     3.22       69     0     B
141      170    130    29    29     130      40     40      3      2      -1   B  QuietGame     3.12       68     1     A
140      173    133    32    32     173       0     26      0      6       6   A  Reduction     3.41       68     0     A
139      211    171    29    29     171      40     40      1      4      -3   B  QuietGame     3.32       69     1     A
145      104     64    15    17      64      40     40      3      3      -3   B  QuietGame     3.07       68     1     A
142      196    156    33    34     156      40     40      0      2       0   B  QuietGame     3.13       67     0     B
146      139     99    30    33     139       0     28      0      5       5   A  Reduction     3.01       67     0     A
148      102     62    12    13      62      40     40      1      2      -1   B  QuietGame     3.16       68     0     B
144      174    134    31    31     134      40     40      0      4       3   A  QuietGame     3.26       68     0     A
143      189    149    32    33     149      40     40      1      2      -1   B  QuietGame     3.22       67     1     A
147      181    141    34    35     141      40     40      4      2       1   B  QuietGame     3.06       67     1     A
150      153    113    29    29     153       0     33      0      9       9   A  Reduction     3.31       68     0     A
151      178    138    32    34     178       0     21      7      4      -4   B  Reduction     3.21       68     1     A
149      207    167    29    34     167      40     40      7      2       0   B  QuietGame     3.07       68     1     A
153      151    111    29    31     111      40     40      0      3       1   B  QuietGame     3.21       67     1     A
154      184    144    32    32     184       0     27      1      6      -6   B  Reduction     3.31       67     0     B
157      116     76    17    19      76      40     40      0      2       1   B  QuietGame     3.15       68     1     A
155      183    143    36    36     143      40     40      7      1       0   B  QuietGame     3.30       67     1     A
152      248    208    33    33     208      40     40      0      4       3   A  QuietGame     3.31       67     0     A
156      183    143    34    34     183       0     34      0      4       4   A  Reduction     3.19       68     0     A
158      170    130    28    29     130      40     40      5      2       1   B  QuietGame     3.22       68     0     B
160      159    119    29    29     119      40     40      0      5       5   A  QuietGame     3.32       68     0     A
159      164    124    28    29     124      40     40      1      2      -1   B  QuietGame     3.10       68     1     A
163      130     90    13    14      90      40     40      0      3       2   A  QuietGame     3.15       67     1     B
162      150    110    33    34     110      40     40      0      3       2   A  QuietGame     3.21       67     0     A
161      171    131    31    32     131      40     40      0      4       4   A  QuietGame     3.18       68     1     B
165      107     67    16    16      67      40     40      1      1       0   B  QuietGame     3.06       68     1     A
164      165    125    23    26     165       0     37      0     12      12   A  Reduction     3.16       68     0     A
167      110     70    18    18      70      40     40      0      1       0   B  QuietGame     3.13       69     1     A
166      176    136    35    36     176       0     20      3      2      -2   B  Reduction     3.25       69     0     B
170      148    108    27    27     108      40     40      1      3      -3   B  QuietGame     3.28       68     0     B
168      202    162    31    32     162      40     40      1      2      -2   B  QuietGame     3.25       68     0     B
171      172    132    29    29     132      40     40      0      4       3   A  QuietGame     3.21       68     1     B
172      172    132    33    33     132      40     40      3      3      -3   B  QuietGame     3.19       67     0     B
173      152    112    25    26     112      40     40      0      9       8   A  QuietGame     3.31       67     1     B
169      240    200    29    29     200      40     40      1      7      -7   B  QuietGame     3.24       68     1     A
174      175    135    32    33     175       0     29      0      5       5   A  Reduction     3.28       68     0     A
176      145    105    28    29     105      40     40      0      5       5   A  QuietGame     3.27       67     0     A
175      170    130    28    30     130      40     40      1      3      -2   B  QuietGame     3.22       68     1     A
177      137     97    18    20      97      40     40      1      4      -2   B  QuietGame     3.21       67     1     A
179      189    149    31    33     149      40     40      1      2      -1   B  QuietGame     3.03       68     1     A
180      180    140    32    33     140      40     40      0      2       1   B  QuietGame     3.22       68     0     B
178      202    162    32    32     162      40     40      2      2       0   B  QuietGame     3.29       68     0     B
181      177    137    32    32     177       0     20      0      6       6   A  Reduction     3.26       68     1     B
182      168    128    20    20     128      40     40      3      4      -4   B  QuietGame     3.34       68     0     B
185      164    124    32    32     124      40     40      1      3      -2   B  QuietGame     3.32       69     1     A
183      178    138    33    33     138      40     40      3      3      -3   B  QuietGame     3.22       68     1     A
184      197    157    30    32     197       0     32      0      6       6   A  Reduction     3.16       69     0     A
187      155    115    34    34     115      40     40      4      2       2   A  QuietGame     3.28       68     1     B
188      153    113    30    32     153       0     33      0      6       6   A  Reduction     3.24       68     0     A
191      125     85    18    19      85      40     40      0      3       3   A  QuietGame     3.18       67     1     B
190      183    143    32    34     143      40     40      1      2       0   B  QuietGame     3.21       67     0     B
186      207    167    33    34     167      40     40      0      2       2   A  QuietGame     3.10       68     0     A
189      190    150    32    32     150      40     40      6      1       0   B  QuietGame     3.25       68     1     A
193      147    107    29    31     107      40     40      4      2       1   B  QuietGame     3.22       68     1     A
194      123     83    31    33     123       0     11      2      5       5   A  Reduction     3.29       68     0     A
192      207    167    30    32     167      40     40      0      4       4   A  QuietGame     3.15       68     0     A
195      142    102    26    29     102      40     40      0      2       1   B  QuietGame     3.16       68     1     A
199      140    100    28    28     100      40     40      2      3       2   A  QuietGame     3.33       69     1     B
197      152    112    33    33     152       0     16      1      5      -5   B  Reduction     3.44       68     1     A
198      185    145    31    31     145      40     40      0      3       3   A  QuietGame     3.22       69     0     A
200      180    140    33    33     140      40     40      2      4       3   A  QuietGame     3.25       68     0     A
196      245    205    34    34     205      40     40      3      3      -2   B  QuietGame     3.25       68     0     B
201      194    154    23    25     154      40     40      3      2      -1   B  QuietGame     3.16       68     1     A
205      116     76    14    14      76      40     40      1      2      -2   B  QuietGame     3.18       68     1     A
202      191    151    33    36     191       0     25      4      2       2   A  Reduction     3.28       68     0     A
203      218    178    29    30     178      40     40      0      7       6   A  QuietGame     3.24       68     1     B
204      171    131    32    33     131      40     40      5      2      -1   B  QuietGame     3.29       68     0     B
206      151    111    30    32     151       0     32      0      6       6   A  Reduction     3.10       69     0     A
209      144    104    19    20     104      40     40      1      4      -4   B  QuietGame     3.22       67     1     A
208      164    124    26    26     124      40     40      0      3       2   A  QuietGame     3.37       67     0     A
207      187    147    35    35     187       0     35      0      4       3   A  Reduction     3.28       69     1     B
210      177    137    29    30     137      40     40      1      7      -6   B  QuietGame     3.22       68     0     B
211      180    140    32    32     180       0     29      1      6      -6   B  Reduction     3.25       68     1     A
214      138     98    22    23      98      40     40      1      3      -3   B  QuietGame     3.13       68     0     B
213      163    123    29    29     123      40     40      2      3       3   A  QuietGame     3.19       67     1     B
215      105     65    14    14      65      40     40      0      3      -2   B  QuietGame     3.07       68     1     A
212      203    163    31    31     163      40     40      0      3       3   A  QuietGame     3.25       67     0     A
216      167    127    29    30     127      40     40      2      5       4   A  QuietGame     3.27       67     0     A
218      165    125    30    30     125      40     40      1      3      -2   B  QuietGame     3.30       67     0     B
217      182    142    33    33     182       0     36      1      5      -5   B  Reduction     3.28       67     1     A
220      159    119    22    24     119      40     40      0      6       6   A  QuietGame     2.97       68     0     A
222      165    125    29    30     125      40     40      1      3       0   B  QuietGame     3.22       68     0     B
221      209    169    32    33     209       0     36      0      5       5   A  Reduction     3.26       68     1     B
219      227    187    35    36     227       0     32      6      2       2   A  Reduction     3.31       67     1     B
223      201    161    32    33     161      40     40      0      4       3   A  QuietGame     3.29       68     1     B
224      192    152    35    35     192       0     28      5      3      -3   B  Reduction     3.22       67     0     B
225      185    145    35    35     185       0     38      0      3       3   A  Reduction     3.25       67     1     B
226      193    153    34    36     153      40     40      3      2       0   B  QuietGame     3.25       68     0     B
228      142    102    31    34     142       0     11      1      4      -4   B  Reduction     3.26       68     0     B
227      183    143    33    33     143      40     40      0      2       1   B  QuietGame     3.25       68     1     A
229      204    164    32    32     204       0     21      1      6      -6   B  Reduction     3.34       68     1     A
231      193    153    33    33     153      40     40      0      3       1   B  QuietGame     3.33       67     1     A
230      233    193    33    34     193      40     40      4      2       2   A  QuietGame     3.34       67     0     A
234      137     97    30    31     137       0     23      0      7       7   A  Reduction     3.22       67     0     A
232      179    139    27    28     139      40     40      0      8       8   A  QuietGame     3.21       68     0     A
235      157    117    30    33     157       0     23      2      5       5   A  Reduction     3.16       67     1     B
236      152    112    21    21     112      40     40      0      4      -3   B  QuietGame     3.06       68     0     B
233      189    149    34    34     189       0     22      0      4       4   A  Reduction     3.19       68     1     B
237      156    116    31    31     116      40     40      0      6       5   A  QuietGame     3.43       68     1     B
240      165    125    27    29     125      40     40      0      7       7   A  QuietGame     3.14       69     0     A
241      165    125    34    34     165       0     23      0      4       4   A  Reduction     3.36       69     1     B
244      139     99    23    24      99      40     40      0      3       2   A  QuietGame     3.12       68     0     A
238      205    165    33    34     165      40     40      1      3      -2   B  QuietGame     3.21       68     0     B
239      206    166    32    34     166      40     40      0      2       0   B  QuietGame     3.10       68     1     A
243      185    145    27    26     185       0     37      0      9       9   A  Immobilize     3.04       68     1     B
245      115     75    16    16      75      40     40      0      4       4   A  QuietGame     3.24       68     1     B
242      227    187    34    34     187      40     40      2      3       2   A  QuietGame     3.31       68     0     A
246      128     88    19    20      88      40     40      0      7       6   A  QuietGame     3.28       68     0     A
247      141    101    34    34     141       0     16      0      4       4   A  Reduction     3.26       68     1     B
251      125     85    31    32     125       0     14      0      6       6   A  Reduction     3.16       67     1     B
249      188    148    36    36     188       0     30      1      2      -2   B  Reduction     3.29       68     1     A
248      199    159    34    34     159      40     40      5      1       0   B  QuietGame     3.22       68     0     B
253      160    120    32    32     120      40     40      0      3       2   A  QuietGame     3.29       68     1     B
250      222    182    34    35     182      40     40      2      2       1   B  QuietGame     3.31       67     0     B
252      198    158    33    34     158      40     40      3      2      -2   B  QuietGame     3.32       68     0     B
254      186    146    33    33     146      40     40      0      3       1   B  QuietGame     3.28       67     0     B
255      184    144    33    33     144      40     40      1      3      -3   B  QuietGame     3.12       67     1     A
256      188    148    31    32     148      40     40      0      5       4   A  QuietGame     2.99       68     0     A
259      147    107    31    31     147       0     17      0      7       7   A  Reduction     3.32       68     1     B
258      186    146    32    35     186       0     15      1      3      -3   B  Reduction     3.21       68     0     B
263      104     64    17    19      64      40     40      0      4       3   A  QuietGame     3.09       68     1     B
260      181    141    33    33     141      40     40      4      1       1   B  QuietGame     3.25       67     0     B
261      190    150    32    33     150      40     40      0      2       1   B  QuietGame     3.19       67     1     A
262      179    139    33    33     139      40     40      2      2       1   B  QuietGame     3.43       68     0     B
257      278    238    34    34     238      40     40      0      2       0   B  QuietGame     3.26       68     1     A
266      107     67    15    15      67      40     40      0      2       1   B  QuietGame     3.33       67     0     B
264      184    144    29    30     144      40     40      0      5       4   A  QuietGame     3.09       68     0     A
265      195    155    34    34     155      40     40      1      3      -2   B  QuietGame     3.32       68     1     A
268      159    119    35    35     159       0     37      0      3       3   A  Reduction     3.25       68     0     A
272      111     71    16    16      71      40     40      4      1       0   B  QuietGame     3.34       68     0     B
267      183    143    33    33     143      40     40      2      3       3   A  QuietGame     3.27       67     1     B
269      214    174    33    35     214       0     35      1      3      -3   B  Reduction     3.21       68     1     A
271      223    183    31    31     183      40     40      0      6       5   A  QuietGame     3.22       68     1     B
270      242    202    33    35     242       0     31      3      3      -3   B  Reduction     3.29       68     0     B
274      160    120    33    33     160       0     25      1      5      -5   B  Reduction     3.37       68     0     B
277      145    105    33    33     105      40     40      0      3       3   A  QuietGame     3.37       68     1     B
275      169    129    29    31     169       0     35      0      7       7   A  Reduction     3.06       68     1     B
273      220    180    35    35     180      40     40      2      2       1   B  QuietGame     2.96       68     1     A
276      170    130    35    35     170       0     29      1      3      -3   B  Reduction     3.19       68     0     B
278      179    139    32    32     139      40     40      1      2       0   B  QuietGame     3.24       67     0     B
283      104     64    15    15      64      40     40      0      2       1   B  QuietGame     3.16       69     1     A
280      141    101    20    21     101      40     40      0      3       3   A  QuietGame     3.25       68     0     A
279      188    148    28    29     148      40     40      2      3      -1   B  QuietGame     3.40       67     1     A
281      202    162    33    33     162      40     40      0      2       1   B  QuietGame     3.25       68     1     A
282      191    151    32    32     151      40     40      1      3      -2   B  QuietGame     3.17       69     0     B
285      181    141    35    35     181       0     21      4      3       3   A  Reduction     3.27       67     1     B
284      191    151    26    26     151      40     40      2      4       4   A  QuietGame     3.06       67     0     A
286      135     95    32    33     135       0     18      0      5       5   A  Reduction     3.37       68     0     A
287      178    138    35    35     178       0     33      3      3      -3   B  Reduction     3.19       68     1     A
290      109     69    12    12      69      40     40      1      4      -2   B  QuietGame     3.15       67     0     B
289      187    147    33    33     147      40     40      2      2       1   B  QuietGame     3.31       68     1     A
288      236    196    33    36     196      40     40      2      3       0   B  QuietGame     3.22       68     0     B
293      159    119    17    19     119      40     40      0      9       9   A  QuietGame     3.04       68     1     B
294      149    109    31    33     149       0     21      0      5       5   A  Reduction     3.25       68     0     A
291      199    159    32    32     159      40     40      0      2       2   A  QuietGame     3.39       67     1     B
292      228    188    34    34     188      40     40      2      2       0   B  QuietGame     3.28       68     0     B
298       98     58    12    12      58      40     40      0      1       0   B  QuietGame     3.15       67     0     B
296      159    119    32    32     159       0     13      0      6       6   A  Reduction     3.27       67     0     A
299      151    111    17    19     111      40     40      0      5       5   A  QuietGame     3.12       67     1     B
295      223    183    31    32     183      40     40      4      2       0   B  QuietGame     3.28       68     1     A
300      171    131    30    33     171       0     28      0      5       5   A  Reduction     3.18       67     0     A
301      153    113    27    30     153       0     35      2      8       8   A  Reduction     3.24       67     1     B
297      235    195    36    36     235       0     32      4      2       2   A  Reduction     3.37       67     1     B
302      185    145    33    36     185       0     23      4      2       2   A  Reduction     3.27       67     0     A
304      181    141    34    35     181       0     33      0      3       3   A  Reduction     3.21       68     0     A
307      114     74    33    33     114       0     11      1      5      -5   B  Reduction     3.34       68     1     A
303      234    194    33    34     194      40     40      6      1       0   B  QuietGame     3.30       67     1     A
306      190    150    32    33     150      40     40      1      3      -3   B  QuietGame     3.15       68     0     B
305      201    161    36    36     201       0     39      2      2       2   A  Reduction     3.21       68     1     B
310      129     89    30    33     129       0     25      0      5       5   A  Reduction     3.25       68     0     A
309      191    151    31    32     151      40     40      1      3      -2   B  QuietGame     3.24       67     1     A
313       99     59     9    10      59      40     40      1      3      -2   B  QuietGame     3.01       69     1     A
308      233    193    28    28     193      40     40      0      5       4   A  QuietGame     3.33       67     0     A
311      176    136    28    30     136      40     40      0      3       2   A  QuietGame     3.24       68     1     B
314      125     85    18    19      85      40     40      0      3       3   A  QuietGame     3.12       68     0     A
312      194    154    33    33     154      40     40      0      4      -3   B  QuietGame     3.28       69     0     B
315      175    135    26    26     175       0     35      0     12      12   A  Immobilize     3.10       68     1     B
318      133     93    31    32     133       0      8      0      6       6   A  Reduction     3.19       68     0     A
316      172    132    30    32     132      40     40      0      3       2   A  QuietGame     3.13       68     0     A
321      131     91    18    19      91      40     40      1      2      -1   B  QuietGame     3.32       68     1     A
319      183    143    31    31     143      40     40      0      5       5   A  QuietGame     3.26       68     1     B
320      194    154    32    32     154      40     40      3      2      -2   B  QuietGame     3.26       68     0     B
322      199    159    37    37     199       0     27      4      1       1   A  Reduction     3.22       67     0     A
323      152    112    22    25     112      40     40      5      5      -5   B  QuietGame     3.15       67     1     A
325      146    106    25    26     106      40     40      2      2       0   B  QuietGame     3.31       68     1     A
324      170    130    30    30     130      40     40      0      7       6   A  QuietGame     3.26       68     0     A
317      309    269    33    33     269      40     40      3      4      -3   B  QuietGame     3.24       68     1     A
327      174    134    12    13     134      40     40      1      1      -1   B  QuietGame     3.27       67     1     A
330      112     72     9     9      72      40     40      3      1      -1   B  QuietGame     3.13       68     0     B
332      114     74    14    15      74      40     40      1      2      -1   B  QuietGame     3.10       68     0     B
326      247    207    32    32     207      40     40      1      5      -4   B  QuietGame     3.22       67     0     B
333      121     81    24    26     121       0     21      0     12      12   A  Reduction     3.09       68     1     B
328      213    173    34    34     213       0     35      0      4       4   A  Reduction     3.25       68     0     A
329      191    151    32    33     151      40     40      0      3       1   B  QuietGame     3.22       68     1     A
334      133     93    32    33     133       0     19      0      5       5   A  Reduction     3.24       68     0     A
331      218    178    36    36     178      40     40      2      2       0   B  QuietGame     3.31       68     1     A
338       95     55    11    13      55      40     40      0      2       1   B  QuietGame     3.10       68     0     B
340       94     54    10    12      54      40     40      1      2       0   B  QuietGame     2.97       67     0     B
335      180    140    29    29     140      40     40      1      5      -5   B  QuietGame     3.22       68     1     A
341       95     55    12    12      55      40     40      0      2       2   A  QuietGame     3.07       67     1     B
336      177    137    28    29     137      40     40      0      4       3   A  QuietGame     3.24       68     0     A
339      165    125    33    34     165       0     36      0      4       4   A  Reduction     3.21       68     1     B
344      154    114    31    32     154       0     27      1      6      -6   B  Reduction     3.29       68     0     B
342      192    152    34    34     152      40     40      0      3       2   A  QuietGame     3.34       68     0     A
347      114     74    19    20      74      40     40      2      2       0   B  QuietGame     3.26       68     1     A
343      194    154    34    34     154      40     40      1      2      -2   B  QuietGame     3.24       68     1     A
337      302    262    31    32     262      40     40      0      3       2   A  QuietGame     3.35       68     1     B
345      192    152    30    31     152      40     40      0      3       1   B  QuietGame     3.16       68     1     A
348      157    117    31    31     117      40     40      0      5       5   A  QuietGame     3.31       67     0     A
346      227    187    34    35     187      40     40      1      2      -1   B  QuietGame     3.19       68     0     B
349      157    117    32    33     157       0     22      0      5       5   A  Reduction     3.24       67     1     B
351      174    134    34    34     134      40     40      0      3       2   A  QuietGame     3.43       68     1     B
353      149    109    17    17     109      40     40      1      2      -1   B  QuietGame     3.31       68     1     A
352      171    131    31    31     131      40     40      1      2      -1   B  QuietGame     3.28       68     0     B
355      141    101    33    33     141       0     11      0      5       5   A  Reduction     3.29       68     1     B
350      209    169    36    36     209       0     36      2      2       2   A  Reduction     3.25       68     0     A
354      182    142    34    35     142      40     40      0      2       1   B  QuietGame     3.03       68     0     B
356      168    128    28    28     128      40     40      1      3      -2   B  QuietGame     3.25       68     0     B
358      129     89    29    31     129       0     13      0      7       7   A  Reduction     3.25       68     0     A
357      157    117    31    32     117      40     40      7      2       0   B  QuietGame     3.19       68     1     A
361      121     81    30    30     121       0     14      0      8       8   A  Reduction     3.26       68     1     B
360      175    135    32    33     135      40     40      1      4      -3   B  QuietGame     3.22       68     0     B
362      180    140    35    35     140      40     40      2      2       1   B  QuietGame     3.21       67     0     B
366       93     53     8    10      53      40     40      0      2       2   A  QuietGame     3.00       68     0     A
364      123     83    20    20      83      40     40      0      3       2   A  QuietGame     3.27       67     0     A
359      215    175    31    31     175      40     40      0      5       5   A  QuietGame     3.40       68     1     B
363      188    148    30    31     148      40     40      0      5      -5   B  QuietGame     3.24       67     1     A
365      223    183    30    30     183      40     40      0      3       2   A  QuietGame     3.25       67     1     B
370      159    119    30    32     159       0     22      0      6       6   A  Reduction     3.18       68     0     A
372      148    108    26    28     108      40     40      0      7       6   A  QuietGame     3.16       68     0     A
368      199    159    34    34     199       0     29      0      4       4   A  Reduction     3.21       68     0     A
367      269    229    30    30     229      40     40      2      6       6   A  QuietGame     3.07       68     1     B
373      186    146    31    31     146      40     40      1      2      -1   B  QuietGame     3.09       68     1     A
369      231    191    32    33     191      40     40      0      3       3   A  QuietGame     3.13       68     1     B
371      232    192    34    35     192      40     40      0      2       1   B  QuietGame     3.26       68     1     A
375      130     90    21    22      90      40     40      2      3       2   A  QuietGame     3.22       68     1     B
374      171    131    34    35     131      40     40      0      2       1   B  QuietGame     3.34       68     0     B
377      142    102    36    36     142       0     29      3      2      -2   B  Reduction     3.19       68     1     A
380       95     55     9    11      55      40     40      0      2       1   B  QuietGame     2.94       67     0     B
376      182    142    35    35     142      40     40      2      2       1   B  QuietGame     3.32       68     0     B
379      168    128    27    27     128      40     40      1      9      -9   B  QuietGame     3.12       68     1     A
381      171    131    32    33     131      40     40      5      2      -1   B  QuietGame     3.31       67     1     A
384      106     66    17    17      66      40     40      1      1      -1   B  QuietGame     3.12       68     0     B
382      136     96    22    26      96      40     40      0      5       4   A  QuietGame     3.32       68     0     A
383      124     84    19    20      84      40     40      0      3       0   B  QuietGame     3.38       68     1     A
378      226    186    36    36     186      40     40      4      2       0   B  QuietGame     3.29       68     0     B
386      175    135    32    33     135      40     40      0      4       3   A  QuietGame     3.16       68     0     A
387      141    101    14    15     101      40     40      1      2      -1   B  QuietGame     3.04       68     1     A
385      206    166    33    35     166      40     40      0      2       1   B  QuietGame     3.22       68     1     A
389      159    119    36    36     159       0     16      0      2       2   A  Reduction     3.29       68     1     B
388      162    122    29    29     122      40     40      0      4       3   A  QuietGame     3.28       68     0     A
392      175    135    26    27     135      40     40      0      3       3   A  QuietGame     3.26       68     0     A
390      200    160    33    34     160      40     40      1      2      -2   B  QuietGame     3.26       68     0     B
391      197    157    33    33     157      40     40      2      3       3   A  QuietGame     3.28       68     1     B
394      114     74    14    16      74      40     40      1      4      -4   B  QuietGame     2.96       68     0     B
393      137     97    32    33     137       0     13      2      5       5   A  Reduction     3.35       68     1     B
396       98     58     8     9      58      40     40      1      3      -3   B  QuietGame     3.07       68     0     B
397      133     93    33    33     133       0     11      0      5       5   A  Reduction     3.49       68     1     B
395      187    147    30    30     147      40     40      3      2       0   B  QuietGame     3.38       68     1     A
398      115     75    32    34     115       0     13      0      4       4   A  Reduction     3.25       68     0     A
400      111     71    18    19      71      40     40      0      2       1   B  QuietGame     3.22       68     0     B
402      147    107    32    32     147       0     22      0      6       6   A  Reduction     3.28       67     0     A
405      122     82    27    28      82      40     40      0      2       0   B  QuietGame     3.34       68     1     A
403      180    140    30    31     140      40     40      0      6       5   A  QuietGame     3.22       67     1     B
399      226    186    34    34     186      40     40      8      1       0   B  QuietGame     3.32       68     1     A
406      145    105    33    34     145       0     19      0      4       4   A  Reduction     3.21       67     0     A
401      244    204    31    32     204      40     40      3      4      -4   B  QuietGame     3.18       68     1     A
404      203    163    33    34     163      40     40      1      2       0   B  QuietGame     3.35       68     0     B
407      214    174    28    29     174      40     40      2      4       3   A  QuietGame     3.12       67     1     B
408      189    149    30    32     149      40     40      0      5       4   A  QuietGame     3.16       68     0     A
410      167    127    33    34     167       0     33      0      4       4   A  Reduction     3.21       68     0     A
412      161    121    28    29     161       0     33      0      9       9   A  Reduction     3.18       67     0     A
409      198    158    33    33     158      40     40      1      3      -3   B  QuietGame     3.31       68     1     A
411      190    150    35    35     150      40     40      0      2       1   B  QuietGame     3.28       68     1     A
413      183    143    32    32     183       0     24      0      6       6   A  Reduction     3.10       67     1     B
415      149    109    32    34     149       0     35      0      4       4   A  Reduction     3.26       68     1     B
418      101     61    16    16      61      40     40      1      1       0   B  QuietGame     3.22       68     0     B
417      127     87    27    28     127       0     11      0     10      10   A  Reduction     3.23       69     1     B
414      232    192    35    35     192      40     40      4      2       1   B  QuietGame     3.24       68     0     B
416      180    140    36    36     180       0     29      1      2      -2   B  Reduction     3.26       69     0     B
419      151    111    34    35     151       0     26      0      3       3   A  Reduction     3.38       68     1     B
421      129     89    13    14      89      40     40      0      6       6   A  QuietGame     3.18       68     1     B
422      137     97    28    29      97      40     40      0      3       1   B  QuietGame     3.25       68     0     B
420      206    166    32    32     166      40     40      1      3      -2   B  QuietGame     3.31       68     0     B
426      107     67    30    30     107       0     12      0      8       8   A  Reduction     3.40       68     0     A
427       99     59    12    14      59      40     40      2      2       2   A  QuietGame     3.01       68     1     B
424      157    117    20    21     117      40     40      1      6      -5   B  QuietGame     3.22       68     0     B
423      180    140    33    34     140      40     40      3      2      -2   B  QuietGame     3.24       68     1     A
425      189    149    33    34     189       0     37      0      4       4   A  Reduction     3.26       68     1     B
432       95     55     8    10      55      40     40      0      2       2   A  QuietGame     2.96       68     0     A
429      142    102    28    28     102      40     40      1      3      -2   B  QuietGame     3.40       67     1     A
428      180    140    31    32     140      40     40      0      5       4   A  QuietGame     2.99       67     0     A
430      176    136    31    32     176       0     31      1      6      -6   B  Reduction     3.12       68     0     B
433      199    159    35    36     199       0     27      4      2       2   A  Reduction     3.24       68     1     B
434      199    159    34    34     159      40     40      1      3      -2   B  QuietGame     3.19       68     0     B
431      237    197    34    35     197      40     40      3      2      -1   B  QuietGame     3.28       68     1     A
435      185    145    34    35     145      40     40      1      2      -1   B  QuietGame     3.25       68     1     A
436      182    142    33    33     142      40     40      1      3      -3   B  QuietGame     3.30       69     0     B
438      183    143    32    33     143      40     40      2      2       1   B  QuietGame     3.06       68     0     B
437      208    168    35    34     208       0     33      1      5      -5   B  Reduction     3.26       69     1     A
439      206    166    32    32     166      40     40      4      1       0   B  QuietGame     3.26       68     1     A
440      197    157    27    29     157      40     40      0      6       5   A  QuietGame     3.04       68     0     A
444      145    105    28    28     105      40     40      0      3       2   A  QuietGame     3.19       68     0     A
442      185    145    30    34     185       0     27      0      4       4   A  Reduction     3.09       68     0     A
441      201    161    32    34     161      40     40      0      2       2   A  QuietGame     3.26       68     1     B
445      170    130    32    33     130      40     40      9      3      -3   B  QuietGame     3.09       68     1     A
443      207    167    30    32     167      40     40      0      4       4   A  QuietGame     3.28       68     1     B
447      108     68    12    12      68      40     40      1      2      -2   B  QuietGame     3.06       68     1     A
446      216    176    34    36     216       0     24      1      3      -2   B  Reduction     3.18       68     0     B
450      117     77    32    33     117       0     11      0      5       5   A  Reduction     3.29       68     0     A
448      159    119    29    30     119      40     40      1      5      -4   B  QuietGame     3.15       68     0     B
449      170    130    34    34     130      40     40      2      1       0   B  QuietGame     3.22       68     1     A
452      161    121    27    29     161       0     27      0      9       9   A  Reduction     3.04       68     0     A
453      162    122    32    34     162       0     17      1      4      -4   B  Reduction     3.13       68     1     A
456      109     69     8     9      69      40     40      0      3       3   A  QuietGame     3.19       69     0     A
451      256    216    33    35     216      40     40      1      2      -1   B  QuietGame     3.24       68     1     A
455      179    139    28    30     139      40     40      3      2       0   B  QuietGame     3.13       67     1     A
454      262    222    35    36     262       0     39      5      2      -2   B  Reduction     3.34       67     0     B
457      170    130    33    33     130      40     40      0      4       3   A  QuietGame     3.35       69     1     B
458      177    137    34    34     177       0     20      2      4       4   A  Reduction     3.30       67     0     A
462      100     60    11    12      60      40     40      1      2      -2   B  QuietGame     3.12       68     0     B
459      199    159    24    26     199       0     37      0     12      12   A  Reduction     3.03       67     1     B
460      195    155    33    33     155      40     40      1      2      -1   B  QuietGame     3.18       67     0     B
461      179    139    29    29     139      40     40      2      2       1   B  QuietGame     3.18       67     1     A
465      175    135    31    32     135      40     40      0      4       4   A  QuietGame     3.19       68     1     B
463      216    176    34    34     176      40     40      0      4       2   A  QuietGame     3.28       68     1     B
464      191    151    34    34     191       0     24      2      4       4   A  Reduction     3.24       68     0     A
466      171    131    29    30     131      40     40      0      4       4   A  QuietGame     3.26       68     0     A
470      129     89    29    30     129       0     16      0      8       8   A  Reduction     3.24       67     0     A
469      138     98    32    33     138       0     16      3      5      -5   B  Reduction     3.15       68     1     A
467      216    176    32    34     176      40     40      4      2       0   B  QuietGame     3.29       68     1     A
468      248    208    25    27     208      40     40      1      9      -9   B  QuietGame     3.06       68     0     B
472      159    119    28    29     119      40     40      3      4      -3   B  QuietGame     3.19       68     0     B
474      164    124    33    33     124      40     40      2      3       1   B  QuietGame     3.35       68     0     B
473      181    141    29    30     181       0     30      0      8       8   A  Reduction     3.10       68     1     B
475      183    143    31    33     143      40     40      0      3       1   B  QuietGame     3.26       68     1     A
471      220    180    36    36     180      40     40      2      2       0   B  QuietGame     3.21       67     1     A
477      143    103    30    30     103      40     40      3      1       0   B  QuietGame     3.26       68     1     A
476      207    167    35    35     207       0     38      0      3       3   A  Reduction     3.41       68     0     A
479       92     52     8    10      52      40     40      4      1       0   B  QuietGame     2.94       69     1     A
478      155    115    26    28     115      40     40      5      3      -2   B  QuietGame     3.19       69     0     B
482      121     81    16    18      81      40     40      0      2       2   A  QuietGame     3.12       67     0     A
480      166    126    19    19     126      40     40      1      1      -1   B  QuietGame     3.29       68     0     B
481      197    157    35    35     157      40     40      3      2      -1   B  QuietGame     3.47       68     1     A
484      178    138    31    31     138      40     40      0      2       1   B  QuietGame     3.50       68     0     B
485      179    139    32    34     139      40     40      4      2       2   A  QuietGame     3.32       68     1     B
483      198    158    35    35     158      40     40      2      2       1   B  QuietGame     3.18       67     1     A
486      191    151    30    32     151      40     40      0      4       4   A  QuietGame     3.25       68     0     A
487      166    126    20    20     126      40     40      1      4      -4   B  QuietGame     3.13       68     1     A
491       86     46     4     4      46      40     40      0      1       0   B  QuietGame     2.85       68     1     A
489      162    122    29    29     122      40     40      2      2       1   B  QuietGame     3.22       67     1     A
488      187    147    29    32     147      40     40      1      2       0   B  QuietGame     3.19       67     0     B
490      135     95    33    34     135       0     19      0      4       4   A  Reduction     3.19       68     0     A
493      147    107    32    32     107      40     40      2      2       2   A  QuietGame     3.31       68     1     B
494      157    117    34    34     117      40     40      1      3      -2   B  QuietGame     3.18       68     0     B
499      109     69    10    11      69      40     40      0      3       3   A  QuietGame     3.00       68     1     B
492      216    176    31    32     176      40     40      0      3       2   A  QuietGame     3.19       68     0     A
495      173    133    31    32     133      40     40      0      4       4   A  QuietGame     3.15       68     1     B
497      186    146    29    32     146      40     40      0      5       4   A  QuietGame     3.06       69     1     B
498      198    158    32    33     158      40     40      0      4       3   A  QuietGame     3.13       68     0     A
496      234    194    31    31     194      40     40      1      4      -3   B  QuietGame     3.29       69     0     B
500      172    132    30    30     132      40     40      1      4      -4   B  QuietGame     3.31       68     0     B
501      153    113    18    18     113      40     40      1      3      -2   B  QuietGame     3.28       68     1     A
505      101     61    13    13      61      40     40      0      1       1   B  QuietGame     3.08       66     1     A
503      159    119    32    33     119      40     40      0      3       3   A  QuietGame     3.35       68     1     B
506      106     66    16    17      66      40     40      0      4       3   A  QuietGame     3.15       68     0     A
502      193    153    32    33     193       0     23      0      5       5   A  Reduction     3.29       68     0     A
507      106     66    15    15      66      40     40      1      1      -1   B  QuietGame     3.21       68     1     A
504      189    149    25    28     149      40     40      0      4       4   A  QuietGame     2.94       66     0     A
508      125     85    12    14      85      40     40      4      2       2   A  QuietGame     3.13       68     0     A
509      156    116    30    30     116      40     40      0      3       2   A  QuietGame     3.26       68     1     B
512       99     59    12    13      59      40     40      0      2       1   B  QuietGame     2.99       68     0     B
514      135     95    33    33     135       0     15      0      5       5   A  Reduction     3.25       68     0     A
510      198    158    32    33     158      40     40      0      4       3   A  QuietGame     3.18       67     0     A
515      184    144    34    34     184       0     21      1      4      -4   B  Reduction     3.18       68     1     A
511      215    175    30    31     175      40     40      0      6       5   A  QuietGame     3.33       67     1     B
517      119     79    33    33     119       0     10      0      5       5   A  Reduction     3.32       69     1     B
513      246    206    34    34     206      40     40      4      3       2   A  QuietGame     3.24       68     1     B
518      167    127    30    32     167       0     34      0      6       6   A  Reduction     3.25       68     0     A
516      212    172    34    34     172      40     40      4      2       0   B  QuietGame     3.35       69     0     B
522      109     69    11    11      69      40     40      0      3       3   A  QuietGame     3.21       68     0     A
519      164    124    32    33     164       0     19      1      5      -5   B  Reduction     3.19       68     1     A
523      121     81    26    26      81      40     40      0      3       2   A  QuietGame     3.29       68     1     B
526      113     73    16    16      73      40     40      0      2       2   A  QuietGame     3.16       68     0     A
521      181    141    33    34     141      40     40      0      4       2   A  QuietGame     3.13       68     1     B
520      215    175    32    34     175      40     40      0      4       2   A  QuietGame     3.28       68     0     A
524      164    124    26    28     124      40     40      0      7       6   A  QuietGame     3.22       68     0     A
525      171    131    27    27     131      40     40      0      9       9   A  QuietGame     3.25       68     1     B
529      140    100    30    31     140       0     17      3      7      -7   B  Reduction     3.26       68     1     A
528      178    138    30    32     138      40     40      0      4       0   B  QuietGame     3.34       68     0     B
527      197    157    27    28     157      40     40      0      8       8   A  QuietGame     3.21       68     1     B
530      145    105    24    24     105      40     40      0      4       4   A  QuietGame     3.28       68     0     A
532      134     94    12    13      94      40     40      0      2       1   B  QuietGame     3.00       68     0     B
531      189    149    30    32     189       0     24      2      6       6   A  Reduction     3.04       68     1     B
535      127     87    15    16      87      40     40      0      2       2   A  QuietGame     3.15       68     1     B
534      167    127    27    28     127      40     40      0      8       8   A  QuietGame     3.21       68     0     A
533      232    192    35    36     192      40     40      4      2       0   B  QuietGame     3.15       68     1     A
536      173    133    32    33     173       0     36      2      5       5   A  Reduction     3.21       67     0     A
540      101     61    14    15      61      40     40      2      1       1   B  QuietGame     2.94       67     0     B
538      165    125    26    26     125      40     40      1      3      -2   B  QuietGame     3.29       68     0     B
537      187    147    29    29     147      40     40      0      7       7   A  QuietGame     3.27       67     1     B
542      162    122    28    32     122      40     40      4      3       2   A  QuietGame     3.15       67     0     A
546      104     64     9    13      64      40     40      0      6       5   A  QuietGame     3.03       67     0     A
539      256    216    34    35     256       0     38      1      3      -3   B  Reduction     3.28       68     1     A
541      204    164    31    31     164      40     40      5      1      -1   B  QuietGame     3.31       67     1     A
543      139     99    29    30      99      40     40      1      3      -2   B  QuietGame     3.18       67     1     A
544      137     97    26    27      97      40     40      0      5       5   A  QuietGame     3.24       68     0     A
545      195    155    34    35     195       0     29      6      3       3   A  Reduction     3.10       68     1     B
551      112     72    16    16      72      40     40      1      3       2   A  QuietGame     3.38       68     1     B
548      145    105    27    29     145       0     27      0      9       9   A  Reduction     3.21       68     0     A
547      209    169    33    33     169      40     40      0      3       3   A  QuietGame     3.19       67     1     B
553      130     90    19    20      90      40     40      2      5       4   A  QuietGame     3.25       68     1     B
552      189    149    32    32     189       0     29      0      6       6   A  Reduction     3.35       68     0     A
550      196    156    29    30     156      40     40      0      5       4   A  QuietGame     3.29       68     0     A
554      145    105    32    34     145       0     14      0      4       4   A  Reduction     3.09       67     0     A
549      223    183    35    35     183      40     40      1      2      -1   B  QuietGame     3.28       68     1     A
557      125     85    15    15      85      40     40      0      3       1   B  QuietGame     3.22       68     1     A
555      143    103    22    22     103      40     40      1      2       0   B  QuietGame     3.31       67     1     A
559       99     59    12    14      59      40     40      0      4       4   A  QuietGame     3.09       68     1     B
556      181    141    33    34     181       0     24      0      4       4   A  Reduction     3.25       68     0     A
558      171    131    28    29     171       0     29      0      9       9   A  Reduction     3.10       68     0     A
561      131     91    29    31     131       0     29      0      7       7   A  Reduction     3.16       68     1     B
562      130     90    19    21      90      40     40      0      4       1   B  QuietGame     3.19       67     0     B
560      178    138    33    34     178       0     34      5      4      -4   B  Reduction     3.26       68     0     B
564      138     98    33    34      98      40     40      1      2      -2   B  QuietGame     3.27       67     0     B
563      162    122    33    34     122      40     40      0      3       2   A  QuietGame     3.49       67     1     B
565      176    136    30    32     136      40     40      1      4      -4   B  QuietGame     3.13       67     1     A
566      191    151    34    36     151      40     40      7      1       0   B  QuietGame     3.16       67     0     B
567      183    143    30    31     143      40     40      0      5       5   A  QuietGame     3.18       67     1     B
569      207    167    36    36     207       0     38      0      2       2   A  Reduction     3.29       68     1     B
571      175    135    28    30     135      40     40      2      3       2   A  QuietGame     3.18       68     1     B
568      227    187    33    34     227       0     38      0      4       4   A  Reduction     3.09       68     0     A
573      126     86    13    15      86      40     40      1      3      -3   B  QuietGame     3.10       68     1     A
574      108     68    12    12      68      40     40      2      1       0   B  QuietGame     3.10       67     0     B
572      193    153    30    30     153      40     40      0      6       6   A  QuietGame     3.24       68     0     A
570      231    191    33    34     191      40     40      1      2       0   B  QuietGame     3.25       68     0     B
575      211    171    30    30     171      40     40      0      6       6   A  QuietGame     3.25       67     1     B
576      158    118    29    33     118      40     40      5      2      -1   B  QuietGame     3.24       68     0     B
580      155    115    30    31     155       0     19      0      7       7   A  Reduction     3.21       68     0     A
578      172    132    31    32     132      40     40      0      3       0   B  QuietGame     3.06       68     0     B
577      189    149    32    32     149      40     40      2      2       2   A  QuietGame     3.25       68     1     B
579      168    128    27    29     128      40     40      3      5      -5   B  QuietGame     3.09       68     1     A
581      190    150    31    34     150      40     40      0      3       2   A  QuietGame     3.12       68     1     B
582      195    155    31    33     155      40     40      0      2       1   B  QuietGame     3.22       68     0     B
587      112     72    11    15      72      40     40      0      3       1   B  QuietGame     3.12       68     1     A
586      146    106    28    30     106      40     40      0      5       4   A  QuietGame     3.12       68     0     A
585      195    155    28    28     155      40     40      0      8       8   A  QuietGame     3.25       68     1     B
584      239    199    35    36     239       0     36      2      2       2   A  Reduction     3.29       68     0     A
588      203    163    34    34     163      40     40      1      2       0   B  QuietGame     3.37       68     0     B
583      261    221    35    36     221      40     40      4      2       0   B  QuietGame     3.24       68     1     A
590      167    127    33    34     127      40     40      2      2       2   A  QuietGame     3.29       68     0     A
589      226    186    34    34     226       0     34      1      4      -4   B  Reduction     3.35       68     1     A
594       93     53     7     7      53      40     40      1      2      -1   B  QuietGame     3.06       67     0     B
592      167    127    21    21     127      40     40      1      4      -3   B  QuietGame     3.12       68     0     B
591      256    216    36    36     216      40     40      2      2       0   B  QuietGame     3.26       68     1     A
593      181    141    31    32     141      40     40      3      5      -4   B  QuietGame     3.25       68     1     A
595      167    127    31    32     127      40     40      7      1       0   B  QuietGame     3.39       67     1     A
597      151    111    33    33     151       0     21      2      5       5   A  Reduction     3.29       68     1     B
598      142    102    32    34     142       0     16      1      4      -4   B  Reduction     3.25       68     0     B
596      207    167    34    34     167      40     40      7      1       0   B  QuietGame     3.21       68     0     B
599      199    159    29    30     199       0     31      0      8       8   A  Reduction     3.18       68     1     B
603      142    102    32    32     142       0      8      0      6      -6   B  Reduction     3.32       68     1     A
600      204    164    36    36     204       0     37      3      2      -2   B  Reduction     3.15       67     0     B
604      155    115    29    32     155       0     22      0      6       6   A  Reduction     3.18       68     0     A
601      173    133    35    35     133      40     40      1      2      -1   B  QuietGame     3.24       67     1     A
605      163    123    34    34     163       0     18      0      4       4   A  Reduction     3.32       68     1     B
606      153    113    29    32     153       0     12      0      6       6   A  Reduction     3.39       66     0     A
607      100     60    11    12      60      40     40      0      3       2   A  QuietGame     3.08       66     1     B
602      227    187    28    30     187      40     40      0      6       6   A  QuietGame     3.21       68     0     A
608      102     62    14    15      62      40     40      0      2       1   B  QuietGame     3.01       68     0     B
610      143    103    28    29     103      40     40      0      7       7   A  QuietGame     3.24       68     0     A
611      163    123    26    27     123      40     40      0      6       5   A  QuietGame     3.25       68     1     B
609      201    161    33    33     201       0     22      0      5       5   A  Reduction     3.12       68     1     B
614      192    152    34    35     152      40     40      0      2       1   B  QuietGame     3.25       68     0     B
612      210    170    34    35     170      40     40      4      2       1   B  QuietGame     3.19       68     0     B
615      178    138    31    31     138      40     40      0      6       5   A  QuietGame     3.26       68     1     B
613      204    164    30    31     164      40     40      1      5      -5   B  QuietGame     3.25       68     1     A
616      214    174    36    36     174      40     40      4      2       0   B  QuietGame     3.19       67     0     B
618      147    107    29    30     107      40     40      1      2       0   B  QuietGame     3.29       69     0     B
617      188    148    33    34     148      40     40      1      2      -2   B  QuietGame     3.30       67     1     A
619      225    185    33    34     185      40     40      5      2       0   B  QuietGame     3.30       69     1     A

games                620
mean plies           172.0   (movement 132.0)
mean captures        28.5
mean removals        29.3
mean dead tail       29.4   plies after the last capture or removal
mean longest quiet   36.0
mean lead changes    1.2   (326 of 620 games had any)
mean peak margin     3.7
mean final margin    3.0   (absolute)
ended by quiet game  455  (73%)
ended by reduction   163  (26%)
ended by immobilize  2  (0%)
won by A / B         296 / 324
mean depth           3.22   (over 42040 searched opening plies)
wall clock           6214.74 s

weight-set A wins    332 / 620  (53.5%)   [as P0: 159/310, as P1: 173/310]
weight-set B wins    288 / 620
quiet-game share     A-wins 72.3%   B-wins 74.7%   all 73.4%
95% threshold        wins >= 331 of 620 (one-sided): A is significantly stronger
csv line appended to doc\bench\sweeps\2026-08-24\confirm.csv

wins 332/620 (threshold 331), quiet 73.39% (limit 75.5%), captures 28.49 (floor 26.163)
PROMOTE: doc/bench/sweeps/2026-08-24/cand-spearheadPairs.psd1 becomes the incumbent for the next round.
sweep stage 'confirm' -> doc/bench/sweeps/2026-08-24
>> ./cmake-build-release/latrunculi_game/latrunculi_bench.exe pairs=310 ms=500 seed=777001 threads=8 rows=8 columns=10 perside=20 csv=doc\bench\sweeps\2026-08-24\confirm.csv wA.threat=0.25 wA.pair=0.02 wA.mobility=0.02 wA.centre=0.05 wA.vulnerableAxes=-0.03 wA.oneMoveCapturable=-0.9 wA.spearheadPairs=0.15 wA.diagonalSupport=0.06 wA.deniedSquares=0.04 wA.strikers=0.1 wA.notchExposure=-0.12 wB.threat=0.25 wB.pair=0.02 wB.mobility=0.02 wB.centre=0.05 wB.vulnerableAxes=-0.03 wB.oneMoveCapturable=-0.9 wB.spearheadPairs=0.15 wB.diagonalSupport=0.06 wB.deniedSquares=0.04 wB.strikers=0.05 wB.notchExposure=-0.12
Latrunculi bench: 310 mirrored A-vs-B pairs (620 games), 8x10, 20 per side, slide, convex payoff, komi 1.5, policy placement, 500 ms per searched ply, 8 threads
base seed: 777001  (pair p uses seed base+p; even game index = set A as P0)
XML: not saved   memory tracking level: 0

game   plies  moveP  capt  remv lastAct    tail  quiet   lead   peak  margin win  reason    depth    srchd  AasP  wSet
5        130     90    33    33     130       0     17      1      5      -5   B  Reduction     3.29       68     1     A
2        135     95    28    29     135       0     19      0      9       9   A  Reduction     3.30       67     0     A
3        152    112    33    35     152       0     17      1      3      -3   B  Reduction     3.31       67     1     A
6        158    118    26    26     118      40     40      0      3       2   A  QuietGame     3.26       68     0     A
0        178    138    32    34     178       0     33      3      4      -4   B  Reduction     3.12       68     0     B
7        197    157    31    32     157      40     40      0      3       2   A  QuietGame     3.24       68     1     B
4        202    162    28    29     162      40     40      0      6       5   A  QuietGame     3.25       68     0     A
8        121     81    30    32     121       0      9      0      6       6   A  Reduction     3.24       68     0     A
1        240    200    32    32     200      40     40      0      5       4   A  QuietGame     3.16       68     1     B
9        153    113    34    34     153       0     12      2      4       4   A  Reduction     3.26       68     1     B
12       135     95    33    34     135       0     12      0      4       4   A  Reduction     3.26       68     0     A
10       175    135    29    31     135      40     40      0      5       5   A  QuietGame     3.25       67     0     A
11       195    155    32    32     195       0     28      0      6       6   A  Reduction     3.31       67     1     B
13       183    143    30    32     143      40     40      0      4       4   A  QuietGame     3.22       68     1     B
15       148    108    33    33     148       0     17      1      5      -5   B  Reduction     3.21       68     1     A
16       160    120    31    32     120      40     40      0      3       2   A  QuietGame     3.38       68     0     A
17       145    105    33    34     145       0     19      0      4       4   A  Reduction     3.26       68     1     B
14       238    198    34    34     198      40     40      4      2       0   B  QuietGame     3.32       68     0     B
18       177    137    31    33     177       0     25      6      5       5   A  Reduction     3.15       68     0     A
24       105     65    11    12      65      40     40      0      2       2   A  QuietGame     3.04       68     0     A
19       203    163    27    27     163      40     40      0      7       7   A  QuietGame     3.21       68     1     B
23       139     99    24    26      99      40     40      0      8       8   A  QuietGame     3.13       68     1     B
21       166    126    31    31     126      40     40      1      5      -5   B  QuietGame     3.27       67     1     A
20       204    164    31    32     164      40     40      2      5       4   A  QuietGame     3.16       67     0     A
22       192    152    33    33     152      40     40      1      2      -1   B  QuietGame     3.26       68     0     B
29       102     62     9    10      62      40     40      3      1       0   B  QuietGame     3.24       68     1     A
25       189    149    33    34     149      40     40      3      3      -2   B  QuietGame     3.21       68     1     A
26       191    151    33    33     151      40     40      2      2       1   B  QuietGame     3.25       68     0     B
27       169    129    28    28     129      40     40      0      6       6   A  QuietGame     3.29       68     1     B
31       143    103    30    31     143       0     21      0      7       7   A  Reduction     3.28       67     1     B
30       170    130    27    29     130      40     40      0      6       5   A  QuietGame     3.16       67     0     A
28       204    164    30    31     164      40     40      6      2       1   B  QuietGame     3.19       68     0     B
32       197    157    28    29     157      40     40      1      2      -1   B  QuietGame     3.15       68     0     B
34       175    135    35    36     175       0     27      8      2       2   A  Reduction     3.27       67     0     A
33       191    151    28    30     151      40     40      0      6       6   A  QuietGame     3.19       68     1     B
37       139     99    28    29      99      40     40      4      3       3   A  QuietGame     3.29       68     1     B
36       151    111    28    31     151       0     28      0      7       7   A  Reduction     3.15       68     0     A
39       165    125    30    32     125      40     40      5      2       0   B  QuietGame     3.18       68     1     A
38       183    143    33    34     143      40     40      0      2       2   A  QuietGame     3.25       68     0     A
35       226    186    30    30     186      40     40      1      6      -6   B  QuietGame     3.27       67     1     A
41       147    107    17    18     107      40     40      0      5       4   A  QuietGame     3.18       67     1     B
40       199    159    34    35     199       0     29      0      3       3   A  Reduction     3.34       67     0     A
42       164    124    33    34     124      40     40      2      2       0   B  QuietGame     3.37       67     0     B
44       160    120    34    34     120      40     40      4      3       2   A  QuietGame     3.24       68     0     A
43       201    161    29    31     201       0     25      2      7       7   A  Reduction     3.15       67     1     B
46       177    137    29    30     177       0     26      0      8       8   A  Reduction     3.31       68     0     A
47       203    163    33    33     163      40     40      6      3       3   A  QuietGame     3.18       68     1     B
45       218    178    33    33     178      40     40      7      1      -1   B  QuietGame     3.21       68     1     A
48       180    140    30    30     140      40     40      1      4      -4   B  QuietGame     3.19       68     0     B
49       196    156    34    34     156      40     40      0      3       2   A  QuietGame     3.37       68     1     B
51       179    139    32    33     139      40     40      0      3       3   A  QuietGame     3.18       68     1     B
50       199    159    30    32     159      40     40      2      4       4   A  QuietGame     3.21       68     0     A
53       123     83    28    30     123       0     29      0      8       8   A  Reduction     3.28       68     1     B
52       182    142    34    34     182       0     33      3      4      -4   B  Reduction     3.19       68     0     B
54       211    171    36    36     211       0     35      0      2       2   A  Reduction     3.16       68     0     A
55       203    163    32    33     163      40     40      3      2      -1   B  QuietGame     3.24       68     1     A
56       191    151    35    35     151      40     40      1      2      -1   B  QuietGame     3.49       68     0     B
58       158    118    26    27     118      40     40      3      5      -5   B  QuietGame     3.21       68     0     B
60       167    127    29    30     127      40     40      0      5       4   A  QuietGame     3.13       68     0     A
57       185    145    33    36     145      40     40      7      1       0   B  QuietGame     3.28       68     1     A
59       174    134    32    33     134      40     40      3      2      -1   B  QuietGame     3.19       68     1     A
61       201    161    32    32     161      40     40      0      3       2   A  QuietGame     3.21       68     1     B
65       115     75    24    24      75      40     40      0      4       4   A  QuietGame     3.46       67     1     B
68       121     81    19    20      81      40     40      0      2       2   A  QuietGame     3.24       68     0     A
63       178    138    34    35     178       0     26      1      3      -3   B  Reduction     3.16       68     1     A
62       189    149    29    30     149      40     40      0      4       2   A  QuietGame     3.16       68     0     A
67       171    131    32    34     131      40     40      0      3       2   A  QuietGame     3.12       68     1     B
64       210    170    35    35     210       0     36      1      3      -3   B  Reduction     3.39       67     0     B
66       205    165    30    31     165      40     40      3      2      -1   B  QuietGame     3.10       68     0     B
71       103     63    18    18      63      40     40      0      2       2   A  QuietGame     3.19       68     1     B
69       167    127    33    33     167       0     25      0      5       5   A  Reduction     3.25       68     1     B
70       157    117    30    31     157       0     29      0      7       7   A  Reduction     3.15       68     0     A
75       119     79    15    16      79      40     40      2      2       2   A  QuietGame     3.00       68     1     B
73       151    111    29    29     111      40     40      0      7       7   A  QuietGame     3.27       67     1     B
78        99     59    12    13      59      40     40      0      3       3   A  QuietGame     3.06       68     0     A
74       160    120    30    31     120      40     40      5      1      -1   B  QuietGame     3.18       68     0     B
72       190    150    33    35     190       0     31      1      3      -3   B  Reduction     3.13       67     0     B
76       153    113    32    34     153       0     19      0      4       4   A  Reduction     3.22       68     0     A
79       171    131    31    31     131      40     40      0      3       1   B  QuietGame     3.28       68     1     A
83       114     74    18    19      74      40     40      0      2       1   B  QuietGame     3.18       68     1     A
77       220    180    35    35     180      40     40      2      2       1   B  QuietGame     3.16       68     1     A
84       137     97    31    32     137       0     11      0      6       6   A  Reduction     3.19       67     0     A
80       190    150    30    33     150      40     40      1      3      -1   B  QuietGame     3.25       68     0     B
82       171    131    31    32     171       0     36      0      6       6   A  Reduction     3.25       68     0     A
85       189    149    25    26     149      40     40      0      4       2   A  QuietGame     3.34       67     1     B
86       157    117    32    33     157       0     18      0      5       5   A  Reduction     3.16       68     0     A
81       272    232    32    33     232      40     40      5      3      -3   B  QuietGame     3.19       68     1     A
87       154    114    30    32     114      40     40      0      3       2   A  QuietGame     3.21       68     1     B
90       119     79    17    17      79      40     40      0      3       3   A  QuietGame     3.27       67     0     A
88       173    133    31    32     173       0     31      0      6       6   A  Reduction     3.26       69     0     A
89       155    115    33    33     115      40     40      0      3       3   A  QuietGame     3.43       69     1     B
91       172    132    32    32     132      40     40      0      2       0   B  QuietGame     3.25       67     1     A
92       167    127    31    31     167       0     25      0      7       7   A  Reduction     3.29       68     0     A
93       153    113    20    20     113      40     40      0      2       2   A  QuietGame     3.37       68     1     B
96       136     96    30    31     136       0     13      1      7      -7   B  Reduction     3.18       67     0     B
99        96     56    12    13      56      40     40      0      2       1   B  QuietGame     3.06       67     1     A
97       145    105    23    24     105      40     40      0      6       6   A  QuietGame     3.18       67     1     B
98       202    162    30    32     162      40     40      6      2       0   B  QuietGame     3.19       67     0     B
94       250    210    35    35     250       0     38      3      3      -3   B  Reduction     3.36       69     0     B
95       251    211    32    33     211      40     40      2      3       3   A  QuietGame     3.16       69     1     B
100      152    112    31    33     152       0     24      1      5      -5   B  Reduction     3.21       68     0     B
102      163    123    34    34     123      40     40      1      2       0   B  QuietGame     3.19       68     0     B
106       91     51     9     9      51      40     40      0      1       1   B  QuietGame     2.90       68     0     B
104      199    159    31    32     159      40     40      0      4       4   A  QuietGame     3.43       68     0     A
103      221    181    35    36     181      40     40      5      2       0   B  QuietGame     3.28       68     1     A
101      266    226    36    36     266       0     38      5      2      -2   B  Reduction     3.25       68     1     A
105      179    139    29    30     139      40     40      3      7      -6   B  QuietGame     3.19       68     1     A
107      172    132    34    34     172       0     33      1      4      -4   B  Reduction     3.21       68     1     A
110      107     67    12    12      67      40     40      1      1       0   B  QuietGame     3.15       67     0     B
108      219    179    33    33     219       0     25      0      5       5   A  Reduction     3.19       68     0     A
109      223    183    29    29     183      40     40      2      4      -3   B  QuietGame     3.19       68     1     A
115      105     65    14    15      65      40     40      0      3       1   B  QuietGame     3.16       68     1     A
111      194    154    33    33     154      40     40      1      1      -1   B  QuietGame     3.30       67     1     A
114      181    141    30    33     181       0     17      0      5       5   A  Reduction     3.15       68     0     A
116      161    121    34    35     161       0     21      0      3       3   A  Reduction     3.32       68     0     A
113      212    172    35    35     212       0     27      1      3      -3   B  Reduction     3.31       68     1     A
112      238    198    35    35     198      40     40      2      2       1   B  QuietGame     3.26       68     0     B
118      119     79    16    17      79      40     40      0      3       3   A  QuietGame     3.29       69     0     A
117      151    111    32    33     151       0     17      2      5       5   A  Reduction     3.16       68     1     B
120      112     72    15    17      72      40     40      0      4       3   A  QuietGame     3.12       68     0     A
119      196    156    32    33     156      40     40      0      4       3   A  QuietGame     3.30       69     1     B
121      153    113    29    30     153       0     10      0      8       8   A  Reduction     3.21       68     1     B
122      167    127    32    34     127      40     40      1      2       0   B  QuietGame     3.19       68     0     B
123      167    127    31    32     167       0     15      0      6       6   A  Reduction     3.22       68     1     B
124      164    124    31    31     124      40     40      4      2       1   B  QuietGame     3.38       68     0     B
125      159    119    34    34     159       0     20      0      4       4   A  Reduction     3.28       68     1     B
127      137     97    28    31     137       0     22      0      7       7   A  Reduction     3.21       67     1     B
126      168    128    28    28     128      40     40      0      3       2   A  QuietGame     3.33       67     0     A
128      111     71    17    18      71      40     40      0      2       2   A  QuietGame     3.12       66     0     A
130      131     91    31    31     131       0     12      0      7       7   A  Reduction     3.26       68     0     A
129      171    131    32    32     131      40     40      7      1       0   B  QuietGame     3.21       66     1     A
135      145    105    33    34     105      40     40      7      1       0   B  QuietGame     3.37       68     1     A
131      189    149    34    34     149      40     40      0      3       2   A  QuietGame     3.28       68     1     B
132      189    149    29    30     149      40     40      0      6       6   A  QuietGame     3.25       68     0     A
134      203    163    34    35     203       0     31      2      3       3   A  Reduction     3.13       68     0     A
136      179    139    33    33     179       0     29      0      5       5   A  Reduction     3.26       68     0     A
133      225    185    35    36     225       0     30      0      3       2   A  Reduction     3.24       68     1     B
139       89     49     3     3      49      40     40      0      3       3   A  QuietGame     3.09       69     1     B
138      176    136    35    35     176       0     38      5      3      -3   B  Reduction     3.28       69     0     B
137      202    162    28    29     162      40     40      1      7      -7   B  QuietGame     3.22       68     1     A
141      174    134    32    33     134      40     40      3      2      -1   B  QuietGame     3.25       68     1     A
140      187    147    31    31     147      40     40      2      5       5   A  QuietGame     3.31       68     0     A
142      157    117    35    35     157       0     14      0      3       3   A  Reduction     3.30       67     0     A
144      139     99    33    34     139       0     13      2      4       4   A  Reduction     3.21       68     0     A
143      161    121    32    33     161       0     16      2      5       5   A  Reduction     3.18       67     1     B
145      163    123    30    31     123      40     40      0      3       3   A  QuietGame     3.22       68     1     B
146      157    117    31    31     117      40     40      0      4       1   B  QuietGame     3.21       67     0     B
148      103     63    14    16      63      40     40      0      3       2   A  QuietGame     3.01       68     0     A
151      127     87    18    18      87      40     40      0      4       4   A  QuietGame     3.26       68     1     B
153      107     67    19    20      67      40     40      0      4       4   A  QuietGame     3.10       67     1     B
150      161    121    34    34     161       0     20      0      4       4   A  Reduction     3.35       68     0     A
149      170    130    29    29     130      40     40      1      3      -1   B  QuietGame     3.25       68     1     A
152      203    163    32    33     163      40     40      0      3       3   A  QuietGame     3.28       67     0     A
147      282    242    33    34     242      40     40      0      3       2   A  QuietGame     3.18       67     1     B
155      181    141    33    33     181       0     25      0      5       5   A  Reduction     3.25       67     1     B
154      190    150    31    32     150      40     40      3      3      -2   B  QuietGame     3.36       67     0     B
158      169    129    33    33     169       0     23      0      5       5   A  Reduction     3.16       68     0     A
156      218    178    36    36     178      40     40      2      2       0   B  QuietGame     3.43       68     0     B
157      207    167    34    35     167      40     40      2      2       1   B  QuietGame     3.25       68     1     A
159      187    147    36    36     187       0     29      0      2       2   A  Reduction     3.37       68     1     B
161      175    135    32    34     175       0     21      0      4       4   A  Reduction     3.15       68     1     B
160      185    145    34    34     185       0     33      0      4       4   A  Reduction     3.06       68     0     A
163      150    110    34    34     150       0     17      1      4      -4   B  Reduction     3.16       67     1     A
164      117     77    19    19      77      40     40      0      3       3   A  QuietGame     3.25       68     0     A
162      189    149    29    28     189       0     37      0     11      11   A  Reduction     3.30       67     0     A
166      156    116    32    33     156       0     13      1      5      -5   B  Reduction     3.29       69     0     B
169      110     70    11    15      70      40     40      1      3      -1   B  QuietGame     3.00       68     1     A
168      117     77    31    32     117       0      9      0      6       6   A  Reduction     3.21       68     0     A
167      188    148    31    31     148      40     40      1      2      -1   B  QuietGame     3.30       69     1     A
165      207    167    31    33     167      40     40      0      4       3   A  QuietGame     3.29       68     1     B
175      141    101    33    33     141       0     17      0      5       5   A  Reduction     3.22       68     1     B
170      221    181    34    35     181      40     40      1      2      -1   B  QuietGame     3.22       68     0     B
172      187    147    30    31     147      40     40      4      3       3   A  QuietGame     3.16       67     0     A
173      164    124    29    29     124      40     40      1      2      -1   B  QuietGame     3.16       67     1     A
171      225    185    34    34     185      40     40      1      3       0   B  QuietGame     3.19       68     1     A
174      181    141    30    30     141      40     40      1      2       0   B  QuietGame     3.22       68     0     B
176      160    120    35    35     160       0     13      3      3      -3   B  Reduction     3.28       67     0     B
177      204    164    33    33     164      40     40      1      3      -3   B  QuietGame     3.30       67     1     A
181      124     84    20    20      84      40     40      0      4       2   A  QuietGame     3.18       68     1     B
178      178    138    32    33     138      40     40      0      2       1   B  QuietGame     3.26       68     0     B
180      179    139    31    32     139      40     40      0      4       4   A  QuietGame     3.19       68     0     A
179      187    147    30    30     147      40     40      0      6       6   A  QuietGame     3.24       68     1     B
183      165    125    31    32     165       0     22      0      6       6   A  Reduction     3.37       68     1     B
182      206    166    35    35     206       0     29      1      3      -3   B  Reduction     3.31       68     0     B
184      192    152    26    28     152      40     40      1      8      -8   B  QuietGame     3.28       69     0     B
185      159    119    32    32     159       0     19      0      6       6   A  Reduction     3.32       69     1     B
187      156    116    34    34     156       0     19      1      4      -4   B  Reduction     3.25       68     1     A
190      160    120    32    32     160       0     34      1      6      -6   B  Reduction     3.43       67     0     B
188      192    152    35    35     152      40     40      4      2       1   B  QuietGame     3.26       68     0     B
189      187    147    30    34     147      40     40      3      3      -2   B  QuietGame     3.21       68     1     A
186      237    197    34    35     197      40     40      2      2       1   B  QuietGame     3.38       68     0     B
191      197    157    34    34     157      40     40      6      2       2   A  QuietGame     3.30       67     1     B
193      172    132    34    35     172       0     29      1      3      -3   B  Reduction     3.37       68     1     A
192      220    180    34    34     180      40     40      4      1       0   B  QuietGame     3.15       68     0     B
198      125     85    17    17      85      40     40      0      4       3   A  QuietGame     3.28       69     0     A
196      137     97    32    33     137       0     15      0      5       5   A  Reduction     3.22       68     0     A
199      108     68    10    13      68      40     40      0      3       1   B  QuietGame     2.96       69     1     A
194      213    173    27    29     173      40     40      0      7       7   A  QuietGame     3.06       68     0     A
197      186    146    33    35     186       0     29      1      3      -3   B  Reduction     3.18       68     1     A
195      218    178    30    30     178      40     40      1      6      -6   B  QuietGame     3.25       68     1     A
202      117     77    17    17      77      40     40      1      2      -1   B  QuietGame     3.29       68     0     B
200      205    165    31    33     165      40     40      3      4      -3   B  QuietGame     3.13       68     0     B
203      163    123    34    34     163       0     29      0      4       4   A  Reduction     3.21       68     1     B
201      205    165    31    33     165      40     40      3      4      -3   B  QuietGame     3.10       68     1     A
206      169    129    32    34     169       0     21      0      4       4   A  Reduction     3.26       69     0     A
204      195    155    26    28     155      40     40      0      8       8   A  QuietGame     3.06       68     0     A
210      106     66    14    15      66      40     40      3      3      -3   B  QuietGame     3.04       68     0     B
207      186    146    29    31     146      40     40      1      5      -5   B  QuietGame     3.28       69     1     A
208      167    127    27    29     127      40     40      0      7       7   A  QuietGame     3.18       67     0     A
205      236    196    35    36     196      40     40      6      1       0   B  QuietGame     3.25       68     1     A
209      188    148    33    33     148      40     40      3      3      -3   B  QuietGame     3.31       67     1     A
212      123     83    17    17      83      40     40      2      2       1   B  QuietGame     3.21       67     0     B
211      186    146    32    32     146      40     40      2      3       2   A  QuietGame     3.25       68     1     B
215      116     76    16    17      76      40     40      0      2       1   B  QuietGame     3.10       68     1     A
216      137     97    31    32     137       0     13      0      6       6   A  Reduction     3.24       67     0     A
213      187    147    31    32     147      40     40      5      1       0   B  QuietGame     3.09       67     1     A
214      161    121    29    29     121      40     40      0      7       7   A  QuietGame     3.21       68     0     A
218      128     88    32    32     128       0     10      1      6      -6   B  Reduction     3.28       67     0     B
217      202    162    34    34     162      40     40      3      2      -2   B  QuietGame     3.33       67     1     A
223       94     54     5     5      54      40     40      0      2       1   B  QuietGame     3.10       68     1     A
219      163    123    30    30     123      40     40      0      6       6   A  QuietGame     3.19       67     1     B
220      149    109    35    35     149       0     21      2      3       3   A  Reduction     3.25       68     0     A
221      163    123    28    29     123      40     40      0      3       3   A  QuietGame     3.25       68     1     B
225      111     71    19    19      71      40     40      0      3       3   A  QuietGame     3.22       67     1     B
222      173    133    34    34     133      40     40      0      3       2   A  QuietGame     3.40       68     0     A
229      118     78    33    33     118       0      5      1      5      -5   B  Reduction     3.32       68     1     A
224      225    185    35    35     225       0     34      2      3       3   A  Reduction     3.21       67     0     A
226      170    130    34    35     170       0     34      3      3      -3   B  Reduction     3.19       68     0     B
227      208    168    34    34     168      40     40      4      1       0   B  QuietGame     3.13       68     1     A
228      242    202    35    36     242       0     36      3      2      -2   B  Reduction     3.26       68     0     B
231      191    151    34    34     151      40     40      3      3      -2   B  QuietGame     3.21       67     1     A
232      172    132    26    27     132      40     40      0      8       7   A  QuietGame     3.21       68     0     A
230      221    181    35    35     181      40     40      1      3      -1   B  QuietGame     3.31       67     0     B
233      173    133    27    30     133      40     40      0      3       2   A  QuietGame     3.19       68     1     B
234      231    191    34    34     231       0     28      2      4       4   A  Reduction     3.31       67     0     A
235      235    195    33    33     195      40     40      0      3       3   A  QuietGame     3.28       67     1     B
239      146    106    29    30     106      40     40      0      5       4   A  QuietGame     3.29       68     1     B
241      117     77    16    16      77      40     40      0      2       2   A  QuietGame     3.16       69     1     B
238      163    123    32    34     163       0     29      0      4       4   A  Reduction     3.15       68     0     A
236      207    167    34    35     207       0     37      0      3       3   A  Reduction     3.26       68     0     A
240      229    189    33    33     189      40     40      0      3       3   A  QuietGame     3.22       69     0     A
237      246    206    34    34     206      40     40      4      2       0   B  QuietGame     3.12       68     1     A
242      168    128    31    33     128      40     40      0      4       3   A  QuietGame     3.15       68     0     A
243      171    131    30    31     131      40     40      0      5       5   A  QuietGame     3.09       68     1     B
247      152    112    29    30     112      40     40      3      3      -2   B  QuietGame     3.24       68     1     A
245      165    125    33    33     165       0     37      0      5       5   A  Reduction     3.34       68     1     B
244      199    159    33    33     159      40     40      3      4      -3   B  QuietGame     3.19       68     0     B
248      126     86    22    25      86      40     40      0      6       5   A  QuietGame     3.12       68     0     A
246      207    167    36    36     207       0     35      2      2       2   A  Reduction     3.31       68     0     A
249      129     89    29    30     129       0     15      0      8       8   A  Reduction     3.16       68     1     B
250      143    103    26    26     103      40     40      2      4       4   A  QuietGame     3.37       67     0     A
252      133     93    31    32     133       0     31      4      6       6   A  Reduction     3.25       68     0     A
253      157    117    31    32     157       0     16      0      6       6   A  Reduction     3.24       68     1     B
251      199    159    29    29     159      40     40      0      7       7   A  QuietGame     3.01       67     1     B
254      195    155    36    36     195       0     32      2      2       2   A  Reduction     3.22       67     0     A
255      178    138    36    36     178       0     38      1      2      -2   B  Reduction     2.97       67     1     A
259      106     66    13    13      66      40     40      1      1      -1   B  QuietGame     3.01       68     1     A
256      181    141    34    34     141      40     40      3      2       0   B  QuietGame     3.29       68     0     B
257      198    158    28    28     158      40     40      0      5       4   A  QuietGame     3.24       68     1     B
260      153    113    18    18     113      40     40      0      4       4   A  QuietGame     3.13       67     0     A
261      155    115    34    34     155       0     16      0      4       4   A  Reduction     3.21       67     1     B
258      233    193    36    36     233       0     30      2      2       2   A  Reduction     3.32       68     0     A
262      146    106    28    29     106      40     40      1      3      -3   B  QuietGame     3.13       68     0     B
265      191    151    34    35     191       0     27      0      3       3   A  Reduction     3.21       68     1     B
264      208    168    35    35     168      40     40      3      2      -1   B  QuietGame     3.24       68     0     B
267      164    124    32    34     164       0     15      3      4      -4   B  Reduction     3.18       67     1     A
263      245    205    35    36     205      40     40      3      2       0   B  QuietGame     3.15       68     1     A
266      219    179    32    32     179      40     40      3      2       0   B  QuietGame     3.33       67     0     B
269      158    118    30    32     158       0     23      1      6      -6   B  Reduction     3.07       68     1     A
268      205    165    34    34     205       0     38      0      4       4   A  Reduction     3.19       68     0     A
270      185    145    28    31     145      40     40      2      5       5   A  QuietGame     3.10       68     0     A
273      106     66    14    16      66      40     40      2      2       0   B  QuietGame     3.07       68     1     A
271      163    123    30    30     123      40     40      1      2       0   B  QuietGame     3.21       68     1     A
272      157    117    32    34     117      40     40      1      3      -2   B  QuietGame     3.19       68     0     B
276      102     62    16    16      62      40     40      0      1       0   B  QuietGame     3.19       68     0     B
275      155    115    30    32     115      40     40      0      5       4   A  QuietGame     3.10       68     1     B
274      181    141    33    33     141      40     40      3      4      -3   B  QuietGame     3.29       68     0     B
279      107     67    16    16      67      40     40      1      1       0   B  QuietGame     3.12       67     1     A
278      183    143    32    33     143      40     40      0      3       1   B  QuietGame     3.24       67     0     B
281      167    127    26    26     127      40     40      2      6       6   A  QuietGame     3.24       68     1     B
277      221    181    36    36     221       0     20      0      2       2   A  Reduction     3.06       68     1     B
282      170    130    32    33     130      40     40      1      3      -3   B  QuietGame     3.38       69     0     B
283      161    121    33    33     161       0     21      0      5       5   A  Reduction     3.22       69     1     B
280      227    187    31    32     187      40     40      0      4       4   A  QuietGame     3.38       68     0     A
285      177    137    33    35     177       0     13      2      3       3   A  Reduction     3.27       67     1     B
290      108     68    18    19      68      40     40      3      1      -1   B  QuietGame     3.06       67     0     B
284      237    197    36    36     197      40     40      1      2       0   B  QuietGame     3.16       67     0     B
288      179    139    32    34     179       0     29      0      4       4   A  Reduction     3.18       68     0     A
291      154    114    31    31     154       0     15      1      7      -7   B  Reduction     3.36       67     1     A
289      195    155    33    35     155      40     40      4      2       1   B  QuietGame     3.22       68     1     A
287      214    174    32    32     174      40     40      0      5       4   A  QuietGame     3.24       68     1     B
286      245    205    30    31     205      40     40      0      3       1   B  QuietGame     3.18       68     0     B
292      173    133    30    32     133      40     40      0      3       2   A  QuietGame     3.15       68     0     A
294      166    126    32    33     126      40     40      3      3      -3   B  QuietGame     3.25       68     0     B
293      181    141    31    32     181       0     22      0      6       6   A  Reduction     3.22       68     1     B
297      149    109    29    31     109      40     40      0      2       1   B  QuietGame     3.21       67     1     A
300      141    101    32    35     141       0     11      0      3       3   A  Reduction     3.12       67     0     A
299      171    131    30    32     131      40     40      2      4       4   A  QuietGame     3.27       67     1     B
295      207    167    34    34     207       0     28      0      4       4   A  Reduction     3.25       68     1     B
298      198    158    34    34     158      40     40      5      2      -2   B  QuietGame     3.39       67     0     B
301      135     95    25    25      95      40     40      0      4       3   A  QuietGame     3.25       67     1     B
296      225    185    35    36     185      40     40      3      2       0   B  QuietGame     3.18       67     0     B
302      159    119    33    35     159       0     22      0      3       3   A  Reduction     3.25       67     0     A
307      110     70    16    19      70      40     40      0      3       1   B  QuietGame     3.19       68     1     A
309       99     59    13    15      59      40     40      2      3       3   A  QuietGame     3.06       67     1     B
306      172    132    28    30     132      40     40      2      2       0   B  QuietGame     3.22       68     0     B
305      183    143    33    34     183       0     33      2      4       4   A  Reduction     3.25       68     1     B
304      213    173    31    33     213       0     38      2      5       5   A  Reduction     3.26       68     0     A
311      103     63    14    14      63      40     40      0      4       4   A  QuietGame     3.15       68     1     B
308      187    147    30    31     187       0     32      0      7       7   A  Reduction     3.16       67     0     A
303      264    224    34    35     224      40     40      0      3       1   B  QuietGame     3.25       67     1     A
312      152    112    21    21     112      40     40      2      2       1   B  QuietGame     3.32       69     0     B
310      209    169    34    34     169      40     40      0      2       2   A  QuietGame     3.28       68     0     A
314      158    118    32    33     118      40     40      1      2      -1   B  QuietGame     3.25       68     0     B
317      135     95    30    30     135       0     21      0      8       8   A  Reduction     3.34       68     1     B
316      145    105    31    32     145       0     24      0      6       6   A  Reduction     3.22       68     0     A
315      175    135    33    34     135      40     40      1      3      -2   B  QuietGame     3.29       68     1     A
320      120     80    22    24      80      40     40      0      3       2   A  QuietGame     3.26       68     0     A
313      218    178    32    32     178      40     40      1      4      -4   B  QuietGame     3.35       69     1     A
318      187    147    33    33     147      40     40      0      3       3   A  QuietGame     3.19       68     0     A
319      170    130    33    34     130      40     40      0      3       2   A  QuietGame     3.16       68     1     B
322      133     93    24    25      93      40     40      1      2      -1   B  QuietGame     3.27       67     0     B
321      189    149    29    29     149      40     40      0      7       7   A  QuietGame     3.29       68     1     B
323      170    130    31    32     130      40     40      1      4      -4   B  QuietGame     3.28       67     1     A
324      168    128    31    33     128      40     40      0      4       3   A  QuietGame     3.19       68     0     A
325      162    122    31    32     162       0     19      1      6      -6   B  Reduction     3.16       68     1     A
326      167    127    33    33     167       0     23      0      5       5   A  Reduction     3.27       67     0     A
328      137     97    32    33     137       0     15      0      5       5   A  Reduction     3.28       68     0     A
327      169    129    31    32     129      40     40      0      4       4   A  QuietGame     3.24       67     1     B
329      139     99    29    30     139       0     20      0      5       5   A  Immobilize     3.16       68     1     B
331      115     75    16    16      75      40     40      2      2       2   A  QuietGame     3.22       68     1     B
332      127     87    16    16      87      40     40      2      2       2   A  QuietGame     3.24       68     0     A
335      104     64    13    13      64      40     40      3      1      -1   B  QuietGame     3.24       68     1     A
330      163    123    34    35     163       0     16      6      3       3   A  Reduction     3.25       68     0     A
336      155    115    27    29     115      40     40      2      7       7   A  QuietGame     3.22       68     0     A
337      155    115    27    29     115      40     40      2      7       7   A  QuietGame     3.22       68     1     B
334      208    168    34    34     168      40     40      3      2      -2   B  QuietGame     3.21       68     0     B
333      242    202    32    35     202      40     40      6      2       1   B  QuietGame     3.18       68     1     A
338      173    133    30    30     133      40     40      0      4       4   A  QuietGame     3.26       68     0     A
340      154    114    32    32     114      40     40      2      2       0   B  QuietGame     3.30       67     0     B
341      155    115    31    33     115      40     40      6      1       1   B  QuietGame     3.24       67     1     A
345      102     62    14    15      62      40     40      2      2       1   B  QuietGame     3.18       68     1     A
342      168    128    28    28     128      40     40      1      2      -2   B  QuietGame     3.24       68     0     B
339      240    200    36    36     240       0     37      1      2      -2   B  Reduction     3.25       68     1     A
348      113     73    32    32     113       0      8      0      6       6   A  Reduction     3.16       67     0     A
344      209    169    33    33     169      40     40      0      3       3   A  QuietGame     3.25       68     0     A
343      216    176    34    35     176      40     40      4      2       1   B  QuietGame     3.29       68     1     A
347      162    122    31    33     162       0     38      1      5      -5   B  Reduction     3.13       68     1     A
346      185    145    34    34     145      40     40      2      2       2   A  QuietGame     3.28       68     0     A
349      115     75    31    33     115       0      5      2      5       5   A  Reduction     3.25       67     1     B
350      144    104    31    31     104      40     40      1      2      -1   B  QuietGame     3.21       68     0     B
352      116     76    21    21      76      40     40      1      1      -1   B  QuietGame     3.37       68     0     B
357      106     66    13    14      66      40     40      0      3       2   A  QuietGame     3.09       68     1     B
351      196    156    30    30     156      40     40      1      4      -4   B  QuietGame     3.35       68     1     A
358      125     85    29    31     125       0     19      0      7       7   A  Reduction     3.22       68     0     A
353      188    148    33    35     148      40     40      0      2       1   B  QuietGame     3.13       68     1     A
355      193    153    32    36     193       0     26      4      2       2   A  Reduction     3.12       68     1     B
354      209    169    28    29     169      40     40      0      5       5   A  QuietGame     3.24       68     0     A
359      148    108    29    30     108      40     40      0      7       6   A  QuietGame     3.16       68     1     B
356      213    173    34    34     173      40     40      3      2       0   B  QuietGame     3.13       68     0     B
360      133     93    17    17      93      40     40      0      5       5   A  QuietGame     3.29       68     0     A
361      133     93    17    17      93      40     40      0      5       5   A  QuietGame     3.28       68     1     B
365       99     59    10    11      59      40     40      0      2       1   B  QuietGame     3.10       67     1     A
364      139     99    31    32     139       0     17      0      6       6   A  Reduction     3.25       67     0     A
369       98     58    13    14      58      40     40      0      3       2   A  QuietGame     3.07       68     1     B
362      189    149    34    34     149      40     40      3      1       0   B  QuietGame     3.22       67     0     B
366      174    134    33    34     134      40     40      1      2      -2   B  QuietGame     3.22       68     0     B
367      177    137    31    33     137      40     40      1      2      -1   B  QuietGame     3.24       68     1     A
368      166    126    26    27     126      40     40      0      6       5   A  QuietGame     3.22       68     0     A
363      243    203    32    35     203      40     40      1      2      -1   B  QuietGame     3.12       67     1     A
370      149    109    20    21     109      40     40      0      3       3   A  QuietGame     3.09       68     0     A
371      151    111    26    27     111      40     40      0      7       7   A  QuietGame     3.25       68     1     B
375      139     99    17    18      99      40     40      1      5      -4   B  QuietGame     3.26       68     1     A
372      215    175    35    35     215       0     26      0      3       3   A  Reduction     3.28       68     0     A
373      193    153    32    33     153      40     40      2      3       3   A  QuietGame     3.12       68     1     B
374      207    167    34    34     167      40     40      1      3      -2   B  QuietGame     3.31       68     0     B
376      221    181    31    32     181      40     40      0      4       4   A  QuietGame     3.09       68     0     A
378      199    159    35    35     199       0     27      0      3       3   A  Reduction     3.22       68     0     A
377      225    185    35    36     185      40     40      3      2       0   B  QuietGame     3.29       68     1     A
379      192    152    33    34     152      40     40      0      2       0   B  QuietGame     3.19       68     1     A
382      134     94    33    33     134       0     13      1      5      -5   B  Reduction     3.22       68     0     B
381      162    122    35    36     162       0     31      1      2      -2   B  Reduction     3.15       67     1     A
380      194    154    32    33     154      40     40      1      3      -3   B  QuietGame     3.15       67     0     B
383      177    137    33    33     137      40     40      0      3       3   A  QuietGame     3.28       68     1     B
385      175    135    34    34     175       0     22      0      4       4   A  Reduction     3.24       68     1     B
389      111     71    31    32     111       0      9      0      6       6   A  Reduction     3.24       68     1     B
386      179    139    28    31     139      40     40      0      3       3   A  QuietGame     3.10       68     0     A
388      157    117    34    35     157       0     32      0      3       3   A  Reduction     3.15       68     0     A
384      233    193    30    32     193      40     40      0      4       4   A  QuietGame     3.16       68     0     A
387      223    183    27    30     183      40     40      0      6       6   A  QuietGame     3.03       68     1     B
391      153    113    34    34     153       0     24      0      4       4   A  Reduction     3.31       68     1     B
390      217    177    32    32     177      40     40      0      2       2   A  QuietGame     3.22       68     0     A
392      132     92    21    21      92      40     40      3      3      -3   B  QuietGame     3.31       68     0     B
394      148    108    28    30     108      40     40      1      4      -4   B  QuietGame     3.13       68     0     B
395      148    108    28    30     108      40     40      1      4      -4   B  QuietGame     3.15       68     1     A
393      185    145    33    33     145      40     40      0      3       3   A  QuietGame     3.24       68     1     B
396      167    127    27    28     127      40     40      0      8       8   A  QuietGame     3.18       68     0     A
397      178    138    33    33     138      40     40      1      3      -3   B  QuietGame     3.24       68     1     A
398      164    124    36    36     164       0     18      3      2      -2   B  Reduction     3.35       68     0     B
401      146    106    31    31     106      40     40      2      2       1   B  QuietGame     3.26       68     1     A
399      183    143    33    33     183       0     22      0      5       5   A  Reduction     3.25       68     1     B
400      183    143    34    36     183       0     24      0      3       2   A  Reduction     3.28       68     0     A
403      158    118    29    31     118      40     40      0      4       3   A  QuietGame     3.22       67     1     B
402      187    147    29    32     187       0     33      2      6       6   A  Reduction     3.24       67     0     A
406      147    107    34    34     147       0     13      0      4       4   A  Reduction     3.25       67     0     A
405      166    126    32    32     126      40     40      1      4      -4   B  QuietGame     3.25       68     1     A
407      140    100    32    34     140       0     19      1      4      -4   B  Reduction     3.22       67     1     A
404      234    194    33    35     234       0     37      3      3      -3   B  Reduction     3.25       68     0     B
409      158    118    29    29     118      40     40      0      2       1   B  QuietGame     3.44       68     1     A
408      190    150    27    27     150      40     40      1      2      -1   B  QuietGame     3.22       68     0     B
411      161    121    31    32     161       0     23      0      6       6   A  Reduction     3.21       68     1     B
410      175    135    31    32     175       0     37      0      6       6   A  Reduction     3.22       68     0     A
412      189    149    35    35     149      40     40      3      2      -1   B  QuietGame     3.28       67     0     B
414      177    137    32    33     137      40     40      2      3       3   A  QuietGame     3.21       68     0     A
413      195    155    35    35     195       0     25      4      3       3   A  Reduction     3.28       67     1     B
415      177    137    29    30     137      40     40      1      5      -4   B  QuietGame     3.19       68     1     A
416      167    127    32    32     127      40     40      3      3      -2   B  QuietGame     3.20       69     0     B
418      178    138    34    35     138      40     40      1      2      -1   B  QuietGame     3.24       68     0     B
420      121     81    30    32     121       0     12      0      6       6   A  Reduction     3.29       68     0     A
421      111     71    13    13      71      40     40      0      2       1   B  QuietGame     3.12       68     1     A
417      215    175    29    30     175      40     40      0      6       6   A  QuietGame     3.00       69     1     B
419      250    210    33    35     210      40     40      3      2      -1   B  QuietGame     3.21       68     1     A
423      144    104    30    30     104      40     40      0      3       2   A  QuietGame     3.32       68     1     B
422      187    147    31    32     187       0     33      0      6       6   A  Reduction     3.25       68     0     A
424      168    128    29    31     128      40     40      1      3      -3   B  QuietGame     3.22       68     0     B
425      137     97    31    33     137       0     14      0      5       5   A  Reduction     3.24       68     1     B
427      139     99    34    34     139       0     23      0      4       4   A  Reduction     3.26       68     1     B
428      179    139    35    35     179       0     22      2      3       3   A  Reduction     3.28       67     0     A
430      148    108    33    34     148       0     16      1      5      -4   B  Reduction     3.13       68     0     B
426      213    173    35    35     213       0     28      0      3       3   A  Reduction     3.37       68     0     A
429      187    147    32    32     187       0     28      0      6       6   A  Reduction     3.31       67     1     B
433      154    114    34    34     154       0     15      3      4      -4   B  Reduction     3.16       68     1     A
431      198    158    32    32     158      40     40      2      1       0   B  QuietGame     3.28       68     1     A
432      199    159    34    34     159      40     40      0      2       2   A  QuietGame     3.34       68     0     A
434      185    145    32    32     145      40     40      1      3      -2   B  QuietGame     3.31       68     0     B
436      162    122    27    30     122      40     40      2      3       0   B  QuietGame     3.13       69     0     B
437      162    122    27    30     122      40     40      2      3       0   B  QuietGame     3.12       69     1     A
435      208    168    34    34     168      40     40      4      2       0   B  QuietGame     3.26       68     1     A
438      186    146    32    34     146      40     40      1      4      -2   B  QuietGame     3.19       68     0     B
441      167    127    32    32     127      40     40      0      2       2   A  QuietGame     3.34       68     1     B
440      171    131    35    35     131      40     40      4      2       1   B  QuietGame     3.35       68     0     B
439      238    198    35    35     198      40     40      4      2       1   B  QuietGame     3.21       68     1     A
445      122     82    33    34     122       0     10      1      4      -4   B  Reduction     3.25       68     1     A
442      218    178    34    34     178      40     40      0      3       2   A  QuietGame     3.32       68     0     A
448      101     61    14    14      61      40     40      0      4       4   A  QuietGame     3.09       68     0     A
443      205    165    34    34     205       0     34      0      4       4   A  Reduction     3.12       68     1     B
447      130     90    34    35     130       0     19      7      3      -3   B  Reduction     3.32       68     1     A
444      212    172    31    31     172      40     40      4      2       1   B  QuietGame     3.31       68     0     B
446      174    134    29    29     134      40     40      2      2       1   B  QuietGame     3.35       68     0     B
450      112     72    17    17      72      40     40      3      1      -1   B  QuietGame     3.29       68     0     B
452       98     58    13    14      58      40     40      1      2      -2   B  QuietGame     2.94       68     0     B
449      154    114    31    31     114      40     40      1      2      -1   B  QuietGame     3.28       68     1     A
453      128     88    34    35     128       0      5      1      3      -3   B  Reduction     3.37       68     1     A
456       99     59     9    10      59      40     40      1      2       0   B  QuietGame     3.10       69     0     B
454      150    110    28    30     110      40     40      1      3      -2   B  QuietGame     3.21       67     0     B
451      197    157    26    28     157      40     40      0      8       8   A  QuietGame     3.18       68     1     B
455      167    127    29    30     127      40     40      1      3      -2   B  QuietGame     3.24       67     1     A
457      135     95    29    29      95      40     40      0      5       5   A  QuietGame     3.23       69     1     B
458      118     78    21    23      78      40     40      0      6       5   A  QuietGame     3.24       67     0     A
459      186    146    30    31     146      40     40      6      2       1   B  QuietGame     3.21       67     1     A
465      103     63    10    11      63      40     40      0      3       3   A  QuietGame     3.01       68     1     B
461      155    115    28    28     115      40     40      0      6       6   A  QuietGame     3.28       67     1     B
460      164    124    28    29     124      40     40      1      7      -7   B  QuietGame     3.19       67     0     B
462      177    137    30    32     177       0     21      0      6       6   A  Reduction     3.22       68     0     A
463      202    162    34    35     162      40     40      0      3       1   B  QuietGame     3.25       68     1     A
464      226    186    34    34     226       0     36      3      4      -4   B  Reduction     3.25       68     0     B
467      153    113    29    29     113      40     40      0      5       5   A  QuietGame     3.24       68     1     B
469      147    107    34    34     147       0     18      0      4       4   A  Reduction     3.38       68     1     B
466      244    204    33    33     204      40     40      2      2       1   B  QuietGame     3.34       68     0     B
468      162    122    31    33     122      40     40      3      2      -1   B  QuietGame     3.28       68     0     B
470      199    159    29    29     159      40     40      0      7       7   A  QuietGame     3.24       67     0     A
472      177    137    34    34     137      40     40      5      2       0   B  QuietGame     3.31       68     0     B
473      162    122    32    33     122      40     40      3      2      -1   B  QuietGame     3.28       68     1     A
477      139     99    32    33     139       0     30      0      5       5   A  Reduction     3.22       68     1     B
478      104     64    16    16      64      40     40      0      2       0   B  QuietGame     3.16       69     0     B
474      174    134    32    32     134      40     40      0      3       2   A  QuietGame     3.28       68     0     A
471      265    225    30    32     225      40     40      0      4       4   A  QuietGame     3.21       67     1     B
476      184    144    33    33     184       0     38      1      5      -5   B  Reduction     3.38       68     0     B
475      222    182    33    33     182      40     40      0      4       3   A  QuietGame     3.34       68     1     B
480       97     57    11    13      57      40     40      3      2      -1   B  QuietGame     3.03       68     0     B
482      168    128    27    29     128      40     40      0      6       5   A  QuietGame     3.18       67     0     A
481      192    152    34    34     152      40     40      2      3       2   A  QuietGame     3.28       68     1     B
484      172    132    29    31     132      40     40      0      4       3   A  QuietGame     3.12       68     0     A
486      134     94    20    20      94      40     40      0      3       2   A  QuietGame     3.22       68     0     A
487      134     94    20    20      94      40     40      0      3       2   A  QuietGame     3.25       68     1     B
485      193    153    33    34     193       0     33      0      4       4   A  Reduction     3.22       68     1     B
483      225    185    29    32     225       0     38      0      6       6   A  Reduction     3.13       67     1     B
479      265    225    35    36     225      40     40      3      2       0   B  QuietGame     3.33       69     1     A
488      178    138    32    33     138      40     40      4      4       3   A  QuietGame     3.33       67     0     A
491      152    112    33    34     152       0     15      1      4      -4   B  Reduction     3.16       68     1     A
490      163    123    24    26     123      40     40      0      8       8   A  QuietGame     3.28       68     0     A
494      145    105    33    34     145       0     22      0      4       4   A  Reduction     3.22       68     0     A
489      207    167    28    29     167      40     40      0      7       7   A  QuietGame     3.16       67     1     B
493      179    139    31    31     179       0     31      2      7       7   A  Reduction     3.25       68     1     B
492      210    170    35    36     170      40     40      6      2       0   B  QuietGame     3.21       68     0     B
495      243    203    35    35     203      40     40      5      2      -1   B  QuietGame     3.29       68     1     A
496      148    108    28    29     108      40     40      3      2      -1   B  QuietGame     3.13       69     0     B
500      131     91    18    18      91      40     40      0      2       2   A  QuietGame     3.28       68     0     A
497      191    151    28    29     151      40     40      0      5       5   A  QuietGame     3.13       69     1     B
498      193    153    32    33     153      40     40      0      4       3   A  QuietGame     3.15       68     0     A
501      152    112    19    19     112      40     40      0      2       1   B  QuietGame     3.31       68     1     A
499      192    152    33    34     152      40     40      0      3       2   A  QuietGame     3.26       68     1     B
502      188    148    31    32     148      40     40      2      3       2   A  QuietGame     3.25       68     0     A
506       97     57    10    12      57      40     40      0      4       4   A  QuietGame     3.04       68     0     A
505      118     78    16    17      78      40     40      0      4       3   A  QuietGame     3.14       66     1     B
504      175    135    36    36     175       0     32      2      2       2   A  Reduction     3.23       66     0     A
503      187    147    31    32     187       0     28      0      6       6   A  Reduction     3.15       68     1     B
507      157    117    30    31     157       0     30      0      7       7   A  Reduction     3.22       68     1     B
508      198    158    33    34     158      40     40      1      2      -2   B  QuietGame     3.24       68     0     B
510      158    118    31    33     118      40     40      6      4       3   A  QuietGame     3.25       67     0     A
509      192    152    31    34     152      40     40      0      3       2   A  QuietGame     3.10       68     1     B
511      157    117    30    32     157       0     27      0      6       6   A  Reduction     3.13       67     1     B
512      185    145    31    33     145      40     40      1      3       1   B  QuietGame     3.25       68     0     B
514      199    159    33    34     159      40     40      3      3      -2   B  QuietGame     3.25       68     0     B
515      189    149    27    27     149      40     40      0      7       7   A  QuietGame     3.28       68     1     B
518      141    101    31    32     141       0     31      0      6       6   A  Reduction     3.19       68     0     A
517      146    106    18    20     106      40     40      3      2      -2   B  QuietGame     3.20       69     1     A
516      153    113    33    33     153       0     25      0      5       5   A  Reduction     3.26       69     0     A
513      255    215    34    34     215      40     40      1      2       0   B  QuietGame     3.25       68     1     A
519      193    153    31    31     193       0     37      0      7       7   A  Reduction     3.25       68     1     B
520      183    143    33    33     143      40     40      2      3       3   A  QuietGame     3.26       68     0     A
524      149    109    31    33     149       0     18      0      5       5   A  Reduction     3.29       68     0     A
526      139     99    30    31     139       0     16      0      7       7   A  Reduction     3.22       68     0     A
522      179    139    35    35     179       0     30      0      3       3   A  Reduction     3.34       68     0     A
521      197    157    31    31     157      40     40      1      5       5   A  QuietGame     3.32       68     1     B
525      171    131    30    32     131      40     40      0      2       2   A  QuietGame     3.28       68     1     B
527      111     71    11    12      71      40     40      1      3      -2   B  QuietGame     3.18       68     1     A
523      199    159    32    32     159      40     40      0      3       2   A  QuietGame     3.25       68     1     B
529      155    115    35    36     155       0     22      2      2       2   A  Reduction     3.18       68     1     B
528      208    168    32    32     168      40     40      1      3      -2   B  QuietGame     3.15       68     0     B
531      149    109    29    30     109      40     40      0      6       6   A  QuietGame     3.43       68     1     B
530      168    128    32    32     128      40     40      0      3       2   A  QuietGame     3.31       68     0     A
532      186    146    27    27     146      40     40      0      3       1   B  QuietGame     3.29       68     0     B
535      163    123    31    33     163       0     19      0      5       5   A  Reduction     3.10       68     1     B
534      184    144    32    32     144      40     40      3      2      -2   B  QuietGame     3.19       68     0     B
533      193    153    31    33     153      40     40      2      4       3   A  QuietGame     3.22       68     1     B
538      120     80    11    12      80      40     40      1      4      -4   B  QuietGame     3.15       68     0     B
537      146    106    31    32     146       0     26      1      6      -6   B  Reduction     3.25       67     1     A
536      178    138    30    33     178       0     18      1      5      -5   B  Reduction     3.16       67     0     B
542      145    105    30    31     145       0     18      0      7       7   A  Reduction     3.25       67     0     A
539      196    156    27    27     156      40     40      1      3      -3   B  QuietGame     3.38       68     1     A
540      182    142    32    35     142      40     40      4      2       1   B  QuietGame     3.21       67     0     B
543      205    165    31    33     205       0     34      0      5       5   A  Reduction     3.21       67     1     B
541      217    177    30    30     177      40     40      0      3       2   A  QuietGame     3.25       67     1     B
545      155    115    31    32     115      40     40      0      2       2   A  QuietGame     3.24       68     1     B
546      137     97    32    33     137       0     13      0      5       5   A  Reduction     3.19       67     0     A
544      189    149    34    35     189       0     27      0      3       3   A  Reduction     3.22       68     0     A
548      123     83    20    20      83      40     40      2      2       2   A  QuietGame     3.24       68     0     A
547      172    132    30    31     132      40     40      0      6       5   A  QuietGame     3.13       67     1     B
549      142    102    33    34     142       0     21      1      4      -4   B  Reduction     3.25       68     1     A
550      131     91    12    12      91      40     40      0      2       2   A  QuietGame     3.28       68     0     A
554      137     97    27    28     137       0     11      0     10      10   A  Reduction     3.24       67     0     A
553      148    108    34    34     148       0     17      1      4      -4   B  Reduction     3.28       68     1     A
555      123     83    19    19      83      40     40      0      3       3   A  QuietGame     3.27       67     1     B
552      174    134    33    35     174       0     35      0      3      -3   B  Reduction     3.34       68     0     B
551      199    159    33    33     159      40     40      4      3       3   A  QuietGame     3.32       68     1     B
558      102     62    15    15      62      40     40      0      2       1   B  QuietGame     3.15       68     0     B
556      164    124    20    22     124      40     40      0      7       6   A  QuietGame     3.04       68     0     A
557      195    155    30    31     155      40     40      0      5       5   A  QuietGame     3.12       68     1     B
561      129     89    20    20      89      40     40      1      2       0   B  QuietGame     3.12       68     1     A
559      139     99    31    32     139       0     18      0      6       6   A  Reduction     3.32       68     1     B
562      132     92    20    20      92      40     40      1      4      -4   B  QuietGame     3.21       67     0     B
564      190    150    34    35     190       0     16      3      3      -3   B  Reduction     3.18       67     0     B
565      176    136    35    35     136      40     40      0      3       1   B  QuietGame     3.36       67     1     A
560      269    229    35    36     269       0     36      0      2       2   A  Reduction     3.13       68     0     A
566      188    148    30    33     148      40     40      2      2       1   B  QuietGame     3.18       67     0     B
569      170    130    27    29     130      40     40      1      7      -7   B  QuietGame     3.15       68     1     A
563      285    245    32    32     245      40     40      3      2       0   B  QuietGame     3.21       67     1     A
568      206    166    34    35     166      40     40      6      2       1   B  QuietGame     3.18       68     0     B
567      219    179    33    35     219       0     31      0      3       3   A  Reduction     3.16       67     1     B
570      166    126    32    34     166       0     19      1      4      -4   B  Reduction     3.06       68     0     B
571      161    121    27    28     161       0     39      0     10      10   A  Reduction     3.12       68     1     B
577       96     56    13    14      56      40     40      2      1       0   B  QuietGame     3.12       68     1     A
573      171    131    31    31     131      40     40      1      2      -1   B  QuietGame     3.32       68     1     A
576      142    102    31    34     142       0     13      3      4      -4   B  Reduction     3.18       68     0     B
572      205    165    34    35     165      40     40      0      2       1   B  QuietGame     3.44       68     0     B
574      196    156    30    30     156      40     40      1      6      -6   B  QuietGame     3.25       67     0     B
575      203    163    33    33     203       0     32      0      5       5   A  Reduction     3.31       67     1     B
578      185    145    31    31     145      40     40      0      5       5   A  QuietGame     3.22       68     0     A
580      178    138    28    28     138      40     40      1      3      -2   B  QuietGame     3.26       68     0     B
582      158    118    35    36     158       0     31      1      2      -2   B  Reduction     3.18       68     0     B
583      167    127    32    32     127      40     40      0      2       2   A  QuietGame     3.16       68     1     B
584      140    100    27    28     100      40     40      1      3      -2   B  QuietGame     3.25       68     0     B
579      231    191    32    34     191      40     40      3      3       0   B  QuietGame     3.22       68     1     A
581      204    164    31    31     164      40     40      0      2       1   B  QuietGame     3.25       68     1     A
585      201    161    33    33     161      40     40      2      2       1   B  QuietGame     3.26       68     1     A
586      170    130    33    35     170       0     26      3      3      -3   B  Reduction     3.10       68     0     B
588      170    130    33    33     130      40     40      0      4       3   A  QuietGame     3.32       68     0     A
589      167    127    30    31     127      40     40      0      5       5   A  QuietGame     3.26       68     1     B
590      170    130    33    33     130      40     40      2      2       1   B  QuietGame     3.18       68     0     B
591      170    130    33    33     130      40     40      2      2       1   B  QuietGame     3.18       68     1     A
587      217    177    29    30     177      40     40      0      4       4   A  QuietGame     3.16       68     1     B
593      161    121    32    32     161       0     29      0      6       6   A  Reduction     3.18       68     1     B
592      211    171    33    34     211       0     26      2      4       4   A  Reduction     3.13       68     0     A
595      117     77    22    22      77      40     40      0      2       2   A  QuietGame     3.24       67     1     B
594      187    147    29    29     147      40     40      1      5       5   A  QuietGame     3.31       67     0     A
597      160    120    32    33     120      40     40      1      2      -1   B  QuietGame     3.25       68     1     A
599      166    126    33    33     126      40     40      1      2      -1   B  QuietGame     3.28       68     1     A
598      190    150    35    35     190       0     35      1      3      -3   B  Reduction     3.29       68     0     B
602      109     69    20    21      69      40     40      2      2       1   B  QuietGame     3.09       68     0     B
596      236    196    33    34     196      40     40      2      2       0   B  QuietGame     3.37       68     0     B
601      180    140    27    31     140      40     40      0      2       1   B  QuietGame     3.16       67     1     A
600      196    156    31    31     156      40     40      2      2       1   B  QuietGame     3.24       67     0     B
603      173    133    34    35     173       0     31      4      3       3   A  Reduction     3.28       68     1     B
604      156    116    29    31     116      40     40      2      4       3   A  QuietGame     3.13       68     0     A
605      145    105    33    34     145       0     16      0      4       4   A  Reduction     3.24       68     1     B
608      130     90    16    16      90      40     40      1      6      -6   B  QuietGame     3.25       68     0     B
609      123     83    35    36     123       0     14      2      2       2   A  Reduction     3.25       68     1     B
606      202    162    36    36     202       0     20      1      2      -2   B  Reduction     3.35       66     0     B
607      204    164    26    27     164      40     40      0      5       3   A  QuietGame     3.23       66     1     B
610      157    117    34    35     157       0     21      0      3       3   A  Reduction     3.18       68     0     A
611      168    128    33    34     168       0     21      3      4      -4   B  Reduction     3.19       68     1     A
614      153    113    25    27     113      40     40      0      9       9   A  QuietGame     3.22       68     0     A
615      147    107    35    35     147       0     17      0      3       3   A  Reduction     3.38       68     1     B
612      212    172    33    34     172      40     40      2      2       0   B  QuietGame     3.26       68     0     B
613      228    188    32    34     188      40     40      1      3      -2   B  QuietGame     3.16       68     1     A
619      119     79    28    29     119       0     21      0      9       9   A  Reduction     3.16       69     1     B
617      187    147    31    33     147      40     40      2      2       1   B  QuietGame     3.19       67     1     A
618      185    145    32    32     145      40     40      1      3      -2   B  QuietGame     3.33       69     0     B
616      234    194    35    35     194      40     40      3      2      -1   B  QuietGame     3.27       67     0     B

games                620
mean plies           171.3   (movement 131.3)
mean captures        29.3
mean removals        30.2
mean dead tail       26.6   plies after the last capture or removal
mean longest quiet   34.6
mean lead changes    1.2   (315 of 620 games had any)
mean peak margin     3.7
mean final margin    3.2   (absolute)
ended by quiet game  412  (66%)
ended by reduction   207  (33%)
ended by immobilize  1  (0%)
won by A / B         337 / 283
mean depth           3.22   (over 42040 searched opening plies)
wall clock           6162.99 s

weight-set A wins    307 / 620  (49.5%)   [as P0: 167/310, as P1: 140/310]
weight-set B wins    313 / 620
quiet-game share     A-wins 64.2%   B-wins 68.7%   all 66.5%
95% threshold        wins >= 331 of 620 (one-sided): neither side significant
csv line appended to doc\bench\sweeps\2026-08-24\confirm.csv

wins 307/620 (threshold 331), quiet 66.45% (limit 75.5%), captures 29.33 (floor 26.163)
REJECT: no significant strength gain.
sweep stage 'confirm' -> doc/bench/sweeps/2026-08-24
>> ./cmake-build-release/latrunculi_game/latrunculi_bench.exe pairs=310 ms=500 seed=777001 threads=8 rows=8 columns=10 perside=20 csv=doc\bench\sweeps\2026-08-24\confirm.csv wA.threat=0.25 wA.pair=0.02 wA.mobility=0.02 wA.centre=0.2 wA.vulnerableAxes=-0.03 wA.oneMoveCapturable=-0.9 wA.spearheadPairs=0.6 wA.diagonalSupport=0.06 wA.deniedSquares=0.04 wA.strikers=0.05 wA.notchExposure=-0.12 wB.threat=0.25 wB.pair=0.02 wB.mobility=0.02 wB.centre=0.05 wB.vulnerableAxes=-0.03 wB.oneMoveCapturable=-0.9 wB.spearheadPairs=0.15 wB.diagonalSupport=0.06 wB.deniedSquares=0.04 wB.strikers=0.05 wB.notchExposure=-0.12
Latrunculi bench: 310 mirrored A-vs-B pairs (620 games), 8x10, 20 per side, slide, convex payoff, komi 1.5, policy placement, 500 ms per searched ply, 8 threads
base seed: 777001  (pair p uses seed base+p; even game index = set A as P0)
XML: not saved   memory tracking level: 0

game   plies  moveP  capt  remv lastAct    tail  quiet   lead   peak  margin win  reason    depth    srchd  AasP  wSet
6        104     64    13    14      64      40     40      4      1       0   B  QuietGame     3.19       68     0     B
7        122     82    12    14      82      40     40      0      3       2   A  QuietGame     3.16       68     1     B
3        126     86    17    17      86      40     40      2      2       1   B  QuietGame     3.28       67     1     A
1        141    101    29    29     101      40     40      5      2      -1   B  QuietGame     3.46       68     1     A
0        145    105    30    32     145       0     24      0      6       6   A  Reduction     3.32       68     0     A
2        172    132    29    29     132      40     40      1      3      -3   B  QuietGame     3.37       67     0     B
5        181    141    32    33     141      40     40      2      3       1   B  QuietGame     3.34       68     1     A
11        98     58    12    12      58      40     40      0      3       2   A  QuietGame     3.21       67     1     B
4        236    196    32    32     196      40     40      0      5       4   A  QuietGame     3.31       68     0     A
8        175    135    35    35     175       0     26      0      3       3   A  Reduction     3.37       68     0     A
12       149    109    33    33     149       0     19      0      5       5   A  Reduction     3.32       68     0     A
13       173    133    32    34     133      40     40      3      3       0   B  QuietGame     3.19       68     1     A
9        226    186    34    35     186      40     40      4      2       1   B  QuietGame     3.24       68     1     A
10       227    187    25    27     187      40     40      0      9       9   A  QuietGame     3.24       67     0     A
15       142    102    31    31     102      40     40      2      2       1   B  QuietGame     3.35       68     1     A
14       192    152    33    34     152      40     40      2      2       0   B  QuietGame     3.25       68     0     B
16       175    135    30    30     135      40     40      2      2       2   A  QuietGame     3.41       68     0     A
17       150    110    31    32     150       0     24      3      6      -6   B  Reduction     3.34       68     1     A
18       144    104    24    25     104      40     40      0      3       1   B  QuietGame     3.40       68     0     B
21       149    109    35    35     149       0     11      0      3       3   A  Reduction     3.27       67     1     B
26       105     65    16    17      65      40     40      0      3       3   A  QuietGame     3.21       68     0     A
19       193    153    30    30     153      40     40      0      6       6   A  QuietGame     3.32       68     1     B
22       185    145    34    34     145      40     40      1      2       0   B  QuietGame     3.34       68     0     B
23       185    145    34    34     145      40     40      5      1       0   B  QuietGame     3.37       68     1     A
20       230    190    31    31     190      40     40      2      6       5   A  QuietGame     3.24       67     0     A
25       182    142    30    32     142      40     40      1      4      -4   B  QuietGame     3.18       68     1     A
24       191    151    28    31     151      40     40      0      5       5   A  QuietGame     3.25       68     0     A
27       159    119    30    31     119      40     40      2      1       1   B  QuietGame     3.21       68     1     A
28       133     93    17    17      93      40     40      1      2      -1   B  QuietGame     3.25       68     0     B
31       117     77    14    15      77      40     40      0      3       3   A  QuietGame     3.22       67     1     B
30       144    104    31    32     104      40     40      0      3       2   A  QuietGame     3.27       67     0     A
32       162    122    32    33     122      40     40      3      2      -1   B  QuietGame     3.32       68     0     B
29       219    179    36    36     179      40     40      9      2       0   B  QuietGame     3.29       68     1     A
35       112     72    14    15      72      40     40      3      1      -1   B  QuietGame     3.13       67     1     A
34       162    122    25    27     122      40     40      0      4       3   A  QuietGame     3.30       67     0     A
33       188    148    33    33     148      40     40      3      3      -3   B  QuietGame     3.34       68     1     A
36       183    143    30    32     143      40     40      0      4       4   A  QuietGame     3.19       68     0     A
39       108     68    17    18      68      40     40      2      2       0   B  QuietGame     3.19       68     1     A
42       122     82    15    16      82      40     40      1      2      -2   B  QuietGame     3.13       67     0     B
38       235    195    33    34     195      40     40      2      2       2   A  QuietGame     3.31       68     0     A
40       193    153    32    33     153      40     40      2      3       3   A  QuietGame     3.13       67     0     A
37       301    261    34    35     261      40     40      1      3      -1   B  QuietGame     3.22       68     1     A
43       191    151    29    29     151      40     40      1      6      -5   B  QuietGame     3.28       67     1     A
41       220    180    33    33     180      40     40      5      3      -3   B  QuietGame     3.37       67     1     A
44       187    147    33    34     147      40     40      2      3       2   A  QuietGame     3.38       68     0     A
48       107     67    10    12      67      40     40      0      2       2   A  QuietGame     3.12       68     0     A
46       192    152    23    24     152      40     40      0      3       2   A  QuietGame     3.24       68     0     A
47       153    113    33    34     153       0     21      4      4       4   A  Reduction     3.18       68     1     B
50       111     71    27    29     111       0      9      0      9       9   A  Reduction     3.21       68     0     A
45       275    235    35    36     235      40     40      3      2       0   B  QuietGame     3.29       68     1     A
51       193    153    30    31     153      40     40      2      3       3   A  QuietGame     3.22       68     1     B
49       213    173    30    30     173      40     40      2      3       2   A  QuietGame     3.43       68     1     B
55       144    104    29    31     104      40     40      0      6       5   A  QuietGame     3.16       68     1     B
52       211    171    28    29     211       0     35      0      9       9   A  Reduction     3.35       68     0     A
54       169    129    34    34     169       0     31      4      4       4   A  Reduction     3.28       68     0     A
57       128     88    33    35     128       0     23      1      3      -3   B  Reduction     3.25       68     1     A
53       203    163    32    32     163      40     40      3      1       0   B  QuietGame     3.37       68     1     A
58       112     72     9    10      72      40     40      0      5       4   A  QuietGame     3.15       68     0     A
59       138     98    13    13      98      40     40      0      2       1   B  QuietGame     3.12       68     1     A
56       257    217    35    35     217      40     40      3      2      -1   B  QuietGame     3.31       68     0     B
60       145    105    34    34     145       0     11      4      4       4   A  Reduction     3.31       68     0     A
61       151    111    30    31     151       0     25      0      7       7   A  Reduction     3.37       68     1     B
64       168    128    31    33     128      40     40      2      3       1   B  QuietGame     3.19       67     0     B
65       159    119    28    31     119      40     40      3      2      -1   B  QuietGame     3.31       67     1     A
66       141    101    30    30     101      40     40      0      4       4   A  QuietGame     3.35       68     0     A
63       221    181    35    35     181      40     40      1      2      -1   B  QuietGame     3.25       68     1     A
62       225    185    29    30     185      40     40      0      6       6   A  QuietGame     3.21       68     0     A
68       146    106    33    35     146       0     11      1      3      -3   B  Reduction     3.21       68     0     B
69       137     97    19    21      97      40     40      0      3       3   A  QuietGame     3.25       68     1     B
71       105     65    32    33     105       0      6      0      5       5   A  Reduction     3.37       68     1     B
67       204    164    36    36     204       0     34      1      2      -2   B  Reduction     3.26       68     1     A
70       159    119    27    27     159       0     29      0     11      11   A  Immobilize     3.24       68     0     A
74       147    107    15    15     107      40     40      2      5       5   A  QuietGame     3.28       68     0     A
73       172    132    29    29     172       0     19      1      9      -9   B  Reduction     3.21       67     1     A
76       127     87    34    36     127       0     14      0      2       2   A  Reduction     3.19       68     0     A
75       153    113    29    30     113      40     40      0      6       6   A  QuietGame     3.25       68     1     B
78       125     85    12    13      85      40     40      0      5       5   A  QuietGame     3.24       68     0     A
72       233    193    35    35     193      40     40      6      2       1   B  QuietGame     3.36       67     0     B
77       202    162    31    31     162      40     40      1      2      -1   B  QuietGame     3.32       68     1     A
85        88     48     6     6      48      40     40      0      1       0   B  QuietGame     3.01       67     1     A
79       208    168    33    33     168      40     40      2      3       1   B  QuietGame     3.32       68     1     A
83       155    115    32    32     115      40     40      3      2       0   B  QuietGame     3.29       68     1     A
81       174    134    31    32     134      40     40      2      5       4   A  QuietGame     3.22       68     1     B
80       221    181    35    35     221       0     35      0      3       3   A  Reduction     3.22       68     0     A
82       206    166    31    34     166      40     40      2      3       2   A  QuietGame     3.07       68     0     A
84       190    150    30    31     150      40     40      0      6       5   A  QuietGame     3.16       67     0     A
86       150    110    24    26     110      40     40      0      5       4   A  QuietGame     3.21       68     0     A
90       102     62    13    14      62      40     40      0      4       2   A  QuietGame     3.04       67     0     A
92       115     75    34    34     115       0      8      2      4       4   A  Reduction     3.29       68     0     A
88       192    152    36    36     192       0     36      3      2      -2   B  Reduction     3.17       69     0     B
91       150    110    27    29     110      40     40      3      2      -1   B  QuietGame     3.25       67     1     A
87       205    165    32    33     165      40     40      2      3       3   A  QuietGame     3.24       68     1     B
89       180    140    34    34     140      40     40      4      1       0   B  QuietGame     3.28       69     1     A
93       179    139    33    33     139      40     40      5      2      -1   B  QuietGame     3.24       68     1     A
94       156    116    34    34     156       0     13      1      4      -4   B  Reduction     3.23       69     0     B
95       139     99    24    24      99      40     40      5      1       0   B  QuietGame     3.36       69     1     A
97       123     83    26    27     123       0     11      0     11      11   A  Reduction     3.28       67     1     B
96       146    106    21    23     106      40     40      1      2      -1   B  QuietGame     3.19       67     0     B
99       166    126    34    34     126      40     40      1      2      -2   B  QuietGame     3.25       67     1     A
102      142    102    25    25     102      40     40      0      4       3   A  QuietGame     3.24       68     0     A
100      195    155    30    30     155      40     40      0      5       4   A  QuietGame     3.31       68     0     A
104       94     54    11    12      54      40     40      0      2       0   B  QuietGame     2.94       68     0     B
101      170    130    26    28     130      40     40      0      7       6   A  QuietGame     3.28       68     1     B
98       230    190    36    36     190      40     40      4      2       0   B  QuietGame     3.21       67     0     B
103      211    171    33    33     211       0     36      0      5       5   A  Reduction     3.29       68     1     B
107      106     66    10    10      66      40     40      2      1       0   B  QuietGame     3.10       68     1     A
108      103     63     8     8      63      40     40      0      2       2   A  QuietGame     3.09       68     0     A
105      188    148    32    33     148      40     40      0      2       1   B  QuietGame     3.29       68     1     A
106      150    110    28    30     110      40     40      4      2       0   B  QuietGame     3.28       68     0     B
110      119     79    16    18      79      40     40      0      4       4   A  QuietGame     3.18       67     0     A
111      166    126    35    35     126      40     40      0      2       1   B  QuietGame     3.21       67     1     A
109      202    162    27    27     162      40     40      1      7      -7   B  QuietGame     3.29       68     1     A
112      183    143    31    32     143      40     40      1      3       0   B  QuietGame     3.26       68     0     B
115      155    115    26    27     155       0     33      0     11      11   A  Reduction     3.28       68     1     B
113      180    140    33    33     180       0     28      1      5      -5   B  Reduction     3.22       68     1     A
116      163    123    36    36     163       0      9      0      2       2   A  Reduction     3.25       68     0     A
114      187    147    31    31     147      40     40      0      5       5   A  QuietGame     3.28       68     0     A
117      187    147    30    30     147      40     40      5      1       0   B  QuietGame     3.31       68     1     A
118      151    111    30    31     151       0     14      0      7       7   A  Reduction     3.28       69     0     A
120      101     61    11    12      61      40     40      0      2       2   A  QuietGame     3.15       68     0     A
119      209    169    32    34     169      40     40      3      2       0   B  QuietGame     3.17       69     1     A
121      172    132    32    32     132      40     40      1      2      -2   B  QuietGame     3.35       68     1     A
124      175    135    32    35     175       0     34      0      3       3   A  Reduction     3.37       68     0     A
123      194    154    27    29     154      40     40      3      5      -5   B  QuietGame     3.35       68     1     A
122      214    174    29    30     174      40     40      0      7       6   A  QuietGame     3.43       68     0     A
125      179    139    33    33     139      40     40      3      2      -1   B  QuietGame     3.34       68     1     A
127      189    149    33    33     149      40     40      1      4      -3   B  QuietGame     3.30       67     1     A
126      202    162    31    32     162      40     40      4      1       0   B  QuietGame     3.31       67     0     B
128      171    131    18    19     131      40     40      0      7       7   A  QuietGame     3.21       66     0     A
129      177    137    35    35     137      40     40      1      2      -1   B  QuietGame     3.30       66     1     A
132      176    136    33    33     136      40     40      0      4       3   A  QuietGame     3.32       68     0     A
131      208    168    31    32     168      40     40      8      1       0   B  QuietGame     3.25       68     1     A
130      221    181    31    35     181      40     40      2      3       1   B  QuietGame     3.16       68     0     B
135      142    102    32    33     142       0     11      3      5      -5   B  Reduction     3.29       68     1     A
137       93     53     8     8      53      40     40      1      1       0   B  QuietGame     3.19       68     1     A
133      201    161    28    29     161      40     40      0      7       7   A  QuietGame     3.40       68     1     B
136      153    113    34    34     153       0     31      0      4       4   A  Reduction     3.35       68     0     A
134      198    158    33    35     198       0     29      1      3      -3   B  Reduction     3.16       68     0     B
139      149    109    31    32     109      40     40      0      3       2   A  QuietGame     3.33       69     1     B
140      166    126    33    33     126      40     40      0      4       3   A  QuietGame     3.44       68     0     A
142      163    123    26    28     123      40     40      0      3       2   A  QuietGame     3.25       67     0     A
141      199    159    28    30     159      40     40      0      3       2   A  QuietGame     3.26       68     1     B
143      186    146    33    33     186       0     39      1      5      -5   B  Reduction     3.18       67     1     A
138      248    208    32    32     208      40     40      3      3       2   A  QuietGame     3.39       69     0     A
146      111     71    30    31     111       0     15      0      7       7   A  Reduction     3.30       67     0     A
144      199    159    36    36     159      40     40      3      2       0   B  QuietGame     3.31       68     0     B
145      235    195    33    34     195      40     40      1      3      -2   B  QuietGame     3.18       68     1     A
149      119     79    13    13      79      40     40      4      1       1   B  QuietGame     3.29       68     1     A
148      162    122    33    33     122      40     40      0      2       1   B  QuietGame     3.34       68     0     B
147      176    136    31    32     136      40     40      0      3       2   A  QuietGame     3.24       67     1     B
153      131     91    24    24      91      40     40      0      8       8   A  QuietGame     3.34       67     1     B
150      187    147    26    26     147      40     40      0      2       2   A  QuietGame     3.28       68     0     A
151      179    139    26    26     139      40     40      0      7      -6   B  QuietGame     3.28       68     1     A
154      159    119    25    27     119      40     40      0      7       7   A  QuietGame     3.24       67     0     A
152      225    185    27    27     185      40     40      0      5       5   A  QuietGame     3.24       67     0     A
155      177    137    29    33     137      40     40      2      3       3   A  QuietGame     3.28       67     1     B
157      172    132    29    29     132      40     40      5      1      -1   B  QuietGame     3.21       68     1     A
156      194    154    31    31     154      40     40      4      4       3   A  QuietGame     3.31       68     0     A
158      173    133    25    26     133      40     40      0      8       8   A  QuietGame     3.31       68     0     A
160      169    129    33    33     169       0     33      0      5       5   A  Reduction     3.29       68     0     A
163      106     66    16    16      66      40     40      0      3       2   A  QuietGame     3.16       67     1     B
161      151    111    32    33     111      40     40      0      3       3   A  QuietGame     3.24       68     1     B
159      204    164    33    35     164      40     40      3      2      -1   B  QuietGame     3.25       68     1     A
164      186    146    34    34     146      40     40      2      2       0   B  QuietGame     3.16       68     0     B
167      122     82    16    16      82      40     40      4      1       0   B  QuietGame     3.23       69     1     A
166      158    118    34    34     158       0     30      1      4      -4   B  Reduction     3.33       69     0     B
162      237    197    30    31     197      40     40      0      5       5   A  QuietGame     3.22       67     0     A
168      136     96    10    11      96      40     40      1      2      -1   B  QuietGame     3.21       68     0     B
165      228    188    31    31     188      40     40      1      5      -5   B  QuietGame     3.25       68     1     A
170      159    119    36    36     159       0     22      0      3       2   A  Reduction     3.32       68     0     A
169      210    170    32    32     170      40     40      2      3       2   A  QuietGame     3.24       68     1     B
171      122     82    27    27      82      40     40      3      1      -1   B  QuietGame     3.34       68     1     A
175      137     97    28    28      97      40     40      0      4       4   A  QuietGame     3.15       68     1     B
172      167    127    31    31     127      40     40      3      2      -1   B  QuietGame     3.30       67     0     B
174      178    138    27    28     138      40     40      2      3       2   A  QuietGame     3.26       68     0     A
177      163    123    32    34     123      40     40      1      3      -2   B  QuietGame     3.16       67     1     A
173      214    174    34    35     174      40     40      1      1      -1   B  QuietGame     3.37       67     1     A
178      134     94    35    35     134       0     29      3      3      -3   B  Reduction     3.35       68     0     B
176      193    153    29    29     153      40     40      0      7       7   A  QuietGame     3.22       67     0     A
181      104     64    12    12      64      40     40      0      1       0   B  QuietGame     3.18       68     1     A
179      185    145    34    34     145      40     40      3      2       0   B  QuietGame     3.32       68     1     A
186      101     61    11    11      61      40     40      0      1       1   B  QuietGame     3.13       68     0     B
183      168    128    32    34     168       0     29      3      4      -4   B  Reduction     3.21       68     1     A
180      242    202    28    29     202      40     40      6      2       1   B  QuietGame     3.22       68     0     B
184      179    139    29    32     139      40     40      0      4       4   A  QuietGame     3.20       69     0     A
187      174    134    34    34     174       0     13      1      4      -4   B  Reduction     3.49       68     1     A
188      155    115    34    35     115      40     40      6      1       1   B  QuietGame     3.19       68     0     B
182      254    214    35    35     214      40     40      5      2      -1   B  QuietGame     3.34       68     0     B
185      221    181    35    35     181      40     40      1      2      -1   B  QuietGame     3.33       69     1     A
189      179    139    32    33     139      40     40      2      3       3   A  QuietGame     3.31       68     1     B
191      143    103    34    34     143       0     24      0      4       4   A  Reduction     3.24       67     1     B
194      106     66    14    15      66      40     40      0      3       1   B  QuietGame     3.19       68     0     B
192      166    126    30    32     126      40     40      0      5       4   A  QuietGame     3.16       68     0     A
190      201    161    26    28     161      40     40      0      8       8   A  QuietGame     3.18       67     0     A
193      165    125    30    31     125      40     40      2      2       1   B  QuietGame     3.28       68     1     A
196      157    117    30    31     117      40     40      0      4       3   A  QuietGame     3.22       68     0     A
198      126     86    16    16      86      40     40      1      2      -2   B  QuietGame     3.22       69     0     B
195      227    187    32    34     187      40     40      1      3      -2   B  QuietGame     3.15       68     1     A
197      187    147    33    33     147      40     40      1      4      -3   B  QuietGame     3.40       68     1     A
203      104     64    10    10      64      40     40      0      1       0   B  QuietGame     3.06       68     1     A
200      164    124    35    36     164       0     15      1      3      -2   B  Reduction     3.24       68     0     B
199      209    169    30    31     169      40     40      1      4      -3   B  QuietGame     3.20       69     1     A
202      189    149    33    34     149      40     40      0      2       2   A  QuietGame     3.28       68     0     A
205      116     76    18    18      76      40     40      0      1       0   B  QuietGame     3.21       68     1     A
201      230    190    31    32     190      40     40      0      5       4   A  QuietGame     3.25       68     1     B
204      185    145    32    33     145      40     40      5      2      -1   B  QuietGame     3.13       68     0     B
207      137     97    26    27      97      40     40      1      2      -1   B  QuietGame     3.30       69     1     A
208      134     94    33    33     134       0     13      5      5      -5   B  Reduction     3.39       67     0     B
206      188    148    31    33     148      40     40      3      2      -1   B  QuietGame     3.33       69     0     B
210      156    116    23    25     116      40     40      0      3       1   B  QuietGame     3.12       68     0     B
209      199    159    33    35     159      40     40      4      2       1   B  QuietGame     3.28       67     1     A
211      197    157    34    35     197       0     32      1      4       3   A  Reduction     3.28       68     1     B
214      142    102    26    29     102      40     40      3      2      -1   B  QuietGame     3.26       68     0     B
212      200    160    33    33     200       0     21      1      5      -5   B  Reduction     3.25       67     0     B
213      199    159    34    34     199       0     27      0      4       4   A  Reduction     3.31       67     1     B
215      195    155    28    28     155      40     40      1      7      -6   B  QuietGame     3.32       68     1     A
217      137     97    31    33     137       0     12      2      5       5   A  Reduction     3.34       67     1     B
220      113     73    12    15      73      40     40      0      5       5   A  QuietGame     3.01       68     0     A
221       95     55    11    12      55      40     40      0      2       2   A  QuietGame     3.13       68     1     B
216      212    172    35    35     212       0     19      1      3      -3   B  Reduction     3.24       67     0     B
219      148    108    30    32     108      40     40      5      2      -2   B  QuietGame     3.37       67     1     A
218      193    153    30    31     153      40     40      0      5       5   A  QuietGame     3.27       67     0     A
224      139     99    23    24      99      40     40      0      4       4   A  QuietGame     3.24       67     0     A
227      113     73    18    19      73      40     40      1      2      -1   B  QuietGame     3.21       68     1     A
222      180    140    32    33     140      40     40      3      2      -1   B  QuietGame     3.04       68     0     B
223      206    166    35    35     206       0     38      1      3      -3   B  Reduction     3.29       68     1     A
225      166    126    33    34     126      40     40      2      1       0   B  QuietGame     3.28       67     1     A
226      183    143    30    30     143      40     40      2      4       4   A  QuietGame     3.32       68     0     A
228      205    165    34    34     165      40     40      2      2       2   A  QuietGame     3.38       68     0     A
229      208    168    30    32     168      40     40      5      3      -2   B  QuietGame     3.31       68     1     A
230      189    149    28    28     149      40     40      0      5       4   A  QuietGame     3.45       67     0     A
231      186    146    28    29     146      40     40      0      4       3   A  QuietGame     3.15       67     1     B
233      158    118    27    28     118      40     40      3      2      -2   B  QuietGame     3.40       68     1     A
232      193    153    33    34     153      40     40      0      3       2   A  QuietGame     3.26       68     0     A
236      111     71    19    20      71      40     40      0      2       2   A  QuietGame     3.15       68     0     A
235      220    180    28    28     180      40     40      1      6      -6   B  QuietGame     3.22       67     1     A
237      153    113    27    28     113      40     40      0      6       6   A  QuietGame     3.47       68     1     B
234      251    211    33    34     211      40     40      0      3       2   A  QuietGame     3.33       67     0     A
241      144    104    22    23     104      40     40      0      4       1   B  QuietGame     3.35       69     1     A
240      163    123    27    27     123      40     40      0      3       3   A  QuietGame     3.41       69     0     A
242      144    104    32    35     144       0     13      1      3      -3   B  Reduction     3.24       68     0     B
238      195    155    29    31     195       0     23      2      7       7   A  Reduction     3.26       68     0     A
239      205    165    29    31     165      40     40      0      5       5   A  QuietGame     3.10       68     1     B
244      152    112    29    30     112      40     40      0      3       2   A  QuietGame     3.21       68     0     A
249      104     64    15    16      64      40     40      2      2       0   B  QuietGame     3.13       68     1     A
243      185    145    35    35     185       0     28      2      3       3   A  Reduction     3.34       68     1     B
245      188    148    32    32     148      40     40      3      4      -4   B  QuietGame     3.34       68     1     A
248      147    107    27    28     107      40     40      0      2       2   A  QuietGame     3.19       68     0     A
250      135     95    31    32     135       0     13      0      6       6   A  Reduction     3.24       67     0     A
247      217    177    33    33     177      40     40      0      4       3   A  QuietGame     3.22       68     1     B
246      235    195    34    34     195      40     40      3      2       0   B  QuietGame     3.25       68     0     B
251      145    105    32    34     145       0     15      0      4       4   A  Reduction     3.21       67     1     B
255      101     61    11    12      61      40     40      1      1       0   B  QuietGame     3.06       67     1     A
253      149    109    26    27     109      40     40      2      2       1   B  QuietGame     3.24       68     1     A
252      187    147    35    36     187       0     18      4      2       2   A  Reduction     3.18       68     0     A
256      163    123    28    30     123      40     40      0      6       6   A  QuietGame     3.19       68     0     A
261       91     51     7     8      51      40     40      0      2       2   A  QuietGame     3.07       67     1     B
258      137     97    26    26      97      40     40      0      4       4   A  QuietGame     3.24       68     0     A
254      238    198    35    35     198      40     40      2      2       1   B  QuietGame     3.15       67     0     B
257      164    124    31    31     124      40     40      0      6       5   A  QuietGame     3.25       68     1     B
260      198    158    32    32     158      40     40      0      5       4   A  QuietGame     3.21       67     0     A
259      221    181    34    36     181      40     40      7      1       0   B  QuietGame     3.16       68     1     A
263      144    104    23    24     144       0     25      1     11     -11   B  Immobilize     3.28       68     1     A
267       98     58    14    14      58      40     40      1      2      -2   B  QuietGame     3.28       67     1     A
262      203    163    32    33     163      40     40      0      3       3   A  QuietGame     3.34       68     0     A
265      159    119    29    29     159       0     23      0      9       9   A  Reduction     3.37       68     1     B
264      184    144    29    30     144      40     40      0      5       4   A  QuietGame     3.40       68     0     A
268      114     74    34    34     114       0      8      1      5      -4   B  Reduction     3.26       68     0     B
266      192    152    34    34     152      40     40      2      3       2   A  QuietGame     3.30       67     0     A
271      111     71    15    15      71      40     40      1      2      -1   B  QuietGame     3.22       68     1     A
270      173    133    34    34     173       0     16      0      4       4   A  Reduction     3.28       68     0     A
276       96     56     5     5      56      40     40      1      1      -1   B  QuietGame     3.04       68     0     B
269      227    187    33    35     187      40     40      2      2       1   B  QuietGame     3.29       68     1     A
273      173    133    27    29     133      40     40      0      7       7   A  QuietGame     3.21       68     1     B
272      208    168    34    34     168      40     40      0      3       2   A  QuietGame     3.32       68     0     A
274      199    159    28    29     159      40     40      0      3       3   A  QuietGame     3.28       68     0     A
277      177    137    32    33     137      40     40      1      2      -1   B  QuietGame     3.32       68     1     A
275      214    174    31    31     174      40     40      2      4       3   A  QuietGame     3.50       68     1     B
279      128     88    21    21      88      40     40      2      2       1   B  QuietGame     3.25       67     1     A
278      156    116    32    32     116      40     40      2      2       0   B  QuietGame     3.22       67     0     B
280      137     97    34    34     137       0     14      0      4       4   A  Reduction     3.29       68     0     A
281      137     97    17    17      97      40     40      1      2      -1   B  QuietGame     3.28       68     1     A
284      133     93    32    33     133       0     10      0      5       5   A  Reduction     3.24       67     0     A
283      181    141    33    33     181       0     39      0      5       5   A  Reduction     3.26       69     1     B
285      170    130    34    34     170       0     24      1      4      -4   B  Reduction     3.39       67     1     A
286      183    143    31    32     143      40     40      0      4       4   A  QuietGame     3.26       68     0     A
282      245    205    33    34     245       0     37      4      4       4   A  Reduction     3.16       69     0     A
287      190    150    30    31     150      40     40      3      5      -5   B  QuietGame     3.18       68     1     A
288      178    138    32    32     138      40     40      2      5       4   A  QuietGame     3.28       68     0     A
289      174    134    30    31     134      40     40      4      4       3   A  QuietGame     3.21       68     1     B
290      188    148    34    35     188       0     33      3      3      -3   B  Reduction     3.31       67     0     B
297      123     83    17    19      83      40     40      2      2       1   B  QuietGame     3.25       67     1     A
291      232    192    32    32     192      40     40      0      3       2   A  QuietGame     3.30       67     1     B
294      195    155    27    29     155      40     40      0      5       5   A  QuietGame     3.22       68     0     A
293      211    171    33    33     211       0     31      0      5       5   A  Reduction     3.44       68     1     B
292      234    194    33    33     194      40     40      1      3      -3   B  QuietGame     3.41       68     0     B
296      186    146    31    32     146      40     40      0      5       4   A  QuietGame     3.30       67     0     A
295      218    178    34    34     178      40     40      4      2       0   B  QuietGame     3.46       68     1     A
299      114     74    19    19      74      40     40      0      4       3   A  QuietGame     3.18       67     1     B
302      129     89    12    13      89      40     40      0      2       1   B  QuietGame     3.19       67     0     B
303      131     91    30    31     131       0     29      2      7       7   A  Reduction     3.25       67     1     B
298      234    194    34    35     194      40     40      5      2      -1   B  QuietGame     3.21       67     0     B
304      153    113    21    22     113      40     40      0     10      10   A  QuietGame     3.21       68     0     A
301      204    164    30    30     164      40     40      0      7       6   A  QuietGame     3.30       67     1     B
300      216    176    28    29     176      40     40      1      2      -1   B  QuietGame     3.28       67     0     B
305      180    140    33    34     140      40     40      2      3       2   A  QuietGame     3.29       68     1     B
306      200    160    29    31     160      40     40      0      4       3   A  QuietGame     3.22       68     0     A
311      101     61    12    14      61      40     40      0      2       2   A  QuietGame     3.09       68     1     B
309      171    131    36    36     131      40     40      5      2       0   B  QuietGame     3.31       67     1     A
308      190    150    31    32     150      40     40      0      5       4   A  QuietGame     3.42       67     0     A
307      206    166    33    36     166      40     40      6      2       0   B  QuietGame     3.28       68     1     A
310      177    137    27    30     137      40     40      0      6       6   A  QuietGame     3.15       68     0     A
312      163    123    30    31     123      40     40      4      2       1   B  QuietGame     3.25       69     0     B
313      193    153    34    34     193       0     29      2      4       4   A  Reduction     3.33       69     1     B
316      124     84    16    16      84      40     40      0      5       4   A  QuietGame     3.19       68     0     A
315      152    112    28    29     112      40     40      1      7      -7   B  QuietGame     3.34       68     1     A
314      214    174    29    31     174      40     40      0      6       5   A  QuietGame     3.15       68     0     A
319      151    111    28    29     111      40     40      2      2       1   B  QuietGame     3.31       68     1     A
317      178    138    28    30     138      40     40      3      2      -2   B  QuietGame     3.19       68     1     A
320      155    115    29    29     115      40     40      2      2       1   B  QuietGame     3.40       68     0     B
318      191    151    32    33     191       0     36      0      5       5   A  Reduction     3.29       68     0     A
323      150    110    33    34     110      40     40      4      2       0   B  QuietGame     3.45       67     1     A
322      170    130    19    21     130      40     40      0      2       1   B  QuietGame     3.18       67     0     B
321      214    174    31    31     174      40     40      5      5      -5   B  QuietGame     3.34       68     1     A
325      172    132    32    32     132      40     40      1      4      -4   B  QuietGame     3.29       68     1     A
324      195    155    36    36     195       0     32      4      2       2   A  Reduction     3.28       68     0     A
326      202    162    29    30     162      40     40      0      5       4   A  QuietGame     3.39       67     0     A
328      203    163    30    31     163      40     40      0      3       3   A  QuietGame     3.09       68     0     A
327      229    189    36    36     189      40     40      3      3       0   B  QuietGame     3.45       67     1     A
331      156    116    29    30     116      40     40      1      6      -6   B  QuietGame     3.24       68     1     A
333      131     91    29    30      91      40     40      0      4       4   A  QuietGame     3.24       68     1     B
329      213    173    34    36     173      40     40      5      2       0   B  QuietGame     3.18       68     1     A
335      107     67    11    11      67      40     40      2      1       1   B  QuietGame     3.07       68     1     A
332      186    146    28    29     146      40     40      0      6       5   A  QuietGame     3.28       68     0     A
334      162    122    19    20     122      40     40      0      2       0   B  QuietGame     3.21       68     0     B
330      278    238    36    36     238      40     40      2      2       0   B  QuietGame     3.40       68     0     B
337      129     89    16    16      89      40     40      0      2       2   A  QuietGame     3.12       68     1     B
338      137     97    31    32     137       0     31      0      6       6   A  Reduction     3.29       68     0     A
339      153    113    34    34     153       0     15      0      4       4   A  Reduction     3.34       68     1     B
336      220    180    29    30     180      40     40      0      3       2   A  QuietGame     3.29       68     0     A
344      126     86    18    20      86      40     40      0      3       2   A  QuietGame     3.09       68     0     A
341      185    145    28    29     145      40     40      1      8      -7   B  QuietGame     3.33       67     1     A
340      207    167    29    32     167      40     40      2      4       4   A  QuietGame     3.36       67     0     A
342      189    149    34    34     149      40     40      3      1       0   B  QuietGame     3.34       68     0     B
343      229    189    36    36     189      40     40      1      2       0   B  QuietGame     3.24       68     1     A
347      165    125    30    30     125      40     40      1      3      -2   B  QuietGame     3.22       68     1     A
349      113     73    13    15      73      40     40      0      5       5   A  QuietGame     3.04       67     1     B
346      190    150    32    32     150      40     40      1      4      -4   B  QuietGame     3.18       68     0     B
345      235    195    34    35     195      40     40      3      2      -1   B  QuietGame     3.32       68     1     A
348      182    142    30    30     142      40     40      0      7       6   A  QuietGame     3.28       67     0     A
350      195    155    30    30     155      40     40      0      6       6   A  QuietGame     3.31       68     0     A
351      203    163    35    35     203       0     37      4      3       3   A  Reduction     3.31       68     1     B
355      146    106    20    20     106      40     40      0      3       2   A  QuietGame     3.28       68     1     B
354      163    123    31    31     123      40     40      0      5       5   A  QuietGame     3.22       68     0     A
352      191    151    34    35     191       0     25      2      3       3   A  Reduction     3.18       68     0     A
357      122     82     8     9      82      40     40      3      1      -1   B  QuietGame     3.10       68     1     A
356      184    144    33    33     184       0     31      0      5      -5   B  Reduction     3.28       68     0     B
358      135     95    31    32     135       0      9      0      6       6   A  Reduction     3.13       68     0     A
353      243    203    34    34     243       0     33      2      4       4   A  Reduction     3.22       68     1     B
361       94     54     7     7      54      40     40      0      2       1   B  QuietGame     3.12       68     1     A
359      149    109    18    19     109      40     40      0      3       3   A  QuietGame     3.43       68     1     B
360      158    118    27    29     118      40     40      0      8       7   A  QuietGame     3.26       68     0     A
362      159    119    28    30     119      40     40      2      6       6   A  QuietGame     3.31       67     0     A
363      199    159    30    30     159      40     40      1      3      -2   B  QuietGame     3.39       67     1     A
368      147    107    29    30     147       0     11      0      8       8   A  Reduction     3.25       68     0     A
364      204    164    32    32     164      40     40      5      2      -2   B  QuietGame     3.39       67     0     B
367      196    156    17    17     156      40     40      0      6       5   A  QuietGame     3.25       68     1     B
365      220    180    34    34     180      40     40      3      2      -2   B  QuietGame     3.36       67     1     A
366      220    180    30    31     180      40     40      0      6       5   A  QuietGame     3.22       68     0     A
370      152    112    23    24     112      40     40      0      5       4   A  QuietGame     3.22       68     0     A
373       95     55     9     9      55      40     40      0      3       3   A  QuietGame     3.21       68     1     B
371      139     99    17    17      99      40     40      0      5       5   A  QuietGame     3.37       68     1     B
369      219    179    36    36     179      40     40      5      1       0   B  QuietGame     3.29       68     1     A
374      152    112    26    28     112      40     40      0      5       4   A  QuietGame     3.15       68     0     A
372      211    171    34    34     171      40     40      4      2       2   A  QuietGame     3.29       68     0     A
375      179    139    33    34     179       0     34      0      4       4   A  Reduction     3.25       68     1     B
376      183    143    34    34     143      40     40      2      2       2   A  QuietGame     3.29       68     0     A
377      183    143    33    34     183       0     33      0      4       4   A  Reduction     3.22       68     1     B
380      162    122    34    34     122      40     40      4      2       0   B  QuietGame     3.42       67     0     B
379      167    127    21    21     127      40     40      0      4       1   B  QuietGame     3.38       68     1     A
378      212    172    33    33     172      40     40      4      2       1   B  QuietGame     3.35       68     0     B
384      102     62     8     9      62      40     40      0      2       1   B  QuietGame     3.12       68     0     B
381      209    169    28    30     169      40     40      4      3       2   A  QuietGame     3.27       67     1     B
386      123     83    11    12      83      40     40      0      4       4   A  QuietGame     3.26       68     0     A
383      203    163    33    35     203       0     28      0      3       3   A  Reduction     3.34       68     1     B
382      215    175    35    36     215       0     34      2      2       2   A  Reduction     3.24       68     0     A
385      194    154    32    32     194       0     28      1      6      -6   B  Reduction     3.24       68     1     A
387      193    153    35    35     193       0     35      4      3       3   A  Reduction     3.37       68     1     B
388      173    133    32    32     133      40     40      0      4       4   A  QuietGame     3.26       68     0     A
389      207    167    33    34     167      40     40      2      2       2   A  QuietGame     3.38       68     1     B
390      169    129    31    32     169       0     15      0      6       6   A  Reduction     3.31       68     0     A
394      131     91    30    31     131       0     20      0      7       7   A  Reduction     3.34       68     0     A
396       97     57    11    13      57      40     40      2      2       1   B  QuietGame     3.04       68     0     B
391      177    137    32    32     137      40     40      1      5      -4   B  QuietGame     3.37       68     1     A
395      132     92    31    31     132       0     17      1      7      -7   B  Reduction     3.41       68     1     A
393      217    177    30    31     177      40     40      6      1       1   B  QuietGame     3.43       68     1     A
392      259    219    24    26     219      40     40      2     10      10   A  QuietGame     3.13       68     0     A
397      153    113    34    34     113      40     40      1      2       0   B  QuietGame     3.56       68     1     A
401      140    100    31    32     140       0     15      1      6      -6   B  Reduction     3.31       68     1     A
399      157    117    26    26     117      40     40      3      2       0   B  QuietGame     3.25       68     1     A
398      191    151    27    29     151      40     40      0      7       7   A  QuietGame     3.28       68     0     A
400      199    159    28    29     159      40     40      0      7       7   A  QuietGame     3.19       68     0     A
402      194    154    35    35     154      40     40      4      2       1   B  QuietGame     3.51       67     0     B
403      162    122    19    20     122      40     40      0      5       4   A  QuietGame     3.18       67     1     B
407      126     86    23    23      86      40     40      0      2       1   B  QuietGame     3.28       67     1     A
404      190    150    26    27     190       0     32      0     11     -11   B  Reduction     3.32       68     0     B
409      112     72    17    17      72      40     40      1      1      -1   B  QuietGame     3.22       68     1     A
410       99     59    11    14      59      40     40      0      5       4   A  QuietGame     3.12       68     0     A
408      147    107    19    20     107      40     40      1      2       0   B  QuietGame     3.25       68     0     B
405      237    197    34    34     237       0     23      0      4       4   A  Reduction     3.32       68     1     B
406      225    185    30    31     185      40     40      0      6       5   A  QuietGame     3.16       67     0     A
412      148    108    29    30     108      40     40      2      2       0   B  QuietGame     3.37       67     0     B
414      127     87    18    20      87      40     40      0      4       4   A  QuietGame     3.16       68     0     A
411      211    171    32    33     211       0     36      0      5       5   A  Reduction     3.29       68     1     B
415      167    127    33    33     127      40     40      3      2      -1   B  QuietGame     3.40       68     1     A
417      123     83    11    11      83      40     40      0      3       3   A  QuietGame     3.30       69     1     B
413      226    186    30    30     186      40     40      2      2       0   B  QuietGame     3.24       67     1     A
416      211    171    32    32     171      40     40      0      4       4   A  QuietGame     3.19       69     0     A
418      202    162    32    32     162      40     40      0      3       2   A  QuietGame     3.29       68     0     A
419      165    125    32    33     125      40     40      0      4       3   A  QuietGame     3.24       68     1     B
421      200    160    35    35     200       0     20      3      3      -3   B  Reduction     3.41       68     1     A
426       97     57    11    11      57      40     40      0      3       3   A  QuietGame     3.24       68     0     A
423      185    145    34    34     145      40     40      5      2       0   B  QuietGame     3.49       68     1     A
420      241    201    36    36     241       0     38      4      2       2   A  Reduction     3.31       68     0     A
422      196    156    33    33     156      40     40      0      4       3   A  QuietGame     3.41       68     0     A
425      164    124    35    35     164       0     24      1      3      -3   B  Reduction     3.15       68     1     A
424      173    133    24    24     133      40     40      0     10      10   A  QuietGame     3.41       68     0     A
427      182    142    34    35     142      40     40      5      3      -1   B  QuietGame     3.26       68     1     A
428      141    101    29    30     141       0     31      0      8       8   A  Reduction     3.21       67     0     A
429      149    109    33    33     149       0     13      0      5       5   A  Reduction     3.36       67     1     B
430      170    130    33    33     170       0     31      1      5      -5   B  Reduction     3.32       68     0     B
431      198    158    32    32     158      40     40      6      1       0   B  QuietGame     3.29       68     1     A
432      225    185    33    33     185      40     40      2      2       1   B  QuietGame     3.24       68     0     B
435      158    118    33    34     158       0     17      1      4      -4   B  Reduction     3.25       68     1     A
434      220    180    33    33     180      40     40      0      4       3   A  QuietGame     3.26       68     0     A
433      238    198    35    36     238       0     30      5      2      -2   B  Reduction     3.25       68     1     A
436      167    127    32    33     127      40     40      0      3       3   A  QuietGame     3.29       69     0     A
439      110     70    13    14      70      40     40      1      2      -2   B  QuietGame     3.19       68     1     A
437      224    184    32    32     184      40     40      1      4      -4   B  QuietGame     3.29       69     1     A
440      146    106    30    30     106      40     40      4      1       0   B  QuietGame     3.29       68     0     B
445       99     59     9    10      59      40     40      2      2       2   A  QuietGame     3.01       68     1     B
444      128     88     9     9      88      40     40      1      3      -3   B  QuietGame     3.24       68     0     B
438      246    206    31    32     206      40     40      2      3       2   A  QuietGame     3.18       68     0     A
441      193    153    35    35     153      40     40      1      2      -1   B  QuietGame     3.50       68     1     A
442      189    149    25    28     149      40     40      0      6       6   A  QuietGame     3.15       68     0     A
443      186    146    29    30     146      40     40      0      7       6   A  QuietGame     3.22       68     1     B
447      106     66    14    14      66      40     40      1      2      -2   B  QuietGame     2.96       68     1     A
446      182    142    28    27     182       0     34      1     11     -11   B  Immobilize     3.29       68     0     B
451      108     68    16    17      68      40     40      0      4       3   A  QuietGame     3.18       68     1     B
448      181    141    33    34     141      40     40      1      3      -2   B  QuietGame     3.22       68     0     B
452      158    118    32    34     158       0     26      1      4      -4   B  Reduction     3.29       68     0     B
450      194    154    36    36     194       0     28      3      2      -2   B  Reduction     3.26       68     0     B
449      204    164    35    35     164      40     40      1      2      -1   B  QuietGame     3.24       68     1     A
453      165    125    33    34     165       0     13      2      4       4   A  Reduction     3.26       68     1     B
455      100     60    10    10      60      40     40      0      3       2   A  QuietGame     3.22       67     1     B
454      163    123    31    31     123      40     40      0      3       3   A  QuietGame     3.30       67     0     A
456      180    140    34    34     140      40     40      0      4       2   A  QuietGame     3.28       69     0     A
458      137     97    17    19      97      40     40      0      3       3   A  QuietGame     3.21       67     0     A
457      173    133    27    28     173       0     27      0     10      10   A  Reduction     3.35       69     1     B
461      165    125    35    35     165       0     38      0      3       3   A  Reduction     3.27       67     1     B
460      190    150    35    35     190       0     34      1      3      -3   B  Reduction     3.43       67     0     B
459      194    154    32    33     154      40     40      1      3      -3   B  QuietGame     3.25       67     1     A
462      192    152    31    32     152      40     40      2      5       4   A  QuietGame     3.37       68     0     A
463      221    181    33    34     221       0     38      0      4       4   A  Reduction     3.35       68     1     B
464      163    123    31    32     123      40     40      5      2       0   B  QuietGame     3.15       68     0     B
469      121     81    15    15      81      40     40      0      2       1   B  QuietGame     3.28       68     1     A
467      159    119    31    33     159       0     28      0      5       5   A  Reduction     3.22       68     1     B
468      149    109    31    33     149       0     24      0      5       5   A  Reduction     3.28       68     0     A
470      149    109    16    19     109      40     40      0      4       3   A  QuietGame     3.03       67     0     A
465      233    193    34    34     193      40     40      1      3      -2   B  QuietGame     3.38       68     1     A
466      241    201    32    32     201      40     40      0      4       4   A  QuietGame     3.16       68     0     A
472      130     90    20    20      90      40     40      2      5       4   A  QuietGame     3.31       68     0     A
471      164    124    34    36     164       0     16      3      2      -2   B  Reduction     3.16       67     1     A
475      113     73    13    14      73      40     40      2      2       2   A  QuietGame     3.25       68     1     B
474      163    123    26    27     123      40     40      0      9       9   A  QuietGame     3.18       68     0     A
473      181    141    32    33     141      40     40      0      3       3   A  QuietGame     3.29       68     1     B
476      160    120    30    32     120      40     40      0      2       0   B  QuietGame     3.37       68     0     B
480      125     85    28    29     125       0      9      0      9       9   A  Reduction     3.19       68     0     A
477      173    133    34    35     173       0     33      2      3       3   A  Reduction     3.21       68     1     B
479      147    107    30    32     107      40     40      6      2       2   A  QuietGame     3.33       69     1     B
478      192    152    33    33     152      40     40      4      2       1   B  QuietGame     3.25       69     0     B
483      116     76     9     9      76      40     40      3      1      -1   B  QuietGame     3.21       67     1     A
486      105     65    13    14      65      40     40      1      2       0   B  QuietGame     3.13       68     0     B
481      190    150    35    35     150      40     40      5      1      -1   B  QuietGame     3.32       68     1     A
484      132     92    11    12      92      40     40      0      2       0   B  QuietGame     3.32       68     0     B
482      176    136    36    36     176       0     17      3      2      -2   B  Reduction     3.24       67     0     B
485      197    157    35    35     157      40     40      1      2      -1   B  QuietGame     3.37       68     1     A
488      153    113    18    20     113      40     40      0      4       4   A  QuietGame     3.19       67     0     A
489      163    123    33    33     163       0     17      2      5       5   A  Reduction     3.37       67     1     B
487      212    172    30    30     172      40     40      1      6      -6   B  QuietGame     3.21       68     1     A
491      159    119    33    33     159       0     36      2      5       5   A  Reduction     3.43       68     1     B
490      173    133    31    31     173       0     25      0      7       7   A  Reduction     3.32       68     0     A
492      170    130    29    30     130      40     40      0      5       4   A  QuietGame     3.22       68     0     A
496      124     84    11    11      84      40     40      1      2      -1   B  QuietGame     3.25       69     0     B
495      171    131    30    31     131      40     40      0      3       3   A  QuietGame     3.28       68     1     B
494      194    154    30    30     154      40     40      2      5       4   A  QuietGame     3.21       68     0     A
493      263    223    36    36     223      40     40      5      2       0   B  QuietGame     3.26       68     1     A
499      142    102    13    14     102      40     40      0      3       2   A  QuietGame     3.07       68     1     B
497      228    188    31    32     188      40     40      0      5       4   A  QuietGame     3.20       69     1     B
498      202    162    32    33     162      40     40      0      3       1   B  QuietGame     3.26       68     0     B
505       98     58    13    13      58      40     40      0      2       1   B  QuietGame     3.11       66     1     A
500      224    184    35    35     184      40     40      2      2       1   B  QuietGame     3.25       68     0     B
501      172    132    32    32     132      40     40      3      2      -2   B  QuietGame     3.28       68     1     A
502      189    149    28    28     189       0     29      2     10      10   A  Reduction     3.26       68     0     A
503      191    151    34    35     191       0     34      0      3       3   A  Reduction     3.31       68     1     B
504      204    164    30    30     164      40     40      1      6      -6   B  QuietGame     3.26       66     0     B
507      163    123    34    35     163       0     31      0      3       3   A  Reduction     3.35       68     1     B
509      131     91    31    32     131       0     11      0      6       6   A  Reduction     3.31       68     1     B
506      183    143    31    31     143      40     40      0      5       5   A  QuietGame     3.26       68     0     A
508      161    121    25    25     121      40     40      3      2      -1   B  QuietGame     3.28       68     0     B
510      156    116    32    33     116      40     40      0      3       1   B  QuietGame     3.33       67     0     B
514      109     69    15    16      69      40     40      3      3      -2   B  QuietGame     3.29       68     0     B
512      175    135    31    33     175       0     37      0      5       5   A  Reduction     3.06       68     0     A
511      199    159    31    31     159      40     40      1      4      -3   B  QuietGame     3.24       67     1     A
517      142    102    23    23     102      40     40      1      2      -1   B  QuietGame     3.23       69     1     A
516      160    120    33    33     120      40     40      2      4       3   A  QuietGame     3.29       69     0     A
518      177    137    29    30     137      40     40      1      3       0   B  QuietGame     3.21       68     0     B
513      254    214    35    36     214      40     40      2      2       0   B  QuietGame     3.22       68     1     A
515      224    184    34    35     184      40     40      0      3       1   B  QuietGame     3.22       68     1     A
521      155    115    28    30     115      40     40      2      3       2   A  QuietGame     3.09       68     1     B
520      171    131    30    32     131      40     40      0      4       4   A  QuietGame     3.18       68     0     A
522      175    135    11    11     135      40     40      0      7       7   A  QuietGame     3.18       68     0     A
519      248    208    36    36     208      40     40      6      2       0   B  QuietGame     3.31       68     1     A
525      123     83    20    20      83      40     40      1      3      -2   B  QuietGame     3.37       68     1     A
524      188    148    25    28     148      40     40      0      7       6   A  QuietGame     3.18       68     0     A
523      247    207    25    27     207      40     40      0      9       9   A  QuietGame     3.16       68     1     B
526      213    173    35    35     173      40     40      2      2       1   B  QuietGame     3.28       68     0     B
527      175    135    35    35     175       0     37      0      3       3   A  Reduction     3.34       68     1     B
528      193    153    36    36     193       0     22      0      2       2   A  Reduction     3.35       68     0     A
529      171    131    30    32     131      40     40      2      4       4   A  QuietGame     3.22       68     1     B
531      194    154    28    29     154      40     40      1      7      -7   B  QuietGame     3.28       68     1     A
530      198    158    34    34     158      40     40      3      3      -2   B  QuietGame     3.37       68     0     B
535      106     66    12    13      66      40     40      0      2       1   B  QuietGame     3.13       68     1     A
532      174    134    31    32     134      40     40      0      3       2   A  QuietGame     3.24       68     0     A
533      186    146    33    34     186       0     22      3      4      -4   B  Reduction     3.25       68     1     A
536      139     99    13    13      99      40     40      0      3       3   A  QuietGame     3.15       67     0     A
534      194    154    25    25     154      40     40      2      4       3   A  QuietGame     3.38       68     0     A
537      145    105    17    17     105      40     40      0      3       3   A  QuietGame     3.30       67     1     B
539      148    108    34    34     148       0     16      1      4      -4   B  Reduction     3.35       68     1     A
542      119     79    31    32     119       0      5      0      6       6   A  Reduction     3.19       67     0     A
541      185    145    35    35     145      40     40      2      2       1   B  QuietGame     3.40       67     1     A
540      213    173    29    30     173      40     40      1      6       6   A  QuietGame     3.28       67     0     A
538      231    191    27    28     191      40     40      2      6       6   A  QuietGame     3.26       68     0     A
543      188    148    31    32     148      40     40      1      4      -4   B  QuietGame     3.30       67     1     A
546      148    108    27    28     108      40     40      0      3       2   A  QuietGame     3.25       67     0     A
545      185    145    34    35     185       0     31      0      4       3   A  Reduction     3.37       68     1     B
544      203    163    30    30     163      40     40      0      3       2   A  QuietGame     3.28       68     0     A
547      201    161    32    32     161      40     40      3      2       0   B  QuietGame     3.25       67     1     A
548      172    132    31    32     132      40     40      1      4      -4   B  QuietGame     3.28       68     0     B
552      112     72    19    19      72      40     40      0      2       1   B  QuietGame     3.44       68     0     B
549      185    145    31    31     145      40     40      0      2       1   B  QuietGame     3.29       68     1     A
551      156    116    28    29     116      40     40      1      8       7   A  QuietGame     3.50       68     1     B
554      175    135    31    34     175       0     19      2      4       4   A  Reduction     3.10       67     0     A
550      243    203    28    28     203      40     40      0      8       8   A  QuietGame     3.26       68     0     A
556      107     67    30    32     107       0      6      0      6       6   A  Reduction     3.38       68     0     A
553      198    158    31    32     158      40     40      4      1       0   B  QuietGame     3.21       68     1     A
557      158    118    30    30     118      40     40      0      5       4   A  QuietGame     3.44       68     1     B
555      193    153    33    33     153      40     40      1      4      -3   B  QuietGame     3.39       67     1     A
559      186    146    33    33     146      40     40      1      4      -3   B  QuietGame     3.34       68     1     A
558      207    167    35    36     207       0     27      0      3       2   A  Reduction     3.31       68     0     A
563      154    114    27    27     114      40     40      0      8       7   A  QuietGame     3.36       67     1     B
561      189    149    30    31     149      40     40      2      3       3   A  QuietGame     3.37       68     1     B
560      199    159    30    32     159      40     40      3      3      -2   B  QuietGame     3.37       68     0     B
562      200    160    34    35     160      40     40      1      3      -1   B  QuietGame     3.31       67     0     B
565      196    156    31    32     156      40     40      3      3      -2   B  QuietGame     3.12       67     1     A
566      168    128    29    31     128      40     40      4      2       1   B  QuietGame     3.24       67     0     B
564      219    179    31    33     219       0     27      0      5       5   A  Reduction     3.22       67     0     A
570      122     82    18    19      82      40     40      0      4       3   A  QuietGame     3.21       68     0     A
567      202    162    33    33     162      40     40      2      3       1   B  QuietGame     3.45       67     1     A
568      200    160    33    34     160      40     40      1      4      -2   B  QuietGame     3.26       68     0     B
569      209    169    33    34     169      40     40      3      2       0   B  QuietGame     3.28       68     1     A
572      125     85    26    26      85      40     40      0      6       6   A  QuietGame     3.38       68     0     A
571      201    161    31    33     161      40     40      0      4       3   A  QuietGame     3.34       68     1     B
573      137     97    19    21      97      40     40      1      4      -3   B  QuietGame     3.04       68     1     A
574      155    115    29    30     155       0     21      0      8       8   A  Reduction     3.28       67     0     A
576      157    117    24    25     117      40     40      0      5       5   A  QuietGame     3.26       68     0     A
575      192    152    34    34     152      40     40      0      2       0   B  QuietGame     3.42       67     1     A
577      157    117    32    32     157       0     22      2      6       6   A  Reduction     3.38       68     1     B
580      145    105    31    34     145       0     22      0      4       4   A  Reduction     3.13       68     0     A
579      184    144    34    34     184       0     38      1      4      -4   B  Reduction     3.38       68     1     A
582      155    115    32    33     155       0     17      0      5       5   A  Reduction     3.16       68     0     A
583      119     79    14    14      79      40     40      2      2       2   A  QuietGame     3.28       68     1     B
581      192    152    29    31     152      40     40      0      6       5   A  QuietGame     3.25       68     1     B
578      210    170    33    33     210       0     28      1      5      -5   B  Reduction     3.22       68     0     B
584      178    138    31    31     138      40     40      2      2       1   B  QuietGame     3.35       68     0     B
589      104     64    16    16      64      40     40      0      1       0   B  QuietGame     3.22       68     1     A
586      162    122    34    34     162       0     21      1      4      -4   B  Reduction     3.26       68     0     B
585      197    157    35    35     197       0     20      0      3       3   A  Reduction     3.35       68     1     B
587      141    101    30    33     141       0     17      0      5       5   A  Reduction     3.25       68     1     B
590      137     97    24    24      97      40     40      1      5      -4   B  QuietGame     3.34       68     0     B
588      168    128    32    32     128      40     40      0      5       4   A  QuietGame     3.31       68     0     A
591      227    187    36    36     227       0     31      0      2       2   A  Reduction     3.22       68     1     B
594      152    112    29    30     112      40     40      2      2       0   B  QuietGame     3.30       67     0     B
595      159    119    30    31     119      40     40      1      4      -3   B  QuietGame     3.28       67     1     A
593      177    137    28    29     137      40     40      0      3       1   B  QuietGame     3.26       68     1     A
598      149    109    25    27     109      40     40      0      5       5   A  QuietGame     3.25       68     0     A
592      238    198    33    35     238       0     39      5      3      -3   B  Reduction     3.19       68     0     B
596      197    157    29    29     157      40     40      0      4       3   A  QuietGame     3.18       68     0     A
597      231    191    36    36     191      40     40      3      2       0   B  QuietGame     3.32       68     1     A
599      150    110    29    29     110      40     40      0      4       3   A  QuietGame     3.40       68     1     B
601      171    131    34    34     171       0     38      0      4       4   A  Reduction     3.28       67     1     B
602      188    148    32    32     148      40     40      0      3       2   A  QuietGame     3.37       68     0     A
600      226    186    36    36     186      40     40      4      2       0   B  QuietGame     3.21       67     0     B
603      195    155    19    19     155      40     40      0      7       5   A  QuietGame     3.22       68     1     B
604      187    147    30    31     147      40     40      0      3       3   A  QuietGame     3.31       68     0     A
605      189    149    33    33     189       0     23      0      5       5   A  Reduction     3.28       68     1     B
607      130     90    32    34     130       0     10      1      4      -4   B  Reduction     3.21       66     1     A
608      163    123    28    29     163       0     15      0      9       9   A  Reduction     3.25       68     0     A
614      113     73    32    32     113       0     14      0      6       6   A  Reduction     3.31       68     0     A
606      244    204    35    35     204      40     40      8      2       1   B  QuietGame     3.27       66     0     B
611      136     96    20    21      96      40     40      0      2       1   B  QuietGame     3.18       68     1     A
610      158    118    35    35     158       0     24      3      3      -3   B  Reduction     3.28       68     0     B
609      187    147    31    31     147      40     40      0      2       1   B  QuietGame     3.41       68     1     A
612      153    113    28    28     113      40     40      1      2       0   B  QuietGame     3.31       68     0     B
613      177    137    31    31     177       0     24      0      7       7   A  Reduction     3.19       68     1     B
619      113     73    14    15      73      40     40      2      1       1   B  QuietGame     3.23       69     1     A
616      151    111    20    22     151       0     33      0     15      15   A  Immobilize     3.07       67     0     A
618      155    115    32    32     115      40     40      2      2       2   A  QuietGame     3.46       69     0     A
617      174    134    32    33     174       0     15      1      5      -5   B  Reduction     3.27       67     1     A
615      252    212    30    34     212      40     40      7      2      -2   B  QuietGame     3.29       68     1     A

games                620
mean plies           172.1   (movement 132.1)
mean captures        28.1
mean removals        28.9
mean dead tail       30.3   plies after the last capture or removal
mean longest quiet   36.1
mean lead changes    1.3   (335 of 620 games had any)
mean peak margin     3.7
mean final margin    3.1   (absolute)
ended by quiet game  469  (76%)
ended by reduction   147  (24%)
ended by immobilize  4  (1%)
won by A / B         320 / 300
mean depth           3.26   (over 42040 searched opening plies)
wall clock           6217.66 s

weight-set A wins    384 / 620  (61.9%)   [as P0: 197/310, as P1: 187/310]
weight-set B wins    236 / 620
quiet-game share     A-wins 79.7%   B-wins 69.1%   all 75.6%
95% threshold        wins >= 331 of 620 (one-sided): A is significantly stronger
csv line appended to doc\bench\sweeps\2026-08-24\confirm.csv

wins 384/620 (threshold 331), quiet 75.65% (limit 75.5%), captures 28.12 (floor 26.163)
REJECT: wins but dulls the game (quiet/capture guardrail failed).
sweep stage 'confirm' -> doc/bench/sweeps/2026-08-24
>> ./cmake-build-release/latrunculi_game/latrunculi_bench.exe pairs=310 ms=500 seed=778001 threads=8 rows=8 columns=10 perside=20 csv=doc\bench\sweeps\2026-08-24\confirm.csv wA.threat=0.25 wA.pair=0.02 wA.mobility=0.02 wA.centre=0.2 wA.vulnerableAxes=-0.03 wA.oneMoveCapturable=-0.9 wA.spearheadPairs=0.6 wA.diagonalSupport=0.06 wA.deniedSquares=0.04 wA.strikers=0.05 wA.notchExposure=-0.12 wB.threat=0.25 wB.pair=0.02 wB.mobility=0.02 wB.centre=0.05 wB.vulnerableAxes=-0.03 wB.oneMoveCapturable=-0.9 wB.spearheadPairs=0.15 wB.diagonalSupport=0.06 wB.deniedSquares=0.04 wB.strikers=0.05 wB.notchExposure=-0.12
Latrunculi bench: 310 mirrored A-vs-B pairs (620 games), 8x10, 20 per side, slide, convex payoff, komi 1.5, policy placement, 500 ms per searched ply, 8 threads
base seed: 778001  (pair p uses seed base+p; even game index = set A as P0)
XML: not saved   memory tracking level: 0

game   plies  moveP  capt  remv lastAct    tail  quiet   lead   peak  margin win  reason    depth    srchd  AasP  wSet
2         95     55     8    11      55      40     40      2      2       1   B  QuietGame     3.24       68     0     B
0         97     57    29    30      97       0      5      0      8       8   A  Reduction     3.43       68     0     A
6        103     63     9    10      63      40     40      0      3       2   A  QuietGame     3.31       68     0     A
3        111     71    23    23      71      40     40      0      3       3   A  QuietGame     3.26       68     1     B
5        165    125    34    34     125      40     40      1      3      -2   B  QuietGame     3.40       68     1     A
4        167    127    36    36     167       0     16      0      3       2   A  Reduction     3.31       68     0     A
1        203    163    34    34     163      40     40      0      2       2   A  QuietGame     3.47       68     1     B
7        212    172    32    35     212       0     33      3      3      -3   B  Reduction     3.22       68     1     A
8        164    124    31    31     164       0     29      3      7      -7   B  Reduction     3.16       68     0     B
9        169    129    33    33     169       0     17      0      5       5   A  Reduction     3.31       68     1     B
11       184    144    24    25     144      40     40      1      7      -7   B  QuietGame     3.31       68     1     A
15       108     68    15    16      68      40     40      0      3       2   A  QuietGame     3.22       68     1     B
10       220    180    35    35     180      40     40      0      3       1   B  QuietGame     3.25       68     0     B
12       199    159    34    35     159      40     40      3      2      -1   B  QuietGame     3.31       68     0     B
13       219    179    32    32     219       0     33      2      6       6   A  Reduction     3.44       68     1     B
14       193    153    36    36     153      40     40      1      2       0   B  QuietGame     3.26       68     0     B
17       146    106    30    30     106      40     40      2      2       0   B  QuietGame     3.21       68     1     A
16       153    113    32    32     113      40     40      3      3      -2   B  QuietGame     3.10       68     0     B
25        88     48     6     6      48      40     40      0      1       0   B  QuietGame     2.79       68     1     A
18       191    151    34    34     151      40     40      7      1       0   B  QuietGame     3.29       68     0     B
21       168    128    32    33     128      40     40      1      3      -3   B  QuietGame     3.26       68     1     A
20       211    171    32    34     171      40     40      0      4       2   A  QuietGame     3.15       68     0     A
19       230    190    30    30     190      40     40      1      6      -6   B  QuietGame     3.25       68     1     A
23       163    123    29    29     123      40     40      0      7       7   A  QuietGame     3.37       68     1     B
24       177    137    31    32     137      40     40      0      2       2   A  QuietGame     3.18       68     0     A
22       215    175    32    33     175      40     40      4      3       3   A  QuietGame     3.29       68     0     A
26       133     93    19    20      93      40     40      1      2       0   B  QuietGame     2.99       68     0     B
27       170    130    35    35     170       0     15      3      3      -3   B  Reduction     3.54       68     1     A
31       102     62    12    13      62      40     40      1      2      -1   B  QuietGame     3.19       68     1     A
29       168    128    31    32     128      40     40      0      4       2   A  QuietGame     3.21       67     1     B
33       146    106    19    19     106      40     40      0      3       1   B  QuietGame     3.35       68     1     A
28       219    179    34    35     179      40     40      4      2       1   B  QuietGame     3.45       67     0     B
34       149    109    29    29     109      40     40      2      2       1   B  QuietGame     2.91       68     0     B
30       220    180    33    33     180      40     40      0      4       3   A  QuietGame     3.34       68     0     A
32       203    163    26    26     163      40     40      0      6       6   A  QuietGame     3.31       68     0     A
35       169    129    32    32     129      40     40      1      2       0   B  QuietGame     3.26       68     1     A
41       100     60     6     6      60      40     40      0      1       0   B  QuietGame     3.21       67     1     A
37       172    132    30    30     172       0     23      1      8      -8   B  Reduction     3.30       67     1     A
36       224    184    34    34     184      40     40      6      1       0   B  QuietGame     3.37       67     0     B
38       146    106    29    31     106      40     40      0      4       3   A  QuietGame     3.18       68     0     A
43       103     63    11    11      63      40     40      3      1       1   B  QuietGame     2.88       68     1     A
40       189    149    31    32     149      40     40      0      4       4   A  QuietGame     3.04       67     0     A
39       208    168    33    33     168      40     40      2      4       3   A  QuietGame     3.28       68     1     B
42       182    142    35    35     142      40     40      0      2       1   B  QuietGame     3.25       68     0     B
45       163    123    21    21     123      40     40      0      3       3   A  QuietGame     3.32       68     1     B
47       143    103    32    34     143       0     17      0      4       4   A  Reduction     3.22       68     1     B
48       131     91    20    22      91      40     40      0      4       4   A  QuietGame     3.21       68     0     A
51       107     67    13    13      67      40     40      0      3       3   A  QuietGame     3.34       68     1     B
46       189    149    31    32     189       0     31      0      6       6   A  Reduction     3.19       68     0     A
44       208    168    33    35     168      40     40      0      3       1   B  QuietGame     3.25       68     0     B
50       122     82    21    21      82      40     40      1      1      -1   B  QuietGame     3.32       68     0     B
49       198    158    35    36     158      40     40      4      2       0   B  QuietGame     3.04       68     1     A
58       102     62    11    12      62      40     40      0      2       0   B  QuietGame     3.21       68     0     B
53       151    111    20    21     111      40     40      0      2       1   B  QuietGame     3.22       67     1     A
56       112     72    17    18      72      40     40      0      5       4   A  QuietGame     3.12       68     0     A
55       127     87    33    33     127       0     11      0      5       5   A  Reduction     3.37       68     1     B
52       170    130    29    30     130      40     40      2      3       2   A  QuietGame     3.40       67     0     A
54       201    161    33    33     161      40     40      2      3       3   A  QuietGame     3.35       68     0     A
62       145    105    29    30     105      40     40      0      6       6   A  QuietGame     3.18       68     0     A
59       181    141    34    34     181       0     38      2      4       4   A  Reduction     2.90       68     1     B
64       133     93    14    14      93      40     40      0      2       2   A  QuietGame     3.24       68     0     A
57       262    222    35    36     222      40     40      4      2       0   B  QuietGame     3.35       68     1     A
61       188    148    29    29     148      40     40      0      4       3   A  QuietGame     3.28       68     1     B
63       195    155    32    32     155      40     40      3      3      -2   B  QuietGame     3.31       68     1     A
65       153    113    26    27     113      40     40      2      3       3   A  QuietGame     3.34       68     1     B
60       233    193    32    35     193      40     40      3      2      -1   B  QuietGame     3.13       68     0     B
68        98     58     9     9      58      40     40      1      1      -1   B  QuietGame     2.72       68     0     B
66       111     71    10    11      71      40     40      0      7       7   A  QuietGame     3.16       68     0     A
69       115     75    30    33     115       0      8      0      5       5   A  Reduction     3.21       68     1     B
67       139     99    30    30      99      40     40      0      3       2   A  QuietGame     3.18       68     1     B
74       119     79    11    12      79      40     40      2      2       2   A  QuietGame     2.87       68     0     A
71       174    134    35    35     134      40     40      3      2      -1   B  QuietGame     3.46       68     1     A
70       192    152    36    36     192       0     24      1      3      -2   B  Reduction     3.31       68     0     B
72       188    148    29    31     148      40     40      1      5      -5   B  QuietGame     3.21       68     0     B
73       181    141    30    30     141      40     40      0      6       6   A  QuietGame     3.25       68     1     B
75       198    158    23    24     158      40     40      4      2       0   B  QuietGame     3.22       68     1     A
76       197    157    33    34     157      40     40      5      2       0   B  QuietGame     3.19       68     0     B
78       123     83    15    15      83      40     40      0      3       3   A  QuietGame     2.93       68     0     A
79       167    127    31    33     127      40     40      2      2       1   B  QuietGame     3.12       68     1     A
77       257    217    36    36     217      40     40      7      2       0   B  QuietGame     3.32       68     1     A
82       142    102    26    26     102      40     40      0      5       4   A  QuietGame     3.22       67     0     A
81       169    129    32    33     129      40     40      1      4      -3   B  QuietGame     3.37       68     1     A
80       202    162    33    33     162      40     40      3      2      -1   B  QuietGame     3.29       68     0     B
84       159    119    31    31     119      40     40      0      5       5   A  QuietGame     3.34       67     0     A
83       219    179    34    34     179      40     40      0      3       2   A  QuietGame     3.42       67     1     B
90       104     64     8     8      64      40     40      0      1       0   B  QuietGame     3.15       67     0     B
85       220    180    33    33     180      40     40      1      3      -3   B  QuietGame     3.04       67     1     A
87       163    123    21    22     123      40     40      1      2       0   B  QuietGame     3.25       68     1     A
86       179    139    32    33     179       0     32      0      5       5   A  Reduction     3.31       68     0     A
88       188    148    34    34     148      40     40      6      3       2   A  QuietGame     3.33       67     0     A
89       194    154    31    31     154      40     40      0      4       3   A  QuietGame     3.25       67     1     B
91       151    111    19    22     111      40     40      0      2       2   A  QuietGame     3.06       67     1     B
92       135     95    18    19      95      40     40      4      2       1   B  QuietGame     3.24       68     0     B
93       129     89    14    14      89      40     40      1      1       0   B  QuietGame     3.19       68     1     A
95       107     67    10    10      67      40     40      0      2       2   A  QuietGame     3.10       68     1     B
94       194    154    28    30     154      40     40      0      2       0   B  QuietGame     2.91       68     0     B
97       171    131    33    33     171       0     20      0      5       5   A  Reduction     3.28       68     1     B
99       138     98    17    18      98      40     40      1      4      -4   B  QuietGame     3.22       67     1     A
96       206    166    34    35     206       0     26      3      3      -3   B  Reduction     3.24       68     0     B
100      144    104    33    33     144       0     13      1      5      -5   B  Reduction     3.34       68     0     B
98       212    172    33    33     172      40     40      0      4       3   A  QuietGame     3.25       67     0     A
102      186    146    34    35     146      40     40      0      2       1   B  QuietGame     3.16       68     0     B
101      201    161    34    34     201       0     27      0      4       4   A  Reduction     3.37       68     1     B
104      169    129    24    25     129      40     40      0      3       3   A  QuietGame     3.24       68     0     A
106      153    113    19    19     113      40     40      1      4      -3   B  QuietGame     3.35       68     0     B
105      180    140    35    35     180       0     28      3      3      -3   B  Reduction     3.41       68     1     A
103      200    160    29    29     160      40     40      1      7      -7   B  QuietGame     3.00       68     1     A
110      145    105    15    15     105      40     40      0      5       5   A  QuietGame     3.19       68     0     A
108      175    135    34    34     135      40     40      1      1       0   B  QuietGame     3.28       69     0     B
109      174    134    32    35     134      40     40      0      3       1   B  QuietGame     3.29       69     1     A
107      231    191    34    34     191      40     40      1      3      -2   B  QuietGame     3.29       68     1     A
114      127     87    19    19      87      40     40      0      3       3   A  QuietGame     2.93       68     0     A
116       88     48     5     6      48      40     40      2      1       0   B  QuietGame     3.07       68     0     B
112      161    121    29    32     121      40     40      3      3       0   B  QuietGame     3.32       68     0     B
115      119     79    27    28     119       0     14      0     10      10   A  Immobilize     3.38       68     1     B
111      202    162    33    34     202       0     26      1      4      -4   B  Reduction     3.07       68     1     A
118      151    111    33    33     111      40     40      0      3       3   A  QuietGame     3.37       68     0     A
117      165    125    31    32     125      40     40      5      1       0   B  QuietGame     3.28       68     1     A
113      253    213    35    36     253       0     32      2      3       2   A  Reduction     3.35       68     1     B
122      133     93    31    31      93      40     40      0      5       5   A  QuietGame     3.35       68     0     A
123      125     85    26    27      85      40     40      1      2      -1   B  QuietGame     3.31       68     1     A
119      191    151    31    32     151      40     40      6      4       4   A  QuietGame     3.00       68     1     B
120      173    133    28    29     133      40     40      0      7       7   A  QuietGame     3.21       68     0     A
121      219    179    32    34     219       0     35      0      4       4   A  Reduction     3.13       68     1     B
125      144    104    28    28     104      40     40      1      4      -4   B  QuietGame     3.29       68     1     A
124      189    149    30    33     189       0     30      4      5       5   A  Reduction     3.26       68     0     A
126      213    173    36    36     173      40     40      3      1       0   B  QuietGame     3.29       68     0     B
128      187    147    33    33     147      40     40      2      3       3   A  QuietGame     3.44       68     0     A
130      177    137    26    27     177       0     25      0      8       8   A  Immobilize     3.21       68     0     A
127      203    163    30    30     163      40     40      3      3      -2   B  QuietGame     3.25       68     1     A
129      200    160    32    32     160      40     40      3      4      -4   B  QuietGame     3.18       68     1     A
131      155    115    32    33     155       0     27      2      5       5   A  Reduction     3.34       68     1     B
132      177    137    27    27     137      40     40      0      5       5   A  QuietGame     3.32       68     0     A
133      182    142    34    34     142      40     40      0      2       0   B  QuietGame     3.37       68     1     A
138      103     63    12    12      63      40     40      1      1       0   B  QuietGame     2.85       68     0     B
136      124     84    20    20      84      40     40      0      2       0   B  QuietGame     3.26       68     0     B
135      130     90    34    34     130       0     13      3      4      -4   B  Reduction     3.33       67     1     A
139      111     71    12    13      71      40     40      2      1       1   B  QuietGame     3.25       68     1     A
143      106     66    12    14      66      40     40      0      2       0   B  QuietGame     3.06       67     1     A
134      246    206    35    35     206      40     40      6      2       1   B  QuietGame     3.33       67     0     B
137      217    177    33    33     177      40     40      2      4      -3   B  QuietGame     3.25       68     1     A
144      121     81    17    17      81      40     40      0      5       5   A  QuietGame     3.32       68     0     A
140      198    158    33    33     158      40     40      0      2       1   B  QuietGame     3.32       68     0     B
145      153    113    34    34     153       0     34      0      4       4   A  Reduction     3.41       68     1     B
142      187    147    31    32     147      40     40      1      5      -4   B  QuietGame     2.97       67     0     B
141      200    160    33    33     200       0     32      3      5      -5   B  Reduction     3.34       68     1     A
147      160    120    35    35     160       0     10      3      3      -3   B  Reduction     3.28       69     1     A
146      177    137    31    31     177       0     33      0      7       7   A  Immobilize     3.17       69     0     A
148      174    134    33    34     134      40     40      0      3       2   A  QuietGame     3.24       68     0     A
151      157    117    33    35     157       0     24      2      3       3   A  Reduction     3.10       68     1     B
149      201    161    31    31     201       0     35      2      7       7   A  Reduction     3.22       68     1     B
153      146    106    20    21     106      40     40      1      9      -9   B  QuietGame     3.28       68     1     A
154      130     90    13    14      90      40     40      1      4      -4   B  QuietGame     3.26       68     0     B
155      155    115    30    30     155       0     33      0      8       8   A  Reduction     3.28       68     1     B
152      246    206    31    33     206      40     40      4      2       1   B  QuietGame     2.97       68     0     B
150      287    247    35    36     247      40     40      5      1       0   B  QuietGame     3.22       68     0     B
158      138     98    30    32     138       0      9      1      6      -6   B  Reduction     3.29       68     0     B
156      198    158    27    27     158      40     40      0     10       9   A  QuietGame     3.25       68     0     A
157      186    146    31    31     146      40     40      0      4      -3   B  QuietGame     3.26       68     1     A
159      184    144    32    33     144      40     40      1      3      -3   B  QuietGame     3.29       68     1     A
163      135     95    31    32     135       0     11      0      6       6   A  Reduction     3.28       68     1     B
160      217    177    35    35     217       0     33      0      3       3   A  Reduction     3.13       68     0     A
164      159    119    30    30     119      40     40      0      3       2   A  QuietGame     3.40       68     0     A
162      185    145    33    33     145      40     40      4      2       1   B  QuietGame     3.03       68     0     B
161      190    150    34    34     150      40     40      2      2       0   B  QuietGame     3.15       68     1     A
165      149    109    35    35     149       0     17      0      3       3   A  Reduction     3.31       68     1     B
166      153    113    20    21     113      40     40      1      2      -1   B  QuietGame     3.28       68     0     B
169      109     69    15    16      69      40     40      3      1       0   B  QuietGame     3.21       68     1     A
167      203    163    35    35     163      40     40      0      2       1   B  QuietGame     3.43       68     1     A
173      136     96    15    15      96      40     40      1      3      -3   B  QuietGame     3.28       68     1     A
171      155    115    33    33     155       0     22      4      5       5   A  Reduction     3.06       68     1     B
168      205    165    30    30     165      40     40      4      2       2   A  QuietGame     3.35       68     0     A
170      172    132    29    29     132      40     40      2      2       1   B  QuietGame     3.22       68     0     B
172      201    161    31    33     161      40     40      3      2      -1   B  QuietGame     3.22       68     0     B
176      133     93     9     9      93      40     40      1      2      -1   B  QuietGame     3.26       69     0     B
174      207    167    30    31     167      40     40      0      5       5   A  QuietGame     3.19       68     0     A
179      106     66    15    15      66      40     40      2      2       1   B  QuietGame     3.35       69     1     A
177      147    107    30    32     107      40     40      1      3       0   B  QuietGame     3.20       69     1     A
175      225    185    33    33     185      40     40      5      2      -1   B  QuietGame     3.40       68     1     A
178      179    139    31    32     139      40     40      0      4       4   A  QuietGame     3.07       69     0     A
180      185    145    32    32     145      40     40      4      2       2   A  QuietGame     3.24       68     0     A
181      163    123    32    33     163       0     26      0      5       5   A  Reduction     3.26       68     1     B
182      140    100    26    27     100      40     40      0      6       5   A  QuietGame     3.34       68     0     A
184      148    108    26    26     108      40     40      1      4      -2   B  QuietGame     3.41       68     0     B
185      130     90    32    33     130       0     14      1      5      -5   B  Reduction     3.40       68     1     A
183      236    196    31    32     196      40     40      1      4      -4   B  QuietGame     3.19       68     1     A
188      142    102    32    33     142       0     17      1      5      -5   B  Reduction     3.29       68     0     B
187      168    128    33    34     128      40     40      6      2       0   B  QuietGame     3.00       68     1     A
189      153    113    35    35     153       0     13      6      3       3   A  Reduction     3.46       68     1     B
186      201    161    35    35     161      40     40      1      2      -1   B  QuietGame     3.26       68     0     B
190      181    141    35    35     141      40     40      3      2      -1   B  QuietGame     3.34       68     0     B
191      180    140    33    34     140      40     40      0      3       2   A  QuietGame     3.24       68     1     B
192      191    151    30    30     151      40     40      4      4       4   A  QuietGame     3.33       67     0     A
196      104     64    14    15      64      40     40      0      4       3   A  QuietGame     3.22       68     0     A
193      171    131    34    34     131      40     40      0      2       2   A  QuietGame     3.25       67     1     B
194      171    131    35    35     171       0     15      0      3       3   A  Reduction     3.25       68     0     A
197      201    161    33    33     161      40     40      1      2      -1   B  QuietGame     3.37       68     1     A
199      150    110    30    31     150       0     15      1      7      -7   B  Reduction     3.21       68     1     A
198      189    149    31    31     189       0     33      0      7       7   A  Reduction     3.19       68     0     A
195      237    197    32    34     197      40     40      3      2       0   B  QuietGame     3.04       68     1     A
200      155    115    33    33     155       0     29      0      5       5   A  Reduction     3.34       68     0     A
201      196    156    17    17     156      40     40      3      3      -3   B  QuietGame     3.21       68     1     A
204       99     59    10    11      59      40     40      0      2       1   B  QuietGame     3.10       68     0     B
202      192    152    31    32     152      40     40      0      5       4   A  QuietGame     3.28       67     0     A
203      202    162    35    36     202       0     37      3      2      -2   B  Reduction     3.22       67     1     A
206      150    110    34    35     150       0     19      1      3      -3   B  Reduction     3.28       69     0     B
205      177    137    30    32     137      40     40      0      3       2   A  QuietGame     3.21       68     1     B
207      174    134    22    22     134      40     40      0      3       2   A  QuietGame     3.00       69     1     B
208      174    134    33    34     134      40     40      6      3       0   B  QuietGame     3.26       68     0     B
209      126     86    21    24      86      40     40      4      2       0   B  QuietGame     3.28       68     1     A
210      172    132    30    30     132      40     40      2      2       0   B  QuietGame     3.32       68     0     B
213      125     85    19    19      85      40     40      1      6      -5   B  QuietGame     3.26       68     1     A
215       96     56    10    12      56      40     40      0      2       0   B  QuietGame     2.81       68     1     A
212      169    129    34    34     169       0     16      0      4       4   A  Reduction     3.13       68     0     A
211      185    145    32    33     145      40     40      3      2      -1   B  QuietGame     3.25       68     1     A
214      166    126    31    32     126      40     40      0      3       2   A  QuietGame     3.29       68     0     A
217      157    117    33    34     157       0     15      2      4       4   A  Reduction     3.25       68     1     B
218      151    111    31    31     111      40     40      1      4      -3   B  QuietGame     3.32       68     0     B
216      217    177    28    30     177      40     40      5      2       0   B  QuietGame     3.26       68     0     B
220      162    122    29    30     122      40     40      8      1       0   B  QuietGame     2.96       68     0     B
219      169    129    30    30     129      40     40      3      1       0   B  QuietGame     3.25       68     1     A
222      180    140    31    33     140      40     40      0      4       3   A  QuietGame     3.21       68     0     A
221      195    155    35    36     195       0     32      2      2       2   A  Reduction     3.26       68     1     B
225      107     67     8     8      67      40     40      1      1       0   B  QuietGame     3.00       68     1     A
223      182    142    29    29     142      40     40      0      4       3   A  QuietGame     3.21       68     1     B
224      175    135    33    34     175       0     34      0      4       4   A  Reduction     3.29       68     0     A
226      121     81    15    16      81      40     40      4      1       0   B  QuietGame     3.22       68     0     B
228      140    100    29    30     100      40     40      4      2       0   B  QuietGame     3.34       68     0     B
227      169    129    33    33     129      40     40      0      1       1   B  QuietGame     2.99       68     1     A
230      118     78    21    21      78      40     40      2      2       1   B  QuietGame     3.22       68     0     B
231      108     68    11    12      68      40     40      1      4      -4   B  QuietGame     3.10       68     1     A
229      187    147    32    34     187       0     17      2      4       4   A  Reduction     3.26       68     1     B
232      187    147    33    33     147      40     40      3      2      -1   B  QuietGame     3.40       67     0     B
234      181    141    31    32     141      40     40      2      2       2   A  QuietGame     3.10       67     0     A
233      209    169    33    34     169      40     40      7      1       0   B  QuietGame     3.31       67     1     A
237      140    100    26    27     100      40     40      5      1      -1   B  QuietGame     3.16       68     1     A
235      167    127    26    28     127      40     40      0      4       4   A  QuietGame     3.19       67     1     B
238      156    116    31    33     116      40     40      0      3       1   B  QuietGame     3.19       69     0     B
236      179    139    30    30     139      40     40      0      6       6   A  QuietGame     3.06       68     0     A
240      139     99    26    28      99      40     40      0      6       6   A  QuietGame     3.29       68     0     A
239      192    152    28    29     152      40     40      5      5      -5   B  QuietGame     3.33       69     1     A
241      149    109    28    29     109      40     40      3      2      -1   B  QuietGame     3.34       68     1     A
242      144    104    26    27     104      40     40      3      2      -1   B  QuietGame     3.30       67     0     B
243      153    113    32    32     153       0     12      0      6       6   A  Reduction     3.22       67     1     B
245      143    103    34    34     143       0     23      0      4       4   A  Reduction     3.18       68     1     B
246      159    119    31    32     119      40     40      0      2       2   A  QuietGame     2.91       68     0     A
244      197    157    32    32     197       0     29      0      6       6   A  Reduction     3.18       68     0     A
248      116     76    19    19      76      40     40      1      1      -1   B  QuietGame     3.22       68     0     B
249      149    109    32    32     109      40     40      5      1       0   B  QuietGame     3.34       68     1     A
247      170    130    25    26     130      40     40      1      6      -6   B  QuietGame     3.29       68     1     A
251      134     94    30    31     134       0     10      0      7      -7   B  Reduction     3.45       69     1     A
250      168    128    33    34     168       0     31      3      4      -4   B  Reduction     3.30       69     0     B
255      110     70     1     1      70      40     40      0      1      -1   B  QuietGame     3.31       68     1     A
253      153    113    30    31     153       0     16      2      7       7   A  Reduction     2.96       68     1     B
254      170    130    30    32     130      40     40      4      2       0   B  QuietGame     3.22       68     0     B
252      208    168    33    34     168      40     40      4      2       0   B  QuietGame     3.41       68     0     B
257      109     69    31    33     109       0      9      0      5       5   A  Reduction     3.30       67     1     B
258      145    105    33    34     105      40     40      1      2       0   B  QuietGame     3.40       68     0     B
256      186    146    34    35     186       0     34      1      3      -3   B  Reduction     3.24       67     0     B
263      105     65     9     9      65      40     40      0      3       3   A  QuietGame     3.26       68     1     B
259      178    138    28    30     138      40     40      0      5       4   A  QuietGame     3.22       68     1     B
260      155    115    27    27     115      40     40      0      7       7   A  QuietGame     3.22       67     0     A
261      189    149    27    29     149      40     40      0      5       5   A  QuietGame     3.01       67     1     B
262      195    155    28    31     155      40     40      0      5       5   A  QuietGame     3.37       68     0     A
267      111     71    16    16      71      40     40      1      3      -2   B  QuietGame     3.19       68     1     A
265      176    136    27    28     136      40     40      0      5       4   A  QuietGame     3.32       68     1     B
264      227    187    34    34     187      40     40      1      3       0   B  QuietGame     3.28       68     0     B
266      197    157    32    34     157      40     40      0      4       2   A  QuietGame     3.21       68     0     A
269      182    142    32    32     142      40     40      0      5       4   A  QuietGame     3.26       68     1     B
270      152    112    28    32     112      40     40      4      3       0   B  QuietGame     2.96       68     0     B
268      210    170    33    35     170      40     40      4      2       1   B  QuietGame     3.25       68     0     B
274      113     73    29    30     113       0     16      0      8       8   A  Reduction     3.21       68     0     A
272      175    135    31    31     135      40     40      0      3       3   A  QuietGame     3.29       68     0     A
273      159    119    34    34     119      40     40      9      1       0   B  QuietGame     3.38       68     1     A
275      130     90    18    19      90      40     40      1      3      -3   B  QuietGame     3.19       68     1     A
276      123     83    15    17      83      40     40      0      5       5   A  QuietGame     3.19       67     0     A
271      219    179    31    33     179      40     40      5      2      -1   B  QuietGame     3.16       68     1     A
279      104     64    16    16      64      40     40      2      1       0   B  QuietGame     3.19       67     1     A
278      147    107    30    33     147       0     34      0      5       5   A  Reduction     3.15       67     0     A
284      113     73    17    17      73      40     40      0      3       3   A  QuietGame     3.22       67     0     A
277      222    182    31    32     222       0     27      1      6      -6   B  Reduction     2.87       67     1     A
281      159    119    30    31     159       0     27      0      7       7   A  Reduction     3.21       68     1     B
283      159    119    34    34     159       0     33      0      4       4   A  Reduction     3.31       68     1     B
280      192    152    32    32     152      40     40      4      1       0   B  QuietGame     3.03       68     0     B
282      190    150    33    33     150      40     40      0      2       1   B  QuietGame     3.38       68     0     B
286      153    113    21    21     113      40     40      1      3       3   A  QuietGame     3.16       68     0     A
285      193    153    31    31     153      40     40      0      5       5   A  QuietGame     3.30       67     1     B
289      112     72    16    16      72      40     40      0      3       2   A  QuietGame     3.16       68     1     B
287      136     96    33    34     136       0     12      1      4      -4   B  Reduction     3.13       68     1     A
290      174    134    31    31     134      40     40      4      2       1   B  QuietGame     3.32       68     0     B
288      205    165    32    33     165      40     40      0      3       3   A  QuietGame     3.03       68     0     A
292      163    123    22    23     123      40     40      0      4       3   A  QuietGame     3.19       68     0     A
295      125     85    20    21      85      40     40      0      2       1   B  QuietGame     3.22       68     1     A
291      207    167    32    32     167      40     40      2      3       2   A  QuietGame     3.21       68     1     B
293      194    154    34    35     154      40     40      0      2       1   B  QuietGame     3.13       68     1     A
296      172    132    33    33     172       0     20      1      5      -5   B  Reduction     3.25       68     0     B
298       93     53     7     8      53      40     40      0      2       2   A  QuietGame     2.66       68     0     A
294      208    168    33    34     168      40     40      6      3       2   A  QuietGame     3.13       68     0     A
303       96     56    11    12      56      40     40      1      2      -2   B  QuietGame     3.22       68     1     A
297      181    141    34    35     181       0     20      0      3       3   A  Reduction     3.37       68     1     B
299      171    131    33    34     171       0     13      0      4       4   A  Reduction     3.31       68     1     B
300      167    127    30    31     167       0     23      0      7       7   A  Reduction     3.19       68     0     A
301      175    135    33    34     135      40     40      0      3       2   A  QuietGame     3.21       68     1     B
304      151    111    30    32     151       0     20      0      6       6   A  Reduction     2.90       67     0     A
302      189    149    35    35     189       0     25      0      3       3   A  Reduction     3.21       68     0     A
307      130     90    31    32     130       0     16      1      6      -6   B  Reduction     3.22       68     1     A
305      221    181    31    31     221       0     39      2      7       7   A  Reduction     3.33       67     1     B
308      151    111    32    33     111      40     40      0      3       3   A  QuietGame     3.26       68     0     A
309      157    117    33    33     117      40     40      0      3       3   A  QuietGame     3.25       68     1     B
306      184    144    32    33     144      40     40      0      4       3   A  QuietGame     3.21       68     0     A
310      155    115    29    31     155       0     23      0      7       7   A  Reduction     3.31       68     0     A
312      149    109    27    29     109      40     40      2      7       7   A  QuietGame     3.19       67     0     A
315      102     62    11    11      62      40     40      1      1      -1   B  QuietGame     3.12       68     1     A
311      202    162    36    36     162      40     40      8      1       0   B  QuietGame     3.07       68     1     A
314      152    112    19    19     112      40     40      1      3      -3   B  QuietGame     3.26       68     0     B
313      202    162    32    32     162      40     40      0      3       2   A  QuietGame     3.36       67     1     B
317      180    140    33    33     180       0     29      0      5      -5   B  Reduction     3.29       68     1     A
316      200    160    27    27     160      40     40      2      6       5   A  QuietGame     3.47       68     0     A
318      182    142    30    30     142      40     40      1      2      -2   B  QuietGame     3.21       68     0     B
319      167    127    35    35     167       0     18      4      3       3   A  Reduction     3.37       68     1     B
320      169    129    31    32     169       0     33      1      6       6   A  Reduction     3.34       68     0     A
321      156    116    26    27     116      40     40      1      4      -3   B  QuietGame     2.99       68     1     A
323      104     64    11    12      64      40     40      1      2      -2   B  QuietGame     3.00       68     1     A
322      145    105    33    34     145       0     16      0      4       4   A  Reduction     3.22       68     0     A
324      117     77    15    16      77      40     40      0      5       4   A  QuietGame     3.21       68     0     A
325      143    103    29    32     143       0     21      0      6       6   A  Reduction     3.13       68     1     B
326      153    113    35    36     153       0     28      0      3       2   A  Reduction     3.18       67     0     A
328      138     98    24    24      98      40     40      3      2      -2   B  QuietGame     3.31       68     0     B
327      185    145    31    32     145      40     40      1      3      -2   B  QuietGame     3.18       67     1     A
329      166    126    34    35     166       0     31      3      3      -3   B  Reduction     2.97       68     1     A
331      198    158    33    34     158      40     40      2      2       0   B  QuietGame     3.13       68     1     A
333      130     90    20    21      90      40     40      1      2      -1   B  QuietGame     3.29       68     1     A
330      217    177    31    31     177      40     40      0      5       5   A  QuietGame     3.38       68     0     A
332      184    144    29    30     144      40     40      0      5       4   A  QuietGame     3.22       68     0     A
336      119     79    22    23      79      40     40      0      2       1   B  QuietGame     3.40       68     0     B
337      124     84    16    17      84      40     40      1      3      -3   B  QuietGame     2.79       68     1     A
335      174    134    32    32     134      40     40      4      1       0   B  QuietGame     3.35       68     1     A
334      219    179    32    32     179      40     40      0      4       4   A  QuietGame     3.29       68     0     A
340      108     68    14    15      68      40     40      0      2       1   B  QuietGame     3.24       67     0     B
338      156    116    30    30     116      40     40      1      2      -2   B  QuietGame     3.32       68     0     B
341      173    133    24    24     133      40     40      0      5       4   A  QuietGame     3.30       67     1     B
339      194    154    33    34     154      40     40      0      3       0   B  QuietGame     3.25       68     1     A
342      187    147    33    35     147      40     40      3      2      -1   B  QuietGame     3.16       67     0     B
343      195    155    33    34     195       0     35      4      4       4   A  Reduction     2.99       67     1     B
345      169    129    32    32     129      40     40      0      3       2   A  QuietGame     3.32       68     1     B
346      163    123    30    30     163       0     29      0      8       8   A  Reduction     3.34       68     0     A
344      186    146    28    28     146      40     40      0      7       6   A  QuietGame     3.28       68     0     A
347      171    131    35    35     171       0     25      0      3       3   A  Reduction     3.37       68     1     B
353      132     92    14    15      92      40     40      0      2       1   B  QuietGame     3.38       68     1     A
349      224    184    32    33     184      40     40      3      3      -3   B  QuietGame     3.22       67     1     A
348      242    202    34    34     202      40     40      0      3       2   A  QuietGame     3.27       67     0     A
352      173    133    25    26     133      40     40      0      6       6   A  QuietGame     3.26       68     0     A
350      207    167    32    33     167      40     40      4      3       3   A  QuietGame     3.28       68     0     A
354      201    161    33    34     201       0     34      0      4       4   A  Reduction     3.19       68     0     A
351      217    177    32    33     177      40     40      1      4      -3   B  QuietGame     2.99       68     1     A
355      173    133    29    29     133      40     40      1      4      -3   B  QuietGame     3.28       68     1     A
357      141    101    31    31     101      40     40      0      2       1   B  QuietGame     3.38       68     1     A
361      112     72    16    17      72      40     40      0      2       1   B  QuietGame     3.19       68     1     A
359      153    113    30    33     153       0     18      0      5       5   A  Reduction     3.12       68     1     B
360      163    123    32    33     163       0     18      2      5       5   A  Reduction     3.21       68     0     A
356      222    182    36    36     222       0     27      1      3      -2   B  Reduction     3.21       68     0     B
358      205    165    32    32     165      40     40      0      4       4   A  QuietGame     3.34       68     0     A
363      189    149    33    33     149      40     40      4      3       3   A  QuietGame     3.39       67     1     B
362      206    166    35    36     206       0     24      3      2      -2   B  Reduction     2.91       67     0     B
364      150    110    32    32     110      40     40      1      3      -2   B  QuietGame     3.38       68     0     B
368       99     59    13    14      59      40     40      1      1       0   B  QuietGame     3.06       68     0     B
366      155    115    28    29     155       0     31      0      9       9   A  Reduction     3.26       68     0     A
365      191    151    28    30     151      40     40      0      6       6   A  QuietGame     3.22       68     1     B
370      100     60    13    13      60      40     40      1      1      -1   B  QuietGame     3.23       69     0     B
367      187    147    34    34     187       0     25      0      4       4   A  Reduction     3.35       68     1     B
371      138     98    19    19      98      40     40      1      2      -1   B  QuietGame     2.80       69     1     A
369      203    163    33    34     203       0     26      0      5       4   A  Reduction     3.40       68     1     B
372      184    144    28    31     144      40     40      0      6       5   A  QuietGame     3.16       67     0     A
373      184    144    30    30     144      40     40      0      3       2   A  QuietGame     3.22       67     1     B
376      142    102    29    30     102      40     40      0      3       2   A  QuietGame     3.28       68     0     A
374      192    152    33    35     192       0     27      1      3      -3   B  Reduction     3.19       68     0     B
378      131     91    15    16      91      40     40      0      2       2   A  QuietGame     2.91       68     0     A
375      195    155    26    26     155      40     40      1      3      -2   B  QuietGame     3.28       68     1     A
380       99     59    12    12      59      40     40      1      3      -2   B  QuietGame     3.16       67     0     B
377      217    177    32    33     177      40     40      3      4      -3   B  QuietGame     3.26       68     1     A
384      125     85    16    18      85      40     40      0      3       2   A  QuietGame     2.87       68     0     A
379      221    181    32    34     181      40     40      1      3       0   B  QuietGame     3.13       68     1     A
381      182    142    35    36     182       0     32      1      2      -2   B  Reduction     3.18       67     1     A
382      179    139    35    35     139      40     40      2      2       1   B  QuietGame     3.22       68     0     B
383      174    134    35    35     134      40     40      2      2       1   B  QuietGame     3.35       68     1     A
387      166    126    34    35     166       0     26      1      3      -3   B  Reduction     3.16       68     1     A
386      199    159    28    29     159      40     40      0      5       5   A  QuietGame     3.21       68     0     A
385      213    173    35    35     173      40     40      1      2      -1   B  QuietGame     3.37       68     1     A
392      111     71    15    15      71      40     40      2      1       1   B  QuietGame     3.17       69     0     B
389      175    135    32    32     175       0     23      0      6       6   A  Reduction     3.16       68     1     B
388      177    137    29    30     137      40     40      0      2       2   A  QuietGame     3.01       68     0     A
390      177    137    25    27     137      40     40      0      9       9   A  QuietGame     3.29       68     0     A
391      175    135    36    36     175       0     33      0      3       2   A  Reduction     3.28       68     1     B
395      145    105    15    15     105      40     40      2      2       1   B  QuietGame     3.16       68     1     A
396      158    118    26    28     118      40     40      0      5       4   A  QuietGame     3.26       68     0     A
401       93     53    10    10      53      40     40      0      2       2   A  QuietGame     3.06       68     1     B
394      237    197    27    27     197      40     40      0      9       9   A  QuietGame     3.24       68     0     A
393      247    207    35    35     207      40     40      1      2      -1   B  QuietGame     3.32       69     1     A
398      193    153    29    30     153      40     40      2      4       4   A  QuietGame     2.85       68     0     A
397      224    184    32    33     184      40     40      1      3      -3   B  QuietGame     3.32       68     1     A
399      216    176    31    32     176      40     40      0      3       2   A  QuietGame     3.18       68     1     B
400      214    174    31    32     174      40     40      2      3       2   A  QuietGame     3.22       68     0     A
402      152    112    30    31     112      40     40      0      4       3   A  QuietGame     3.34       68     0     A
405      145    105    30    30     145       0     19      0      8       8   A  Reduction     3.13       68     1     B
404      159    119    26    28     119      40     40      0      6       6   A  QuietGame     3.12       68     0     A
406      158    118    32    32     158       0     21      1      6      -6   B  Reduction     3.15       68     0     B
403      180    140    30    30     140      40     40      1      4      -4   B  QuietGame     3.21       68     1     A
409      155    115    28    28     115      40     40      0      8       8   A  QuietGame     3.31       67     1     B
408      180    140    30    32     140      40     40      0      5       4   A  QuietGame     3.27       67     0     A
412      122     82    20    20      82      40     40      2      1       0   B  QuietGame     3.36       67     0     B
407      227    187    33    34     187      40     40      3      2       0   B  QuietGame     3.15       68     1     A
410      188    148    30    31     188       0     35      1      7      -7   B  Reduction     3.26       68     0     B
414      151    111    24    27     111      40     40      0      7       7   A  QuietGame     3.09       68     0     A
415      118     78    23    23      78      40     40      1      3      -3   B  QuietGame     3.21       68     1     A
411      178    138    20    20     138      40     40      1      6      -6   B  QuietGame     3.32       68     1     A
413      183    143    32    33     143      40     40      1      2      -1   B  QuietGame     3.03       67     1     A
416      153    113    20    21     113      40     40      0      3       3   A  QuietGame     3.01       68     0     A
419      154    114    28    28     114      40     40      1      2      -2   B  QuietGame     2.97       68     1     A
417      173    133    29    31     133      40     40      5      2      -1   B  QuietGame     2.78       68     1     A
422      150    110    32    32     110      40     40      4      1       0   B  QuietGame     3.01       67     0     B
424      103     63    10    12      63      40     40      0      4       4   A  QuietGame     2.75       68     0     A
421      159    119    27    28     119      40     40      1      5      -4   B  QuietGame     3.01       68     1     A
418      207    167    29    31     167      40     40      3      2      -1   B  QuietGame     2.94       68     0     B
423      144    104    18    18     104      40     40      2      1       0   B  QuietGame     2.67       67     1     A
420      175    135    26    27     135      40     40      2      2       1   B  QuietGame     2.94       68     0     B
426       91     51     7     8      51      40     40      0      2       2   A  QuietGame     2.78       67     0     A
427      114     74    10    10      74      40     40      0      3       2   A  QuietGame     2.81       67     1     B
429      118     78    20    22      78      40     40      0      2       0   B  QuietGame     3.00       68     1     A
433       91     51     8     9      51      40     40      0      2       1   B  QuietGame     2.59       68     1     A
431      134     94    29    31      94      40     40      7      1      -1   B  QuietGame     2.79       68     1     A
432      135     95    24    26      95      40     40      0      6       6   A  QuietGame     2.99       68     0     A
425      192    152    29    31     152      40     40      0      3       1   B  QuietGame     2.97       68     1     A
434       95     55    10    11      55      40     40      0      3       3   A  QuietGame     2.74       68     0     A
428      195    155    33    33     155      40     40      0      3       3   A  QuietGame     3.12       68     0     A
430      226    186    28    30     186      40     40      0      7       6   A  QuietGame     2.96       68     0     A
437      108     68    13    15      68      40     40      3      1      -1   B  QuietGame     2.74       68     1     A
436      131     91    26    27      91      40     40      0      6       5   A  QuietGame     2.97       68     0     A
439      143    103    33    33     143       0     19      0      5       5   A  Reduction     3.06       68     1     B
435      194    154    35    35     194       0     29      1      3      -3   B  Reduction     3.07       68     1     A
438      176    136    34    34     176       0     21      1      4      -4   B  Reduction     3.04       68     0     B
441      161    121    32    32     161       0     31      0      6       6   A  Reduction     3.04       68     1     B
442      179    139    28    28     139      40     40      3      1       0   B  QuietGame     3.09       68     0     B
440      222    182    36    36     182      40     40      2      1       0   B  QuietGame     2.99       68     0     B
443      196    156    29    30     156      40     40      0      3       2   A  QuietGame     2.75       68     1     B
444      209    169    25    26     169      40     40      0      6       6   A  QuietGame     3.25       68     0     A
447      170    130    29    29     130      40     40      4      2       1   B  QuietGame     3.24       68     1     A
448      153    113    30    31     153       0     30      0      7       7   A  Reduction     3.27       67     0     A
446      213    173    30    32     173      40     40      2      4       4   A  QuietGame     3.16       68     0     A
450      138     98    23    23      98      40     40      0      2       1   B  QuietGame     3.25       67     0     B
445      271    231    33    34     231      40     40      3      2       0   B  QuietGame     3.26       68     1     A
449      176    136    31    32     176       0     33      5      6      -6   B  Reduction     3.21       67     1     A
451      156    116    23    24     116      40     40      4      2      -2   B  QuietGame     2.87       67     1     A
453      159    119    28    30     119      40     40      3      3       0   B  QuietGame     3.31       67     1     A
455      172    132    33    33     172       0     30      1      5      -5   B  Reduction     3.21       68     1     A
457      143    103    33    33     143       0     13      0      5       5   A  Reduction     3.19       68     1     B
454      205    165    31    31     165      40     40      4      1       1   B  QuietGame     3.25       68     0     B
456      171    131    21    23     131      40     40      0      3       3   A  QuietGame     3.24       68     0     A
452      294    254    31    33     254      40     40      4      2       1   B  QuietGame     3.18       67     0     B
461      110     70    15    15      70      40     40      0      2       1   B  QuietGame     3.24       68     1     A
460      155    115    24    24     115      40     40      3      1       0   B  QuietGame     3.32       68     0     B
458      233    193    25    26     193      40     40      1      5      -4   B  QuietGame     3.12       68     0     B
459      225    185    32    33     185      40     40      3      2      -1   B  QuietGame     2.78       68     1     A
467       95     55    10    10      55      40     40      1      1       0   B  QuietGame     2.90       68     1     A
463      205    165    35    36     165      40     40      1      3       0   B  QuietGame     3.18       67     1     A
464      205    165    34    34     165      40     40      1      2       0   B  QuietGame     3.23       66     0     B
462      237    197    33    34     237       0     36      0      4       4   A  Reduction     3.27       67     0     A
469      131     91    28    28      91      40     40      5      2       0   B  QuietGame     2.88       68     1     A
466      160    120    32    32     120      40     40      0      5       4   A  QuietGame     3.26       68     0     A
465      223    183    34    35     183      40     40      5      2      -1   B  QuietGame     3.09       66     1     A
468      197    157    30    31     157      40     40      0      5       5   A  QuietGame     3.13       68     0     A
471      118     78    13    14      78      40     40      1      5      -4   B  QuietGame     3.19       68     1     A
470      180    140    29    31     140      40     40      0      4       3   A  QuietGame     3.19       68     0     A
474      139     99    32    32     139       0     16      4      6       6   A  Reduction     2.88       69     0     A
473      144    104    32    32     104      40     40      0      3       2   A  QuietGame     3.22       68     1     B
472      189    149    31    33     149      40     40      2      3       1   B  QuietGame     3.22       68     0     B
475      194    154    31    33     154      40     40      3      2      -1   B  QuietGame     3.19       69     1     A
476      182    142    32    33     142      40     40      0      4       3   A  QuietGame     3.28       68     0     A
477      179    139    32    33     139      40     40      5      2      -1   B  QuietGame     3.32       68     1     A
478      194    154    34    34     154      40     40      0      3       2   A  QuietGame     3.21       68     0     A
481      148    108    26    26     108      40     40      0      5       4   A  QuietGame     3.16       68     1     B
480      181    141    31    32     141      40     40      0      4       4   A  QuietGame     2.97       68     0     A
479      206    166    31    34     166      40     40      4      2       0   B  QuietGame     3.04       68     1     A
483      151    111    30    30     111      40     40      1      3      -2   B  QuietGame     3.21       68     1     A
482      201    161    33    35     201       0     35      0      3       3   A  Reduction     3.15       68     0     A
488      115     75    15    16      75      40     40      0      2       2   A  QuietGame     2.87       68     0     A
484      203    163    28    28     163      40     40      0      4       4   A  QuietGame     3.28       67     0     A
485      188    148    27    27     148      40     40      1      4      -3   B  QuietGame     3.42       67     1     A
487      156    116    15    17     116      40     40      1      2      -1   B  QuietGame     3.07       68     1     A
486      245    205    34    35     205      40     40      6      2       1   B  QuietGame     3.29       68     0     B
490      184    144    32    33     144      40     40      0      4       3   A  QuietGame     3.07       68     0     A
489      209    169    35    35     169      40     40      2      3       1   B  QuietGame     3.24       68     1     A
494      110     70    17    19      70      40     40      0      2       1   B  QuietGame     3.28       67     0     B
491      200    160    31    32     160      40     40      3      3      -2   B  QuietGame     3.29       68     1     A
492      167    127    29    30     127      40     40      0      6       6   A  QuietGame     2.99       68     0     A
493      177    137    34    34     137      40     40      1      3      -2   B  QuietGame     3.24       68     1     A
495      186    146    30    30     146      40     40      1      4      -4   B  QuietGame     3.10       67     1     A
497      102     62    12    13      62      40     40      1      3      -3   B  QuietGame     3.03       69     1     A
496      154    114    30    31     114      40     40      0      4       3   A  QuietGame     3.25       69     0     A
499      161    121    21    22     121      40     40      1      3      -2   B  QuietGame     3.19       69     1     A
500      140    100    30    31     100      40     40      1      2      -1   B  QuietGame     3.35       68     0     B
498      200    160    34    35     200       0     31      5      3      -3   B  Reduction     3.23       69     0     B
503      151    111    32    33     111      40     40      1      4      -3   B  QuietGame     3.16       67     1     A
502      173    133    28    30     173       0     33      0      8       8   A  Reduction     3.16       67     0     A
504      155    115    30    30     115      40     40      1      3      -2   B  QuietGame     3.34       68     0     B
501      229    189    31    33     189      40     40      2      2       1   B  QuietGame     2.91       68     1     A
505      183    143    29    29     143      40     40      0      7       7   A  QuietGame     3.38       68     1     B
506      171    131    33    33     131      40     40      3      2      -1   B  QuietGame     3.18       68     0     B
509      107     67    30    32     107       0      7      0      6       6   A  Reduction     3.19       68     1     B
510      111     71    16    16      71      40     40      0      3       2   A  QuietGame     3.15       67     0     A
511      114     74    18    18      74      40     40      0      1       0   B  QuietGame     3.18       67     1     A
508      191    151    26    27     151      40     40      0      7       7   A  QuietGame     3.22       68     0     A
512      121     81    11    11      81      40     40      0      5       5   A  QuietGame     2.79       68     0     A
507      254    214    35    36     254       0     32      1      3      -2   B  Reduction     3.18       68     1     A
514      119     79    17    19      79      40     40      0      3       3   A  QuietGame     3.18       68     0     A
516      105     65    13    14      65      40     40      0      4       4   A  QuietGame     3.04       68     0     A
513      154    114    34    34     154       0     19      1      4      -4   B  Reduction     3.19       68     1     A
515      161    121    28    30     121      40     40      1      5      -4   B  QuietGame     3.12       68     1     A
517      175    135    35    35     175       0     26      0      3       3   A  Reduction     3.18       68     1     B
519      130     90    13    13      90      40     40      1      3      -3   B  QuietGame     2.99       68     1     A
522      141    101    20    20     101      40     40      3      4      -2   B  QuietGame     3.27       67     0     B
521      164    124    34    35     164       0     31      5      3      -3   B  Reduction     3.23       66     1     A
518      214    174    33    33     174      40     40      0      3       1   B  QuietGame     3.28       68     0     B
524      134     94    23    24      94      40     40      0      3       2   A  QuietGame     3.15       68     0     A
520      212    172    27    27     172      40     40      0      4       3   A  QuietGame     3.15       66     0     A
523      213    173    33    34     213       0     37      2      4       4   A  Reduction     3.16       67     1     B
525      189    149    35    35     189       0     20      0      3       3   A  Reduction     3.09       68     1     B
528      145    105    16    17     105      40     40      0      7       7   A  QuietGame     3.19       67     0     A
527      169    129    34    34     169       0     24      2      4       4   A  Reduction     3.34       68     1     B
529      150    110    34    34     150       0     16      1      4      -4   B  Reduction     3.19       67     1     A
531      127     87    14    15      87      40     40      0      2      -1   B  QuietGame     3.13       68     1     A
530      154    114    28    28     114      40     40      0      3       2   A  QuietGame     3.25       68     0     A
526      253    213    31    32     213      40     40      0      4       4   A  QuietGame     2.81       68     0     A
532      142    102    24    24     102      40     40      2      2       0   B  QuietGame     3.13       67     0     B
533      153    113    32    34     153       0     25      0      4       4   A  Reduction     3.25       67     1     B
539      114     74    11    12      74      40     40      2      1       0   B  QuietGame     2.76       68     1     A
sweep stage 'confirm' -> doc/bench/sweeps/2026-08-24
>> ./cmake-build-release/latrunculi_game/latrunculi_bench.exe pairs=310 ms=500 seed=778001 threads=8 rows=8 columns=10 perside=20 csv=doc\bench\sweeps\2026-08-24\confirm.csv wA.threat=0.25 wA.pair=0.02 wA.mobility=0.02 wA.centre=0.2 wA.vulnerableAxes=-0.03 wA.oneMoveCapturable=-0.9 wA.spearheadPairs=0.6 wA.diagonalSupport=0.06 wA.deniedSquares=0.04 wA.strikers=0.05 wA.notchExposure=-0.12 wB.threat=0.25 wB.pair=0.02 wB.mobility=0.02 wB.centre=0.05 wB.vulnerableAxes=-0.03 wB.oneMoveCapturable=-0.9 wB.spearheadPairs=0.15 wB.diagonalSupport=0.06 wB.deniedSquares=0.04 wB.strikers=0.05 wB.notchExposure=-0.12
Latrunculi bench: 310 mirrored A-vs-B pairs (620 games), 8x10, 20 per side, slide, convex payoff, komi 1.5, policy placement, 500 ms per searched ply, 8 threads
base seed: 778001  (pair p uses seed base+p; even game index = set A as P0)
XML: not saved   memory tracking level: 0

game   plies  moveP  capt  remv lastAct    tail  quiet   lead   peak  margin win  reason    depth    srchd  AasP  wSet
7         92     52     9     9      52      40     40      0      2       1   B  QuietGame     2.99       68     1     A
5        104     64    17    17      64      40     40      0      3       1   B  QuietGame     2.82       68     1     A
3        130     90    17    18      90      40     40      1      4      -4   B  QuietGame     3.00       68     1     A
1        152    112    24    24     112      40     40      1      4      -4   B  QuietGame     3.18       68     1     A
4        191    151    31    32     151      40     40      0      4       4   A  QuietGame     3.10       68     0     A
6        197    157    30    31     157      40     40      0      5       5   A  QuietGame     3.15       68     0     A
8        127     87    14    15      87      40     40      2      1       1   B  QuietGame     2.91       68     0     B
2        207    167    33    33     167      40     40      3      4      -3   B  QuietGame     2.96       68     0     B
0        245    205    34    34     205      40     40      2      2       2   A  QuietGame     3.12       68     0     A
11       116     76    15    15      76      40     40      0      4       3   A  QuietGame     3.12       68     1     B
9        175    135    31    32     175       0     29      2      6       6   A  Reduction     2.87       68     1     B
10       173    133    33    34     173       0     21      0      5       4   A  Reduction     3.06       68     0     A
15        97     57     8     8      57      40     40      0      2       2   A  QuietGame     3.03       68     1     B
12       146    106    26    28     106      40     40      0      3       2   A  QuietGame     3.29       68     0     A
18       112     72    10    10      72      40     40      1      4      -4   B  QuietGame     3.09       68     0     B
14       187    147    31    32     147      40     40      0      4       4   A  QuietGame     3.28       68     0     A
13       202    162    32    33     202       0     35      1      5      -5   B  Reduction     3.13       68     1     A
16       161    121    30    32     121      40     40      5      1       0   B  QuietGame     3.12       68     0     B
20       150    110    34    34     150       0     11      5      4      -4   B  Reduction     3.18       68     0     B
17       205    165    35    35     165      40     40      1      3      -1   B  QuietGame     3.13       68     1     A
19       183    143    34    34     143      40     40      3      2       0   B  QuietGame     3.25       68     1     A
21       179    139    32    32     139      40     40      5      3      -2   B  QuietGame     3.31       68     1     A
22       157    117    26    28     117      40     40      0      8       8   A  QuietGame     2.94       68     0     A
26       113     73    17    18      73      40     40      0      6       6   A  QuietGame     3.18       68     0     A
24       205    165    30    32     165      40     40      0      4       4   A  QuietGame     2.99       68     0     A
23       225    185    31    31     185      40     40      0      5       5   A  QuietGame     3.18       68     1     B
25       229    189    34    36     229       0     33      7      2       2   A  Reduction     3.18       68     1     B
30       115     75    22    22      75      40     40      3      2       0   B  QuietGame     3.24       68     0     B
29       137     97    33    34     137       0     16      0      4       4   A  Reduction     3.15       67     1     B
31       102     62    12    13      62      40     40      1      2      -1   B  QuietGame     3.19       68     1     A
27       229    189    32    32     189      40     40      2      4       4   A  QuietGame     3.26       68     1     B
28       219    179    34    35     179      40     40      4      2       1   B  QuietGame     3.34       67     0     B
32       197    157    25    25     157      40     40      0      7       7   A  QuietGame     3.22       68     0     A
33       193    153    32    32     193       0     22      1      6       6   A  Reduction     3.22       68     1     B
36       178    138    28    28     138      40     40      2      2       0   B  QuietGame     3.27       67     0     B
37       174    134    26    26     134      40     40      4      2       0   B  QuietGame     3.30       67     1     A
39       131     91    17    19      91      40     40      1      2      -1   B  QuietGame     3.04       68     1     A
38       141    101    31    33     101      40     40      0      3       3   A  QuietGame     3.25       68     0     A
34       199    159    28    29     159      40     40      0      4       3   A  QuietGame     3.18       68     0     A
35       233    193    32    32     193      40     40      1      5      -4   B  QuietGame     3.13       68     1     A
43       122     82    13    14      82      40     40      2      2       0   B  QuietGame     3.03       68     1     A
46       127     87    23    24      87      40     40      0      3       2   A  QuietGame     3.19       68     0     A
40       178    138    30    32     138      40     40      2      5       4   A  QuietGame     3.21       67     0     A
41       177    137    32    34     177       0     27      2      4       4   A  Reduction     3.18       67     1     B
42       180    140    35    35     140      40     40      2      2       1   B  QuietGame     3.28       68     0     B
47       131     91    28    29     131       0     19      0      9       9   A  Reduction     3.18       68     1     B
45       193    153    30    31     153      40     40      0      3       3   A  QuietGame     3.29       68     1     B
44       205    165    33    33     165      40     40      3      2      -1   B  QuietGame     3.29       68     0     B
48       131     91    20    22      91      40     40      0      4       4   A  QuietGame     3.22       68     0     A
50       122     82    21    21      82      40     40      1      1      -1   B  QuietGame     3.32       68     0     B
49       166    126    32    34     126      40     40      4      2       0   B  QuietGame     3.26       68     1     A
52       144    104    33    34     144       0     25      3      4      -4   B  Reduction     3.43       67     0     B
53       181    141    29    30     141      40     40      1      7      -6   B  QuietGame     3.15       67     1     A
55       174    134    34    34     134      40     40      0      2       0   B  QuietGame     3.31       68     1     A
54       179    139    29    29     139      40     40      2      2       1   B  QuietGame     3.37       68     0     B
58       102     62    11    12      62      40     40      0      2       0   B  QuietGame     3.22       68     0     B
57       157    117    31    32     117      40     40      5      2       0   B  QuietGame     3.24       68     1     A
51       264    224    35    35     224      40     40      3      2      -1   B  QuietGame     3.37       68     1     A
56       198    158    28    29     158      40     40      0      6       5   A  QuietGame     3.15       68     0     A
61        96     56     7     9      56      40     40      1      2      -1   B  QuietGame     3.01       68     1     A
62       133     93    30    31     133       0     16      0      7       7   A  Reduction     3.18       68     0     A
60       175    135    30    30     175       0     29      0      8       8   A  Reduction     3.18       68     0     A
65       134     94    29    29     134       0     11      1      9      -9   B  Reduction     3.31       68     1     A
59       253    213    32    34     253       0     27      2      4       4   A  Reduction     3.09       68     1     B
64       157    117    18    18     117      40     40      0      2       2   A  QuietGame     3.21       68     0     A
63       187    147    30    32     147      40     40      0      4       4   A  QuietGame     3.22       68     1     B
67       142    102    30    30     102      40     40      0      7       6   A  QuietGame     3.25       68     1     B
70        92     52     8     8      52      40     40      1      2      -2   B  QuietGame     3.09       68     0     B
68       153    113    30    31     113      40     40      0      3       3   A  QuietGame     3.32       68     0     A
69       133     93    20    22      93      40     40      0      5       4   A  QuietGame     3.15       68     1     B
66       258    218    28    29     218      40     40      0      6       5   A  QuietGame     3.18       68     0     A
73       128     88    23    24      88      40     40      1      4      -4   B  QuietGame     3.19       68     1     A
71       151    111    29    30     111      40     40      1      3      -2   B  QuietGame     3.35       68     1     A
75       121     81    11    11      81      40     40      3      2      -1   B  QuietGame     3.22       68     1     A
74       190    150    28    30     150      40     40      0      4       2   A  QuietGame     3.18       68     0     A
77       143    103    33    34     143       0     13      4      4       4   A  Reduction     3.28       68     1     B
72       249    209    35    35     249       0     33      0      3       3   A  Reduction     3.22       68     0     A
80       132     92    32    32      92      40     40      0      3       2   A  QuietGame     3.35       68     0     A
79       167    127    31    33     127      40     40      2      2       1   B  QuietGame     3.09       68     1     A
82        91     51     6     8      51      40     40      0      2       2   A  QuietGame     2.97       67     0     A
76       242    202    35    36     202      40     40      6      1       0   B  QuietGame     3.28       68     0     B
78       213    173    33    33     173      40     40      0      3       3   A  QuietGame     3.21       68     0     A
81       169    129    32    33     129      40     40      1      4      -3   B  QuietGame     3.29       68     1     A
85       102     62    11    12      62      40     40      1      2      -2   B  QuietGame     3.31       67     1     A
84       172    132    31    31     172       0     26      1      7      -7   B  Reduction     3.36       67     0     B
83       210    170    32    32     170      40     40      0      3       2   A  QuietGame     3.34       67     1     B
86       213    173    30    30     173      40     40      0      6       6   A  QuietGame     3.21       68     0     A
88       188    148    34    34     148      40     40      6      3       2   A  QuietGame     3.25       67     0     A
89       179    139    34    35     139      40     40      1      2      -1   B  QuietGame     3.22       67     1     A
87       225    185    34    35     185      40     40      3      2      -1   B  QuietGame     3.10       68     1     A
91       179    139    34    34     179       0     25      4      4       4   A  Reduction     3.30       67     1     B
90       195    155    27    27     155      40     40      0      6       5   A  QuietGame     3.25       67     0     A
92       186    146    31    31     146      40     40      0      4       3   A  QuietGame     3.34       68     0     A
93       221    181    29    32     181      40     40      3      3      -2   B  QuietGame     3.12       68     1     A
98       147    107    34    34     147       0     14      0      4       4   A  Reduction     3.27       67     0     A
97       177    137    30    30     137      40     40      1      5      -4   B  QuietGame     3.31       68     1     A
100      111     71    12    12      71      40     40      0      2       2   A  QuietGame     3.06       68     0     A
95       203    163    29    29     163      40     40      0      2       1   B  QuietGame     3.12       68     1     A
96       206    166    34    35     206       0     26      3      3      -3   B  Reduction     3.24       68     0     B
94       216    176    32    35     216       0     35      1      3      -3   B  Reduction     3.10       68     0     B
99       191    151    29    29     151      40     40      1      4      -3   B  QuietGame     3.42       67     1     A
101      106     66    15    16      66      40     40      2      3       2   A  QuietGame     3.16       68     1     B
105      124     84    15    15      84      40     40      0      3       1   B  QuietGame     3.19       68     1     A
102      161    121    30    33     121      40     40      0      2       1   B  QuietGame     3.32       68     0     B
106      140    100    18    18     100      40     40      1      4      -4   B  QuietGame     3.35       68     0     B
103      159    119    27    28     119      40     40      0      8       8   A  QuietGame     3.21       68     1     B
104      197    157    29    30     157      40     40      0      6       6   A  QuietGame     3.21       68     0     A
108      178    138    34    34     138      40     40      2      1       0   B  QuietGame     3.29       69     0     B
110      109     69    13    13      69      40     40      0      3       3   A  QuietGame     3.09       68     0     A
107      218    178    35    35     218       0     38      1      3      -3   B  Reduction     3.28       68     1     A
109      193    153    30    32     153      40     40      0      2       2   A  QuietGame     3.20       69     1     B
114       99     59    13    13      59      40     40      2      1       1   B  QuietGame     3.09       68     0     B
112      153    113    22    22     113      40     40      2      5       4   A  QuietGame     3.34       68     0     A
113      155    115    34    34     115      40     40      0      2       2   A  QuietGame     3.19       68     1     B
116      113     73    12    12      73      40     40      2      2       2   A  QuietGame     3.10       68     0     A
117      110     70    14    14      70      40     40      1      2      -2   B  QuietGame     3.22       68     1     A
115      143    103    26    28     103      40     40      0      9       8   A  QuietGame     3.29       68     1     B
111      218    178    30    31     178      40     40      1      3      -3   B  QuietGame     3.07       68     1     A
118      175    135    28    28     135      40     40      0      8       8   A  QuietGame     3.18       68     0     A
123      109     69    17    18      69      40     40      1      1       0   B  QuietGame     3.03       68     1     A
120      151    111    17    19     111      40     40      0      7       7   A  QuietGame     3.10       68     0     A
119      170    130    32    33     130      40     40      0      3       1   B  QuietGame     3.15       68     1     A
121      206    166    31    34     166      40     40      4      2       0   B  QuietGame     3.15       68     1     A
122      175    135    27    27     135      40     40      0      7       7   A  QuietGame     3.13       68     0     A
126      145    105    30    30     105      40     40      3      2       0   B  QuietGame     3.19       68     0     B
124      214    174    29    31     174      40     40      2      6       5   A  QuietGame     3.07       68     0     A
125      225    185    35    35     185      40     40      1      2      -1   B  QuietGame     3.12       68     1     A
128      143    103    18    19     103      40     40      2      2       1   B  QuietGame     3.24       68     0     B
129      146    106    31    31     106      40     40      3      2      -1   B  QuietGame     3.31       68     1     A
127      187    147    32    32     147      40     40      3      3      -2   B  QuietGame     3.24       68     1     A
130      137     97    25    27      97      40     40      4      3       3   A  QuietGame     3.13       68     0     A
131      145    105    34    35     145       0     19      0      3       3   A  Reduction     3.18       68     1     B
133      118     78    15    17      78      40     40      1      3      -3   B  QuietGame     2.81       68     1     A
135      137     97    19    20      97      40     40      1      3      -2   B  QuietGame     2.96       67     1     A
136      145    105    34    34     105      40     40      1      2       0   B  QuietGame     3.15       68     0     B
134      177    137    26    26     137      40     40      0      2       2   A  QuietGame     2.99       67     0     A
138      165    125    29    29     125      40     40      1      4      -3   B  QuietGame     3.28       68     0     B
132      248    208    34    35     248       0     25      3      3      -3   B  Reduction     2.96       68     0     B
137      204    164    31    31     164      40     40      1      5      -5   B  QuietGame     3.21       68     1     A
143       96     56    11    13      56      40     40      0      2       1   B  QuietGame     3.15       67     1     A
141      132     92    32    32      92      40     40      3      3      -2   B  QuietGame     3.28       68     1     A
139      232    192    36    36     232       0     32      1      3      -2   B  Reduction     3.19       68     1     A
144       95     55    12    12      55      40     40      0      2       2   A  QuietGame     3.10       68     0     A
140      237    197    31    31     197      40     40      1      3      -1   B  QuietGame     3.21       68     0     B
145      141    101    27    30     101      40     40      2      2       2   A  QuietGame     3.03       68     1     B
149      123     83    19    19      83      40     40      2      2       1   B  QuietGame     3.22       68     1     A
148      174    134    33    34     134      40     40      0      3       2   A  QuietGame     3.22       68     0     A
142      268    228    30    30     228      40     40      0      3       2   A  QuietGame     3.25       67     0     A
147      189    149    32    34     149      40     40      5      2       0   B  QuietGame     3.14       69     1     A
152      108     68    16    17      68      40     40      0      4       3   A  QuietGame     3.03       68     0     A
146      212    172    32    33     172      40     40      0      4       3   A  QuietGame     3.17       69     0     A
150      168    128    27    28     128      40     40      4      1       0   B  QuietGame     3.21       68     0     B
154      130     90    13    14      90      40     40      1      4      -4   B  QuietGame     3.25       68     0     B
157      110     70    19    19      70      40     40      0      2       1   B  QuietGame     3.26       68     1     A
151      240    200    35    35     240       0     38      3      3      -3   B  Reduction     3.12       68     1     A
155      158    118    30    30     118      40     40      0      7       6   A  QuietGame     3.18       68     1     B
159      147    107    29    31     107      40     40      5      2      -1   B  QuietGame     3.32       68     1     A
156      195    155    25    25     155      40     40      0      9       9   A  QuietGame     3.21       68     0     A
153      226    186    24    25     186      40     40      1      7      -7   B  QuietGame     3.12       68     1     A
158      206    166    32    32     166      40     40      1      3      -2   B  QuietGame     3.35       68     0     B
162      106     66    13    14      66      40     40      0      2       0   B  QuietGame     3.06       68     0     B
160      123     83    16    16      83      40     40      2      2       2   A  QuietGame     3.21       68     0     A
161      174    134    33    35     174       0     31      3      3      -3   B  Reduction     3.15       68     1     A
163      158    118    29    30     118      40     40      0      7       6   A  QuietGame     3.26       68     1     B
165      121     81    28    29     121       0     11      0      9       9   A  Reduction     3.22       68     1     B
169      109     69    15    16      69      40     40      3      1       0   B  QuietGame     3.18       68     1     A
164      163    123    33    33     163       0     15      0      5       5   A  Reduction     3.31       68     0     A
166      186    146    31    32     186       0     36      1      6      -6   B  Reduction     3.18       68     0     B
172      106     66    12    13      66      40     40      1      2      -1   B  QuietGame     3.10       68     0     B
168      195    155    36    36     195       0     17      6      2       2   A  Reduction     3.26       68     0     A
167      211    171    35    35     211       0     33      0      3       3   A  Reduction     3.32       68     1     B
173      149    109    34    35     149       0     26      0      3       3   A  Reduction     3.28       68     1     B
171      183    143    32    32     143      40     40      3      3      -2   B  QuietGame     3.29       68     1     A
170      215    175    31    32     215       0     29      0      6       6   A  Reduction     2.99       68     0     A
176      133     93     9     9      93      40     40      1      2      -1   B  QuietGame     3.25       69     0     B
174      206    166    29    30     166      40     40      0      5       4   A  QuietGame     3.15       68     0     A
175      176    136    33    33     136      40     40      4      2       1   B  QuietGame     3.38       68     1     A
179      106     66    15    15      66      40     40      2      2       1   B  QuietGame     3.38       69     1     A
177      197    157    24    27     157      40     40      1      6      -5   B  QuietGame     3.10       69     1     A
181      147    107    30    31     147       0     28      0      7       7   A  Reduction     3.24       68     1     B
180      182    142    36    36     182       0     23      1      2      -2   B  Reduction     3.22       68     0     B
182      145    105    27    28     105      40     40      0      6       6   A  QuietGame     3.31       68     0     A
178      250    210    35    36     250       0     31      1      2      -2   B  Reduction     3.19       69     0     B
184      169    129    29    29     129      40     40      1      4      -3   B  QuietGame     3.35       68     0     B
183      194    154    33    34     194       0     36      1      4      -4   B  Reduction     3.16       68     1     A
185      202    162    30    31     162      40     40      1      5      -5   B  QuietGame     3.38       68     1     A
188      129     89    30    32      89      40     40      2      2       2   A  QuietGame     3.19       68     0     A
186      183    143    35    35     183       0     34      0      3       3   A  Reduction     3.19       68     0     A
187      232    192    34    36     232       0     26      1      2      -2   B  Reduction     3.09       68     1     A
190      197    157    33    33     157      40     40      7      2      -1   B  QuietGame     3.29       68     0     B
194      123     83    18    18      83      40     40      0      4       4   A  QuietGame     3.26       68     0     A
191      180    140    32    32     140      40     40      3      2      -2   B  QuietGame     3.28       68     1     A
189      231    191    29    31     191      40     40      1      6      -5   B  QuietGame     3.18       68     1     A
192      220    180    35    35     180      40     40      4      3       1   B  QuietGame     3.31       67     0     B
193      177    137    34    34     177       0     26      0      4       4   A  Reduction     3.24       67     1     B
195      183    143    34    35     143      40     40      5      2      -1   B  QuietGame     3.22       68     1     A
196      106     66    16    17      66      40     40      0      3       1   B  QuietGame     3.16       68     0     B
200      118     78    18    18      78      40     40      1      2      -2   B  QuietGame     3.32       68     0     B
201      100     60    11    11      60      40     40      3      1      -1   B  QuietGame     3.16       68     1     A
202      103     63    13    14      63      40     40      0      2       2   A  QuietGame     3.21       67     0     A
197      168    128    32    32     128      40     40      2      3       2   A  QuietGame     3.37       68     1     B
199      150    110    30    31     150       0     15      1      7      -7   B  Reduction     3.21       68     1     A
198      197    157    25    26     157      40     40      0      8       8   A  QuietGame     3.28       68     0     A
203      168    128    33    34     128      40     40      2      2       0   B  QuietGame     3.21       67     1     A
207      103     63    14    14      63      40     40      2      2       2   A  QuietGame     3.38       69     1     B
210       87     47     5     5      47      40     40      0      1       1   B  QuietGame     2.94       68     0     B
205      177    137    30    32     137      40     40      0      3       2   A  QuietGame     3.22       68     1     B
204      226    186    33    33     186      40     40      0      2       1   B  QuietGame     3.32       68     0     B
206      170    130    32    33     130      40     40      1      2      -1   B  QuietGame     3.26       69     0     B
208      189    149    32    34     149      40     40      1      3      -2   B  QuietGame     3.31       68     0     B
209      205    165    34    34     165      40     40      2      2       2   A  QuietGame     3.34       68     1     B
211      209    169    34    35     169      40     40      3      2      -1   B  QuietGame     3.24       68     1     A
212      212    172    32    32     172      40     40      0      5       4   A  QuietGame     3.09       68     0     A
215      156    116    17    17     116      40     40      1      1      -1   B  QuietGame     3.26       68     1     A
213      208    168    27    27     168      40     40      1      9      -9   B  QuietGame     3.21       68     1     A
214      201    161    32    33     161      40     40      0      3       3   A  QuietGame     3.29       68     0     A
216      222    182    33    35     182      40     40      0      2       1   B  QuietGame     3.24       68     0     B
217      203    163    33    35     203       0     33      0      4       3   A  Reduction     3.37       68     1     B
218      203    163    32    32     163      40     40      1      5      -4   B  QuietGame     3.29       68     0     B
222      132     92    25    27      92      40     40      0      4       3   A  QuietGame     3.21       68     0     A
220      166    126    34    34     126      40     40      1      2      -2   B  QuietGame     3.22       68     0     B
223      153    113    33    34     153       0     14      0      4       4   A  Reduction     3.26       68     1     B
221      195    155    35    36     195       0     32      2      2       2   A  Reduction     3.25       68     1     B
219      218    178    34    34     178      40     40      4      1       0   B  QuietGame     3.25       68     1     A
226      121     81    15    16      81      40     40      4      1       0   B  QuietGame     3.24       68     0     B
224      154    114    33    34     114      40     40      0      2       0   B  QuietGame     3.29       68     0     B
225      194    154    33    33     154      40     40      5      1      -1   B  QuietGame     3.19       68     1     A
228      140    100    29    30     100      40     40      4      2       0   B  QuietGame     3.34       68     0     B
229      129     89    29    32     129       0     11      0      6       6   A  Reduction     3.35       68     1     B
234      115     75    15    17      75      40     40      0      3       3   A  QuietGame     3.15       67     0     A
227      235    195    34    34     195      40     40      1      3      -2   B  QuietGame     3.28       68     1     A
233      184    144    31    32     144      40     40      4      1       0   B  QuietGame     3.31       67     1     A
232      197    157    32    33     157      40     40      8      1       1   B  QuietGame     3.31       67     0     B
231      203    163    34    34     163      40     40      0      3       2   A  QuietGame     3.35       68     1     B
230      256    216    36    36     216      40     40      8      1       0   B  QuietGame     3.24       68     0     B
236      175    135    27    27     135      40     40      0      4       3   A  QuietGame     3.25       68     0     A
235      203    163    31    33     203       0     31      0      5       5   A  Reduction     3.16       67     1     B
238      146    106    22    23     106      40     40      0      4       3   A  QuietGame     3.22       69     0     A
241      139     99    26    26      99      40     40      0      3       2   A  QuietGame     3.21       68     1     B
237      178    138    27    27     138      40     40      0      4       3   A  QuietGame     3.21       68     1     B
242      119     79    34    34     119       0      8      0      4       4   A  Reduction     3.33       67     0     A
240      205    165    27    30     165      40     40      0      4       4   A  QuietGame     3.22       68     0     A
244      156    116    32    32     116      40     40      0      5       4   A  QuietGame     3.22       68     0     A
239      251    211    32    33     211      40     40      5      4      -3   B  QuietGame     3.19       69     1     A
245      153    113    34    34     153       0     18      0      4       4   A  Reduction     3.16       68     1     B
243      200    160    35    35     160      40     40      0      2       1   B  QuietGame     3.27       67     1     A
247      152    112    28    29     152       0     17      1      9      -9   B  Reduction     3.31       68     1     A
246      171    131    34    34     171       0     25      0      4       4   A  Reduction     3.13       68     0     A
249      178    138    35    35     138      40     40      5      1      -1   B  QuietGame     3.31       68     1     A
253      114     74    15    15      74      40     40      1      2      -1   B  QuietGame     3.09       68     1     A
251      134     94    30    31     134       0     10      0      7      -7   B  Reduction     3.42       69     1     A
248      259    219    36    36     259       0     26      2      2       2   A  Reduction     3.18       68     0     A
250      186    146    31    32     146      40     40      3      3      -2   B  QuietGame     3.29       69     0     B
252      173    133    35    35     133      40     40      1      2      -1   B  QuietGame     3.32       68     0     B
254      171    131    32    33     171       0     19      2      5       5   A  Reduction     3.22       68     0     A
257      109     69    30    32     109       0      9      0      6       6   A  Reduction     3.18       67     1     B
255      194    154    28    28     154      40     40      0      3       2   A  QuietGame     3.29       68     1     B
256      175    135    32    33     135      40     40      1      2      -1   B  QuietGame     3.15       67     0     B
258      184    144    30    31     144      40     40      0      4       1   B  QuietGame     3.16       68     0     B
260      155    115    27    27     115      40     40      0      7       7   A  QuietGame     3.22       67     0     A
261      155    115    32    33     155       0     25      0      5       5   A  Reduction     3.25       67     1     B
264      114     74    22    23      74      40     40      0      3       1   B  QuietGame     3.15       68     0     B
259      199    159    30    32     159      40     40      0      3       2   A  QuietGame     3.10       68     1     B
262      195    155    28    31     155      40     40      0      5       5   A  QuietGame     3.34       68     0     A
266      110     70    19    21      70      40     40      0      4       1   B  QuietGame     3.15       68     0     B
263      234    194    36    36     194      40     40      0      3       0   B  QuietGame     3.32       68     1     A
265      183    143    33    35     143      40     40      1      2      -1   B  QuietGame     3.06       68     1     A
267      181    141    33    34     181       0     23      2      4       4   A  Reduction     3.16       68     1     B
269      173    133    32    32     133      40     40      0      2       2   A  QuietGame     3.16       68     1     B
270      175    135    32    33     135      40     40      0      3       3   A  QuietGame     3.24       68     0     A
268      210    170    33    35     170      40     40      4      2       1   B  QuietGame     3.24       68     0     B
274      112     72    20    21      72      40     40      0      8       7   A  QuietGame     3.13       68     0     A
273      172    132    29    29     132      40     40      2      2       1   B  QuietGame     3.21       68     1     A
272      239    199    33    33     199      40     40      0      3       3   A  QuietGame     3.26       68     0     A
276      139     99    27    27      99      40     40      0      4       3   A  QuietGame     3.18       67     0     A
277      137     97    26    29      97      40     40      0      5       5   A  QuietGame     3.10       67     1     B
275      187    147    34    35     147      40     40      3      2      -1   B  QuietGame     3.07       68     1     A
271      292    252    32    34     252      40     40      5      2      -2   B  QuietGame     3.10       68     1     A
278      183    143    33    33     143      40     40      0      3       3   A  QuietGame     3.19       67     0     A
282      107     67    10    12      67      40     40      0      6       6   A  QuietGame     2.99       68     0     A
279      186    146    34    34     146      40     40      2      3       2   A  QuietGame     3.22       67     1     B
284      121     81    17    17      81      40     40      0      3       3   A  QuietGame     3.21       67     0     A
283      157    117    27    27     117      40     40      0      2       1   B  QuietGame     3.28       68     1     A
281      186    146    28    29     146      40     40      0      6       5   A  QuietGame     3.15       68     1     B
280      212    172    30    33     172      40     40      0      4       3   A  QuietGame     3.12       68     0     A
285      164    124    28    28     124      40     40      2      1       0   B  QuietGame     3.16       67     1     A
286      180    140    30    32     140      40     40      6      2       0   B  QuietGame     3.01       68     0     B
287      170    130    33    33     130      40     40      1      3      -3   B  QuietGame     3.06       68     1     A
288      165    125    32    34     165       0     26      2      4       4   A  Reduction     3.10       68     0     A
290      136     96    21    22      96      40     40      0      5       4   A  QuietGame     3.22       68     0     A
291      120     80    18    18      80      40     40      0      2       0   B  QuietGame     3.21       68     1     A
292      160    120    26    27     120      40     40      0      6       5   A  QuietGame     3.15       68     0     A
289      219    179    32    32     179      40     40      0      3       2   A  QuietGame     3.16       68     1     B
295      125     85    20    21      85      40     40      0      2       1   B  QuietGame     3.19       68     1     A
293      194    154    34    35     154      40     40      0      2       1   B  QuietGame     3.13       68     1     A
294      211    171    32    33     171      40     40      6      2       1   B  QuietGame     3.13       68     0     B
299      133     93    21    22      93      40     40      3      2       0   B  QuietGame     3.26       68     1     A
296      216    176    32    32     176      40     40      0      5       4   A  QuietGame     3.15       68     0     A
298      202    162    34    35     202       0     27      3      3      -3   B  Reduction     3.22       68     0     B
297      226    186    35    35     186      40     40      2      2       1   B  QuietGame     3.15       68     1     A
303       90     50     8     8      50      40     40      0      1       0   B  QuietGame     3.06       68     1     A
301      165    125    34    35     165       0     27      0      3       3   A  Reduction     3.16       68     1     B
300      188    148    32    33     148      40     40      0      4       3   A  QuietGame     3.15       68     0     A
302      164    124    32    32     124      40     40      0      3       2   A  QuietGame     3.22       68     0     A
304      152    112    30    30     152       0     32      0      8      -8   B  Reduction     3.37       67     0     B
307      104     64    17    18      64      40     40      1      3      -2   B  QuietGame     3.03       68     1     A
306      149    109    19    22     109      40     40      0      3       2   A  QuietGame     3.04       68     0     A
308      112     72    16    17      72      40     40      0      4       3   A  QuietGame     3.26       68     0     A
309      122     82    22    22      82      40     40      1      6      -6   B  QuietGame     3.26       68     1     A
305      182    142    24    24     142      40     40      1      2      -2   B  QuietGame     3.19       67     1     A
310      128     88    14    14      88      40     40      0      2       0   B  QuietGame     3.15       68     0     B
311      194    154    29    30     154      40     40      3      4      -4   B  QuietGame     3.19       68     1     A
315      122     82    12    12      82      40     40      2      1       0   B  QuietGame     3.13       68     1     A
314      131     91    16    16      91      40     40      1      3       0   B  QuietGame     3.18       68     0     B
312      174    134    29    30     134      40     40      4      3       2   A  QuietGame     3.18       67     0     A
318      163    123    29    32     163       0     17      0      6       6   A  Reduction     3.06       68     0     A
317      170    130    28    29     130      40     40      1      7      -7   B  QuietGame     3.12       68     1     A
313      232    192    34    35     192      40     40      2      2       1   B  QuietGame     3.15       67     1     A
316      214    174    31    33     174      40     40      0      4       3   A  QuietGame     3.22       68     0     A
319      167    127    35    35     167       0     18      4      3       3   A  Reduction     3.31       68     1     B
323       90     50     7     8      50      40     40      0      2       0   B  QuietGame     3.06       68     1     A
320      173    133    30    31     133      40     40      1      5       5   A  QuietGame     3.31       68     0     A
322      179    139    32    32     139      40     40      0      4       4   A  QuietGame     3.24       68     0     A
324      150    110    19    20     110      40     40      0      5       4   A  QuietGame     3.12       68     0     A
325      153    113    27    28     113      40     40      0      8       8   A  QuietGame     3.09       68     1     B
321      233    193    33    35     193      40     40      0      2       1   B  QuietGame     3.10       68     1     A
326      182    142    30    32     142      40     40      0      5       4   A  QuietGame     3.16       67     0     A
328      151    111    22    23     111      40     40      0      7       7   A  QuietGame     3.25       68     0     A
330      111     71    17    18      71      40     40      0      3       2   A  QuietGame     3.18       68     0     A
327      165    125    31    33     125      40     40      0      2       1   B  QuietGame     3.21       67     1     A
329      167    127    33    35     127      40     40      3      3      -1   B  QuietGame     3.26       68     1     A
332      107     67    14    14      67      40     40      1      1       0   B  QuietGame     3.15       68     0     B
333      180    140    30    31     140      40     40      1      5      -5   B  QuietGame     3.18       68     1     A
331      232    192    30    31     192      40     40      4      2       1   B  QuietGame     3.15       68     1     A
337      169    129    31    33     129      40     40      3      2      -1   B  QuietGame     3.19       68     1     A
338      156    116    34    34     156       0     17      1      4      -4   B  Reduction     3.31       68     0     B
336      184    144    33    34     144      40     40      0      3       2   A  QuietGame     3.35       68     0     A
334      204    164    33    33     164      40     40      2      2       1   B  QuietGame     3.26       68     0     B
335      207    167    33    34     167      40     40      1      3      -2   B  QuietGame     3.21       68     1     A
339      200    160    30    30     160      40     40      0      7       6   A  QuietGame     3.21       68     1     B
340      157    117    35    35     157       0     13      1      3       3   A  Reduction     3.42       67     0     A
342      106     66    16    18      66      40     40      0      2       0   B  QuietGame     3.06       67     0     B
343      142    102    27    28     102      40     40      0      3       2   A  QuietGame     3.25       67     1     B
344      139     99    22    23      99      40     40      2      3       3   A  QuietGame     3.25       68     0     A
341      202    162    35    35     162      40     40      0      3       1   B  QuietGame     3.22       67     1     A
346      165    125    29    29     165       0     29      0      9       9   A  Reduction     3.32       68     0     A
345      183    143    32    32     143      40     40      0      4       4   A  QuietGame     3.28       68     1     B
348      133     93    26    26      93      40     40      0      5       4   A  QuietGame     3.25       67     0     A
347      182    142    30    31     142      40     40      1      5      -5   B  QuietGame     3.29       68     1     A
354       93     53     9    10      53      40     40      0      3       2   A  QuietGame     3.00       68     0     A
353      111     71    11    12      71      40     40      0      2       2   A  QuietGame     3.15       68     1     B
349      204    164    32    33     164      40     40      3      3      -3   B  QuietGame     3.19       67     1     A
355       94     54     9    10      54      40     40      1      2      -2   B  QuietGame     2.93       68     1     A
350      196    156    32    34     156      40     40      6      2       0   B  QuietGame     3.25       68     0     B
351      215    175    32    34     215       0     37      0      4       4   A  Reduction     3.15       68     1     B
352      191    151    31    32     151      40     40      0      2       2   A  QuietGame     3.26       68     0     A
356      169    129    34    34     169       0     19      1      4       4   A  Reduction     3.21       68     0     A
358      205    165    32    32     165      40     40      0      4       4   A  QuietGame     3.31       68     0     A
360      195    155    32    33     195       0     36      2      5       5   A  Reduction     3.19       68     0     A
359      201    161    32    33     161      40     40      1      4      -3   B  QuietGame     3.24       68     1     A
361      185    145    32    32     145      40     40      3      3      -2   B  QuietGame     3.21       68     1     A
357      242    202    34    35     202      40     40      2      2       1   B  QuietGame     3.15       68     1     A
363      189    149    33    33     149      40     40      4      3       3   A  QuietGame     3.34       67     1     B
362      201    161    31    32     161      40     40      0      2       2   A  QuietGame     3.27       67     0     A
364      205    165    33    33     165      40     40      2      3       3   A  QuietGame     3.25       68     0     A
367      129     89    22    23      89      40     40      0      3       3   A  QuietGame     3.16       68     1     B
368      120     80    20    20      80      40     40      2      2       0   B  QuietGame     3.28       68     0     B
370      100     60    13    13      60      40     40      1      1      -1   B  QuietGame     3.22       69     0     B
365      187    147    28    30     147      40     40      0      6       6   A  QuietGame     3.22       68     1     B
366      205    165    32    32     165      40     40      0      3       2   A  QuietGame     3.32       68     0     A
369      203    163    33    34     203       0     26      0      5       4   A  Reduction     3.34       68     1     B
371      172    132    27    30     132      40     40      1      6      -6   B  QuietGame     3.16       69     1     A
372      169    129    26    26     129      40     40      0      6       6   A  QuietGame     3.24       67     0     A
376      104     64    12    14      64      40     40      2      3       2   A  QuietGame     3.09       68     0     A
375      172    132    34    34     172       0     26      1      4      -4   B  Reduction     3.29       68     1     A
373      199    159    33    33     199       0     31      0      5       5   A  Reduction     3.37       67     1     B
379      120     80    20    23      80      40     40      1      2      -1   B  QuietGame     3.15       68     1     A
378      121     81    28    28      81      40     40      0      4       4   A  QuietGame     3.18       68     0     A
380       94     54    10    10      54      40     40      1      2      -2   B  QuietGame     3.03       67     0     B
374      227    187    28    29     187      40     40      0      5       5   A  QuietGame     3.21       68     0     A
377      201    161    30    31     161      40     40      3      4      -3   B  QuietGame     3.26       68     1     A
381      160    120    31    34     120      40     40      4      3       2   A  QuietGame     3.18       67     1     B
383      143    103    33    33     103      40     40      2      2       1   B  QuietGame     3.35       68     1     A
384      143    103    33    33     143       0     23      2      5       5   A  Reduction     3.16       68     0     A
382      179    139    35    35     139      40     40      2      2       1   B  QuietGame     3.24       68     0     B
387      144    104    18    19     104      40     40      3      2      -1   B  QuietGame     2.81       68     1     A
385      193    153    32    32     153      40     40      0      4       4   A  QuietGame     3.38       68     1     B
386      212    172    32    33     172      40     40      0      4       3   A  QuietGame     3.15       68     0     A
391      105     65    11    11      65      40     40      1      2      -1   B  QuietGame     3.18       68     1     A
392      111     71    15    15      71      40     40      2      1       1   B  QuietGame     3.16       69     0     B
388      202    162    32    35     162      40     40      3      2      -1   B  QuietGame     3.19       68     0     B
389      184    144    28    28     184       0     31      1     10     -10   B  Reduction     3.19       68     1     A
390      204    164    30    31     164      40     40      0      6       5   A  QuietGame     3.07       68     0     A
394      141    101    20    20     101      40     40      0      6       6   A  QuietGame     3.18       68     0     A
396      161    121    30    32     161       0     23      0      6       6   A  Reduction     3.31       68     0     A
393      231    191    35    35     191      40     40      1      2      -1   B  QuietGame     3.30       69     1     A
395      173    133    29    31     133      40     40      3      4      -3   B  QuietGame     3.12       68     1     A
401       93     53    10    10      53      40     40      0      2       2   A  QuietGame     3.04       68     1     B
398      215    175    33    33     175      40     40      6      1       1   B  QuietGame     3.34       68     0     B
400      192    152    29    30     152      40     40      2      3       2   A  QuietGame     3.24       68     0     A
402      126     86    30    31     126       0      8      1      7      -7   B  Reduction     3.13       68     0     B
399      238    198    33    34     198      40     40      0      3       2   A  QuietGame     3.18       68     1     B
397      264    224    35    36     224      40     40      0      3       0   B  QuietGame     3.26       68     1     A
403      137     97    22    22      97      40     40      1      3      -2   B  QuietGame     3.19       68     1     A
404      182    142    26    28     142      40     40      0      5       4   A  QuietGame     3.04       68     0     A
405      222    182    32    32     182      40     40      0      5       4   A  QuietGame     3.16       68     1     B
409      155    115    28    28     115      40     40      0      8       8   A  QuietGame     3.33       67     1     B
411      153    113    31    31     113      40     40      1      4      -3   B  QuietGame     3.25       68     1     A
406      212    172    31    32     172      40     40      0      4       2   A  QuietGame     3.34       68     0     A
408      180    140    30    32     140      40     40      0      5       4   A  QuietGame     3.25       67     0     A
410      178    138    31    31     138      40     40      0      6       5   A  QuietGame     3.29       68     0     A
407      194    154    32    33     154      40     40      3      2      -1   B  QuietGame     3.16       68     1     A
412      166    126    31    32     126      40     40      0      5       4   A  QuietGame     3.15       67     0     A
413      118     78    18    19      78      40     40      3      3      -3   B  QuietGame     3.10       67     1     A
415      126     86    33    33     126       0     11      1      5      -5   B  Reduction     3.37       68     1     A
416      125     85    32    33     125       0     13      0      5       5   A  Reduction     3.24       68     0     A
417      135     95    29    31      95      40     40      0      5       5   A  QuietGame     3.21       68     1     B
420      108     68    29    30     108       0     12      1      8      -8   B  Reduction     3.21       68     0     B
414      180    140    26    30     140      40     40      0      7       6   A  QuietGame     3.10       68     0     A
418      202    162    33    34     162      40     40      2      3       2   A  QuietGame     3.18       68     0     A
419      199    159    33    33     199       0     29      2      5       5   A  Reduction     3.32       68     1     B
422      143    103    27    28     103      40     40      0      6       6   A  QuietGame     3.16       67     0     A
421      206    166    31    32     206       0     29      1      6      -6   B  Reduction     3.13       68     1     A
423      165    125    28    29     125      40     40      0      6       5   A  QuietGame     3.21       67     1     B
424      152    112    30    31     112      40     40      0      4       3   A  QuietGame     3.15       68     0     A
427       95     55    10    11      55      40     40      0      2       1   B  QuietGame     2.96       67     1     A
426      146    106    33    34     146       0     10      1      4      -4   B  Reduction     3.16       67     0     B
425      174    134    29    29     134      40     40      0      6       5   A  QuietGame     3.19       68     1     B
430      129     89    33    34     129       0     24      0      4       4   A  Reduction     3.22       68     0     A
431      127     87    18    19      87      40     40      1      2      -1   B  QuietGame     3.22       68     1     A
428      192    152    34    34     192       0     33      5      4      -4   B  Reduction     3.13       68     0     B
429      186    146    31    31     146      40     40      0      2       1   B  QuietGame     3.12       68     1     A
433      168    128    34    34     128      40     40      0      3       2   A  QuietGame     3.28       68     1     B
432      179    139    25    26     139      40     40      0      6       6   A  QuietGame     3.35       68     0     A
434      187    147    30    31     187       0     26      2      7       7   A  Reduction     3.22       68     0     A
435      168    128    29    29     128      40     40      1      5      -5   B  QuietGame     3.10       68     1     A
436      125     85    33    34     125       0     10      0      4       4   A  Reduction     3.19       68     0     A
439      106     66    12    12      66      40     40      1      2      -2   B  QuietGame     3.13       68     1     A
438      133     93    22    24      93      40     40      0      3       2   A  QuietGame     3.22       68     0     A
437      157    117    18    19     117      40     40      0      4       3   A  QuietGame     3.06       68     1     B
442      144    104    32    33     144       0     21      1      5      -5   B  Reduction     3.19       68     0     B
445      111     71    30    30     111       0      9      2      8       8   A  Reduction     3.40       68     1     B
440      180    140    30    31     140      40     40      1      2      -1   B  QuietGame     3.26       68     0     B
441      178    138    29    31     138      40     40      2      2       1   B  QuietGame     3.29       68     1     A
447      123     83    11    11      83      40     40      2      3       3   A  QuietGame     3.24       68     1     B
444      181    141    32    32     141      40     40      0      4       4   A  QuietGame     3.26       68     0     A
443      208    168    31    31     208       0     31      3      7      -7   B  Reduction     3.16       68     1     A
446      190    150    33    35     150      40     40      0      2       1   B  QuietGame     3.22       68     0     B
450      138     98    23    23      98      40     40      0      2       1   B  QuietGame     3.25       67     0     B
448      155    115    31    32     155       0     26      0      6       6   A  Reduction     3.19       67     0     A
449      178    138    29    30     138      40     40      5      6      -6   B  QuietGame     3.21       67     1     A
451      196    156    34    34     156      40     40      4      2       0   B  QuietGame     3.27       67     1     A
453      159    119    28    30     119      40     40      3      3       0   B  QuietGame     3.31       67     1     A
455      133     93    24    26      93      40     40      1      3      -2   B  QuietGame     3.18       68     1     A
454      174    134    32    34     134      40     40      6      3       2   A  QuietGame     3.24       68     0     A
456      137     97    21    22      97      40     40      0      3       2   A  QuietGame     3.29       68     0     A
459       95     55    11    12      55      40     40      0      2       2   A  QuietGame     3.03       68     1     B
457      155    115    33    33     155       0     27      0      5       5   A  Reduction     3.18       68     1     B
452      268    228    33    33     228      40     40      4      2       1   B  QuietGame     3.21       67     0     B
464       90     50     7     7      50      40     40      1      1      -1   B  QuietGame     3.14       66     0     B
458      237    197    33    33     197      40     40      0      2       1   B  QuietGame     3.24       68     0     B
460      228    188    36    36     188      40     40      8      1       0   B  QuietGame     3.34       68     0     B
462      210    170    34    34     170      40     40      2      2       0   B  QuietGame     3.27       67     0     B
461      236    196    32    33     196      40     40      1      3      -3   B  QuietGame     3.13       68     1     A
467      100     60    11    12      60      40     40      1      2      -2   B  QuietGame     3.15       68     1     A
465      184    144    33    34     144      40     40      5      2      -2   B  QuietGame     3.32       66     1     A
466      160    120    32    32     120      40     40      0      5       4   A  QuietGame     3.31       68     0     A
463      205    165    35    36     165      40     40      1      3       0   B  QuietGame     3.22       67     1     A
469      129     89    15    16      89      40     40      0      8       8   A  QuietGame     3.24       68     1     B
468      208    168    28    29     168      40     40      0      2       1   B  QuietGame     3.19       68     0     B
470      191    151    30    33     151      40     40      0      4       3   A  QuietGame     3.22       68     0     A
472      183    143    31    32     143      40     40      0      3       2   A  QuietGame     3.15       68     0     A
471      188    148    30    31     148      40     40      5      2      -1   B  QuietGame     3.25       68     1     A
473      179    139    34    35     179       0     34      0      3       3   A  Reduction     3.37       68     1     B
475      201    161    32    34     161      40     40      5      2       0   B  QuietGame     3.25       69     1     A
474      228    188    34    34     188      40     40      3      2      -2   B  QuietGame     3.41       69     0     B
476      223    183    31    32     183      40     40      1      3      -2   B  QuietGame     3.29       68     0     B
480      175    135    34    34     175       0     27      0      4       4   A  Reduction     3.29       68     0     A
478      194    154    34    34     154      40     40      0      3       2   A  QuietGame     3.21       68     0     A
481      189    149    31    33     189       0     35      0      5       5   A  Reduction     3.15       68     1     B
479      201    161    32    32     161      40     40      3      5      -4   B  QuietGame     3.26       68     1     A
477      219    179    33    34     179      40     40      5      2       0   B  QuietGame     3.37       68     1     A
482      193    153    32    33     153      40     40      0      3       3   A  QuietGame     3.19       68     0     A
483      201    161    31    31     161      40     40      1      6      -5   B  QuietGame     3.29       68     1     A
484      169    129    28    29     129      40     40      0      7       7   A  QuietGame     3.31       67     0     A
485      187    147    34    34     147      40     40      1      4       0   B  QuietGame     3.51       67     1     A
488      167    127    29    31     127      40     40      0      2       1   B  QuietGame     3.22       68     0     B
490      155    115    31    33     155       0     18      0      5       5   A  Reduction     3.28       68     0     A
486      212    172    33    33     172      40     40      0      4       3   A  QuietGame     3.25       68     0     A
489      237    197    33    35     197      40     40      4      3       1   B  QuietGame     3.25       68     1     A
487      250    210    27    30     210      40     40      1      4      -4   B  QuietGame     3.07       68     1     A
491      188    148    30    30     148      40     40      3      4      -4   B  QuietGame     3.29       68     1     A
492      194    154    32    32     154      40     40      3      3      -2   B  QuietGame     3.31       68     0     B
493      164    124    31    32     164       0     12      1      6      -6   B  Reduction     3.24       68     1     A
495      156    116    32    32     116      40     40      2      1       0   B  QuietGame     3.33       67     1     A
496      149    109    18    18     109      40     40      2      2       2   A  QuietGame     3.16       69     0     A
494      202    162    31    33     162      40     40      0      4       3   A  QuietGame     3.21       67     0     A
497      170    130    33    34     130      40     40      3      3      -2   B  QuietGame     3.23       69     1     A
499      168    128    31    32     128      40     40      1      4      -4   B  QuietGame     3.19       69     1     A
501      109     69    15    15      69      40     40      2      5       5   A  QuietGame     3.18       68     1     B
502      129     89    14    16      89      40     40      0      2       2   A  QuietGame     2.96       67     0     A
498      212    172    27    28     172      40     40      1      2      -2   B  QuietGame     3.23       69     0     B
500      206    166    34    35     166      40     40      1      2      -1   B  QuietGame     3.34       68     0     B
504      163    123    16    16     123      40     40      2      2       2   A  QuietGame     3.15       68     0     A
503      198    158    32    33     158      40     40      1      3      -3   B  QuietGame     3.16       67     1     A
508      111     71    11    12      71      40     40      0      4       4   A  QuietGame     3.03       68     0     A
505      151    111    35    36     151       0     23      0      2       2   A  Reduction     3.32       68     1     B
509      107     67    30    32     107       0      7      0      6       6   A  Reduction     3.28       68     1     B
510      111     71    16    16      71      40     40      0      3       2   A  QuietGame     3.21       67     0     A
507      197    157    34    34     157      40     40      1      3      -2   B  QuietGame     3.35       68     1     A
506      228    188    35    35     188      40     40      2      2       1   B  QuietGame     3.25       68     0     B
511      160    120    33    34     160       0     22      0      4      -4   B  Reduction     3.37       67     1     A
513      147    107    31    32     147       0     21      2      6       6   A  Reduction     3.24       68     1     B
512      175    135    32    32     135      40     40      1      2       0   B  QuietGame     3.28       68     0     B
514      177    137    30    33     177       0     15      0      5       5   A  Reduction     3.19       68     0     A
516      129     89    15    15      89      40     40      0      3       3   A  QuietGame     3.22       68     0     A
515      223    183    30    31     183      40     40      3      6      -5   B  QuietGame     3.25       68     1     A
517      193    153    29    30     153      40     40      2      6       6   A  QuietGame     3.25       68     1     B
518      193    153    29    29     193       0     26      0      9       9   A  Reduction     3.44       68     0     A
519      173    133    33    33     173       0     31      0      5       5   A  Reduction     3.47       68     1     B
521      187    147    33    34     147      40     40      7      2       0   B  QuietGame     3.26       66     1     A
522      200    160    30    30     160      40     40      2      3       2   A  QuietGame     3.46       67     0     A
520      253    213    34    34     213      40     40      2      2       2   A  QuietGame     3.08       66     0     A
527      109     69    14    14      69      40     40      1      2       0   B  QuietGame     3.43       68     1     A
523      213    173    31    31     173      40     40      1      6      -5   B  QuietGame     3.40       67     1     A
524      207    167    31    32     167      40     40      0      4       4   A  QuietGame     3.34       68     0     A
525      189    149    35    35     189       0     20      0      3       3   A  Reduction     3.34       68     1     B
529      117     77    15    15      77      40     40      1      2      -1   B  QuietGame     3.21       67     1     A
526      250    210    34    35     210      40     40      2      3       1   B  QuietGame     3.19       68     0     B
528      211    171    27    28     171      40     40      0      8       8   A  QuietGame     3.24       67     0     A
530      169    129    33    34     129      40     40      6      2       2   A  QuietGame     3.35       68     0     A
532      176    136    32    34     136      40     40      3      2      -2   B  QuietGame     3.33       67     0     B
533      175    135    32    33     175       0     23      0      5       5   A  Reduction     3.33       67     1     B
531      210    170    30    32     170      40     40      4      2       0   B  QuietGame     3.07       68     1     A
534      177    137    29    32     137      40     40      0      3       2   A  QuietGame     3.13       68     0     A
536      133     93    19    20      93      40     40      0      4       4   A  QuietGame     3.22       68     0     A
538      120     80    24    24      80      40     40      2      1       0   B  QuietGame     3.22       68     0     B
535      239    199    36    36     199      40     40      7      2       0   B  QuietGame     3.37       68     1     A
537      185    145    33    33     145      40     40      0      2       1   B  QuietGame     3.18       68     1     A
539      208    168    35    36     168      40     40      4      2       0   B  QuietGame     3.24       68     1     A
540      179    139    33    34     179       0     33      0      4       4   A  Reduction     3.12       68     0     A
542      170    130    26    28     130      40     40      2      5       4   A  QuietGame     3.06       68     0     A
544      117     77    16    16      77      40     40      0      4       4   A  QuietGame     3.34       68     0     A
541      241    201    28    29     201      40     40      1      6      -5   B  QuietGame     3.18       68     1     A
543      215    175    31    31     175      40     40      1      4      -3   B  QuietGame     3.38       68     1     A
549      105     65     8     9      65      40     40      0      3       3   A  QuietGame     3.10       68     1     B
545      161    121    33    34     121      40     40      1      3       0   B  QuietGame     3.18       68     1     A
546      180    140    34    34     140      40     40      6      1       0   B  QuietGame     3.32       68     0     B
550      135     95    34    35     135       0     12      0      3       3   A  Reduction     3.21       68     0     A
547      161    121    34    35     161       0     17      4      3       3   A  Reduction     3.09       68     1     B
548      177    137    20    21     137      40     40      3      2      -1   B  QuietGame     3.10       68     0     B
554      156    116    23    25     116      40     40      0      6       5   A  QuietGame     3.15       68     0     A
552      173    133    29    31     173       0     37      0      7       7   A  Reduction     3.29       68     0     A
556      139     99    27    29     139       0     17      0      9       9   A  Reduction     3.18       68     0     A
553      183    143    32    32     183       0     33      1      6       6   A  Reduction     3.35       68     1     B
551      221    181    31    32     181      40     40      2      4       4   A  QuietGame     3.22       68     1     B
555      161    121    33    33     161       0     21      0      5       5   A  Reduction     3.19       68     1     B
557      153    113    32    34     153       0     17      2      4       4   A  Reduction     3.15       68     1     B
558      161    121    30    31     121      40     40      0      5       5   A  QuietGame     3.20       69     0     A
561      105     65    14    14      65      40     40      3      1       0   B  QuietGame     3.21       68     1     A
559      127     87    30    31     127       0     22      0      7       7   A  Reduction     3.33       69     1     B
560      126     86    16    17      86      40     40      0      2       1   B  QuietGame     3.13       68     0     B
565      103     63    12    13      63      40     40      1      2      -1   B  QuietGame     3.16       68     1     A
562      135     95    25    25      95      40     40      2      4       3   A  QuietGame     3.26       68     0     A
566      138     98    18    18      98      40     40      2      1       0   B  QuietGame     3.24       67     0     B
564      197    157    32    34     197       0     24      2      4       4   A  Reduction     3.15       68     0     A
567      148    108    32    32     108      40     40      0      3       2   A  QuietGame     3.45       67     1     B
563      242    202    34    34     202      40     40      1      2      -2   B  QuietGame     3.41       68     1     A
568      194    154    32    32     194       0     37      1      6      -6   B  Reduction     3.34       68     0     B
571      183    143    33    33     143      40     40      2      3       3   A  QuietGame     3.40       68     1     B
569      217    177    33    34     177      40     40      1      2       0   B  QuietGame     3.35       68     1     A
570      233    193    33    34     233       0     34      0      4       4   A  Reduction     3.24       68     0     A
573      167    127    30    31     127      40     40      3      4      -3   B  QuietGame     3.18       68     1     A
577      137     97    32    34     137       0     12      0      4       4   A  Reduction     3.21       68     1     B
572      260    220    33    33     220      40     40      0      4       3   A  QuietGame     3.28       68     0     A
574      222    182    34    34     182      40     40      2      2       0   B  QuietGame     3.17       69     0     B
576      174    134    26    28     134      40     40      0      9       8   A  QuietGame     3.18       68     0     A
575      240    200    35    36     200      40     40      2      2       0   B  QuietGame     3.20       69     1     A
579      169    129    31    32     169       0     27      0      6       6   A  Reduction     3.20       66     1     B
578      201    161    29    31     161      40     40      0      4       3   A  QuietGame     3.11       66     0     A
580      160    120    29    31     120      40     40      1      4      -3   B  QuietGame     3.32       68     0     B
581      100     60    11    12      60      40     40      1      2      -2   B  QuietGame     3.21       68     1     A
583      127     87    26    27     127       0     11      1     11      11   A  Reduction     3.42       67     1     B
582      147    107    30    31     107      40     40      0      5       5   A  QuietGame     3.49       67     0     A
587       99     59    12    12      59      40     40      0      2       2   A  QuietGame     3.18       68     1     B
584      177    137    18    18     137      40     40      0     10      10   A  QuietGame     3.34       68     0     A
585      168    128    33    34     168       0     30      1      4      -4   B  Reduction     3.28       68     1     A
586      174    134    34    34     134      40     40      4      1       0   B  QuietGame     3.38       68     0     B
589      160    120    31    32     120      40     40      0      3       2   A  QuietGame     3.32       68     1     B
588      178    138    35    35     138      40     40      0      2       1   B  QuietGame     3.15       68     0     B
590      177    137    31    31     137      40     40      0      3       3   A  QuietGame     3.22       68     0     A
592      146    106    26    27     106      40     40      0      4       3   A  QuietGame     3.28       68     0     A
591      187    147    36    36     147      40     40      3      1       0   B  QuietGame     3.24       68     1     A
594      131     91    17    17      91      40     40      2      3       3   A  QuietGame     3.16       68     0     A
593      182    142    30    30     142      40     40      1      4      -4   B  QuietGame     3.43       68     1     A
597      123     83    18    18      83      40     40      1      2       0   B  QuietGame     3.13       68     1     A
595      165    125    30    31     125      40     40      0      3       3   A  QuietGame     3.25       68     1     B
596      186    146    30    30     146      40     40      0      5       4   A  QuietGame     3.29       68     0     A
601      128     88    13    15      88      40     40      1      5      -5   B  QuietGame     3.06       67     1     A
599      190    150    33    34     190       0     25      1      4      -4   B  Reduction     3.25       68     1     A
600      180    140    32    34     180       0     22      0      4      -4   B  Reduction     3.28       67     0     B
603      176    136    31    32     136      40     40      1      5      -4   B  QuietGame     3.21       68     1     A
604      166    126    31    32     126      40     40      2      5       4   A  QuietGame     3.18       68     0     A
602      200    160    33    34     160      40     40      3      2      -2   B  QuietGame     3.24       68     0     B
598      266    226    36    36     226      40     40      6      2       0   B  QuietGame     3.04       68     0     B
608       99     59    10    10      59      40     40      0      2       2   A  QuietGame     3.09       68     0     A
606      192    152    34    34     152      40     40      4      1       0   B  QuietGame     3.21       68     0     B
607      209    169    31    31     169      40     40      5      4      -3   B  QuietGame     3.26       68     1     A
611      166    126    31    33     166       0     31      1      5      -5   B  Reduction     3.12       68     1     A
605      295    255    30    31     255      40     40      1      6      -5   B  QuietGame     3.12       68     1     A
609      190    150    23    23     150      40     40      1      3      -3   B  QuietGame     3.12       68     1     A
610      181    141    32    34     181       0     22      0      4       4   A  Reduction     3.19       68     0     A
612      193    153    32    32     193       0     33      0      6       6   A  Reduction     3.30       67     0     A
618      120     80    15    18      80      40     40      2      3       0   B  QuietGame     3.10       68     0     B
619      126     86    18    19      86      40     40      1      2      -1   B  QuietGame     3.21       68     1     A
617      141    101    31    31     141       0     19      0      7       7   A  Reduction     3.25       67     1     B
614      216    176    33    34     176      40     40      4      2       0   B  QuietGame     3.29       68     0     B
613      274    234    32    33     234      40     40      1      3      -3   B  QuietGame     3.13       67     1     A
615      176    136    30    30     176       0     25      1      8      -8   B  Reduction     3.18       68     1     A
616      160    120    32    33     120      40     40      0      4       3   A  QuietGame     3.16       67     0     A

games                620
mean plies           170.2   (movement 130.2)
mean captures        27.6
mean removals        28.4
mean dead tail       31.7   plies after the last capture or removal
mean longest quiet   36.6
mean lead changes    1.3   (339 of 620 games had any)
mean peak margin     3.6
mean final margin    3.0   (absolute)
ended by quiet game  492  (79%)
ended by reduction   128  (21%)
ended by immobilize  0  (0%)
won by A / B         301 / 319
mean depth           3.21   (over 42076 searched opening plies)
wall clock           6106.69 s

weight-set A wins    389 / 620  (62.7%)   [as P0: 190/310, as P1: 199/310]
weight-set B wins    231 / 620
quiet-game share     A-wins 84.6%   B-wins 70.6%   all 79.4%
95% threshold        wins >= 331 of 620 (one-sided): A is significantly stronger
csv line appended to doc\bench\sweeps\2026-08-24\confirm.csv

wins 389/620 (threshold 331), quiet 79.35% (limit 75.5%), captures 27.61 (floor 26.163)
REJECT: wins but dulls the game (quiet/capture guardrail failed).
