sweep stage 'robust' -> doc/bench/sweeps/2026-08-24
>> ./cmake-build-release/latrunculi_game/latrunculi_bench.exe pairs=100 ms=500 seed=777001 threads=8 rows=6 columns=6 perside=12 csv=doc\bench\sweeps\2026-08-24\robust.csv wA.threat=0.25 wA.pair=0.02 wA.mobility=0.02 wA.centre=0.2 wA.vulnerableAxes=-0.03 wA.oneMoveCapturable=-0.9 wA.spearheadPairs=0.15 wA.diagonalSupport=0.06 wA.deniedSquares=0.04 wA.strikers=0.05 wA.notchExposure=-0.12 wB.threat=0.25 wB.pair=0.02 wB.mobility=0.02 wB.centre=0.05 wB.vulnerableAxes=-0.03 wB.oneMoveCapturable=-0.9 wB.spearheadPairs=0.15 wB.diagonalSupport=0.06 wB.deniedSquares=0.04 wB.strikers=0.05 wB.notchExposure=-0.12
Latrunculi bench: 100 mirrored A-vs-B pairs (200 games), 6x6, 12 per side, slide, convex payoff, komi 1.5, policy placement, 500 ms per searched ply, 8 threads
base seed: 777001  (pair p uses seed base+p; even game index = set A as P0)
XML: not saved   memory tracking level: 0

game   plies  moveP  capt  remv lastAct    tail  quiet   lead   peak  margin win  reason    depth    srchd  AasP  wSet
1         68     44     2     2      28      40     40      0      1       0   B  QuietGame     4.85       40     1     A
3         68     44     2     2      28      40     40      0      1       0   B  QuietGame     5.17       41     1     A
5         77     53     4     4      37      40     40      0      2       2   A  QuietGame     4.65       40     1     B
2         82     58     3     3      42      40     40      0      2       1   B  QuietGame     4.78       41     0     B
0         84     60    15    15      84       0     18      1      7      -7   B  Reduction     4.90       40     0     B
4         96     72    14    13      96       0     31      1     10     -10   B  Reduction     4.90       40     0     B
7        114     90     6     6      74      40     40      0      2       0   B  QuietGame     4.95       40     1     A
6        118     94     9    11      78      40     40      1      3      -3   B  QuietGame     4.75       40     0     B
9         71     47     4     4      31      40     40      0      2       2   A  QuietGame     4.90       40     1     B
10        71     47     3     5      31      40     40      0      2       1   B  QuietGame     4.53       40     0     B
12        69     45     3     3      29      40     40      0      1       1   B  QuietGame     4.60       40     0     B
8         86     62     8     8      46      40     40      0      1       0   B  QuietGame     4.85       40     0     B
11        79     55     6     6      39      40     40      2      1       0   B  QuietGame     4.78       40     1     A
13        70     46     3     3      30      40     40      1      1      -1   B  QuietGame     4.62       40     1     A
14        71     47     5     5      31      40     40      0      1       1   B  QuietGame     4.67       40     0     B
19        70     46     4     4      30      40     40      0      1       0   B  QuietGame     4.83       40     1     A
18        77     53     7     7      37      40     40      2      1       1   B  QuietGame     4.78       40     0     B
21        64     40     0     0       0      64     40      0      0       0   B  QuietGame     4.78       40     1     A
20        69     45     2     3      29      40     40      0      2       1   B  QuietGame     4.85       40     0     B
17        90     66     6     8      50      40     40      2      2      -2   B  QuietGame     5.10       40     1     A
15       113     89    10    12      73      40     40      2      2       2   A  QuietGame     4.65       40     1     B
22        94     70     4     4      54      40     40      0      3       2   A  QuietGame     4.78       40     0     A
16       147    123    10    11     107      40     40      0      2       1   B  QuietGame     5.03       40     0     B
25        67     43     1     1      27      40     40      0      1       1   B  QuietGame     4.75       40     1     A
26        67     43     1     1      27      40     40      0      1       1   B  QuietGame     4.85       40     0     B
24        73     49     5     5      33      40     40      0      3       3   A  QuietGame     4.83       40     0     A
27        66     42    14    15      64       2     13      1      5      -5   B  Immobilize     4.97       40     1     A
23       108     84     7     8      68      40     40      2      1       0   B  QuietGame     4.67       40     1     A
30        64     40     0     0       0      64     40      0      0       0   B  QuietGame     5.05       40     0     B
32        64     40     0     0       0      64     40      0      0       0   B  QuietGame     4.70       40     0     B
28       115     91     7     8      75      40     40      0      4       4   A  QuietGame     4.68       41     0     A
33        70     46     2     2      30      40     40      0      2      -2   B  QuietGame     4.60       40     1     A
31        76     52     5     6      36      40     40      0      2       0   B  QuietGame     4.65       40     1     A
29       107     83    10    11      67      40     40      0      4       3   A  QuietGame     4.83       41     1     B
34       101     77     3     3      61      40     40      0      1       1   B  QuietGame     4.72       40     0     B
35        75     51    12    11      75       0     17      0     11      11   A  Immobilize     4.95       40     1     B
40        67     43     1     1      27      40     40      0      1       1   B  QuietGame     4.58       40     0     B
39        69     45     2     3      29      40     40      0      2       1   B  QuietGame     4.92       40     1     A
38        80     56     7     7      40      40     40      0      2       1   B  QuietGame     4.92       40     0     B
36       106     82     2     2      66      40     40      0      1       0   B  QuietGame     4.53       40     0     B
41        73     49     2     2      33      40     40      0      2       2   A  QuietGame     4.88       40     1     B
37       113     89     5     6      73      40     40      1      2       2   A  QuietGame     4.85       40     1     B
42        68     44     2     2      28      40     40      0      1       0   B  QuietGame     4.90       40     0     B
43        76     52     5     6      36      40     40      0      2       0   B  QuietGame     4.67       40     1     A
44        74     50     7     7      34      40     40      0      2       1   B  QuietGame     4.78       41     0     B
46        75     51     6     6      35      40     40      0      2       2   A  QuietGame     4.88       40     0     A
47        72     48     3     3      32      40     40      0      2       1   B  QuietGame     4.90       40     1     A
48        68     44     2     2      28      40     40      0      1       0   B  QuietGame     4.65       40     0     B
45        99     75    16    16      99       0     36      0      6       6   A  Reduction     4.78       41     1     B
50        70     46     4     4      30      40     40      0      1       0   B  QuietGame     4.55       40     0     B
51        64     40     0     0       0      64     40      0      0       0   B  QuietGame     4.97       40     1     A
49        95     71     7     7      55      40     40      0      1       1   B  QuietGame     4.97       40     1     A
52        70     46     4     4      30      40     40      0      1       0   B  QuietGame     5.02       41     0     B
53        68     44     2     2      28      40     40      0      1       0   B  QuietGame     4.78       41     1     A
54        65     41     2     1      65       0     36      0      2       2   A  Immobilize     5.35       40     0     A
56        67     43     1     1      27      40     40      0      1       1   B  QuietGame     4.78       40     0     B
57        68     44     2     2      28      40     40      0      1       0   B  QuietGame     4.80       40     1     A
58        67     43     1     1      27      40     40      0      1       1   B  QuietGame     4.88       40     0     B
55        80     56     5     5      40      40     40      0      2       1   B  QuietGame     4.88       40     1     A
59        70     46     3     3      30      40     40      0      1      -1   B  QuietGame     4.80       40     1     A
60        67     43     1     1      27      40     40      0      1       1   B  QuietGame     4.65       40     0     B
61        64     40     0     0       0      64     40      0      0       0   B  QuietGame     4.70       40     1     A
62        75     51     6     6      35      40     40      0      2       2   A  QuietGame     4.80       40     0     A
66        68     44     2     2      28      40     40      0      1       0   B  QuietGame     4.92       40     0     B
65        74     50     5     6      34      40     40      1      1       0   B  QuietGame     4.75       40     1     A
63        87     63    14    15      87       0     27      0      7       7   A  Reduction     4.62       40     1     B
67        76     52     6     6      36      40     40      0      1       0   B  QuietGame     4.67       40     1     A
68        96     72     4     4      56      40     40      0      1       0   B  QuietGame     4.97       40     0     B
70        73     49     5     6      33      40     40      1      1       0   B  QuietGame     4.68       41     0     B
72        67     43     1     1      27      40     40      0      1       1   B  QuietGame     4.65       40     0     B
71        72     48     5     6      32      40     40      1      1       0   B  QuietGame     4.80       41     1     A
69       107     83    16    15     107       0     24      0      7       7   A  Immobilize     4.78       40     1     B
73        68     44     2     2      28      40     40      0      1       0   B  QuietGame     4.72       40     1     A
74        71     47     4     4      31      40     40      1      1       0   B  QuietGame     4.70       40     0     B
64       166    142     8     7     166       0     38      1      8      -8   B  Immobilize     4.83       40     0     B
75        77     53     8     8      37      40     40      1      1       0   B  QuietGame     4.85       40     1     A
76        76     52     5     5      36      40     40      1      3      -3   B  QuietGame     4.75       40     0     B
79        67     43     1     1      27      40     40      0      1       1   B  QuietGame     4.80       40     1     A
80        69     45     3     3      29      40     40      0      1       1   B  QuietGame     4.72       40     0     B
78        76     52     3     3      36      40     40      0      2       1   B  QuietGame     4.70       40     0     B
77        83     59     6     7      43      40     40      2      1       1   B  QuietGame     4.72       40     1     A
81        69     45     3     3      29      40     40      0      1       1   B  QuietGame     4.75       40     1     A
82        73     49     6     6      33      40     40      0      2       2   A  QuietGame     4.68       41     0     A
84        69     45     3     3      29      40     40      0      1       1   B  QuietGame     4.80       40     0     B
86        68     44     2     2      28      40     40      0      1       0   B  QuietGame     4.92       40     0     B
83        74     50     5     5      34      40     40      0      2       1   B  QuietGame     4.83       41     1     A
85        75     51    15    15      75       0     11      0      7       7   A  Reduction     4.95       40     1     B
87        80     56     9    10      40      40     40      1      1       0   B  QuietGame     4.88       40     1     A
89        75     51     7     7      35      40     40      1      2      -1   B  QuietGame     4.68       41     1     A
90        68     44     2     2      28      40     40      0      1       0   B  QuietGame     4.80       40     0     B
88       114     90     8     8      74      40     40      0      3       2   A  QuietGame     4.83       41     0     A
91        69     45     3     3      29      40     40      0      1       1   B  QuietGame     5.00       40     1     A
93        73     49     5     6      33      40     40      0      2       2   A  QuietGame     4.67       40     1     B
92        81     57     3     3      41      40     40      0      1       1   B  QuietGame     4.95       40     0     B
95        76     52     7     7      36      40     40      1      1      -1   B  QuietGame     4.74       42     1     A
97        67     43     1     1      27      40     40      0      1       1   B  QuietGame     4.71       41     1     A
94       113     89     6     6      73      40     40      0      2       2   A  QuietGame     4.95       42     0     A
98        71     47     5     5      31      40     40      0      1       1   B  QuietGame     4.62       40     0     B
99        73     49     6     6      33      40     40      0      2       2   A  QuietGame     4.60       40     1     B
100       71     47     1     1      31      40     40      0      1       1   B  QuietGame     5.05       40     0     B
96       119     95    10    11      79      40     40      0      2       1   B  QuietGame     4.93       41     0     B
101       91     67    10    10      51      40     40      0      2       2   A  QuietGame     5.10       40     1     B
103       81     57     9    10      41      40     40      0      4       4   A  QuietGame     4.60       40     1     B
104       68     44     2     2      28      40     40      0      1       0   B  QuietGame     4.88       40     0     B
102      102     78    15    15     102       0     25      1      7      -7   B  Immobilize     4.60       40     0     B
106       68     44     2     2      28      40     40      0      1       0   B  QuietGame     4.88       40     0     B
107       68     44     2     2      28      40     40      0      1       0   B  QuietGame     4.83       40     1     A
108       72     48     4     5      32      40     40      1      1      -1   B  QuietGame     4.65       40     0     B
105      102     78     3     3      62      40     40      0      2       1   B  QuietGame     4.88       40     1     A
109       74     50     5     5      34      40     40      1      1      -1   B  QuietGame     4.83       40     1     A
110       71     47     3     3      31      40     40      0      1       1   B  QuietGame     4.83       40     0     B
111       71     47     3     3      31      40     40      1      1       1   B  QuietGame     4.85       40     1     A
113       69     45     1     1      29      40     40      0      1       1   B  QuietGame     4.88       40     1     A
114       64     40     0     0       0      64     40      0      0       0   B  QuietGame     4.97       40     0     B
115       69     45     2     2      29      40     40      0      2       2   A  QuietGame     4.72       40     1     B
116       71     47     5     5      31      40     40      0      1       1   B  QuietGame     4.63       41     0     B
112      108     84     4     4      68      40     40      0      1       0   B  QuietGame     4.67       40     0     B
119       64     40     0     0       0      64     40      0      0       0   B  QuietGame     4.85       41     1     A
118       75     51     5     6      35      40     40      0      4       4   A  QuietGame     4.71       41     0     A
120       67     43     1     1      27      40     40      0      1       1   B  QuietGame     4.60       40     0     B
121       84     60     8     8      44      40     40      0      1       0   B  QuietGame     4.85       40     1     A
122       64     40     0     0       0      64     40      0      0       0   B  QuietGame     5.10       40     0     B
124       72     48     5     5      32      40     40      0      2       1   B  QuietGame     4.75       40     0     B
117      134    110     9    10      94      40     40      1      2       0   B  QuietGame     4.98       41     1     A
126       76     52     3     3      36      40     40      1      1      -1   B  QuietGame     4.92       40     0     B
127       78     54     7     7      38      40     40      1      1      -1   B  QuietGame     4.83       40     1     A
123      111     87    16    16     111       0     31      0      6       6   A  Reduction     4.90       40     1     B
128       69     45     3     3      29      40     40      0      1       1   B  QuietGame     4.72       40     0     B
129       68     44     2     2      28      40     40      0      1       0   B  QuietGame     4.88       40     1     A
125      114     90     4     4      74      40     40      0      1       0   B  QuietGame     5.20       40     1     A
130       73     49     5     6      33      40     40      0      2       2   A  QuietGame     4.60       40     0     A
131       71     47     3     3      31      40     40      0      1       1   B  QuietGame     4.78       40     1     A
132       74     50     5     5      34      40     40      0      1      -1   B  QuietGame     4.85       40     0     B
133       72     48     4     4      32      40     40      0      1       0   B  QuietGame     4.88       40     1     A
135       71     47     3     3      31      40     40      0      1       1   B  QuietGame     4.65       40     1     A
136       86     62    11    13      46      40     40      1      2      -1   B  QuietGame     4.80       41     0     B
138       71     47     3     4      31      40     40      0      2       2   A  QuietGame     4.49       41     0     A
139       69     45     2     3      29      40     40      0      2       1   B  QuietGame     4.66       41     1     A
137       86     62     9     9      46      40     40      1      1      -1   B  QuietGame     4.71       41     1     A
140       72     48     3     3      32      40     40      1      1      -1   B  QuietGame     4.78       40     0     B
141       76     52     4     5      36      40     40      0      2       1   B  QuietGame     4.67       40     1     A
142       67     43     1     1      27      40     40      0      1       1   B  QuietGame     5.00       40     0     B
134      132    108    10    11      92      40     40      2      1      -1   B  QuietGame     4.55       40     0     B
144       69     45     2     3      29      40     40      0      2       1   B  QuietGame     4.95       40     0     B
146       68     44     2     2      28      40     40      0      1       0   B  QuietGame     4.85       40     0     B
143       89     65    14    14      89       0     21      2      8       8   A  Reduction     4.80       40     1     B
150       82     58     9    10      42      40     40      0      2       0   B  QuietGame     4.58       40     0     B
149       82     58     6     7      42      40     40      1      1      -1   B  QuietGame     4.88       40     1     A
148       91     67     6     6      51      40     40      1      1       0   B  QuietGame     5.08       40     0     B
147      105     81     6     7      65      40     40      2      1       1   B  QuietGame     5.00       40     1     A
151       68     44     2     2      28      40     40      0      1       0   B  QuietGame     4.65       40     1     A
145      129    105    13    14     129       0     30      0      8       8   A  Reduction     4.92       40     1     B
152       72     48     5     5      32      40     40      1      1      -1   B  QuietGame     4.80       40     0     B
153       81     57     4     4      41      40     40      1      1       0   B  QuietGame     4.92       40     1     A
154       64     40     0     0       0      64     40      0      0       0   B  QuietGame     4.65       40     0     B
155       64     40     0     0       0      64     40      0      0       0   B  QuietGame     4.78       40     1     A
157       69     45     2     3      29      40     40      0      2       1   B  QuietGame     4.65       40     1     A
158       71     47     5     5      31      40     40      0      1       1   B  QuietGame     4.78       41     0     B
159       72     48     6     6      32      40     40      0      1       0   B  QuietGame     4.66       41     1     A
160       71     47     3     4      31      40     40      0      2       2   A  QuietGame     4.56       41     0     A
161       69     45     2     2      29      40     40      0      1       0   B  QuietGame     4.78       41     1     A
156      135    111    11    11      95      40     40      0      3       3   A  QuietGame     4.80       40     0     A
165       68     44     2     2      28      40     40      0      1       0   B  QuietGame     4.98       41     1     A
167       72     48     5     5      32      40     40      0      2       1   B  QuietGame     4.71       41     1     A
162      101     77     7     7      61      40     40      2      1       1   B  QuietGame     4.75       40     0     B
168       70     46     2     2      30      40     40      0      1       0   B  QuietGame     4.75       40     0     B
163      123     99    14    13     123       0     32      0      4       4   A  Immobilize     4.90       40     1     B
164      116     92    14    15     116       0     37      3      7      -7   B  Reduction     4.68       41     0     B
166      131    107    10    10      91      40     40      1      1       0   B  QuietGame     4.68       41     0     B
170       79     55     2     2      39      40     40      0      2       2   A  QuietGame     4.78       40     0     A
171       70     46     3     4      30      40     40      1      1       0   B  QuietGame     4.55       40     1     A
172       76     52     4     4      36      40     40      0      1       0   B  QuietGame     4.75       40     0     B
174       67     43     1     1      27      40     40      0      1       1   B  QuietGame     5.00       40     0     B
169      108     84     3     3      68      40     40      0      1      -1   B  QuietGame     4.72       40     1     A
175       75     51     6     7      35      40     40      0      3       3   A  QuietGame     4.70       40     1     B
173       99     75    13    14      99       0     32      0      8       8   A  Reduction     4.88       40     1     B
176       73     49     4     5      33      40     40      0      3       3   A  QuietGame     4.70       40     0     A
179       68     44     2     2      28      40     40      0      1       0   B  QuietGame     4.60       40     1     A
178       83     59    10    10      43      40     40      0      2       2   A  QuietGame     4.78       40     0     A
180       81     57     7     7      41      40     40      0      3       3   A  QuietGame     4.78       40     0     A
182       71     47     3     3      31      40     40      0      1       1   B  QuietGame     4.95       40     0     B
181       99     75    11    10      99       0     13      0      8       8   A  Immobilize     5.05       40     1     B
184       68     44     2     2      28      40     40      0      1       0   B  QuietGame     4.76       41     0     B
185       73     49     4     5      33      40     40      0      2      -1   B  QuietGame     4.68       41     1     A
177      146    122     2     2     106      40     40      0      2      -2   B  QuietGame     5.05       40     1     A
183      109     85     3     3      69      40     40      0      2      -1   B  QuietGame     5.20       40     1     A
186       80     56    10    10      40      40     40      1      1       0   B  QuietGame     5.10       40     0     B
187       87     63    14    14      87       0     31      0      9       9   A  Reduction     4.88       40     1     B
188       95     71     4     4      55      40     40      0      2       2   A  QuietGame     5.07       41     0     A
189       85     61    16    16      85       0     21      0      6       6   A  Reduction     5.07       41     1     B
192       76     52     6     6      36      40     40      1      2      -2   B  QuietGame     4.78       40     0     B
191       82     58     7     7      42      40     40      1      1      -1   B  QuietGame     4.70       40     1     A
190       96     72     5     5      56      40     40      0      2      -1   B  QuietGame     4.88       40     0     B
193       76     52     8     8      36      40     40      0      1       0   B  QuietGame     4.83       40     1     A
194       73     49     6     6      33      40     40      0      2       2   A  QuietGame     4.70       40     0     A
195       68     44     2     2      28      40     40      0      1       0   B  QuietGame     4.90       40     1     A
196       89     65    13    13      49      40     40      0      1       1   B  QuietGame     5.10       40     0     B
197       89     65     7     8      49      40     40      0      2       2   A  QuietGame     4.88       40     1     B
199       78     54     6     6      38      40     40      2      1       0   B  QuietGame     4.90       41     1     A
198      151    127     9     9     111      40     40      1      2      -1   B  QuietGame     4.80       41     0     B

games                200
mean plies           81.6   (movement 57.6)
mean captures        5.2
mean removals        5.4
mean dead tail       37.2   plies after the last capture or removal
mean longest quiet   38.6
mean lead changes    0.3   (48 of 200 games had any)
mean peak margin     2.0
mean final margin    1.5   (absolute)
ended by quiet game  180  (90%)
ended by reduction   12  (6%)
ended by immobilize  8  (4%)
won by A / B         46 / 154
mean depth           4.81   (over 8042 searched opening plies)
wall clock           959.302 s

weight-set A wins    94 / 200  (47.0%)   [as P0: 20/100, as P1: 74/100]
weight-set B wins    106 / 200
quiet-game share     A-wins 97.9%   B-wins 83.0%   all 90.0%
95% threshold        wins >= 112 of 200 (one-sided): neither side significant
csv line appended to doc\bench\sweeps\2026-08-24\robust.csv
6x6/12: candidate 94/200
>> ./cmake-build-release/latrunculi_game/latrunculi_bench.exe pairs=100 ms=500 seed=777001 threads=8 rows=8 columns=10 perside=20 csv=doc\bench\sweeps\2026-08-24\robust.csv wA.threat=0.25 wA.pair=0.02 wA.mobility=0.02 wA.centre=0.2 wA.vulnerableAxes=-0.03 wA.oneMoveCapturable=-0.9 wA.spearheadPairs=0.15 wA.diagonalSupport=0.06 wA.deniedSquares=0.04 wA.strikers=0.05 wA.notchExposure=-0.12 wB.threat=0.25 wB.pair=0.02 wB.mobility=0.02 wB.centre=0.05 wB.vulnerableAxes=-0.03 wB.oneMoveCapturable=-0.9 wB.spearheadPairs=0.15 wB.diagonalSupport=0.06 wB.deniedSquares=0.04 wB.strikers=0.05 wB.notchExposure=-0.12
Latrunculi bench: 100 mirrored A-vs-B pairs (200 games), 8x10, 20 per side, slide, convex payoff, komi 1.5, policy placement, 500 ms per searched ply, 8 threads
base seed: 777001  (pair p uses seed base+p; even game index = set A as P0)
XML: not saved   memory tracking level: 0

game   plies  moveP  capt  remv lastAct    tail  quiet   lead   peak  margin win  reason    depth    srchd  AasP  wSet
6         99     59    14    14      59      40     40      0      2       2   A  QuietGame     3.04       68     0     A
5        110     70    18    18      70      40     40      0      3       2   A  QuietGame     3.29       68     1     B
3        132     92    19    19      92      40     40      3      1      -1   B  QuietGame     3.13       67     1     A
4        151    111    23    24     111      40     40      0      6       6   A  QuietGame     3.19       68     0     A
0        156    116    34    35     156       0     18      1      3      -3   B  Reduction     3.28       68     0     B
2        181    141    34    34     181       0     14      0      4       4   A  Reduction     3.33       67     0     A
1        184    144    27    29     144      40     40      1      7      -7   B  QuietGame     3.28       68     1     A
7        195    155    35    35     195       0     38      0      3       3   A  Reduction     3.32       68     1     B
8        110     70    14    15      70      40     40      0      4       3   A  QuietGame     3.06       68     0     A
10       139     99    33    34     139       0     13      2      4       4   A  Reduction     3.13       67     0     A
9        175    135    34    34     135      40     40      5      1       0   B  QuietGame     3.22       68     1     A
14       105     65    13    14      65      40     40      2      2       2   A  QuietGame     3.21       68     0     A
11       186    146    30    30     146      40     40      0      3       0   B  QuietGame     3.30       67     1     A
15       147    107    29    30     107      40     40      0      6       6   A  QuietGame     3.21       68     1     B
12       187    147    26    28     147      40     40      0      6       6   A  QuietGame     3.22       68     0     A
16       153    113    33    33     113      40     40      1      4      -3   B  QuietGame     3.35       68     0     B
13       233    193    34    34     193      40     40      3      2       0   B  QuietGame     3.29       68     1     A
22       104     64    15    17      64      40     40      0      3       1   B  QuietGame     3.03       68     0     B
17       187    147    32    34     147      40     40      2      3       2   A  QuietGame     2.91       68     1     B
18       188    148    33    35     188       0     38      1      3      -3   B  Reduction     3.24       68     0     B
19       183    143    33    33     143      40     40      1      4      -3   B  QuietGame     3.21       68     1     A
21       136     96    34    34     136       0     33      1      4      -4   B  Reduction     3.24       67     1     A
20       146    106    31    32     146       0     17      1      6      -6   B  Reduction     3.33       67     0     B
23       199    159    34    35     159      40     40      0      2       1   B  QuietGame     3.22       68     1     A
28       100     60    12    13      60      40     40      0      2       1   B  QuietGame     3.10       68     0     B
24       163    123    33    33     163       0     12      0      5       5   A  Reduction     3.22       68     0     A
27       131     91    16    18      91      40     40      3      2       0   B  QuietGame     3.19       68     1     A
25       191    151    29    29     151      40     40      0      3       1   B  QuietGame     3.22       68     1     A
30       157    117    16    18     117      40     40      0      4       4   A  QuietGame     3.18       67     0     A
26       203    163    28    29     163      40     40      0      7       7   A  QuietGame     3.03       68     0     A
29       189    149    34    35     189       0     37      2      3       3   A  Reduction     3.12       68     1     B
31       181    141    33    33     141      40     40      1      2      -1   B  QuietGame     3.21       67     1     A
32       192    152    31    31     152      40     40      0      6       5   A  QuietGame     3.29       68     0     A
34       167    127    34    34     127      40     40      5      1       0   B  QuietGame     3.27       67     0     B
33       187    147    27    29     147      40     40      0      7       7   A  QuietGame     3.19       68     1     B
37       136     96    28    30      96      40     40      0      3       2   A  QuietGame     2.94       68     1     B
35       161    121    33    33     121      40     40      2      2       1   B  QuietGame     3.39       67     1     A
36       178    138    35    35     178       0     25      1      3      -3   B  Reduction     3.32       68     0     B
38       181    141    28    28     141      40     40      2      8       8   A  QuietGame     3.16       68     0     A
42       115     75    11    11      75      40     40      2      2       1   B  QuietGame     3.19       67     0     B
39       161    121    34    35     121      40     40      4      2       1   B  QuietGame     3.26       68     1     A
40       167    127    32    32     127      40     40      1      1       0   B  QuietGame     3.27       67     0     B
43       145    105    31    31     145       0     22      0      7       7   A  Reduction     3.06       67     1     B
41       195    155    30    31     155      40     40      1      2      -1   B  QuietGame     3.33       67     1     A
44       184    144    35    35     144      40     40      0      2       1   B  QuietGame     3.19       68     0     B
46       167    127    34    35     167       0     19      0      3       3   A  Reduction     3.24       68     0     A
48       125     85    31    31     125       0     25      0      7       7   A  Reduction     3.26       68     0     A
45       221    181    33    34     181      40     40      1      3      -2   B  QuietGame     3.24       68     1     A
47       193    153    31    32     153      40     40      2      4       4   A  QuietGame     3.06       68     1     B
49       178    138    31    32     138      40     40      0      4       2   A  QuietGame     3.28       68     1     B
51       156    116    31    32     116      40     40      3      2      -2   B  QuietGame     3.22       68     1     A
52       160    120    25    25     120      40     40      1      2      -1   B  QuietGame     3.29       68     0     B
50       205    165    33    34     165      40     40      7      1       0   B  QuietGame     2.96       68     0     B
53       176    136    30    30     136      40     40      0      7       6   A  QuietGame     3.40       68     1     B
55       169    129    26    27     129      40     40      3      2      -1   B  QuietGame     3.12       68     1     A
54       199    159    31    31     159      40     40      1      4      -3   B  QuietGame     3.16       68     0     B
57       150    110    36    36     150       0     20      1      2      -2   B  Reduction     3.28       68     1     A
56       198    158    28    28     158      40     40      2      1       0   B  QuietGame     3.24       68     0     B
58       162    122    32    32     122      40     40      0      3       2   A  QuietGame     3.37       68     0     A
59       145    105    27    28     105      40     40      1      5      -4   B  QuietGame     3.22       68     1     A
60       172    132    34    35     172       0     26      0      3      -3   B  Reduction     2.94       68     0     B
62       130     90    32    35     130       0     18      3      3      -3   B  Reduction     3.18       68     0     B
61       218    178    35    36     218       0     33      3      2      -2   B  Reduction     3.15       68     1     A
64       165    125    32    32     165       0     35      0      6       6   A  Reduction     3.36       67     0     A
67       162    122    28    28     122      40     40      0      3       2   A  QuietGame     3.34       68     1     B
66       202    162    34    34     162      40     40      2      2       0   B  QuietGame     3.19       68     0     B
65       211    171    32    32     171      40     40      0      4       4   A  QuietGame     3.24       67     1     B
70        99     59    12    14      59      40     40      0      4       4   A  QuietGame     2.93       68     0     A
69       178    138    29    33     178       0     21      1      5      -5   B  Reduction     3.26       68     1     A
63       321    281    35    36     281      40     40      3      2       0   B  QuietGame     3.10       68     1     A
71       146    106    32    32     146       0     19      1      6      -6   B  Reduction     3.41       68     1     A
68       258    218    34    34     218      40     40      2      3       2   A  QuietGame     2.94       68     0     A
72       162    122    30    31     122      40     40      3      3      -3   B  QuietGame     3.18       67     0     B
76       147    107    19    19     107      40     40      3      4      -3   B  QuietGame     3.25       68     0     B
74       168    128    30    30     128      40     40      0      7       6   A  QuietGame     3.21       68     0     A
75       162    122    30    32     122      40     40      4      5       4   A  QuietGame     3.24       68     1     B
77       125     85    25    26      85      40     40      0      4       2   A  QuietGame     3.32       68     1     B
73       208    168    32    33     168      40     40      2      3      -3   B  QuietGame     3.27       67     1     A
79       143    103    31    34     143       0     19      0      4       4   A  Reduction     2.94       68     1     B
78       162    122    30    31     122      40     40      0      2       1   B  QuietGame     3.18       68     0     B
80       168    128    33    34     168       0     33      3      4      -4   B  Reduction     3.22       68     0     B
85       111     71    17    17      71      40     40      0      3       3   A  QuietGame     3.10       67     1     B
82       165    125    28    29     125      40     40      0      5       5   A  QuietGame     3.25       68     0     A
81       174    134    32    33     134      40     40      2      4       3   A  QuietGame     3.35       68     1     B
87       166    126    34    36     166       0     27      1      2      -2   B  Reduction     3.24       68     1     A
83       231    191    32    33     191      40     40      5      2      -1   B  QuietGame     3.22       68     1     A
86       185    145    33    33     145      40     40      4      1       1   B  QuietGame     2.91       68     0     B
84       234    194    31    31     194      40     40      0      4       3   A  QuietGame     3.34       67     0     A
90       154    114    25    27     114      40     40      0      6       5   A  QuietGame     3.28       67     0     A
89       181    141    32    33     141      40     40      0      3       3   A  QuietGame     3.23       69     1     B
88       216    176    30    31     176      40     40      4      2       1   B  QuietGame     3.22       69     0     B
91       166    126    30    33     126      40     40      1      2      -1   B  QuietGame     3.15       67     1     A
92       133     93    32    33     133       0     14      0      5       5   A  Reduction     3.21       68     0     A
94       125     85    21    22      85      40     40      5      1       0   B  QuietGame     3.00       69     0     B
93       194    154    33    33     154      40     40      0      2       1   B  QuietGame     3.37       68     1     A
95       191    151    32    33     151      40     40      1      4      -3   B  QuietGame     3.23       69     1     A
97       183    143    27    28     143      40     40      0      8       8   A  QuietGame     3.30       67     1     B
98       177    137    31    33     177       0     28      2      5       5   A  Reduction     3.21       67     0     A
101      150    110    31    32     110      40     40      3      4      -4   B  QuietGame     3.04       68     1     A
100      170    130    29    32     130      40     40      4      2       0   B  QuietGame     3.34       68     0     B
96       210    170    29    30     170      40     40      0      4       2   A  QuietGame     3.21       67     0     A
99       194    154    32    33     194       0     29      3      5      -5   B  Reduction     3.18       67     1     A
102      150    110    20    20     110      40     40      0      5       4   A  QuietGame     3.15       68     0     A
103      159    119    35    35     159       0     23      4      3       3   A  Reduction     3.21       68     1     B
104      139     99    33    33     139       0     14      0      5       5   A  Reduction     3.25       68     0     A
105      142    102    32    33     142       0     24      1      5      -5   B  Reduction     3.40       68     1     A
107      150    110    31    31     110      40     40      1      5      -5   B  QuietGame     3.19       68     1     A
110      110     70    13    15      70      40     40      0      3       1   B  QuietGame     3.10       67     0     B
108      197    157    29    31     157      40     40      0      5       5   A  QuietGame     3.15       68     0     A
106      212    172    31    32     172      40     40      0      3       2   A  QuietGame     3.03       68     0     A
109      202    162    32    33     162      40     40      3      3      -3   B  QuietGame     3.15       68     1     A
111      170    130    33    33     130      40     40      0      4       3   A  QuietGame     3.21       67     1     B
114      119     79    18    19      79      40     40      0      4       3   A  QuietGame     3.15       68     0     A
112      185    145    35    36     185       0     35      2      2       2   A  Reduction     3.13       68     0     A
118      113     73    15    15      73      40     40      0      1       1   B  QuietGame     3.22       69     0     B
115      159    119    29    31     119      40     40      0      5       5   A  QuietGame     3.28       68     1     B
117      141    101    31    31     101      40     40      0      3       1   B  QuietGame     3.01       68     1     A
119      111     71    11    12      71      40     40      0      6       6   A  QuietGame     3.25       69     1     B
113      250    210    34    35     210      40     40      1      2      -1   B  QuietGame     3.15       68     1     A
116      183    143    30    31     183       0     39      0      7       7   A  Reduction     3.22       68     0     A
120      142    102    25    25     102      40     40      1      3      -3   B  QuietGame     3.34       68     0     B
124       97     57    10    13      57      40     40      1      2      -1   B  QuietGame     2.78       68     0     B
123      118     78    20    20      78      40     40      1      3      -2   B  QuietGame     3.35       68     1     A
121      151    111    35    36     151       0     13      2      2       2   A  Reduction     3.22       68     1     B
122      188    148    32    32     148      40     40      4      3       2   A  QuietGame     3.25       68     0     A
128      137     97    34    35     137       0     15      2      3       3   A  Reduction     3.26       66     0     A
125      185    145    29    30     145      40     40      0      4       2   A  QuietGame     3.29       68     1     B
131      116     76    14    14      76      40     40      2      1       0   B  QuietGame     3.34       68     1     A
126      185    145    34    35     145      40     40      3      3      -1   B  QuietGame     3.33       67     0     B
127      183    143    26    29     143      40     40      0      7       7   A  QuietGame     3.10       67     1     B
135       94     54    12    12      54      40     40      0      1       0   B  QuietGame     3.13       68     1     A
129      213    173    28    29     173      40     40      0      7       7   A  QuietGame     2.95       66     1     B
133      150    110    28    29     110      40     40      0      8       7   A  QuietGame     3.21       68     1     B
136      138     98    28    29      98      40     40      0      4       3   A  QuietGame     3.19       68     0     A
134      165    125    34    34     165       0     25      4      4       4   A  Reduction     3.32       68     0     A
130      265    225    29    29     225      40     40      0      5       5   A  QuietGame     3.35       68     0     A
137      150    110    28    29     110      40     40      1      3      -3   B  QuietGame     3.26       68     1     A
132      227    187    31    32     227       0     27      0      6       6   A  Reduction     3.32       68     0     A
139      180    140    26    27     140      40     40      2      2       1   B  QuietGame     3.06       69     1     A
145      100     60    11    11      60      40     40      0      2       1   B  QuietGame     3.24       68     1     A
140      159    119    29    31     119      40     40      2      3       3   A  QuietGame     3.15       68     0     A
144      130     90    19    19      90      40     40      0      4       3   A  QuietGame     3.32       68     0     A
143      139     99    30    30      99      40     40      5      1       0   B  QuietGame     3.28       67     1     A
138      196    156    33    33     156      40     40      4      2       1   B  QuietGame     3.26       69     0     B
142      179    139    31    32     139      40     40      4      2       2   A  QuietGame     3.15       67     0     A
141      249    209    32    33     249       0     38      4      5       5   A  Reduction     3.32       68     1     B
150      125     85    32    34     125       0     12      2      4       4   A  Reduction     3.22       68     0     A
147      140    100    25    26     100      40     40      0      7       6   A  QuietGame     3.19       67     1     B
146      164    124    21    23     124      40     40      0      8       7   A  QuietGame     3.00       67     0     A
149      181    141    33    33     141      40     40      1      2       1   B  QuietGame     3.35       68     1     A
148      216    176    31    32     176      40     40      4      5       4   A  QuietGame     3.09       68     0     A
151      211    171    32    34     171      40     40      2      2       2   A  QuietGame     3.22       68     1     B
152      210    170    31    31     170      40     40      0      6       5   A  QuietGame     3.21       67     0     A
155      133     93    23    25      93      40     40      0      3       3   A  QuietGame     3.22       67     1     B
154      141    101    28    29     101      40     40      0      5       5   A  QuietGame     3.22       67     0     A
156      114     74    15    16      74      40     40      0      4       2   A  QuietGame     2.78       68     0     A
157       88     48     6     6      48      40     40      0      1       0   B  QuietGame     2.66       68     1     A
153      167    127    28    28     127      40     40      1      2       0   B  QuietGame     3.28       67     1     A
159       94     54    12    12      54      40     40      0      1       0   B  QuietGame     2.21       68     1     A
158      101     61     3     3      61      40     40      0      1       1   B  QuietGame     2.15       68     0     B
161       88     48     6     6      48      40     40      0      1       0   B  QuietGame     2.28       68     1     A
160       97     57    11    11      57      40     40      0      2       1   B  QuietGame     2.21       68     0     B
162       93     53     7     7      53      40     40      0      1       1   B  QuietGame     2.25       67     0     B
163       95     55     9     9      55      40     40      0      3       3   A  QuietGame     2.04       67     1     B
164       94     54    11    11      54      40     40      1      1      -1   B  QuietGame     2.24       68     0     B
165      103     63     6     6      63      40     40      1      1       0   B  QuietGame     2.29       68     1     A
166      106     66     4     4      66      40     40      0      2      -2   B  QuietGame     2.25       69     0     B
167      104     64    14    14      64      40     40      0      2       0   B  QuietGame     2.29       69     1     A
170       85     45     3     3      45      40     40      0      1       1   B  QuietGame     2.25       68     0     B
172       86     46     3     3      46      40     40      1      1      -1   B  QuietGame     2.24       67     0     B
171      105     65    16    18      65      40     40      0      2       2   A  QuietGame     2.09       68     1     B
169      125     85    11    12      85      40     40      2      2       2   A  QuietGame     2.19       68     1     B
177      116     76    16    17      76      40     40      1      3      -3   B  QuietGame     2.60       67     1     A
176      122     82     7     7      82      40     40      0      4       3   A  QuietGame     2.43       67     0     A
168      208    168    25    25     168      40     40      0      4       3   A  QuietGame     2.19       68     0     A
174      149    109    22    24     109      40     40      0      3       2   A  QuietGame     2.40       68     0     A
173      213    173    20    21     173      40     40      0      3       3   A  QuietGame     2.28       67     1     B
175      215    175    32    34     215       0     38      0      4       4   A  Reduction     2.40       68     1     B
178      194    154    25    25     154      40     40      1      2      -1   B  QuietGame     2.71       68     0     B
181      122     82    11    11      82      40     40      0      2       1   B  QuietGame     3.26       68     1     A
180      135     95    31    33     135       0     28      0      5       5   A  Reduction     3.29       68     0     A
179      217    177    34    35     177      40     40      4      2       1   B  QuietGame     2.99       68     1     A
184      117     77     8     9      77      40     40      1      4      -3   B  QuietGame     3.06       69     0     B
182      182    142    34    34     142      40     40      2      1       0   B  QuietGame     3.28       68     0     B
183      193    153    26    28     153      40     40      0      8       8   A  QuietGame     3.07       68     1     B
185      148    108    25    27     108      40     40      3      7      -7   B  QuietGame     3.20       69     1     A
186      174    134    32    33     174       0     33      1      5      -5   B  Reduction     2.99       68     0     B
187      173    133    31    32     173       0     31      1      6       6   A  Reduction     3.22       68     1     B
189      172    132    23    23     132      40     40      1      2      -1   B  QuietGame     3.16       68     1     A
188      212    172    36    36     212       0     28      3      2      -2   B  Reduction     3.13       68     0     B
192      164    124    30    32     124      40     40      0      5       4   A  QuietGame     3.22       68     0     A
190      219    179    32    34     179      40     40      1      3      -2   B  QuietGame     3.27       67     0     B
193      165    125    34    35     165       0     27      0      3       3   A  Reduction     3.24       68     1     B
191      213    173    32    35     173      40     40      1      2      -1   B  QuietGame     3.18       67     1     A
195      151    111    34    35     151       0     21      0      3       3   A  Reduction     3.38       68     1     B
194      191    151    34    34     151      40     40      3      3      -2   B  QuietGame     3.01       68     0     B
196      168    128    33    33     128      40     40      3      2      -1   B  QuietGame     3.34       68     0     B
199      117     77    17    18      77      40     40      3      2       0   B  QuietGame     3.16       69     1     A
197      194    154    33    33     154      40     40      1      3      -1   B  QuietGame     3.16       68     1     A
198      236    196    35    36     236       0     30      1      2      -2   B  Reduction     3.10       69     0     B

games                200
mean plies           162.8   (movement 122.8)
mean captures        26.6
mean removals        27.4
mean dead tail       31.0   plies after the last capture or removal
mean longest quiet   36.7
mean lead changes    1.2   (106 of 200 games had any)
mean peak margin     3.4
mean final margin    2.8   (absolute)
ended by quiet game  155  (78%)
ended by reduction   45  (22%)
ended by immobilize  0  (0%)
won by A / B         94 / 106
mean depth           3.10   (over 13564 searched opening plies)
wall clock           1935.79 s

weight-set A wins    110 / 200  (55.0%)   [as P0: 52/100, as P1: 58/100]
weight-set B wins    90 / 200
quiet-game share     A-wins 78.2%   B-wins 76.7%   all 77.5%
95% threshold        wins >= 112 of 200 (one-sided): neither side significant
csv line appended to doc\bench\sweeps\2026-08-24\robust.csv
8x10/20: candidate 110/200
>> ./cmake-build-release/latrunculi_game/latrunculi_bench.exe pairs=100 ms=500 seed=777001 threads=8 rows=10 columns=12 perside=30 csv=doc\bench\sweeps\2026-08-24\robust.csv wA.threat=0.25 wA.pair=0.02 wA.mobility=0.02 wA.centre=0.2 wA.vulnerableAxes=-0.03 wA.oneMoveCapturable=-0.9 wA.spearheadPairs=0.15 wA.diagonalSupport=0.06 wA.deniedSquares=0.04 wA.strikers=0.05 wA.notchExposure=-0.12 wB.threat=0.25 wB.pair=0.02 wB.mobility=0.02 wB.centre=0.05 wB.vulnerableAxes=-0.03 wB.oneMoveCapturable=-0.9 wB.spearheadPairs=0.15 wB.diagonalSupport=0.06 wB.deniedSquares=0.04 wB.strikers=0.05 wB.notchExposure=-0.12
Latrunculi bench: 100 mirrored A-vs-B pairs (200 games), 10x12, 30 per side, slide, convex payoff, komi 1.5, policy placement, 500 ms per searched ply, 8 threads
base seed: 777001  (pair p uses seed base+p; even game index = set A as P0)
XML: not saved   memory tracking level: 0

game   plies  moveP  capt  remv lastAct    tail  quiet   lead   peak  margin win  reason    depth    srchd  AasP  wSet
2        127     67    19    19      87      40     40      0      3       3   A  QuietGame     2.63      103     0     A
7        139     79    27    27      99      40     40      3      2      -1   B  QuietGame     2.75      102     1     A
6        139     79    22    22      99      40     40      1      3      -2   B  QuietGame     2.61      102     0     B
5        155     95    24    27     115      40     40      2      2       1   B  QuietGame     2.50      101     1     A
1        168    108    25    25     128      40     40      0      3       1   B  QuietGame     2.67      102     1     A
0        203    143    39    39     163      40     40      0      7       7   A  QuietGame     2.68      102     0     A
3        217    157    31    33     177      40     40      2      2       1   B  QuietGame     2.57      103     1     A
4        265    205    40    43     225      40     40      4      5       3   A  QuietGame     2.59      101     0     A
8        195    135    33    35     155      40     40      0      3       1   B  QuietGame     2.79      102     0     B
12       172    112    33    34     132      40     40      1      2      -2   B  QuietGame     2.66      102     0     B
10       208    148    34    35     168      40     40      0      4       3   A  QuietGame     2.59      101     0     A
14       143     83    24    26     103      40     40      3      3      -2   B  QuietGame     2.48      102     0     B
9        244    184    36    37     204      40     40      1      5      -5   B  QuietGame     2.67      102     1     A
13       184    124    30    30     144      40     40      3      2      -2   B  QuietGame     2.65      102     1     A
11       257    197    44    45     217      40     40      1      6      -5   B  QuietGame     2.60      101     1     A
15       157     97    21    21     117      40     40      1      3      -1   B  QuietGame     2.72      102     1     A
17       168    108    27    28     128      40     40      2      1       0   B  QuietGame     2.65      102     1     A
20       130     70    21    24      90      40     40      5      2       0   B  QuietGame     2.50      101     0     B
16       193    133    34    34     153      40     40      0      3       2   A  QuietGame     2.69      102     0     A
22       132     72    20    20      92      40     40      2      1       0   B  QuietGame     2.61      103     0     B
18       199    139    23    24     159      40     40      0      4       4   A  QuietGame     2.57      101     0     A
19       189    129    31    32     149      40     40      1      2       0   B  QuietGame     2.54      101     1     A
21       187    127    25    26     147      40     40      0      2       2   A  QuietGame     2.63      101     1     B
23       168    108    28    29     128      40     40      1      4      -3   B  QuietGame     2.66      103     1     A
26       135     75    22    22      95      40     40      1      1       0   B  QuietGame     2.66      102     0     B
24       157     97    29    30     117      40     40      0      4       4   A  QuietGame     2.54      102     0     A
27       126     66    11    11      86      40     40      0      2       1   B  QuietGame     2.62      102     1     A
29       128     68    20    21      88      40     40      0      4       3   A  QuietGame     2.53      103     1     B
28       164    104    26    29     124      40     40      6      4       3   A  QuietGame     2.69      103     0     A
32       131     71    17    18      91      40     40      0      4       4   A  QuietGame     2.55      103     0     A
34       151     91    13    17     111      40     40      2      3       3   A  QuietGame     2.48      102     0     A
35       148     88    24    28     108      40     40      6      2       0   B  QuietGame     2.65      102     1     A
36       119     59    13    14      79      40     40      2      2       2   A  QuietGame     3.19      100     0     A
33       168    108    26    28     128      40     40      1      3      -2   B  QuietGame     2.55      103     1     A
30       251    191    47    49     211      40     40      0      5       5   A  QuietGame     2.67      101     0     A
31       283    223    44    45     243      40     40      0      3       3   A  QuietGame     2.60      101     1     B
25       370    310    42    42     330      40     40      1      4      -4   B  QuietGame     2.67      102     1     A
37       146     86    19    20     106      40     40      1      6      -6   B  QuietGame     2.58      101     1     A
38       166    106    29    29     126      40     40      3      1      -1   B  QuietGame     2.75      102     0     B
42       153     93    18    18     113      40     40      1      1       0   B  QuietGame     2.58      101     0     B
41       173    113    34    36     133      40     40      0      3       2   A  QuietGame     2.67      102     1     B
39       186    126    37    38     146      40     40      2      3       0   B  QuietGame     2.80      102     1     A
40       191    131    24    24     151      40     40      0      6       6   A  QuietGame     2.66      102     0     A
44       129     69    20    21      89      40     40      0      7       7   A  QuietGame     2.50      103     0     A
43       160    100    35    37     120      40     40      3      2      -1   B  QuietGame     2.72      101     1     A
45       177    117    30    32     137      40     40      1      3       0   B  QuietGame     2.60      103     1     A
46       151     91    16    16     111      40     40      0      4       4   A  QuietGame     2.69      102     0     A
47       157     97    30    31     117      40     40      0      3       1   B  QuietGame     2.71      102     1     A
49       170    110    30    32     130      40     40      6      2       0   B  QuietGame     2.71      101     1     A
48       186    126    23    24     146      40     40      0      2       0   B  QuietGame     2.55      101     0     B
52       153     93    12    13     113      40     40      0      7       7   A  QuietGame     2.49      102     0     A
55       123     63    15    15      83      40     40      1      2      -1   B  QuietGame     2.63      103     1     A
54       139     79    13    14      99      40     40      1      2       0   B  QuietGame     2.56      103     0     B
53       201    141    38    40     161      40     40      1      5      -4   B  QuietGame     2.72      102     1     A
51       274    214    43    45     234      40     40      0      8       7   A  QuietGame     2.62      102     1     B
50       306    246    44    45     266      40     40      1      7      -7   B  QuietGame     2.63      102     0     B
57       203    143    36    37     163      40     40      3      2      -1   B  QuietGame     2.61      102     1     A
58       193    133    31    32     153      40     40      0      6       6   A  QuietGame     2.55      102     0     A
56       222    162    35    36     182      40     40      1      4      -4   B  QuietGame     2.64      102     0     B
60       146     86    20    21     106      40     40      2      2       1   B  QuietGame     2.64      103     0     B
61       155     95    22    24     115      40     40      4      2       2   A  QuietGame     2.61      103     1     B
64       132     72    19    21      92      40     40      1      3      -1   B  QuietGame     2.63      102     0     B
66       128     68    15    18      88      40     40      0      3       0   B  QuietGame     2.53      102     0     B
59       261    201    36    39     221      40     40      2      5       3   A  QuietGame     2.46      102     1     B
62       239    179    40    42     199      40     40      0      8       8   A  QuietGame     2.71      102     0     A
68       126     66    16    18      86      40     40      1      6      -6   B  QuietGame     2.53      102     0     B
63       239    179    38    40     199      40     40      0      5       4   A  QuietGame     2.58      102     1     B
65       194    134    28    28     154      40     40      0      4       2   A  QuietGame     2.59      102     1     B
67       204    144    31    32     164      40     40      2      5       4   A  QuietGame     2.66      102     1     B
71       166    106    24    25     126      40     40      1      2      -1   B  QuietGame     2.63      103     1     A
74       142     82    25    25     102      40     40      0      3       1   B  QuietGame     2.70      102     0     B
69       242    182    36    38     202      40     40      1     11     -10   B  QuietGame     2.56      102     1     A
70       243    183    32    33     203      40     40      6      2       1   B  QuietGame     2.71      103     0     B
72       219    159    36    39     179      40     40      4      5       5   A  QuietGame     2.77      101     0     A
75       208    148    32    32     168      40     40      1      2      -2   B  QuietGame     2.64      102     1     A
73       243    183    48    49     203      40     40      2      4       3   A  QuietGame     2.72      101     1     B
79       125     65    18    18      85      40     40      0      2       2   A  QuietGame     2.62      101     1     B
76       267    207    42    42     227      40     40      0      6       6   A  QuietGame     2.69      102     0     A
82       131     71    21    24      91      40     40      2      6       6   A  QuietGame     2.46      102     0     A
78       212    152    37    39     172      40     40      0      8       7   A  QuietGame     2.75      101     0     A
81       169    109    31    33     129      40     40      1      4      -3   B  QuietGame     2.57      102     1     A
80       215    155    28    30     175      40     40      2      2       2   A  QuietGame     2.65      102     0     A
84       130     70    18    19      90      40     40      0      4       3   A  QuietGame     2.54      101     0     A
77       309    249    47    47     269      40     40      1      6      -5   B  QuietGame     2.75      102     1     A
85       158     98    24    25     118      40     40      1      1      -1   B  QuietGame     2.54      101     1     A
83       254    194    38    39     214      40     40      2      3       1   B  QuietGame     2.63      102     1     A
86       236    176    30    34     196      40     40      0      3       2   A  QuietGame     2.53      103     0     A
89       175    115    23    24     135      40     40      0      6       6   A  QuietGame     2.58      103     1     B
88       229    169    31    34     189      40     40      0      8       8   A  QuietGame     2.50      103     0     A
92       149     89    25    26     109      40     40      0      2       2   A  QuietGame     2.61      102     0     A
87       259    199    44    44     219      40     40      1      3      -2   B  QuietGame     2.80      103     1     A
90       219    159    38    39     179      40     40      0      4       3   A  QuietGame     2.64      102     0     A
93       212    152    39    40     172      40     40      1      2      -2   B  QuietGame     2.69      102     1     A
97       124     64    18    18      84      40     40      0      3       2   A  QuietGame     2.63      102     1     B
94       165    105    20    21     125      40     40      1      4      -1   B  QuietGame     2.70      103     0     B
91       305    245    53    55     265      40     40      1      2      -1   B  QuietGame     2.80      102     1     A
96       164    104    24    25     124      40     40      1      3      -1   B  QuietGame     2.61      102     0     B
101      127     67    18    18      87      40     40      0      2       2   A  QuietGame     2.63      102     1     B
98       225    165    39    42     185      40     40      3      3       0   B  QuietGame     2.63      101     0     B
100      161    101    30    32     121      40     40      0      2       2   A  QuietGame     2.66      102     0     A
102      125     65    19    19      85      40     40      0      3       1   B  QuietGame     2.67      104     0     B
99       228    168    39    40     188      40     40      3      2      -2   B  QuietGame     2.78      101     1     A
95       321    261    42    43     281      40     40      3      8      -7   B  QuietGame     2.58      103     1     A
103      202    142    30    31     162      40     40      0      4       3   A  QuietGame     2.58      104     1     B
104      212    152    34    35     172      40     40      1      2      -1   B  QuietGame     2.64      103     0     B
106      143     83    20    20     103      40     40      0      2       2   A  QuietGame     2.60      102     0     A
108      130     70    19    20      90      40     40      2      2       0   B  QuietGame     2.61      102     0     B
107      135     75    20    21      95      40     40      2      2       1   B  QuietGame     2.45      102     1     A
109      132     72    20    21      92      40     40      1      3      -1   B  QuietGame     2.58      102     1     A
110      144     84    24    24     104      40     40      2      2       0   B  QuietGame     2.68      102     0     B
105      254    194    39    41     214      40     40      0      6       5   A  QuietGame     2.64      103     1     B
112      157     97    11    14     117      40     40      0      3       2   A  QuietGame     2.44      103     0     A
116      137     77    18    19      97      40     40      0      3       3   A  QuietGame     2.55      103     0     A
113      164    104    23    26     124      40     40      1      6      -6   B  QuietGame     2.49      103     1     A
111      206    146    33    34     166      40     40      0      3       2   A  QuietGame     2.77      102     1     B
114      182    122    30    31     142      40     40      0      4       3   A  QuietGame     2.53      102     0     A
115      203    143    33    34     163      40     40      1      2       0   B  QuietGame     2.61      102     1     A
118      121     61    13    15      81      40     40      0      5       5   A  QuietGame     2.49      103     0     A
117      191    131    36    36     151      40     40      3      1       0   B  QuietGame     2.74      103     1     A
119      170    110    25    26     130      40     40      1      2      -2   B  QuietGame     2.63      103     1     A
120      171    111    28    29     131      40     40      0      2       1   B  QuietGame     2.55      102     0     B
124      129     69    11    12      89      40     40      0      2       2   A  QuietGame     2.62      104     0     A
122      181    121    23    23     141      40     40      0      5       5   A  QuietGame     2.64      102     0     A
121      238    178    25    28     198      40     40      2      5       4   A  QuietGame     2.53      102     1     B
123      218    158    31    32     178      40     40      3      2      -2   B  QuietGame     2.72      102     1     A
125      178    118    29    30     138      40     40      0      3       0   B  QuietGame     2.63      104     1     A
127      133     73    15    17      93      40     40      1      4      -3   B  QuietGame     2.47      101     1     A
126      184    124    28    30     144      40     40      1      3      -2   B  QuietGame     2.60      101     0     B
129      171    111    35    37     131      40     40      0      3       3   A  QuietGame     2.68      100     1     B
131      129     69    17    19      89      40     40      2      2       1   B  QuietGame     2.57      102     1     A
132      133     73    19    20      93      40     40      0      4       4   A  QuietGame     2.60      102     0     A
130      217    157    34    34     177      40     40      0      4       4   A  QuietGame     2.65      102     0     A
128      253    193    37    38     213      40     40      0      6       6   A  QuietGame     2.59      100     0     A
133      172    112    28    28     132      40     40      0      2       0   B  QuietGame     2.69      102     1     A
134      176    116    23    25     136      40     40      1      5      -5   B  QuietGame     2.61      102     0     B
137      128     68    14    15      88      40     40      1      2      -1   B  QuietGame     2.56      103     1     A
136      151     91    20    22     111      40     40      2      4       4   A  QuietGame     2.53      103     0     A
138      140     80    22    23     100      40     40      1      3      -3   B  QuietGame     2.67      103     0     B
135      225    165    39    43     185      40     40      0      9       9   A  QuietGame     2.53      102     1     B
139      143     83    25    25     103      40     40      1      2      -1   B  QuietGame     2.73      103     1     A
140      155     95    17    20     115      40     40      0      3       2   A  QuietGame     2.43      102     0     A
142      162    102    19    20     122      40     40      0      3       2   A  QuietGame     2.56      101     0     A
141      205    145    20    21     165      40     40      2      3       3   A  QuietGame     2.60      102     1     B
143      152     92    14    16     112      40     40      0      2       0   B  QuietGame     2.47      101     1     A
145      141     81    19    20     101      40     40      1      2       0   B  QuietGame     2.63      102     1     A
146      193    133    36    38     153      40     40      5      2       0   B  QuietGame     2.61      100     0     B
144      217    157    41    42     177      40     40      0      6       6   A  QuietGame     2.57      102     0     A
148      168    108    31    32     128      40     40      3      4      -4   B  QuietGame     2.71      103     0     B
147      198    138    34    34     158      40     40      2      3       2   A  QuietGame     2.64      100     1     B
149      152     92    22    24     112      40     40      1      3      -2   B  QuietGame     2.51      103     1     A
152      153     93    22    25     113      40     40      3      2      -1   B  QuietGame     2.45      102     0     B
151      185    125    30    30     145      40     40      0      2       2   A  QuietGame     2.68      102     1     B
153      131     71    18    18      91      40     40      1      1       0   B  QuietGame     2.67      102     1     A
157      112     52     9    10      72      40     40      0      2       0   B  QuietGame     3.34       94     1     A
154      190    130    39    40     150      40     40      2      2       0   B  QuietGame     2.79      102     0     B
158      123     63    19    20      83      40     40      0      2       2   A  QuietGame     2.44      102     0     A
150      278    218    40    42     238      40     40      1      6      -6   B  QuietGame     2.49      102     0     B
156      235    175    30    34     195      40     40      1      9      -8   B  QuietGame     2.44      102     0     B
155      250    190    33    34     210      40     40      3      5      -4   B  QuietGame     2.67      102     1     A
163      122     62    14    17      82      40     40      2      2       1   B  QuietGame     2.51      101     1     A
162      135     75    23    24      95      40     40      0      4       4   A  QuietGame     2.61      101     0     A
159      218    158    26    27     178      40     40      1      7      -7   B  QuietGame     2.63      102     1     A
161      181    121    26    29     141      40     40      0      5       5   A  QuietGame     2.56      103     1     B
160      212    152    40    41     172      40     40      1      4      -3   B  QuietGame     2.56      103     0     B
168      135     75    20    21      95      40     40      0      2       1   B  QuietGame     2.67      102     0     B
167      161    101    19    22     121      40     40      0      3       2   A  QuietGame     2.54      103     1     B
171      143     83    23    23     103      40     40      0      7       7   A  QuietGame     2.70      102     1     B
164      269    209    30    31     229      40     40      2      3       3   A  QuietGame     2.61      103     0     A
165      198    138    30    31     158      40     40      3      2      -1   B  QuietGame     2.63      103     1     A
166      225    165    31    34     185      40     40      2      2       2   A  QuietGame     2.59      103     0     A
172      122     62    15    17      82      40     40      0      2       1   B  QuietGame     2.54      102     0     B
169      234    174    36    38     194      40     40      1      4      -4   B  QuietGame     2.64      102     1     A
170      235    175    34    38     195      40     40      0      7       6   A  QuietGame     2.49      102     0     A
177      172    112    34    34     132      40     40      0      7       6   A  QuietGame     2.80      103     1     B
173      227    167    32    32     187      40     40      0      6       6   A  QuietGame     2.71      102     1     B
176      218    158    28    29     178      40     40      3      3      -3   B  QuietGame     2.57      103     0     B
174      228    168    37    38     188      40     40      2      3       2   A  QuietGame     2.65      102     0     A
180      145     85    16    19     105      40     40      2      2       1   B  QuietGame     2.50      102     0     B
179      155     95    28    31     115      40     40      0      5       5   A  QuietGame     2.53      102     1     B
178      165    105    26    27     125      40     40      0      2       1   B  QuietGame     2.62      102     0     B
175      273    213    41    42     233      40     40      0      3       2   A  QuietGame     2.65      102     1     B
182      139     79    20    21      99      40     40      0      4       3   A  QuietGame     2.47      102     0     A
187      117     57    12    13      77      40     40      0      3       3   A  QuietGame     3.17       99     1     B
185      128     68    16    17      88      40     40      1      2      -1   B  QuietGame     2.64      103     1     A
181      171    111    28    29     131      40     40      2      5       5   A  QuietGame     2.72      102     1     B
183      158     98    24    27     118      40     40      1      2      -1   B  QuietGame     2.61      102     1     A
184      159     99    21    24     119      40     40      2      4       4   A  QuietGame     2.62      103     0     A
186      197    137    36    37     157      40     40      0      3       3   A  QuietGame     2.60      102     0     A
189      150     90    20    23     110      40     40      2      2       1   B  QuietGame     2.58      103     1     A
191      160    100    10    10     120      40     40      0      3       2   A  QuietGame     2.54      101     1     B
190      166    106    19    21     126      40     40      1      3      -1   B  QuietGame     2.50      101     0     B
194      153     93    22    22     113      40     40      0      4       4   A  QuietGame     2.67      102     0     A
193      169    109    29    31     129      40     40      2      2       1   B  QuietGame     2.67      101     1     A
195      151     91    20    20     111      40     40      2      3       2   A  QuietGame     2.63      102     1     B
192      253    193    43    44     213      40     40      0      8       8   A  QuietGame     2.60      101     0     A
197      167    107    30    31     127      40     40      4      2       1   B  QuietGame     2.60      102     1     A
188      439    379    40    43     399      40     40      2      9       9   A  QuietGame     2.53      103     0     A
198      241    181    41    44     201      40     40      0     10      10   A  QuietGame     2.69      103     0     A
199      241    181    38    40     201      40     40      2      3       2   A  QuietGame     2.68      103     1     B
196      355    295    41    41     315      40     40      0     13      13   A  QuietGame     2.71      102     0     A

games                200
mean plies           184.8   (movement 124.8)
mean captures        27.6
mean removals        28.9
mean dead tail       40.0   plies after the last capture or removal
mean longest quiet   40.0
mean lead changes    1.1   (114 of 200 games had any)
mean peak margin     3.7
mean final margin    2.9   (absolute)
ended by quiet game  200  (100%)
ended by reduction   0  (0%)
ended by immobilize  0  (0%)
won by A / B         93 / 107
mean depth           2.62   (over 20404 searched opening plies)
wall clock           2162.18 s

weight-set A wins    121 / 200  (60.5%)   [as P0: 57/100, as P1: 64/100]
weight-set B wins    79 / 200
quiet-game share     A-wins 100.0%   B-wins 100.0%   all 100.0%
95% threshold        wins >= 112 of 200 (one-sided): A is significantly stronger
csv line appended to doc\bench\sweeps\2026-08-24\robust.csv
10x12/30: candidate 121/200

pooled: 325/600 (threshold 321)
NOT ROBUST: size-dependent (suspect mobility/centre scaling).
Latrunculi bench: 100 mirrored A-vs-B pairs (200 games), 6x6, 12 per side, slide, convex payoff, komi 1.5, policy placement, 500 ms per searched ply, 8 threads
base seed: 778001  (pair p uses seed base+p; even game index = set A as P0)
XML: not saved   memory tracking level: 0

game   plies  moveP  capt  remv lastAct    tail  quiet   lead   peak  margin win  reason    depth    srchd  AasP  wSet
4         67     43     1     1      27      40     40      0      1       1   B  QuietGame     4.88       40     0     B
6         68     44     2     2      28      40     40      0      1       0   B  QuietGame     4.95       40     0     B
0         73     49     4     4      33      40     40      0      2       2   A  QuietGame     4.85       40     0     A
1         76     52     3     3      36      40     40      0      2       1   B  QuietGame     4.92       40     1     A
3         78     54     4     4      38      40     40      0      1       0   B  QuietGame     4.51       41     1     A
7         79     55     9     9      39      40     40      0      1       1   B  QuietGame     4.90       40     1     A
5         84     60     5     5      44      40     40      1      1      -1   B  QuietGame     4.85       40     1     A
2        106     82     5     5      66      40     40      0      2       1   B  QuietGame     4.78       41     0     B
8         64     40     0     0       0      64     40      0      0       0   B  QuietGame     4.78       40     0     B
10        64     40     0     0       0      64     40      0      0       0   B  QuietGame     4.90       40     0     B
14        71     47     2     3      31      40     40      0      3       3   A  QuietGame     4.45       40     0     A
11        83     59     8     8      43      40     40      2      1       0   B  QuietGame     4.97       40     1     A
13        79     55     8     8      39      40     40      0      2       2   A  QuietGame     4.76       41     1     B
15        69     45    13    13      69       0     11      0     10      10   A  Reduction     4.92       40     1     B
9        112     88     6     6      72      40     40      0      1       0   B  QuietGame     4.85       40     1     A
16        67     43     1     1      27      40     40      0      1       1   B  QuietGame     4.88       41     0     B
18        71     47     3     3      31      40     40      0      3       3   A  QuietGame     4.67       42     0     A
19        69     45     3     3      29      40     40      0      1       1   B  QuietGame     4.71       42     1     A
12       148    124     4     4     108      40     40      0      2      -2   B  QuietGame     4.73       41     0     B
20        85     61     9     9      45      40     40      0      3       3   A  QuietGame     4.78       40     0     A
17       105     81    17    17     105       0     16      0      5       5   A  Immobilize     4.93       41     1     B
21        74     50     6     6      34      40     40      1      1       0   B  QuietGame     4.70       40     1     A
22        73     49     4     5      33      40     40      0      3       3   A  QuietGame     4.72       40     0     A
25        69     45     3     3      29      40     40      0      1       1   B  QuietGame     4.62       40     1     A
29        67     43     1     1      27      40     40      0      1       1   B  QuietGame     4.67       40     1     A
23       125    101    14    13     125       0     30      0     10      10   A  Reduction     4.90       40     1     B
30        87     63     2     2      47      40     40      0      2       2   A  QuietGame     5.00       40     0     A
24       120     96     8     8      80      40     40      1      2      -2   B  QuietGame     4.72       40     0     B
26       112     88     6     6      72      40     40      0      2       0   B  QuietGame     4.70       40     0     B
28       106     82     8     8      66      40     40      0      3       2   A  QuietGame     4.62       40     0     A
27       121     97    11    11      81      40     40      0      2       1   B  QuietGame     4.75       40     1     A
32        71     47     2     2      31      40     40      0      2       2   A  QuietGame     4.97       40     0     A
33        79     55     9     9      39      40     40      0      1       1   B  QuietGame     4.75       40     1     A
34        64     40     0     0       0      64     40      0      0       0   B  QuietGame     4.95       41     0     B
35        64     40     0     0       0      64     40      0      0       0   B  QuietGame     4.88       41     1     A
36        73     49     7     7      33      40     40      0      1       1   B  QuietGame     4.67       40     0     B
31       125    101     6     6      85      40     40      0      2       2   A  QuietGame     4.88       40     1     B
37        81     57     6     6      41      40     40      2      2       2   A  QuietGame     5.00       40     1     B
38        74     50    17    17      74       0      7      1      5      -5   B  Reduction     4.95       40     0     B
39        70     46     2     2      30      40     40      0      1       0   B  QuietGame     4.90       40     1     A
40        71     47     4     5      31      40     40      0      2       1   B  QuietGame     4.83       40     0     B
41        83     59     9     9      43      40     40      0      3       3   A  QuietGame     5.03       40     1     B
42        79     55     8     9      39      40     40      0      3       3   A  QuietGame     4.75       40     0     A
44        70     46     2     2      30      40     40      0      1       0   B  QuietGame     4.70       40     0     B
46        74     50     5     5      34      40     40      1      1      -1   B  QuietGame     4.88       40     0     B
45       101     77    14    13     101       0     25      0     10      10   A  Reduction     4.75       40     1     B
43       113     89    13    14     113       0     37      0      8       8   A  Reduction     4.78       40     1     B
48        75     51     7     8      35      40     40      0      2       2   A  QuietGame     4.58       40     0     A
49        69     45     3     3      29      40     40      0      1       1   B  QuietGame     4.95       40     1     A
47       101     77     2     2      61      40     40      0      1       0   B  QuietGame     4.95       40     1     A
50        75     51     7     8      35      40     40      0      2       2   A  QuietGame     4.62       40     0     A
51        97     73     7     7      57      40     40      1      2      -1   B  QuietGame     4.75       40     1     A
53        64     40     0     0       0      64     40      0      0       0   B  QuietGame     5.05       41     1     A
55        69     45     2     3      29      40     40      0      2       1   B  QuietGame     4.65       40     1     A
52       101     77     9     9      61      40     40      0      2       1   B  QuietGame     4.98       41     0     B
57        68     44     2     2      28      40     40      0      1       0   B  QuietGame     4.75       40     1     A
56        80     56    10    10      40      40     40      1      1       0   B  QuietGame     5.05       40     0     B
54       110     86     4     4      70      40     40      0      1       0   B  QuietGame     4.70       40     0     B
59        67     43     1     1      27      40     40      0      1       1   B  QuietGame     4.83       40     1     A
60        71     47     3     3      31      40     40      0      3       3   A  QuietGame     4.62       40     0     A
62        74     50     4     4      34      40     40      1      2      -2   B  QuietGame     4.75       40     0     B
61        84     60     8     8      44      40     40      2      1       0   B  QuietGame     4.95       40     1     A
64        71     47     3     4      31      40     40      0      2       2   A  QuietGame     4.80       40     0     A
63        85     61    13    13      45      40     40      0      3       3   A  QuietGame     4.90       40     1     B
65        67     43    10    11      67       0     13      0     12      12   A  Reduction     4.95       40     1     B
58       152    128     5     5     112      40     40      1      1      -1   B  QuietGame     5.10       40     0     B
67        67     43     1     1      27      40     40      0      1       1   B  QuietGame     4.83       40     1     A
66        94     70     7     8      54      40     40      1      1       0   B  QuietGame     5.05       40     0     B
68        74     50     2     2      34      40     40      0      1       0   B  QuietGame     5.15       41     0     B
69        74     50     3     3      34      40     40      1      1      -1   B  QuietGame     4.98       41     1     A
71        67     43     1     1      27      40     40      0      1       1   B  QuietGame     4.72       40     1     A
70        73     49     2     2      33      40     40      0      1       0   B  QuietGame     5.08       40     0     B
72        69     45     3     3      29      40     40      0      1       1   B  QuietGame     4.60       40     0     B
73        76     52     5     5      36      40     40      0      1      -1   B  QuietGame     4.75       40     1     A
74        86     62    10    10      46      40     40      0      2       0   B  QuietGame     5.08       40     0     B
75        75     51     5     5      35      40     40      0      1       1   B  QuietGame     4.75       40     1     A
79        73     49     5     6      33      40     40      0      2       2   A  QuietGame     4.85       40     1     B
80        67     43     1     1      27      40     40      0      1       1   B  QuietGame     5.03       40     0     B
81        70     46     4     4      30      40     40      0      1       0   B  QuietGame     4.80       40     1     A
77       102     78     3     3      62      40     40      0      2       1   B  QuietGame     4.83       41     1     A
83        67     43     1     1      27      40     40      0      1       1   B  QuietGame     4.80       40     1     A
76       123     99     4     4      83      40     40      0      2       2   A  QuietGame     4.90       41     0     A
82        85     61     9     9      45      40     40      0      3       3   A  QuietGame     4.92       40     0     A
84        75     51     4     5      35      40     40      0      2       1   B  QuietGame     4.75       40     0     B
85        78     54     7     7      38      40     40      0      2       1   B  QuietGame     4.78       40     1     A
86        84     60     7     7      44      40     40      0      1      -1   B  QuietGame     5.00       40     0     B
88        76     52     2     2      36      40     40      0      1       0   B  QuietGame     4.90       40     0     B
90        72     48     5     5      32      40     40      1      1      -1   B  QuietGame     4.80       40     0     B
78       194    170    15    16     194       0     36      1      6      -6   B  Reduction     4.62       40     0     B
91        71     47     3     3      31      40     40      1      1       1   B  QuietGame     4.85       40     1     A
87       120     96     9     9      80      40     40      1      1      -1   B  QuietGame     4.88       40     1     A
89       103     79     8     8      63      40     40      0      2       2   A  QuietGame     4.95       40     1     B
92        75     51     5     5      35      40     40      0      1       1   B  QuietGame     4.72       40     0     B
93        75     51     6     6      35      40     40      1      1       0   B  QuietGame     4.80       40     1     A
94        80     56     5     5      40      40     40      1      2      -1   B  QuietGame     4.85       40     0     B
95        76     52     4     4      36      40     40      0      1       0   B  QuietGame     4.83       40     1     A
96        77     53     7     9      37      40     40      0      3       3   A  QuietGame     4.67       40     0     A
97        81     57     6     8      41      40     40      1      2       0   B  QuietGame     4.62       40     1     A
99        73     49     4     6      33      40     40      0      3       2   A  QuietGame     4.62       40     1     B
100       76     52     6     6      36      40     40      0      3       2   A  QuietGame     4.83       40     0     A
101       71     47     4     5      31      40     40      0      2       1   B  QuietGame     4.83       40     1     A
102       72     48     5     5      32      40     40      1      1      -1   B  QuietGame     4.65       40     0     B
104       71     47     3     3      31      40     40      0      3       3   A  QuietGame     4.97       40     0     A
98       123     99     4     4      83      40     40      1      1       0   B  QuietGame     4.88       40     0     B
106       67     43     1     1      27      40     40      0      1       1   B  QuietGame     4.75       40     0     B
105       89     65     6     6      49      40     40      0      1       0   B  QuietGame     5.15       40     1     A
108       69     45     2     3      29      40     40      0      2       1   B  QuietGame     4.61       41     0     B
103      115     91     7     7      75      40     40      0      1       1   B  QuietGame     5.05       40     1     A
110       71     47     3     3      31      40     40      0      1       1   B  QuietGame     4.83       40     0     B
111       70     46     3     3      30      40     40      0      1      -1   B  QuietGame     4.67       40     1     A
109       80     56    10    10      40      40     40      0      1       0   B  QuietGame     4.85       41     1     A
107      119     95    13    13     119       0     39      0      6       6   A  Immobilize     4.80       40     1     B
113       68     44     1     1      28      40     40      0      1      -1   B  QuietGame     4.88       40     1     A
112       96     72    12    13      96       0     19      1      9      -9   B  Reduction     4.95       40     0     B
114       93     69    13    13      53      40     40      0      1       1   B  QuietGame     5.03       40     0     B
118       69     45     2     2      29      40     40      0      1       0   B  QuietGame     4.70       40     0     B
116       71     47     4     5      31      40     40      0      2       1   B  QuietGame     4.58       40     0     B
119       77     53     6     6      37      40     40      0      2       2   A  QuietGame     4.88       40     1     B
115      110     86    18    17     110       0     27      1      6      -6   B  Reduction     4.78       40     1     A
117       93     69    15    16      93       0     29      0      6       6   A  Reduction     4.78       40     1     B
121       69     45     3     3      29      40     40      0      1       1   B  QuietGame     4.80       40     1     A
122       74     50     1     1      34      40     40      0      1      -1   B  QuietGame     5.03       40     0     B
123       73     49     4     5      33      40     40      0      2       1   B  QuietGame     4.92       40     1     A
124       76     52     8     8      36      40     40      0      1       0   B  QuietGame     4.72       40     0     B
120      114     90     6     7      74      40     40      0      2       1   B  QuietGame     4.67       40     0     B
125       70     46     3     3      30      40     40      1      1      -1   B  QuietGame     4.83       40     1     A
126       69     45     2     2      29      40     40      0      2       2   A  QuietGame     4.72       40     0     A
128       68     44     2     2      28      40     40      0      1       0   B  QuietGame     5.10       40     0     B
127       93     69    11    11      53      40     40      0      2       1   B  QuietGame     4.92       40     1     A
131       70     46     2     2      30      40     40      0      1       0   B  QuietGame     4.78       40     1     A
133       68     44     1     1      28      40     40      0      1      -1   B  QuietGame     4.78       40     1     A
132       73     49     4     4      33      40     40      1      1       0   B  QuietGame     4.70       40     0     B
129      105     81     5     5      65      40     40      0      3       3   A  QuietGame     4.85       40     1     B
135       75     51     1     1      35      40     40      0      1       1   B  QuietGame     4.80       40     1     A
130      112     88     5     5      72      40     40      1      1      -1   B  QuietGame     4.65       40     0     B
136       69     45     1     2      29      40     40      0      2       2   A  QuietGame     4.73       41     0     A
134      105     81     6     7      65      40     40      0      2       1   B  QuietGame     4.88       40     0     B
138       76     52     7     7      36      40     40      0      2       1   B  QuietGame     4.88       40     0     B
137       82     58     5     5      42      40     40      0      1      -1   B  QuietGame     4.88       41     1     A
139       89     65    10    10      89       0     37      0     12      12   A  Immobilize     4.83       40     1     B
141       70     46     4     4      30      40     40      0      1       0   B  QuietGame     4.88       40     1     A
140       73     49     1     1      33      40     40      0      1       1   B  QuietGame     4.80       40     0     B
143       96     72     5     5      56      40     40      0      2       1   B  QuietGame     5.00       40     1     A
145       70     46     4     4      30      40     40      0      1       0   B  QuietGame     4.80       41     1     A
146       80     56     9    10      40      40     40      0      3       2   A  QuietGame     4.76       41     0     A
142      119     95     7     7      79      40     40      0      3       3   A  QuietGame     4.92       40     0     A
147       73     49    14    14      73       0     17      0      9       9   A  Reduction     4.76       41     1     B
149       71     47     4     4      31      40     40      0      2       2   A  QuietGame     4.62       40     1     B
148       77     53     8     8      37      40     40      0      2       2   A  QuietGame     4.80       40     0     A
150       72     48     2     2      32      40     40      0      1       0   B  QuietGame     4.73       41     0     B
144      160    136    15    14     160       0     37      1      8      -8   B  Immobilize     4.80       41     0     B
151       73     49     3     3      33      40     40      0      1       1   B  QuietGame     4.93       41     1     A
154       67     43     1     1      27      40     40      0      1       1   B  QuietGame     4.88       40     0     B
156       70     46     4     4      30      40     40      0      1       0   B  QuietGame     4.72       40     0     B
153       86     62     5     5      46      40     40      0      2       1   B  QuietGame     5.00       40     1     A
152      101     77     4     4      61      40     40      0      2       2   A  QuietGame     4.88       40     0     A
158       71     47     3     4      31      40     40      0      2       2   A  QuietGame     4.65       40     0     A
160       72     48     5     6      32      40     40      1      1       0   B  QuietGame     4.75       40     0     B
155      130    106    14    14      90      40     40      2      2       0   B  QuietGame     5.12       40     1     A
162       64     40     0     0       0      64     40      0      0       0   B  QuietGame     5.03       40     0     B
157      103     79     4     4      63      40     40      0      2       0   B  QuietGame     5.03       40     1     A
161       75     51     3     3      35      40     40      0      1       1   B  QuietGame     4.88       40     1     A
159      102     78     3     3      62      40     40      0      1      -1   B  QuietGame     4.72       40     1     A
164       68     44     2     2      28      40     40      0      1       0   B  QuietGame     4.95       40     0     B
163       89     65     7     7      49      40     40      0      1       1   B  QuietGame     5.12       40     1     A
165       70     46     3     3      30      40     40      0      2       1   B  QuietGame     5.00       40     1     A
166       68     44     2     2      28      40     40      0      1       0   B  QuietGame     4.78       40     0     B
169       72     48     2     2      32      40     40      0      1       0   B  QuietGame     5.05       40     1     A
167       78     54     6     6      38      40     40      0      2       0   B  QuietGame     4.78       40     1     A
170       75     51     6     6      35      40     40      0      2       2   A  QuietGame     4.78       40     0     A
168      100     76     7     7      60      40     40      0      2       1   B  QuietGame     4.78       40     0     B
171       73     49     6     6      33      40     40      0      2       2   A  QuietGame     4.72       40     1     B
172       73     49     6     6      33      40     40      0      2       2   A  QuietGame     4.66       41     0     A
174       74     50     2     2      34      40     40      0      1       0   B  QuietGame     4.90       40     0     B
175       78     54     7     7      38      40     40      1      1      -1   B  QuietGame     4.67       40     1     A
177       84     60     5     5      44      40     40      0      1      -1   B  QuietGame     4.88       41     1     A
178       69     45     3     3      29      40     40      0      1       1   B  QuietGame     4.73       41     0     B
176       96     72     2     2      56      40     40      0      1       0   B  QuietGame     5.10       41     0     B
179       68     44     2     2      28      40     40      0      1       0   B  QuietGame     4.80       41     1     A
173      118     94     4     4      78      40     40      0      2      -2   B  QuietGame     4.80       41     1     A
180       71     47     3     4      31      40     40      0      2       2   A  QuietGame     4.55       40     0     A
181       75     51     5     6      35      40     40      0      2       2   A  QuietGame     4.70       40     1     B
183       69     45     3     3      29      40     40      0      1       1   B  QuietGame     4.92       40     1     A
186       67     43     1     1      27      40     40      0      1       1   B  QuietGame     4.56       41     0     B
188       78     54     8     8      38      40     40      0      1       0   B  QuietGame     4.97       40     0     B
184       88     64     2     2      48      40     40      0      1       0   B  QuietGame     5.05       40     0     B
182      109     85     7     7      69      40     40      0      1       1   B  QuietGame     4.95       40     0     B
185       93     69    14    14      93       0     13      0      8       8   A  Reduction     5.00       40     1     B
189       71     47     3     3      31      40     40      0      1       1   B  QuietGame     4.92       40     1     A
190       74     50     7     7      34      40     40      1      1      -1   B  QuietGame     4.88       40     0     B
187      123     99     9     9      83      40     40      2      1       1   B  QuietGame     4.85       41     1     A
191       79     55     3     4      39      40     40      0      4       4   A  QuietGame     4.90       40     1     B
193       70     46     2     3      30      40     40      0      2      -1   B  QuietGame     4.65       40     1     A
195       74     50     7     7      34      40     40      1      1      -1   B  QuietGame     4.83       41     1     A
194       87     63    13    13      87       0     33      0      6       6   A  Immobilize     4.78       41     0     A
192      113     89     4     4      73      40     40      1      1       0   B  QuietGame     5.15       40     0     B
197       74     50     5     5      34      40     40      0      2       1   B  QuietGame     4.92       40     1     A
199       64     40     0     0       0      64     40      0      0       0   B  QuietGame     5.05       41     1     A
196      110     86    14    14     110       0     23      1      8      -8   B  Reduction     4.70       40     0     B
198       81     57     7     7      41      40     40      0      1       1   B  QuietGame     4.90       41     0     B

games                200
mean plies           83.5   (movement 59.5)
mean captures        5.4
mean removals        5.5
mean dead tail       37.2   plies after the last capture or removal
mean longest quiet   38.6
mean lead changes    0.2   (37 of 200 games had any)
mean peak margin     2.1
mean final margin    1.7   (absolute)
ended by quiet game  182  (91%)
ended by reduction   13  (6%)
ended by immobilize  5  (2%)
won by A / B         54 / 146
mean depth           4.83   (over 8040 searched opening plies)
wall clock           944.521 s

weight-set A wins    104 / 200  (52.0%)   [as P0: 29/100, as P1: 75/100]
weight-set B wins    96 / 200
quiet-game share     A-wins 98.1%   B-wins 83.3%   all 91.0%
95% threshold        wins >= 112 of 200 (one-sided): neither side significant
csv line appended to doc/bench/sweeps/2026-08-24/robust.csv
error: bench: expected key=value, got ".\cmake-build-release\latrunculi_game\latrunculi_bench.exe"
