GAMS 53.5.1  f2e5fac3 May 20, 2026          LEX-LEG x86 64bit/Linux - 07/08/26 21:16:12 Page 4
G e n e r a l   A l g e b r a i c   M o d e l i n g   S y s t e m
C o m p i l a t i o n




COMPILATION TIME     =        0.000 SECONDS      3 MB  53.5.1 f2e5fac3 LEX-LEG
GAMS 53.5.1  f2e5fac3 May 20, 2026          LEX-LEG x86 64bit/Linux - 07/08/26 21:16:12 Page 5
G e n e r a l   A l g e b r a i c   M o d e l i n g   S y s t e m
E x e c u t i o n


----    328 PARAMETER tinyR                =        0.015  small constant to av
                                                           oid division by zero
            PARAMETER MoveTotalMax         =    50000.000  total ton-milage mov
                                                           ement possible
GAMS 53.5.1  f2e5fac3 May 20, 2026          LEX-LEG x86 64bit/Linux - 07/08/26 21:16:12 Page 6
G e n e r a l   A l g e b r a i c   M o d e l i n g   S y s t e m
Range Statistics    SOLVE glra4B Using MCP From line 426


RANGE STATISTICS (ABSOLUTE NON-ZERO FINITE VALUES)

RHS       [min, max] : [ 3.726E-02, 5.000E+04] - Zero values observed as well
Bound     [min, max] : [        NA,        NA] - Zero values observed as well
Matrix    [min, max] : [ 4.419E-10, 6.449E+01]

GAMS 53.5.1  f2e5fac3 May 20, 2026          LEX-LEG x86 64bit/Linux - 07/08/26 21:16:12 Page 7
G e n e r a l   A l g e b r a i c   M o d e l i n g   S y s t e m
Model Statistics    SOLVE glra4B Using MCP From line 426


MODEL STATISTICS

BLOCKS OF EQUATIONS           8     SINGLE EQUATIONS        1,951
BLOCKS OF VARIABLES           8     SINGLE VARIABLES        1,951
NON ZERO ELEMENTS       790,836     NON LINEAR N-Z              0
CODE LENGTH                   0     CONSTANT POOL              16


GENERATION TIME      =        0.412 SECONDS     55 MB  53.5.1 f2e5fac3 LEX-LEG
GAMS 53.5.1  f2e5fac3 May 20, 2026          LEX-LEG x86 64bit/Linux - 07/08/26 21:16:12 Page 8
G e n e r a l   A l g e b r a i c   M o d e l i n g   S y s t e m
Solution Report     SOLVE glra4B Using MCP From line 426


               S O L V E      S U M M A R Y

     MODEL   glra4B              
     TYPE    MCP                 
     SOLVER  MILES               FROM LINE  426

**** SOLVER STATUS     2 Iteration Interrupt
**** MODEL STATUS      6 Intermediate Infeasible

 RESOURCE USAGE, LIMIT          8.023 10000000000.000
 ITERATION COUNT, LIMIT       100    2147483647
 EVALUATION ERRORS              0             0

MILES            53.5.1 f2e5fac3 May 20, 2026          LEG x86 64bit/Linux

*** Error Cannot open parameter file "/var/lib/condor/execute/dir_1263494/gamse
                                                                 xec/miles.opt"
*** Error Error code = 2; No such file or directory

 Major iterations ........   100
 Lemke pivots ............   100
 Refactorizations ........   400
 Deviation ............... 1.500E-06
 MILES iteration limit exceeded.

---- EQU CompDlvr  Delivery MC-MB comparison, perp to Dlvr

        LOWER     LEVEL     UPPER    MARGINAL

N000     0.037     0.037     +INF    276.997      
N001      .        0.005     +INF       .         
N002      .        0.005     +INF       .         
N003      .        0.005     +INF       .         
N004      .        0.005     +INF       .         
N005      .        0.005     +INF       .         
N006      .        0.005     +INF       .         
N007     0.160     0.160     +INF     24.185      
N008      .        0.005     +INF       .         
N009      .        0.005     +INF       .         
N010      .        0.005     +INF       .         
N011      .        0.005     +INF       .         
N012      .        0.005     +INF       .         
N013      .        0.005     +INF       .         
N014      .        0.005     +INF       .         
N015      .        0.005     +INF       .         
N016      .        0.005     +INF       .         
N017      .        0.005     +INF       .         
N018      .        0.005     +INF       .         
N019     0.213     0.213     +INF     73.168      
N020      .        0.005     +INF       .         
N021      .        0.005     +INF       .         
N022      .        0.005     +INF       .         
N023      .        0.005     +INF       .         
N024     0.119     0.119     +INF    160.649      
N025      .        0.005     +INF       .         
N026      .        0.005     +INF       .         
N027      .        0.005     +INF       .         
N028      .        0.005     +INF       .         
N029      .        0.005     +INF       .         

---- EQU CompQnty  Quantity MC-MB comparison, perp to Qnty

        LOWER     LEVEL     UPPER    MARGINAL

N000      .         .        +INF       .         
N001      .         .        +INF       .         
N002      .    8.674E-19     +INF       .         
N003      .    8.674E-19     +INF       .         
N004      .         .        +INF    200.000      
N005      .         .        +INF       .         
N006      .         .        +INF       .         
N007      .         .        +INF       .         
N008      .    -8.67E-19     +INF       .         
N009      .         .        +INF       .         
N010      .         .        +INF       .         
N011      .    -8.67E-19     +INF       .         
N012      .         .        +INF       .         
N013      .    8.674E-19     +INF       .         
N014      .    -8.67E-19     +INF       .         
N015      .    -8.67E-19     +INF       .         
N016      .         .        +INF       .         
N017      .         .        +INF       .         
N018      .    8.674E-19     +INF       .         
N019      .         .        +INF       .         
N020      .    8.674E-19     +INF       .         
N021      .         .        +INF       .         
N022      .    8.674E-19     +INF    110.000      
N023      .         .        +INF       .         
N024      .         .        +INF       .         
N025      .    8.674E-19     +INF       .         
N026      .         .        +INF       .         
N027      .    -8.67E-19     +INF       .         
N028      .         .        +INF       .         
N029      .         .        +INF    225.000      

---- EQU CompFlow  Flow MC-MB comparison, perp to flow

             LOWER     LEVEL     UPPER    MARGINAL

N000.N000      .        0.005     +INF       .         
N000.N001      .    1.5003E-6     +INF     13.003 INFES
N000.N002      .        0.005     +INF       .         
N000.N003      .        0.005     +INF       .         
N000.N004      .        0.005     +INF       .         
N000.N005      .        0.005     +INF       .         
N000.N006      .    1.5003E-6     +INF       .         
N000.N007      .        0.005     +INF       .         
N000.N008      .        0.005     +INF       .         
N000.N009      .        0.005     +INF       .         
N000.N010      .        0.005     +INF       .         
N000.N011      .        0.005     +INF       .         
N000.N012      .        0.005     +INF       .         
N000.N013      .        0.005     +INF       .         
N000.N014      .        0.005     +INF       .         
N000.N015      .        0.005     +INF       .         
N000.N016      .        0.005     +INF       .         
N000.N017      .        0.005     +INF       .         
N000.N018      .        0.005     +INF       .         
N000.N019      .        0.005     +INF       .         
N000.N020      .        0.005     +INF       .         
N000.N021      .        0.005     +INF       .         
N000.N022      .        0.005     +INF       .         
N000.N023      .        0.005     +INF       .         
N000.N024      .        0.005     +INF       .         
N000.N025      .        0.005     +INF       .         
N000.N026      .        0.005     +INF       .         
N000.N027      .        0.005     +INF       .         
N000.N028      .        0.005     +INF       .         
N000.N029      .        0.005     +INF       .         
N001.N000      .    1.5003E-6     +INF    145.000 INFES
N001.N001      .        0.005     +INF       .         
N001.N002      .    1.5003E-6     +INF       .         
N001.N003      .        0.005     +INF       .         
N001.N004      .        0.005     +INF       .         
N001.N005      .        0.005     +INF       .         
N001.N006      .        0.005     +INF       .         
N001.N007      .    1.5003E-6     +INF     13.003 INFES
N001.N008      .        0.005     +INF       .         
N001.N009      .        0.005     +INF       .         
N001.N010      .        0.005     +INF       .         
N001.N011      .        0.005     +INF       .         
N001.N012      .        0.005     +INF       .         
N001.N013      .        0.005     +INF       .         
N001.N014      .        0.005     +INF       .         
N001.N015      .        0.005     +INF       .         
N001.N016      .        0.005     +INF       .         
N001.N017      .        0.005     +INF       .         
N001.N018      .        0.005     +INF       .         
N001.N019      .        0.005     +INF       .         
N001.N020      .        0.005     +INF       .         
N001.N021      .        0.005     +INF       .         
N001.N022      .        0.005     +INF       .         
N001.N023      .        0.005     +INF       .         
N001.N024      .        0.005     +INF       .         
N001.N025      .        0.005     +INF       .         
N001.N026      .        0.005     +INF       .         
N001.N027      .        0.005     +INF       .         
N001.N028      .        0.005     +INF       .         
N001.N029      .        0.005     +INF       .         
N002.N000      .        0.005     +INF       .         
N002.N001      .    1.5003E-6     +INF    145.000 INFES
N002.N002      .        0.005     +INF       .         
N002.N003      .    1.5003E-6     +INF       .         
N002.N004      .        0.005     +INF       .         
N002.N005      .        0.005     +INF       .         
N002.N006      .        0.005     +INF       .         
N002.N007      .        0.005     +INF       .         
N002.N008      .    1.5003E-6     +INF       .         
N002.N009      .        0.005     +INF       .         
N002.N010      .        0.005     +INF       .         
N002.N011      .        0.005     +INF       .         
N002.N012      .        0.005     +INF       .         
N002.N013      .        0.005     +INF       .         
N002.N014      .        0.005     +INF       .         
N002.N015      .        0.005     +INF       .         
N002.N016      .        0.005     +INF       .         
N002.N017      .        0.005     +INF       .         
N002.N018      .        0.005     +INF       .         
N002.N019      .        0.005     +INF       .         
N002.N020      .        0.005     +INF       .         
N002.N021      .        0.005     +INF       .         
N002.N022      .        0.005     +INF       .         
N002.N023      .        0.005     +INF       .         
N002.N024      .        0.005     +INF       .         
N002.N025      .        0.005     +INF       .         
N002.N026      .        0.005     +INF       .         
N002.N027      .        0.005     +INF       .         
N002.N028      .        0.005     +INF       .         
N002.N029      .        0.005     +INF       .         
N003.N000      .        0.005     +INF       .         
N003.N001      .        0.005     +INF       .         
N003.N002      .    1.5003E-6     +INF    145.000 INFES
N003.N003      .        0.005     +INF       .         
N003.N004      .    1.5003E-6     +INF       .         
N003.N005      .        0.005     +INF       .         
N003.N006      .        0.005     +INF       .         
N003.N007      .        0.005     +INF       .         
N003.N008      .        0.005     +INF       .         
N003.N009      .    1.5003E-6     +INF       .         
N003.N010      .        0.005     +INF       .         
N003.N011      .        0.005     +INF       .         
N003.N012      .        0.005     +INF       .         
N003.N013      .        0.005     +INF       .         
N003.N014      .        0.005     +INF       .         
N003.N015      .        0.005     +INF       .         
N003.N016      .        0.005     +INF       .         
N003.N017      .        0.005     +INF       .         
N003.N018      .        0.005     +INF       .         
N003.N019      .        0.005     +INF       .         
N003.N020      .        0.005     +INF       .         
N003.N021      .        0.005     +INF       .         
N003.N022      .        0.005     +INF       .         
N003.N023      .        0.005     +INF       .         
N003.N024      .        0.005     +INF       .         
N003.N025      .        0.005     +INF       .         
N003.N026      .        0.005     +INF       .         
N003.N027      .        0.005     +INF       .         
N003.N028      .        0.005     +INF       .         
N003.N029      .        0.005     +INF       .         
N004.N000      .        0.005     +INF       .         
N004.N001      .        0.005     +INF       .         
N004.N002      .        0.005     +INF       .         
N004.N003      .    1.5003E-6     +INF    145.000 INFES
N004.N004      .        0.005     +INF       .         
N004.N005      .    1.5003E-6     +INF       .         
N004.N006      .        0.005     +INF       .         
N004.N007      .        0.005     +INF       .         
N004.N008      .        0.005     +INF       .         
N004.N009      .        0.005     +INF       .         
N004.N010      .    1.5003E-6     +INF     55.000 INFES
N004.N011      .        0.005     +INF       .         
N004.N012      .        0.005     +INF       .         
N004.N013      .        0.005     +INF       .         
N004.N014      .        0.005     +INF       .         
N004.N015      .        0.005     +INF       .         
N004.N016      .        0.005     +INF       .         
N004.N017      .        0.005     +INF       .         
N004.N018      .        0.005     +INF       .         
N004.N019      .        0.005     +INF       .         
N004.N020      .        0.005     +INF       .         
N004.N021      .        0.005     +INF       .         
N004.N022      .        0.005     +INF       .         
N004.N023      .        0.005     +INF       .         
N004.N024      .        0.005     +INF       .         
N004.N025      .        0.005     +INF       .         
N004.N026      .        0.005     +INF       .         
N004.N027      .        0.005     +INF       .         
N004.N028      .        0.005     +INF       .         
N004.N029      .        0.005     +INF       .         
N005.N000      .        0.005     +INF       .         
N005.N001      .        0.005     +INF       .         
N005.N002      .        0.005     +INF       .         
N005.N003      .        0.005     +INF       .         
N005.N004      .    1.5003E-6     +INF       .         
N005.N005      .        0.005     +INF       .         
N005.N006      .        0.005     +INF       .         
N005.N007      .        0.005     +INF       .         
N005.N008      .        0.005     +INF       .         
N005.N009      .        0.005     +INF       .         
N005.N010      .        0.005     +INF       .         
N005.N011      .    1.5003E-6     +INF       .         
N005.N012      .        0.005     +INF       .         
N005.N013      .        0.005     +INF       .         
N005.N014      .        0.005     +INF       .         
N005.N015      .        0.005     +INF       .         
N005.N016      .        0.005     +INF       .         
N005.N017      .        0.005     +INF       .         
N005.N018      .        0.005     +INF       .         
N005.N019      .        0.005     +INF       .         
N005.N020      .        0.005     +INF       .         
N005.N021      .        0.005     +INF       .         
N005.N022      .        0.005     +INF       .         
N005.N023      .        0.005     +INF       .         
N005.N024      .        0.005     +INF       .         
N005.N025      .        0.005     +INF       .         
N005.N026      .        0.005     +INF       .         
N005.N027      .        0.005     +INF       .         
N005.N028      .        0.005     +INF       .         
N005.N029      .        0.005     +INF       .         
N006.N000      .    1.5003E-6     +INF    145.000 INFES
N006.N001      .        0.005     +INF       .         
N006.N002      .        0.005     +INF       .         
N006.N003      .        0.005     +INF       .         
N006.N004      .        0.005     +INF       .         
N006.N005      .        0.005     +INF       .         
N006.N006      .        0.005     +INF       .         
N006.N007      .    1.5003E-6     +INF       .         
N006.N008      .        0.005     +INF       .         
N006.N009      .        0.005     +INF       .         
N006.N010      .        0.005     +INF       .         
N006.N011      .        0.005     +INF       .         
N006.N012      .    1.5003E-6     +INF       .         
N006.N013      .        0.005     +INF       .         
N006.N014      .        0.005     +INF       .         
N006.N015      .        0.005     +INF       .         
N006.N016      .        0.005     +INF       .         
N006.N017      .        0.005     +INF       .         
N006.N018      .        0.005     +INF       .         
N006.N019      .        0.005     +INF       .         
N006.N020      .        0.005     +INF       .         
N006.N021      .        0.005     +INF       .         
N006.N022      .        0.005     +INF       .         
N006.N023      .        0.005     +INF       .         
N006.N024      .        0.005     +INF       .         
N006.N025      .        0.005     +INF       .         
N006.N026      .        0.005     +INF       .         
N006.N027      .        0.005     +INF       .         
N006.N028      .        0.005     +INF       .         
N006.N029      .        0.005     +INF       .         
N007.N000      .        0.005     +INF       .         
N007.N001      .    1.5003E-6     +INF       .         
N007.N002      .        0.005     +INF       .         
N007.N003      .        0.005     +INF       .         
N007.N004      .        0.005     +INF       .         
N007.N005      .        0.005     +INF       .         
N007.N006      .    1.5003E-6     +INF    145.000 INFES
N007.N007      .        0.005     +INF       .         
N007.N008      .    1.5003E-6     +INF       .         
N007.N009      .        0.005     +INF       .         
N007.N010      .        0.005     +INF       .         
N007.N011      .        0.005     +INF       .         
N007.N012      .        0.005     +INF       .         
N007.N013      .    1.5003E-6     +INF       .         
N007.N014      .        0.005     +INF       .         
N007.N015      .        0.005     +INF       .         
N007.N016      .        0.005     +INF       .         
N007.N017      .        0.005     +INF       .         
N007.N018      .        0.005     +INF       .         
N007.N019      .        0.005     +INF       .         
N007.N020      .        0.005     +INF       .         
N007.N021      .        0.005     +INF       .         
N007.N022      .        0.005     +INF       .         
N007.N023      .        0.005     +INF       .         
N007.N024      .        0.005     +INF       .         
N007.N025      .        0.005     +INF       .         
N007.N026      .        0.005     +INF       .         
N007.N027      .        0.005     +INF       .         
N007.N028      .        0.005     +INF       .         
N007.N029      .        0.005     +INF       .         
N008.N000      .        0.005     +INF       .         
N008.N001      .        0.005     +INF       .         
N008.N002      .    1.5003E-6     +INF       .         
N008.N003      .        0.005     +INF       .         
N008.N004      .        0.005     +INF       .         
N008.N005      .        0.005     +INF       .         
N008.N006      .        0.005     +INF       .         
N008.N007      .    1.5003E-6     +INF    145.000 INFES
N008.N008      .        0.005     +INF       .         
N008.N009      .    1.5003E-6     +INF       .         
N008.N010      .        0.005     +INF       .         
N008.N011      .        0.005     +INF       .         
N008.N012      .        0.005     +INF       .         
N008.N013      .        0.005     +INF       .         
N008.N014      .    1.5003E-6     +INF       .         
N008.N015      .        0.005     +INF       .         
N008.N016      .        0.005     +INF       .         
N008.N017      .        0.005     +INF       .         
N008.N018      .        0.005     +INF       .         
N008.N019      .        0.005     +INF       .         
N008.N020      .        0.005     +INF       .         
N008.N021      .        0.005     +INF       .         
N008.N022      .        0.005     +INF       .         
N008.N023      .        0.005     +INF       .         
N008.N024      .        0.005     +INF       .         
N008.N025      .        0.005     +INF       .         
N008.N026      .        0.005     +INF       .         
N008.N027      .        0.005     +INF       .         
N008.N028      .        0.005     +INF       .         
N008.N029      .        0.005     +INF       .         
N009.N000      .        0.005     +INF       .         
N009.N001      .        0.005     +INF       .         
N009.N002      .        0.005     +INF       .         
N009.N003      .    1.5003E-6     +INF       .         
N009.N004      .        0.005     +INF       .         
N009.N005      .        0.005     +INF       .         
N009.N006      .        0.005     +INF       .         
N009.N007      .        0.005     +INF       .         
N009.N008      .    1.5003E-6     +INF     55.000 INFES
N009.N009      .        0.005     +INF       .         
N009.N010      .    1.5003E-6     +INF       .         
N009.N011      .        0.005     +INF       .         
N009.N012      .        0.005     +INF       .         
N009.N013      .        0.005     +INF       .         
N009.N014      .        0.005     +INF       .         
N009.N015      .    1.5003E-6     +INF       .         
N009.N016      .        0.005     +INF       .         
N009.N017      .        0.005     +INF       .         
N009.N018      .        0.005     +INF       .         
N009.N019      .        0.005     +INF       .         
N009.N020      .        0.005     +INF       .         
N009.N021      .        0.005     +INF       .         
N009.N022      .        0.005     +INF       .         
N009.N023      .        0.005     +INF       .         
N009.N024      .        0.005     +INF       .         
N009.N025      .        0.005     +INF       .         
N009.N026      .        0.005     +INF       .         
N009.N027      .        0.005     +INF       .         
N009.N028      .        0.005     +INF       .         
N009.N029      .        0.005     +INF       .         
N010.N000      .        0.005     +INF       .         
N010.N001      .        0.005     +INF       .         
N010.N002      .        0.005     +INF       .         
N010.N003      .        0.005     +INF       .         
N010.N004      .    1.5003E-6     +INF       .         
N010.N005      .        0.005     +INF       .         
N010.N006      .        0.005     +INF       .         
N010.N007      .        0.005     +INF       .         
N010.N008      .        0.005     +INF       .         
N010.N009      .    1.5003E-6     +INF     55.000 INFES
N010.N010      .        0.005     +INF       .         
N010.N011      .    1.5003E-6     +INF       .         
N010.N012      .        0.005     +INF       .         
N010.N013      .        0.005     +INF       .         
N010.N014      .        0.005     +INF       .         
N010.N015      .        0.005     +INF       .         
N010.N016      .    1.5003E-6     +INF       .         
N010.N017      .        0.005     +INF       .         
N010.N018      .        0.005     +INF       .         
N010.N019      .        0.005     +INF       .         
N010.N020      .        0.005     +INF       .         
N010.N021      .        0.005     +INF       .         
N010.N022      .        0.005     +INF       .         
N010.N023      .        0.005     +INF       .         
N010.N024      .        0.005     +INF       .         
N010.N025      .        0.005     +INF       .         
N010.N026      .        0.005     +INF       .         
N010.N027      .        0.005     +INF       .         
N010.N028      .        0.005     +INF       .         
N010.N029      .        0.005     +INF       .         
N011.N000      .        0.005     +INF       .         
N011.N001      .        0.005     +INF       .         
N011.N002      .        0.005     +INF       .         
N011.N003      .        0.005     +INF       .         
N011.N004      .        0.005     +INF       .         
N011.N005      .    1.5003E-6     +INF       .         
N011.N006      .        0.005     +INF       .         
N011.N007      .        0.005     +INF       .         
N011.N008      .        0.005     +INF       .         
N011.N009      .        0.005     +INF       .         
N011.N010      .    1.5003E-6     +INF       .         
N011.N011      .        0.005     +INF       .         
N011.N012      .        0.005     +INF       .         
N011.N013      .        0.005     +INF       .         
N011.N014      .        0.005     +INF       .         
N011.N015      .        0.005     +INF       .         
N011.N016      .        0.005     +INF       .         
N011.N017      .    1.5003E-6     +INF       .         
N011.N018      .        0.005     +INF       .         
N011.N019      .        0.005     +INF       .         
N011.N020      .        0.005     +INF       .         
N011.N021      .        0.005     +INF       .         
N011.N022      .        0.005     +INF       .         
N011.N023      .        0.005     +INF       .         
N011.N024      .        0.005     +INF       .         
N011.N025      .        0.005     +INF       .         
N011.N026      .        0.005     +INF       .         
N011.N027      .        0.005     +INF       .         
N011.N028      .        0.005     +INF       .         
N011.N029      .        0.005     +INF       .         
N012.N000      .        0.005     +INF       .         
N012.N001      .        0.005     +INF       .         
N012.N002      .        0.005     +INF       .         
N012.N003      .        0.005     +INF       .         
N012.N004      .        0.005     +INF       .         
N012.N005      .        0.005     +INF       .         
N012.N006      .    1.5003E-6     +INF       .         
N012.N007      .        0.005     +INF       .         
N012.N008      .        0.005     +INF       .         
N012.N009      .        0.005     +INF       .         
N012.N010      .        0.005     +INF       .         
N012.N011      .        0.005     +INF       .         
N012.N012      .        0.005     +INF       .         
N012.N013      .    1.5003E-6     +INF       .         
N012.N014      .        0.005     +INF       .         
N012.N015      .        0.005     +INF       .         
N012.N016      .        0.005     +INF       .         
N012.N017      .        0.005     +INF       .         
N012.N018      .    1.5003E-6     +INF       .         
N012.N019      .        0.005     +INF       .         
N012.N020      .        0.005     +INF       .         
N012.N021      .        0.005     +INF       .         
N012.N022      .        0.005     +INF       .         
N012.N023      .        0.005     +INF       .         
N012.N024      .        0.005     +INF       .         
N012.N025      .        0.005     +INF       .         
N012.N026      .        0.005     +INF       .         
N012.N027      .        0.005     +INF       .         
N012.N028      .        0.005     +INF       .         
N012.N029      .        0.005     +INF       .         
N013.N000      .        0.005     +INF       .         
N013.N001      .        0.005     +INF       .         
N013.N002      .        0.005     +INF       .         
N013.N003      .        0.005     +INF       .         
N013.N004      .        0.005     +INF       .         
N013.N005      .        0.005     +INF       .         
N013.N006      .        0.005     +INF       .         
N013.N007      .    1.5003E-6     +INF     11.182 INFES
N013.N008      .        0.005     +INF       .         
N013.N009      .        0.005     +INF       .         
N013.N010      .        0.005     +INF       .         
N013.N011      .        0.005     +INF       .         
N013.N012      .    1.5003E-6     +INF       .         
N013.N013      .        0.005     +INF       .         
N013.N014      .    1.5003E-6     +INF       .         
N013.N015      .        0.005     +INF       .         
N013.N016      .        0.005     +INF       .         
N013.N017      .        0.005     +INF       .         
N013.N018      .        0.005     +INF       .         
N013.N019      .    1.5003E-6     +INF       .         
N013.N020      .        0.005     +INF       .         
N013.N021      .        0.005     +INF       .         
N013.N022      .        0.005     +INF       .         
N013.N023      .        0.005     +INF       .         
N013.N024      .        0.005     +INF       .         
N013.N025      .        0.005     +INF       .         
N013.N026      .        0.005     +INF       .         
N013.N027      .        0.005     +INF       .         
N013.N028      .        0.005     +INF       .         
N013.N029      .        0.005     +INF       .         
N014.N000      .        0.005     +INF       .         
N014.N001      .        0.005     +INF       .         
N014.N002      .        0.005     +INF       .         
N014.N003      .        0.005     +INF       .         
N014.N004      .        0.005     +INF       .         
N014.N005      .        0.005     +INF       .         
N014.N006      .        0.005     +INF       .         
N014.N007      .        0.005     +INF       .         
N014.N008      .    1.5003E-6     +INF     90.000 INFES
N014.N009      .        0.005     +INF       .         
N014.N010      .        0.005     +INF       .         
N014.N011      .        0.005     +INF       .         
N014.N012      .        0.005     +INF       .         
N014.N013      .    1.5003E-6     +INF     11.182 INFES
N014.N014      .        0.005     +INF       .         
N014.N015      .    1.5003E-6     +INF       .         
N014.N016      .        0.005     +INF       .         
N014.N017      .        0.005     +INF       .         
N014.N018      .        0.005     +INF       .         
N014.N019      .        0.005     +INF       .         
N014.N020      .    1.5003E-6     +INF       .         
N014.N021      .        0.005     +INF       .         
N014.N022      .        0.005     +INF       .         
N014.N023      .        0.005     +INF       .         
N014.N024      .        0.005     +INF       .         
N014.N025      .        0.005     +INF       .         
N014.N026      .        0.005     +INF       .         
N014.N027      .        0.005     +INF       .         
N014.N028      .        0.005     +INF       .         
N014.N029      .        0.005     +INF       .         
N015.N000      .        0.005     +INF       .         
N015.N001      .        0.005     +INF       .         
N015.N002      .        0.005     +INF       .         
N015.N003      .        0.005     +INF       .         
N015.N004      .        0.005     +INF       .         
N015.N005      .        0.005     +INF       .         
N015.N006      .        0.005     +INF       .         
N015.N007      .        0.005     +INF       .         
N015.N008      .        0.005     +INF       .         
N015.N009      .    1.5003E-6     +INF       .         
N015.N010      .        0.005     +INF       .         
N015.N011      .        0.005     +INF       .         
N015.N012      .        0.005     +INF       .         
N015.N013      .        0.005     +INF       .         
N015.N014      .    1.5003E-6     +INF    101.182 INFES
N015.N015      .        0.005     +INF       .         
N015.N016      .    1.5003E-6     +INF       .         
N015.N017      .        0.005     +INF       .         
N015.N018      .        0.005     +INF       .         
N015.N019      .        0.005     +INF       .         
N015.N020      .        0.005     +INF       .         
N015.N021      .    1.5003E-6     +INF       .         
N015.N022      .        0.005     +INF       .         
N015.N023      .        0.005     +INF       .         
N015.N024      .        0.005     +INF       .         
N015.N025      .        0.005     +INF       .         
N015.N026      .        0.005     +INF       .         
N015.N027      .        0.005     +INF       .         
N015.N028      .        0.005     +INF       .         
N015.N029      .        0.005     +INF       .         
N016.N000      .        0.005     +INF       .         
N016.N001      .        0.005     +INF       .         
N016.N002      .        0.005     +INF       .         
N016.N003      .        0.005     +INF       .         
N016.N004      .        0.005     +INF       .         
N016.N005      .        0.005     +INF       .         
N016.N006      .        0.005     +INF       .         
N016.N007      .        0.005     +INF       .         
N016.N008      .        0.005     +INF       .         
N016.N009      .        0.005     +INF       .         
N016.N010      .    1.5003E-6     +INF       .         
N016.N011      .        0.005     +INF       .         
N016.N012      .        0.005     +INF       .         
N016.N013      .        0.005     +INF       .         
N016.N014      .        0.005     +INF       .         
N016.N015      .    1.5003E-6     +INF    101.182 INFES
N016.N016      .        0.005     +INF       .         
N016.N017      .    1.5003E-6     +INF       .         
N016.N018      .        0.005     +INF       .         
N016.N019      .        0.005     +INF       .         
N016.N020      .        0.005     +INF       .         
N016.N021      .        0.005     +INF       .         
N016.N022      .    1.5003E-6     +INF       .         
N016.N023      .        0.005     +INF       .         
N016.N024      .        0.005     +INF       .         
N016.N025      .        0.005     +INF       .         
N016.N026      .        0.005     +INF       .         
N016.N027      .        0.005     +INF       .         
N016.N028      .        0.005     +INF       .         
N016.N029      .        0.005     +INF       .         
N017.N000      .        0.005     +INF       .         
N017.N001      .        0.005     +INF       .         
N017.N002      .        0.005     +INF       .         
N017.N003      .        0.005     +INF       .         
N017.N004      .        0.005     +INF       .         
N017.N005      .        0.005     +INF       .         
N017.N006      .        0.005     +INF       .         
N017.N007      .        0.005     +INF       .         
N017.N008      .        0.005     +INF       .         
N017.N009      .        0.005     +INF       .         
N017.N010      .        0.005     +INF       .         
N017.N011      .    1.5003E-6     +INF       .         
N017.N012      .        0.005     +INF       .         
N017.N013      .        0.005     +INF       .         
N017.N014      .        0.005     +INF       .         
N017.N015      .        0.005     +INF       .         
N017.N016      .    1.5003E-6     +INF       .         
N017.N017      .        0.005     +INF       .         
N017.N018      .        0.005     +INF       .         
N017.N019      .        0.005     +INF       .         
N017.N020      .        0.005     +INF       .         
N017.N021      .        0.005     +INF       .         
N017.N022      .        0.005     +INF       .         
N017.N023      .    1.5003E-6     +INF       .         
N017.N024      .        0.005     +INF       .         
N017.N025      .        0.005     +INF       .         
N017.N026      .        0.005     +INF       .         
N017.N027      .        0.005     +INF       .         
N017.N028      .        0.005     +INF       .         
N017.N029      .        0.005     +INF       .         
N018.N000      .        0.005     +INF       .         
N018.N001      .        0.005     +INF       .         
N018.N002      .        0.005     +INF       .         
N018.N003      .        0.005     +INF       .         
N018.N004      .        0.005     +INF       .         
N018.N005      .        0.005     +INF       .         
N018.N006      .        0.005     +INF       .         
N018.N007      .        0.005     +INF       .         
N018.N008      .        0.005     +INF       .         
N018.N009      .        0.005     +INF       .         
N018.N010      .        0.005     +INF       .         
N018.N011      .        0.005     +INF       .         
N018.N012      .    1.5003E-6     +INF       .         
N018.N013      .        0.005     +INF       .         
N018.N014      .        0.005     +INF       .         
N018.N015      .        0.005     +INF       .         
N018.N016      .        0.005     +INF       .         
N018.N017      .        0.005     +INF       .         
N018.N018      .        0.005     +INF       .         
N018.N019      .    1.5003E-6     +INF       .         
N018.N020      .        0.005     +INF       .         
N018.N021      .        0.005     +INF       .         
N018.N022      .        0.005     +INF       .         
N018.N023      .        0.005     +INF       .         
N018.N024      .    1.5003E-6     +INF    145.000 INFES
N018.N025      .        0.005     +INF       .         
N018.N026      .        0.005     +INF       .         
N018.N027      .        0.005     +INF       .         
N018.N028      .        0.005     +INF       .         
N018.N029      .        0.005     +INF       .         
N019.N000      .        0.005     +INF       .         
N019.N001      .        0.005     +INF       .         
N019.N002      .        0.005     +INF       .         
N019.N003      .        0.005     +INF       .         
N019.N004      .        0.005     +INF       .         
N019.N005      .        0.005     +INF       .         
N019.N006      .        0.005     +INF       .         
N019.N007      .        0.005     +INF       .         
N019.N008      .        0.005     +INF       .         
N019.N009      .        0.005     +INF       .         
N019.N010      .        0.005     +INF       .         
N019.N011      .        0.005     +INF       .         
N019.N012      .        0.005     +INF       .         
N019.N013      .    1.5003E-6     +INF       .         
N019.N014      .        0.005     +INF       .         
N019.N015      .        0.005     +INF       .         
N019.N016      .        0.005     +INF       .         
N019.N017      .        0.005     +INF       .         
N019.N018      .    1.5003E-6     +INF    145.000 INFES
N019.N019      .        0.005     +INF       .         
N019.N020      .    1.5003E-6     +INF       .         
N019.N021      .        0.005     +INF       .         
N019.N022      .        0.005     +INF       .         
N019.N023      .        0.005     +INF       .         
N019.N024      .        0.005     +INF       .         
N019.N025      .    1.5003E-6     +INF       .         
N019.N026      .        0.005     +INF       .         
N019.N027      .        0.005     +INF       .         
N019.N028      .        0.005     +INF       .         
N019.N029      .        0.005     +INF       .         
N020.N000      .        0.005     +INF       .         
N020.N001      .        0.005     +INF       .         
N020.N002      .        0.005     +INF       .         
N020.N003      .        0.005     +INF       .         
N020.N004      .        0.005     +INF       .         
N020.N005      .        0.005     +INF       .         
N020.N006      .        0.005     +INF       .         
N020.N007      .        0.005     +INF       .         
N020.N008      .        0.005     +INF       .         
N020.N009      .        0.005     +INF       .         
N020.N010      .        0.005     +INF       .         
N020.N011      .        0.005     +INF       .         
N020.N012      .        0.005     +INF       .         
N020.N013      .        0.005     +INF       .         
N020.N014      .    1.5003E-6     +INF       .         
N020.N015      .        0.005     +INF       .         
N020.N016      .        0.005     +INF       .         
N020.N017      .        0.005     +INF       .         
N020.N018      .        0.005     +INF       .         
N020.N019      .    1.5003E-6     +INF     88.818 INFES
N020.N020      .        0.005     +INF       .         
N020.N021      .    1.5003E-6     +INF       .         
N020.N022      .        0.005     +INF       .         
N020.N023      .        0.005     +INF       .         
N020.N024      .        0.005     +INF       .         
N020.N025      .        0.005     +INF       .         
N020.N026      .    1.5003E-6     +INF       .         
N020.N027      .        0.005     +INF       .         
N020.N028      .        0.005     +INF       .         
N020.N029      .        0.005     +INF       .         
N021.N000      .        0.005     +INF       .         
N021.N001      .        0.005     +INF       .         
N021.N002      .        0.005     +INF       .         
N021.N003      .        0.005     +INF       .         
N021.N004      .        0.005     +INF       .         
N021.N005      .        0.005     +INF       .         
N021.N006      .        0.005     +INF       .         
N021.N007      .        0.005     +INF       .         
N021.N008      .        0.005     +INF       .         
N021.N009      .        0.005     +INF       .         
N021.N010      .        0.005     +INF       .         
N021.N011      .        0.005     +INF       .         
N021.N012      .        0.005     +INF       .         
N021.N013      .        0.005     +INF       .         
N021.N014      .        0.005     +INF       .         
N021.N015      .    1.5003E-6     +INF       .         
N021.N016      .        0.005     +INF       .         
N021.N017      .        0.005     +INF       .         
N021.N018      .        0.005     +INF       .         
N021.N019      .        0.005     +INF       .         
N021.N020      .    1.5003E-6     +INF     88.818 INFES
N021.N021      .        0.005     +INF       .         
N021.N022      .    1.5003E-6     +INF       .         
N021.N023      .        0.005     +INF       .         
N021.N024      .        0.005     +INF       .         
N021.N025      .        0.005     +INF       .         
N021.N026      .        0.005     +INF       .         
N021.N027      .    1.5003E-6     +INF       .         
N021.N028      .        0.005     +INF       .         
N021.N029      .        0.005     +INF       .         
N022.N000      .        0.005     +INF       .         
N022.N001      .        0.005     +INF       .         
N022.N002      .        0.005     +INF       .         
N022.N003      .        0.005     +INF       .         
N022.N004      .        0.005     +INF       .         
N022.N005      .        0.005     +INF       .         
N022.N006      .        0.005     +INF       .         
N022.N007      .        0.005     +INF       .         
N022.N008      .        0.005     +INF       .         
N022.N009      .        0.005     +INF       .         
N022.N010      .        0.005     +INF       .         
N022.N011      .        0.005     +INF       .         
N022.N012      .        0.005     +INF       .         
N022.N013      .        0.005     +INF       .         
N022.N014      .        0.005     +INF       .         
N022.N015      .        0.005     +INF       .         
N022.N016      .    1.5003E-6     +INF    101.182 INFES
N022.N017      .        0.005     +INF       .         
N022.N018      .        0.005     +INF       .         
N022.N019      .        0.005     +INF       .         
N022.N020      .        0.005     +INF       .         
N022.N021      .    1.5003E-6     +INF     88.818 INFES
N022.N022      .        0.005     +INF       .         
N022.N023      .    1.5003E-6     +INF       .         
N022.N024      .        0.005     +INF       .         
N022.N025      .        0.005     +INF       .         
N022.N026      .        0.005     +INF       .         
N022.N027      .        0.005     +INF       .         
N022.N028      .    1.5003E-6     +INF       .         
N022.N029      .        0.005     +INF       .         
N023.N000      .        0.005     +INF       .         
N023.N001      .        0.005     +INF       .         
N023.N002      .        0.005     +INF       .         
N023.N003      .        0.005     +INF       .         
N023.N004      .        0.005     +INF       .         
N023.N005      .        0.005     +INF       .         
N023.N006      .        0.005     +INF       .         
N023.N007      .        0.005     +INF       .         
N023.N008      .        0.005     +INF       .         
N023.N009      .        0.005     +INF       .         
N023.N010      .        0.005     +INF       .         
N023.N011      .        0.005     +INF       .         
N023.N012      .        0.005     +INF       .         
N023.N013      .        0.005     +INF       .         
N023.N014      .        0.005     +INF       .         
N023.N015      .        0.005     +INF       .         
N023.N016      .        0.005     +INF       .         
N023.N017      .    1.5003E-6     +INF       .         
N023.N018      .        0.005     +INF       .         
N023.N019      .        0.005     +INF       .         
N023.N020      .        0.005     +INF       .         
N023.N021      .        0.005     +INF       .         
N023.N022      .    1.5003E-6     +INF     80.000 INFES
N023.N023      .        0.005     +INF       .         
N023.N024      .        0.005     +INF       .         
N023.N025      .        0.005     +INF       .         
N023.N026      .        0.005     +INF       .         
N023.N027      .        0.005     +INF       .         
N023.N028      .        0.005     +INF       .         
N023.N029      .    1.5003E-6     +INF       .         
N024.N000      .        0.005     +INF       .         
N024.N001      .        0.005     +INF       .         
N024.N002      .        0.005     +INF       .         
N024.N003      .        0.005     +INF       .         
N024.N004      .        0.005     +INF       .         
N024.N005      .        0.005     +INF       .         
N024.N006      .        0.005     +INF       .         
N024.N007      .        0.005     +INF       .         
N024.N008      .        0.005     +INF       .         
N024.N009      .        0.005     +INF       .         
N024.N010      .        0.005     +INF       .         
N024.N011      .        0.005     +INF       .         
N024.N012      .        0.005     +INF       .         
N024.N013      .        0.005     +INF       .         
N024.N014      .        0.005     +INF       .         
N024.N015      .        0.005     +INF       .         
N024.N016      .        0.005     +INF       .         
N024.N017      .        0.005     +INF       .         
N024.N018      .    1.5003E-6     +INF       .         
N024.N019      .        0.005     +INF       .         
N024.N020      .        0.005     +INF       .         
N024.N021      .        0.005     +INF       .         
N024.N022      .        0.005     +INF       .         
N024.N023      .        0.005     +INF       .         
N024.N024      .        0.005     +INF       .         
N024.N025      .    1.5003E-6     +INF    129.351 INFES
N024.N026      .        0.005     +INF       .         
N024.N027      .        0.005     +INF       .         
N024.N028      .        0.005     +INF       .         
N024.N029      .        0.005     +INF       .         
N025.N000      .        0.005     +INF       .         
N025.N001      .        0.005     +INF       .         
N025.N002      .        0.005     +INF       .         
N025.N003      .        0.005     +INF       .         
N025.N004      .        0.005     +INF       .         
N025.N005      .        0.005     +INF       .         
N025.N006      .        0.005     +INF       .         
N025.N007      .        0.005     +INF       .         
N025.N008      .        0.005     +INF       .         
N025.N009      .        0.005     +INF       .         
N025.N010      .        0.005     +INF       .         
N025.N011      .        0.005     +INF       .         
N025.N012      .        0.005     +INF       .         
N025.N013      .        0.005     +INF       .         
N025.N014      .        0.005     +INF       .         
N025.N015      .        0.005     +INF       .         
N025.N016      .        0.005     +INF       .         
N025.N017      .        0.005     +INF       .         
N025.N018      .        0.005     +INF       .         
N025.N019      .    1.5003E-6     +INF    129.351 INFES
N025.N020      .        0.005     +INF       .         
N025.N021      .        0.005     +INF       .         
N025.N022      .        0.005     +INF       .         
N025.N023      .        0.005     +INF       .         
N025.N024      .    1.5003E-6     +INF    145.000 INFES
N025.N025      .        0.005     +INF       .         
N025.N026      .    1.5003E-6     +INF       .         
N025.N027      .        0.005     +INF       .         
N025.N028      .        0.005     +INF       .         
N025.N029      .        0.005     +INF       .         
N026.N000      .        0.005     +INF       .         
N026.N001      .        0.005     +INF       .         
N026.N002      .        0.005     +INF       .         
N026.N003      .        0.005     +INF       .         
N026.N004      .        0.005     +INF       .         
N026.N005      .        0.005     +INF       .         
N026.N006      .        0.005     +INF       .         
N026.N007      .        0.005     +INF       .         
N026.N008      .        0.005     +INF       .         
N026.N009      .        0.005     +INF       .         
N026.N010      .        0.005     +INF       .         
N026.N011      .        0.005     +INF       .         
N026.N012      .        0.005     +INF       .         
N026.N013      .        0.005     +INF       .         
N026.N014      .        0.005     +INF       .         
N026.N015      .        0.005     +INF       .         
N026.N016      .        0.005     +INF       .         
N026.N017      .        0.005     +INF       .         
N026.N018      .        0.005     +INF       .         
N026.N019      .        0.005     +INF       .         
N026.N020      .    1.5003E-6     +INF       .         
N026.N021      .        0.005     +INF       .         
N026.N022      .        0.005     +INF       .         
N026.N023      .        0.005     +INF       .         
N026.N024      .        0.005     +INF       .         
N026.N025      .    1.5003E-6     +INF    145.000 INFES
N026.N026      .        0.005     +INF       .         
N026.N027      .    1.5003E-6     +INF       .         
N026.N028      .        0.005     +INF       .         
N026.N029      .        0.005     +INF       .         
N027.N000      .        0.005     +INF       .         
N027.N001      .        0.005     +INF       .         
N027.N002      .        0.005     +INF       .         
N027.N003      .        0.005     +INF       .         
N027.N004      .        0.005     +INF       .         
N027.N005      .        0.005     +INF       .         
N027.N006      .        0.005     +INF       .         
N027.N007      .        0.005     +INF       .         
N027.N008      .        0.005     +INF       .         
N027.N009      .        0.005     +INF       .         
N027.N010      .        0.005     +INF       .         
N027.N011      .        0.005     +INF       .         
N027.N012      .        0.005     +INF       .         
N027.N013      .        0.005     +INF       .         
N027.N014      .        0.005     +INF       .         
N027.N015      .        0.005     +INF       .         
N027.N016      .        0.005     +INF       .         
N027.N017      .        0.005     +INF       .         
N027.N018      .        0.005     +INF       .         
N027.N019      .        0.005     +INF       .         
N027.N020      .        0.005     +INF       .         
N027.N021      .    1.5003E-6     +INF       .         
N027.N022      .        0.005     +INF       .         
N027.N023      .        0.005     +INF       .         
N027.N024      .        0.005     +INF       .         
N027.N025      .        0.005     +INF       .         
N027.N026      .    1.5003E-6     +INF    145.000 INFES
N027.N027      .        0.005     +INF       .         
N027.N028      .    1.5003E-6     +INF       .         
N027.N029      .        0.005     +INF       .         
N028.N000      .        0.005     +INF       .         
N028.N001      .        0.005     +INF       .         
N028.N002      .        0.005     +INF       .         
N028.N003      .        0.005     +INF       .         
N028.N004      .        0.005     +INF       .         
N028.N005      .        0.005     +INF       .         
N028.N006      .        0.005     +INF       .         
N028.N007      .        0.005     +INF       .         
N028.N008      .        0.005     +INF       .         
N028.N009      .        0.005     +INF       .         
N028.N010      .        0.005     +INF       .         
N028.N011      .        0.005     +INF       .         
N028.N012      .        0.005     +INF       .         
N028.N013      .        0.005     +INF       .         
N028.N014      .        0.005     +INF       .         
N028.N015      .        0.005     +INF       .         
N028.N016      .        0.005     +INF       .         
N028.N017      .        0.005     +INF       .         
N028.N018      .        0.005     +INF       .         
N028.N019      .        0.005     +INF       .         
N028.N020      .        0.005     +INF       .         
N028.N021      .        0.005     +INF       .         
N028.N022      .    1.5003E-6     +INF       .         
N028.N023      .        0.005     +INF       .         
N028.N024      .        0.005     +INF       .         
N028.N025      .        0.005     +INF       .         
N028.N026      .        0.005     +INF       .         
N028.N027      .    1.5003E-6     +INF    145.000 INFES
N028.N028      .        0.005     +INF       .         
N028.N029      .    1.5003E-6     +INF       .         
N029.N000      .        0.005     +INF       .         
N029.N001      .        0.005     +INF       .         
N029.N002      .        0.005     +INF       .         
N029.N003      .        0.005     +INF       .         
N029.N004      .        0.005     +INF       .         
N029.N005      .        0.005     +INF       .         
N029.N006      .        0.005     +INF       .         
N029.N007      .        0.005     +INF       .         
N029.N008      .        0.005     +INF       .         
N029.N009      .        0.005     +INF       .         
N029.N010      .        0.005     +INF       .         
N029.N011      .        0.005     +INF       .         
N029.N012      .        0.005     +INF       .         
N029.N013      .        0.005     +INF       .         
N029.N014      .        0.005     +INF       .         
N029.N015      .        0.005     +INF       .         
N029.N016      .        0.005     +INF       .         
N029.N017      .        0.005     +INF       .         
N029.N018      .        0.005     +INF       .         
N029.N019      .        0.005     +INF       .         
N029.N020      .        0.005     +INF       .         
N029.N021      .        0.005     +INF       .         
N029.N022      .        0.005     +INF       .         
N029.N023      .    1.5003E-6     +INF     80.000 INFES
N029.N024      .        0.005     +INF       .         
N029.N025      .        0.005     +INF       .         
N029.N026      .        0.005     +INF       .         
N029.N027      .        0.005     +INF       .         
N029.N028      .    1.5003E-6     +INF    145.000 INFES
N029.N029      .        0.005     +INF       .         

---- EQU SlackQnty  Slack in quantity removed from node j, perp to alpha

        LOWER     LEVEL     UPPER    MARGINAL

N000      .         .        +INF      0.005      
N001      .         .        +INF      0.005      
N002      .         .        +INF      0.005      
N003      .         .        +INF      0.005      
N004  -200.000  -200.000     +INF      0.005      
N005      .         .        +INF      0.005      
N006      .         .        +INF      0.005      
N007      .         .        +INF      0.005      
N008      .         .        +INF      0.005      
N009      .         .        +INF      0.005      
N010      .         .        +INF      0.005      
N011      .         .        +INF      0.005      
N012      .         .        +INF      0.005      
N013      .         .        +INF      0.005      
N014      .         .        +INF      0.005      
N015      .         .        +INF      0.005      
N016      .         .        +INF      0.005      
N017      .         .        +INF      0.005      
N018      .         .        +INF      0.005      
N019      .         .        +INF      0.005      
N020      .         .        +INF      0.005      
N021      .         .        +INF      0.005      
N022  -110.000  -110.000     +INF      0.005      
N023      .         .        +INF      0.005      
N024      .         .        +INF      0.005      
N025      .         .        +INF      0.005      
N026      .         .        +INF      0.005      
N027      .         .        +INF      0.005      
N028      .         .        +INF      0.005      
N029  -225.000  -225.000     +INF      0.005      

---- EQU SlackFlow  Slack in flow limit from node i to node j, perp to beta

             LOWER     LEVEL     UPPER    MARGINAL

N000.N000      .         .        +INF       .         
N000.N001  -145.000   -13.003     +INF       .         
N000.N002      .         .        +INF       .         
N000.N003      .         .        +INF       .         
N000.N004      .         .        +INF       .         
N000.N005      .         .        +INF       .         
N000.N006  -145.000      .        +INF       .         
N000.N007      .         .        +INF       .         
N000.N008      .         .        +INF       .         
N000.N009      .         .        +INF       .         
N000.N010      .         .        +INF       .         
N000.N011      .         .        +INF       .         
N000.N012      .         .        +INF       .         
N000.N013      .         .        +INF       .         
N000.N014      .         .        +INF       .         
N000.N015      .         .        +INF       .         
N000.N016      .         .        +INF       .         
N000.N017      .         .        +INF       .         
N000.N018      .         .        +INF       .         
N000.N019      .         .        +INF       .         
N000.N020      .         .        +INF       .         
N000.N021      .         .        +INF       .         
N000.N022      .         .        +INF       .         
N000.N023      .         .        +INF       .         
N000.N024      .         .        +INF       .         
N000.N025      .         .        +INF       .         
N000.N026      .         .        +INF       .         
N000.N027      .         .        +INF       .         
N000.N028      .         .        +INF       .         
N000.N029      .         .        +INF       .         
N001.N000  -145.000  -145.000     +INF       .         
N001.N001      .         .        +INF       .         
N001.N002  -145.000      .        +INF       .         
N001.N003      .         .        +INF       .         
N001.N004      .         .        +INF       .         
N001.N005      .         .        +INF       .         
N001.N006      .         .        +INF       .         
N001.N007  -145.000   -13.003     +INF       .         
N001.N008      .         .        +INF       .         
N001.N009      .         .        +INF       .         
N001.N010      .         .        +INF       .         
N001.N011      .         .        +INF       .         
N001.N012      .         .        +INF       .         
N001.N013      .         .        +INF       .         
N001.N014      .         .        +INF       .         
N001.N015      .         .        +INF       .         
N001.N016      .         .        +INF       .         
N001.N017      .         .        +INF       .         
N001.N018      .         .        +INF       .         
N001.N019      .         .        +INF       .         
N001.N020      .         .        +INF       .         
N001.N021      .         .        +INF       .         
N001.N022      .         .        +INF       .         
N001.N023      .         .        +INF       .         
N001.N024      .         .        +INF       .         
N001.N025      .         .        +INF       .         
N001.N026      .         .        +INF       .         
N001.N027      .         .        +INF       .         
N001.N028      .         .        +INF       .         
N001.N029      .         .        +INF       .         
N002.N000      .         .        +INF       .         
N002.N001  -145.000  -145.000     +INF       .         
N002.N002      .         .        +INF       .         
N002.N003  -145.000      .        +INF       .         
N002.N004      .         .        +INF       .         
N002.N005      .         .        +INF       .         
N002.N006      .         .        +INF       .         
N002.N007      .         .        +INF       .         
N002.N008  -145.000      .        +INF       .         
N002.N009      .         .        +INF       .         
N002.N010      .         .        +INF       .         
N002.N011      .         .        +INF       .         
N002.N012      .         .        +INF       .         
N002.N013      .         .        +INF       .         
N002.N014      .         .        +INF       .         
N002.N015      .         .        +INF       .         
N002.N016      .         .        +INF       .         
N002.N017      .         .        +INF       .         
N002.N018      .         .        +INF       .         
N002.N019      .         .        +INF       .         
N002.N020      .         .        +INF       .         
N002.N021      .         .        +INF       .         
N002.N022      .         .        +INF       .         
N002.N023      .         .        +INF       .         
N002.N024      .         .        +INF       .         
N002.N025      .         .        +INF       .         
N002.N026      .         .        +INF       .         
N002.N027      .         .        +INF       .         
N002.N028      .         .        +INF       .         
N002.N029      .         .        +INF       .         
N003.N000      .         .        +INF       .         
N003.N001      .         .        +INF       .         
N003.N002  -145.000  -145.000     +INF       .         
N003.N003      .         .        +INF       .         
N003.N004  -145.000      .        +INF       .         
N003.N005      .         .        +INF       .         
N003.N006      .         .        +INF       .         
N003.N007      .         .        +INF       .         
N003.N008      .         .        +INF       .         
N003.N009  -145.000      .        +INF       .         
N003.N010      .         .        +INF       .         
N003.N011      .         .        +INF       .         
N003.N012      .         .        +INF       .         
N003.N013      .         .        +INF       .         
N003.N014      .         .        +INF       .         
N003.N015      .         .        +INF       .         
N003.N016      .         .        +INF       .         
N003.N017      .         .        +INF       .         
N003.N018      .         .        +INF       .         
N003.N019      .         .        +INF       .         
N003.N020      .         .        +INF       .         
N003.N021      .         .        +INF       .         
N003.N022      .         .        +INF       .         
N003.N023      .         .        +INF       .         
N003.N024      .         .        +INF       .         
N003.N025      .         .        +INF       .         
N003.N026      .         .        +INF       .         
N003.N027      .         .        +INF       .         
N003.N028      .         .        +INF       .         
N003.N029      .         .        +INF       .         
N004.N000      .         .        +INF       .         
N004.N001      .         .        +INF       .         
N004.N002      .         .        +INF       .         
N004.N003  -145.000  -145.000     +INF       .         
N004.N004      .         .        +INF       .         
N004.N005  -145.000      .        +INF       .         
N004.N006      .         .        +INF       .         
N004.N007      .         .        +INF       .         
N004.N008      .         .        +INF       .         
N004.N009      .         .        +INF       .         
N004.N010  -145.000   -55.000     +INF       .         
N004.N011      .         .        +INF       .         
N004.N012      .         .        +INF       .         
N004.N013      .         .        +INF       .         
N004.N014      .         .        +INF       .         
N004.N015      .         .        +INF       .         
N004.N016      .         .        +INF       .         
N004.N017      .         .        +INF       .         
N004.N018      .         .        +INF       .         
N004.N019      .         .        +INF       .         
N004.N020      .         .        +INF       .         
N004.N021      .         .        +INF       .         
N004.N022      .         .        +INF       .         
N004.N023      .         .        +INF       .         
N004.N024      .         .        +INF       .         
N004.N025      .         .        +INF       .         
N004.N026      .         .        +INF       .         
N004.N027      .         .        +INF       .         
N004.N028      .         .        +INF       .         
N004.N029      .         .        +INF       .         
N005.N000      .         .        +INF       .         
N005.N001      .         .        +INF       .         
N005.N002      .         .        +INF       .         
N005.N003      .         .        +INF       .         
N005.N004  -145.000      .        +INF       .         
N005.N005      .         .        +INF       .         
N005.N006      .         .        +INF       .         
N005.N007      .         .        +INF       .         
N005.N008      .         .        +INF       .         
N005.N009      .         .        +INF       .         
N005.N010      .         .        +INF       .         
N005.N011  -145.000      .        +INF       .         
N005.N012      .         .        +INF       .         
N005.N013      .         .        +INF       .         
N005.N014      .         .        +INF       .         
N005.N015      .         .        +INF       .         
N005.N016      .         .        +INF       .         
N005.N017      .         .        +INF       .         
N005.N018      .         .        +INF       .         
N005.N019      .         .        +INF       .         
N005.N020      .         .        +INF       .         
N005.N021      .         .        +INF       .         
N005.N022      .         .        +INF       .         
N005.N023      .         .        +INF       .         
N005.N024      .         .        +INF       .         
N005.N025      .         .        +INF       .         
N005.N026      .         .        +INF       .         
N005.N027      .         .        +INF       .         
N005.N028      .         .        +INF       .         
N005.N029      .         .        +INF       .         
N006.N000  -145.000  -145.000     +INF       .         
N006.N001      .         .        +INF       .         
N006.N002      .         .        +INF       .         
N006.N003      .         .        +INF       .         
N006.N004      .         .        +INF       .         
N006.N005      .         .        +INF       .         
N006.N006      .         .        +INF       .         
N006.N007  -145.000      .        +INF       .         
N006.N008      .         .        +INF       .         
N006.N009      .         .        +INF       .         
N006.N010      .         .        +INF       .         
N006.N011      .         .        +INF       .         
N006.N012  -145.000      .        +INF       .         
N006.N013      .         .        +INF       .         
N006.N014      .         .        +INF       .         
N006.N015      .         .        +INF       .         
N006.N016      .         .        +INF       .         
N006.N017      .         .        +INF       .         
N006.N018      .         .        +INF       .         
N006.N019      .         .        +INF       .         
N006.N020      .         .        +INF       .         
N006.N021      .         .        +INF       .         
N006.N022      .         .        +INF       .         
N006.N023      .         .        +INF       .         
N006.N024      .         .        +INF       .         
N006.N025      .         .        +INF       .         
N006.N026      .         .        +INF       .         
N006.N027      .         .        +INF       .         
N006.N028      .         .        +INF       .         
N006.N029      .         .        +INF       .         
N007.N000      .         .        +INF       .         
N007.N001  -145.000      .        +INF       .         
N007.N002      .         .        +INF       .         
N007.N003      .         .        +INF       .         
N007.N004      .         .        +INF       .         
N007.N005      .         .        +INF       .         
N007.N006  -145.000  -145.000     +INF       .         
N007.N007      .         .        +INF       .         
N007.N008  -145.000      .        +INF       .         
N007.N009      .         .        +INF       .         
N007.N010      .         .        +INF       .         
N007.N011      .         .        +INF       .         
N007.N012      .         .        +INF       .         
N007.N013  -145.000      .        +INF       .         
N007.N014      .         .        +INF       .         
N007.N015      .         .        +INF       .         
N007.N016      .         .        +INF       .         
N007.N017      .         .        +INF       .         
N007.N018      .         .        +INF       .         
N007.N019      .         .        +INF       .         
N007.N020      .         .        +INF       .         
N007.N021      .         .        +INF       .         
N007.N022      .         .        +INF       .         
N007.N023      .         .        +INF       .         
N007.N024      .         .        +INF       .         
N007.N025      .         .        +INF       .         
N007.N026      .         .        +INF       .         
N007.N027      .         .        +INF       .         
N007.N028      .         .        +INF       .         
N007.N029      .         .        +INF       .         
N008.N000      .         .        +INF       .         
N008.N001      .         .        +INF       .         
N008.N002  -145.000      .        +INF       .         
N008.N003      .         .        +INF       .         
N008.N004      .         .        +INF       .         
N008.N005      .         .        +INF       .         
N008.N006      .         .        +INF       .         
N008.N007  -145.000  -145.000     +INF       .         
N008.N008      .         .        +INF       .         
N008.N009  -145.000      .        +INF       .         
N008.N010      .         .        +INF       .         
N008.N011      .         .        +INF       .         
N008.N012      .         .        +INF       .         
N008.N013      .         .        +INF       .         
N008.N014  -145.000      .        +INF       .         
N008.N015      .         .        +INF       .         
N008.N016      .         .        +INF       .         
N008.N017      .         .        +INF       .         
N008.N018      .         .        +INF       .         
N008.N019      .         .        +INF       .         
N008.N020      .         .        +INF       .         
N008.N021      .         .        +INF       .         
N008.N022      .         .        +INF       .         
N008.N023      .         .        +INF       .         
N008.N024      .         .        +INF       .         
N008.N025      .         .        +INF       .         
N008.N026      .         .        +INF       .         
N008.N027      .         .        +INF       .         
N008.N028      .         .        +INF       .         
N008.N029      .         .        +INF       .         
N009.N000      .         .        +INF       .         
N009.N001      .         .        +INF       .         
N009.N002      .         .        +INF       .         
N009.N003  -145.000      .        +INF       .         
N009.N004      .         .        +INF       .         
N009.N005      .         .        +INF       .         
N009.N006      .         .        +INF       .         
N009.N007      .         .        +INF       .         
N009.N008  -145.000   -55.000     +INF       .         
N009.N009      .         .        +INF       .         
N009.N010  -145.000      .        +INF       .         
N009.N011      .         .        +INF       .         
N009.N012      .         .        +INF       .         
N009.N013      .         .        +INF       .         
N009.N014      .         .        +INF       .         
N009.N015  -145.000      .        +INF       .         
N009.N016      .         .        +INF       .         
N009.N017      .         .        +INF       .         
N009.N018      .         .        +INF       .         
N009.N019      .         .        +INF       .         
N009.N020      .         .        +INF       .         
N009.N021      .         .        +INF       .         
N009.N022      .         .        +INF       .         
N009.N023      .         .        +INF       .         
N009.N024      .         .        +INF       .         
N009.N025      .         .        +INF       .         
N009.N026      .         .        +INF       .         
N009.N027      .         .        +INF       .         
N009.N028      .         .        +INF       .         
N009.N029      .         .        +INF       .         
N010.N000      .         .        +INF       .         
N010.N001      .         .        +INF       .         
N010.N002      .         .        +INF       .         
N010.N003      .         .        +INF       .         
N010.N004  -145.000      .        +INF       .         
N010.N005      .         .        +INF       .         
N010.N006      .         .        +INF       .         
N010.N007      .         .        +INF       .         
N010.N008      .         .        +INF       .         
N010.N009  -145.000   -55.000     +INF       .         
N010.N010      .         .        +INF       .         
N010.N011  -145.000      .        +INF       .         
N010.N012      .         .        +INF       .         
N010.N013      .         .        +INF       .         
N010.N014      .         .        +INF       .         
N010.N015      .         .        +INF       .         
N010.N016  -145.000      .        +INF       .         
N010.N017      .         .        +INF       .         
N010.N018      .         .        +INF       .         
N010.N019      .         .        +INF       .         
N010.N020      .         .        +INF       .         
N010.N021      .         .        +INF       .         
N010.N022      .         .        +INF       .         
N010.N023      .         .        +INF       .         
N010.N024      .         .        +INF       .         
N010.N025      .         .        +INF       .         
N010.N026      .         .        +INF       .         
N010.N027      .         .        +INF       .         
N010.N028      .         .        +INF       .         
N010.N029      .         .        +INF       .         
N011.N000      .         .        +INF       .         
N011.N001      .         .        +INF       .         
N011.N002      .         .        +INF       .         
N011.N003      .         .        +INF       .         
N011.N004      .         .        +INF       .         
N011.N005  -145.000      .        +INF       .         
N011.N006      .         .        +INF       .         
N011.N007      .         .        +INF       .         
N011.N008      .         .        +INF       .         
N011.N009      .         .        +INF       .         
N011.N010  -145.000      .        +INF       .         
N011.N011      .         .        +INF       .         
N011.N012      .         .        +INF       .         
N011.N013      .         .        +INF       .         
N011.N014      .         .        +INF       .         
N011.N015      .         .        +INF       .         
N011.N016      .         .        +INF       .         
N011.N017  -145.000      .        +INF       .         
N011.N018      .         .        +INF       .         
N011.N019      .         .        +INF       .         
N011.N020      .         .        +INF       .         
N011.N021      .         .        +INF       .         
N011.N022      .         .        +INF       .         
N011.N023      .         .        +INF       .         
N011.N024      .         .        +INF       .         
N011.N025      .         .        +INF       .         
N011.N026      .         .        +INF       .         
N011.N027      .         .        +INF       .         
N011.N028      .         .        +INF       .         
N011.N029      .         .        +INF       .         
N012.N000      .         .        +INF       .         
N012.N001      .         .        +INF       .         
N012.N002      .         .        +INF       .         
N012.N003      .         .        +INF       .         
N012.N004      .         .        +INF       .         
N012.N005      .         .        +INF       .         
N012.N006  -145.000      .        +INF       .         
N012.N007      .         .        +INF       .         
N012.N008      .         .        +INF       .         
N012.N009      .         .        +INF       .         
N012.N010      .         .        +INF       .         
N012.N011      .         .        +INF       .         
N012.N012      .         .        +INF       .         
N012.N013  -145.000      .        +INF       .         
N012.N014      .         .        +INF       .         
N012.N015      .         .        +INF       .         
N012.N016      .         .        +INF       .         
N012.N017      .         .        +INF       .         
N012.N018  -145.000      .        +INF       .         
N012.N019      .         .        +INF       .         
N012.N020      .         .        +INF       .         
N012.N021      .         .        +INF       .         
N012.N022      .         .        +INF       .         
N012.N023      .         .        +INF       .         
N012.N024      .         .        +INF       .         
N012.N025      .         .        +INF       .         
N012.N026      .         .        +INF       .         
N012.N027      .         .        +INF       .         
N012.N028      .         .        +INF       .         
N012.N029      .         .        +INF       .         
N013.N000      .         .        +INF       .         
N013.N001      .         .        +INF       .         
N013.N002      .         .        +INF       .         
N013.N003      .         .        +INF       .         
N013.N004      .         .        +INF       .         
N013.N005      .         .        +INF       .         
N013.N006      .         .        +INF       .         
N013.N007  -145.000   -11.182     +INF       .         
N013.N008      .         .        +INF       .         
N013.N009      .         .        +INF       .         
N013.N010      .         .        +INF       .         
N013.N011      .         .        +INF       .         
N013.N012  -145.000      .        +INF       .         
N013.N013      .         .        +INF       .         
N013.N014  -145.000      .        +INF       .         
N013.N015      .         .        +INF       .         
N013.N016      .         .        +INF       .         
N013.N017      .         .        +INF       .         
N013.N018      .         .        +INF       .         
N013.N019  -145.000      .        +INF       .         
N013.N020      .         .        +INF       .         
N013.N021      .         .        +INF       .         
N013.N022      .         .        +INF       .         
N013.N023      .         .        +INF       .         
N013.N024      .         .        +INF       .         
N013.N025      .         .        +INF       .         
N013.N026      .         .        +INF       .         
N013.N027      .         .        +INF       .         
N013.N028      .         .        +INF       .         
N013.N029      .         .        +INF       .         
N014.N000      .         .        +INF       .         
N014.N001      .         .        +INF       .         
N014.N002      .         .        +INF       .         
N014.N003      .         .        +INF       .         
N014.N004      .         .        +INF       .         
N014.N005      .         .        +INF       .         
N014.N006      .         .        +INF       .         
N014.N007      .         .        +INF       .         
N014.N008  -145.000   -90.000     +INF       .         
N014.N009      .         .        +INF       .         
N014.N010      .         .        +INF       .         
N014.N011      .         .        +INF       .         
N014.N012      .         .        +INF       .         
N014.N013  -145.000   -11.182     +INF       .         
N014.N014      .         .        +INF       .         
N014.N015  -145.000      .        +INF       .         
N014.N016      .         .        +INF       .         
N014.N017      .         .        +INF       .         
N014.N018      .         .        +INF       .         
N014.N019      .         .        +INF       .         
N014.N020  -145.000      .        +INF       .         
N014.N021      .         .        +INF       .         
N014.N022      .         .        +INF       .         
N014.N023      .         .        +INF       .         
N014.N024      .         .        +INF       .         
N014.N025      .         .        +INF       .         
N014.N026      .         .        +INF       .         
N014.N027      .         .        +INF       .         
N014.N028      .         .        +INF       .         
N014.N029      .         .        +INF       .         
N015.N000      .         .        +INF       .         
N015.N001      .         .        +INF       .         
N015.N002      .         .        +INF       .         
N015.N003      .         .        +INF       .         
N015.N004      .         .        +INF       .         
N015.N005      .         .        +INF       .         
N015.N006      .         .        +INF       .         
N015.N007      .         .        +INF       .         
N015.N008      .         .        +INF       .         
N015.N009  -145.000      .        +INF       .         
N015.N010      .         .        +INF       .         
N015.N011      .         .        +INF       .         
N015.N012      .         .        +INF       .         
N015.N013      .         .        +INF       .         
N015.N014  -145.000  -101.182     +INF       .         
N015.N015      .         .        +INF       .         
N015.N016  -145.000      .        +INF       .         
N015.N017      .         .        +INF       .         
N015.N018      .         .        +INF       .         
N015.N019      .         .        +INF       .         
N015.N020      .         .        +INF       .         
N015.N021  -145.000      .        +INF       .         
N015.N022      .         .        +INF       .         
N015.N023      .         .        +INF       .         
N015.N024      .         .        +INF       .         
N015.N025      .         .        +INF       .         
N015.N026      .         .        +INF       .         
N015.N027      .         .        +INF       .         
N015.N028      .         .        +INF       .         
N015.N029      .         .        +INF       .         
N016.N000      .         .        +INF       .         
N016.N001      .         .        +INF       .         
N016.N002      .         .        +INF       .         
N016.N003      .         .        +INF       .         
N016.N004      .         .        +INF       .         
N016.N005      .         .        +INF       .         
N016.N006      .         .        +INF       .         
N016.N007      .         .        +INF       .         
N016.N008      .         .        +INF       .         
N016.N009      .         .        +INF       .         
N016.N010  -145.000      .        +INF       .         
N016.N011      .         .        +INF       .         
N016.N012      .         .        +INF       .         
N016.N013      .         .        +INF       .         
N016.N014      .         .        +INF       .         
N016.N015  -145.000  -101.182     +INF       .         
N016.N016      .         .        +INF       .         
N016.N017  -145.000      .        +INF       .         
N016.N018      .         .        +INF       .         
N016.N019      .         .        +INF       .         
N016.N020      .         .        +INF       .         
N016.N021      .         .        +INF       .         
N016.N022  -145.000      .        +INF       .         
N016.N023      .         .        +INF       .         
N016.N024      .         .        +INF       .         
N016.N025      .         .        +INF       .         
N016.N026      .         .        +INF       .         
N016.N027      .         .        +INF       .         
N016.N028      .         .        +INF       .         
N016.N029      .         .        +INF       .         
N017.N000      .         .        +INF       .         
N017.N001      .         .        +INF       .         
N017.N002      .         .        +INF       .         
N017.N003      .         .        +INF       .         
N017.N004      .         .        +INF       .         
N017.N005      .         .        +INF       .         
N017.N006      .         .        +INF       .         
N017.N007      .         .        +INF       .         
N017.N008      .         .        +INF       .         
N017.N009      .         .        +INF       .         
N017.N010      .         .        +INF       .         
N017.N011  -145.000      .        +INF       .         
N017.N012      .         .        +INF       .         
N017.N013      .         .        +INF       .         
N017.N014      .         .        +INF       .         
N017.N015      .         .        +INF       .         
N017.N016  -145.000      .        +INF       .         
N017.N017      .         .        +INF       .         
N017.N018      .         .        +INF       .         
N017.N019      .         .        +INF       .         
N017.N020      .         .        +INF       .         
N017.N021      .         .        +INF       .         
N017.N022      .         .        +INF       .         
N017.N023  -145.000      .        +INF       .         
N017.N024      .         .        +INF       .         
N017.N025      .         .        +INF       .         
N017.N026      .         .        +INF       .         
N017.N027      .         .        +INF       .         
N017.N028      .         .        +INF       .         
N017.N029      .         .        +INF       .         
N018.N000      .         .        +INF       .         
N018.N001      .         .        +INF       .         
N018.N002      .         .        +INF       .         
N018.N003      .         .        +INF       .         
N018.N004      .         .        +INF       .         
N018.N005      .         .        +INF       .         
N018.N006      .         .        +INF       .         
N018.N007      .         .        +INF       .         
N018.N008      .         .        +INF       .         
N018.N009      .         .        +INF       .         
N018.N010      .         .        +INF       .         
N018.N011      .         .        +INF       .         
N018.N012  -145.000      .        +INF       .         
N018.N013      .         .        +INF       .         
N018.N014      .         .        +INF       .         
N018.N015      .         .        +INF       .         
N018.N016      .         .        +INF       .         
N018.N017      .         .        +INF       .         
N018.N018      .         .        +INF       .         
N018.N019  -145.000      .        +INF       .         
N018.N020      .         .        +INF       .         
N018.N021      .         .        +INF       .         
N018.N022      .         .        +INF       .         
N018.N023      .         .        +INF       .         
N018.N024  -145.000  -145.000     +INF       .         
N018.N025      .         .        +INF       .         
N018.N026      .         .        +INF       .         
N018.N027      .         .        +INF       .         
N018.N028      .         .        +INF       .         
N018.N029      .         .        +INF       .         
N019.N000      .         .        +INF       .         
N019.N001      .         .        +INF       .         
N019.N002      .         .        +INF       .         
N019.N003      .         .        +INF       .         
N019.N004      .         .        +INF       .         
N019.N005      .         .        +INF       .         
N019.N006      .         .        +INF       .         
N019.N007      .         .        +INF       .         
N019.N008      .         .        +INF       .         
N019.N009      .         .        +INF       .         
N019.N010      .         .        +INF       .         
N019.N011      .         .        +INF       .         
N019.N012      .         .        +INF       .         
N019.N013  -145.000      .        +INF       .         
N019.N014      .         .        +INF       .         
N019.N015      .         .        +INF       .         
N019.N016      .         .        +INF       .         
N019.N017      .         .        +INF       .         
N019.N018  -145.000  -145.000     +INF       .         
N019.N019      .         .        +INF       .         
N019.N020  -145.000      .        +INF       .         
N019.N021      .         .        +INF       .         
N019.N022      .         .        +INF       .         
N019.N023      .         .        +INF       .         
N019.N024      .         .        +INF       .         
N019.N025  -145.000      .        +INF       .         
N019.N026      .         .        +INF       .         
N019.N027      .         .        +INF       .         
N019.N028      .         .        +INF       .         
N019.N029      .         .        +INF       .         
N020.N000      .         .        +INF       .         
N020.N001      .         .        +INF       .         
N020.N002      .         .        +INF       .         
N020.N003      .         .        +INF       .         
N020.N004      .         .        +INF       .         
N020.N005      .         .        +INF       .         
N020.N006      .         .        +INF       .         
N020.N007      .         .        +INF       .         
N020.N008      .         .        +INF       .         
N020.N009      .         .        +INF       .         
N020.N010      .         .        +INF       .         
N020.N011      .         .        +INF       .         
N020.N012      .         .        +INF       .         
N020.N013      .         .        +INF       .         
N020.N014  -145.000      .        +INF       .         
N020.N015      .         .        +INF       .         
N020.N016      .         .        +INF       .         
N020.N017      .         .        +INF       .         
N020.N018      .         .        +INF       .         
N020.N019  -145.000   -88.818     +INF       .         
N020.N020      .         .        +INF       .         
N020.N021  -145.000      .        +INF       .         
N020.N022      .         .        +INF       .         
N020.N023      .         .        +INF       .         
N020.N024      .         .        +INF       .         
N020.N025      .         .        +INF       .         
N020.N026  -145.000      .        +INF       .         
N020.N027      .         .        +INF       .         
N020.N028      .         .        +INF       .         
N020.N029      .         .        +INF       .         
N021.N000      .         .        +INF       .         
N021.N001      .         .        +INF       .         
N021.N002      .         .        +INF       .         
N021.N003      .         .        +INF       .         
N021.N004      .         .        +INF       .         
N021.N005      .         .        +INF       .         
N021.N006      .         .        +INF       .         
N021.N007      .         .        +INF       .         
N021.N008      .         .        +INF       .         
N021.N009      .         .        +INF       .         
N021.N010      .         .        +INF       .         
N021.N011      .         .        +INF       .         
N021.N012      .         .        +INF       .         
N021.N013      .         .        +INF       .         
N021.N014      .         .        +INF       .         
N021.N015  -145.000      .        +INF       .         
N021.N016      .         .        +INF       .         
N021.N017      .         .        +INF       .         
N021.N018      .         .        +INF       .         
N021.N019      .         .        +INF       .         
N021.N020  -145.000   -88.818     +INF       .         
N021.N021      .         .        +INF       .         
N021.N022  -145.000      .        +INF       .         
N021.N023      .         .        +INF       .         
N021.N024      .         .        +INF       .         
N021.N025      .         .        +INF       .         
N021.N026      .         .        +INF       .         
N021.N027  -145.000      .        +INF       .         
N021.N028      .         .        +INF       .         
N021.N029      .         .        +INF       .         
N022.N000      .         .        +INF       .         
N022.N001      .         .        +INF       .         
N022.N002      .         .        +INF       .         
N022.N003      .         .        +INF       .         
N022.N004      .         .        +INF       .         
N022.N005      .         .        +INF       .         
N022.N006      .         .        +INF       .         
N022.N007      .         .        +INF       .         
N022.N008      .         .        +INF       .         
N022.N009      .         .        +INF       .         
N022.N010      .         .        +INF       .         
N022.N011      .         .        +INF       .         
N022.N012      .         .        +INF       .         
N022.N013      .         .        +INF       .         
N022.N014      .         .        +INF       .         
N022.N015      .         .        +INF       .         
N022.N016  -145.000  -101.182     +INF       .         
N022.N017      .         .        +INF       .         
N022.N018      .         .        +INF       .         
N022.N019      .         .        +INF       .         
N022.N020      .         .        +INF       .         
N022.N021  -145.000   -88.818     +INF       .         
N022.N022      .         .        +INF       .         
N022.N023  -145.000      .        +INF       .         
N022.N024      .         .        +INF       .         
N022.N025      .         .        +INF       .         
N022.N026      .         .        +INF       .         
N022.N027      .         .        +INF       .         
N022.N028  -145.000      .        +INF       .         
N022.N029      .         .        +INF       .         
N023.N000      .         .        +INF       .         
N023.N001      .         .        +INF       .         
N023.N002      .         .        +INF       .         
N023.N003      .         .        +INF       .         
N023.N004      .         .        +INF       .         
N023.N005      .         .        +INF       .         
N023.N006      .         .        +INF       .         
N023.N007      .         .        +INF       .         
N023.N008      .         .        +INF       .         
N023.N009      .         .        +INF       .         
N023.N010      .         .        +INF       .         
N023.N011      .         .        +INF       .         
N023.N012      .         .        +INF       .         
N023.N013      .         .        +INF       .         
N023.N014      .         .        +INF       .         
N023.N015      .         .        +INF       .         
N023.N016      .         .        +INF       .         
N023.N017  -145.000      .        +INF       .         
N023.N018      .         .        +INF       .         
N023.N019      .         .        +INF       .         
N023.N020      .         .        +INF       .         
N023.N021      .         .        +INF       .         
N023.N022  -145.000   -80.000     +INF       .         
N023.N023      .         .        +INF       .         
N023.N024      .         .        +INF       .         
N023.N025      .         .        +INF       .         
N023.N026      .         .        +INF       .         
N023.N027      .         .        +INF       .         
N023.N028      .         .        +INF       .         
N023.N029  -145.000      .        +INF       .         
N024.N000      .         .        +INF       .         
N024.N001      .         .        +INF       .         
N024.N002      .         .        +INF       .         
N024.N003      .         .        +INF       .         
N024.N004      .         .        +INF       .         
N024.N005      .         .        +INF       .         
N024.N006      .         .        +INF       .         
N024.N007      .         .        +INF       .         
N024.N008      .         .        +INF       .         
N024.N009      .         .        +INF       .         
N024.N010      .         .        +INF       .         
N024.N011      .         .        +INF       .         
N024.N012      .         .        +INF       .         
N024.N013      .         .        +INF       .         
N024.N014      .         .        +INF       .         
N024.N015      .         .        +INF       .         
N024.N016      .         .        +INF       .         
N024.N017      .         .        +INF       .         
N024.N018  -145.000      .        +INF       .         
N024.N019      .         .        +INF       .         
N024.N020      .         .        +INF       .         
N024.N021      .         .        +INF       .         
N024.N022      .         .        +INF       .         
N024.N023      .         .        +INF       .         
N024.N024      .         .        +INF       .         
N024.N025  -145.000  -129.351     +INF       .         
N024.N026      .         .        +INF       .         
N024.N027      .         .        +INF       .         
N024.N028      .         .        +INF       .         
N024.N029      .         .        +INF       .         
N025.N000      .         .        +INF       .         
N025.N001      .         .        +INF       .         
N025.N002      .         .        +INF       .         
N025.N003      .         .        +INF       .         
N025.N004      .         .        +INF       .         
N025.N005      .         .        +INF       .         
N025.N006      .         .        +INF       .         
N025.N007      .         .        +INF       .         
N025.N008      .         .        +INF       .         
N025.N009      .         .        +INF       .         
N025.N010      .         .        +INF       .         
N025.N011      .         .        +INF       .         
N025.N012      .         .        +INF       .         
N025.N013      .         .        +INF       .         
N025.N014      .         .        +INF       .         
N025.N015      .         .        +INF       .         
N025.N016      .         .        +INF       .         
N025.N017      .         .        +INF       .         
N025.N018      .         .        +INF       .         
N025.N019  -145.000  -129.351     +INF       .         
N025.N020      .         .        +INF       .         
N025.N021      .         .        +INF       .         
N025.N022      .         .        +INF       .         
N025.N023      .         .        +INF       .         
N025.N024  -145.000  -145.000     +INF       .         
N025.N025      .         .        +INF       .         
N025.N026  -145.000      .        +INF       .         
N025.N027      .         .        +INF       .         
N025.N028      .         .        +INF       .         
N025.N029      .         .        +INF       .         
N026.N000      .         .        +INF       .         
N026.N001      .         .        +INF       .         
N026.N002      .         .        +INF       .         
N026.N003      .         .        +INF       .         
N026.N004      .         .        +INF       .         
N026.N005      .         .        +INF       .         
N026.N006      .         .        +INF       .         
N026.N007      .         .        +INF       .         
N026.N008      .         .        +INF       .         
N026.N009      .         .        +INF       .         
N026.N010      .         .        +INF       .         
N026.N011      .         .        +INF       .         
N026.N012      .         .        +INF       .         
N026.N013      .         .        +INF       .         
N026.N014      .         .        +INF       .         
N026.N015      .         .        +INF       .         
N026.N016      .         .        +INF       .         
N026.N017      .         .        +INF       .         
N026.N018      .         .        +INF       .         
N026.N019      .         .        +INF       .         
N026.N020  -145.000      .        +INF       .         
N026.N021      .         .        +INF       .         
N026.N022      .         .        +INF       .         
N026.N023      .         .        +INF       .         
N026.N024      .         .        +INF       .         
N026.N025  -145.000  -145.000     +INF       .         
N026.N026      .         .        +INF       .         
N026.N027  -145.000      .        +INF       .         
N026.N028      .         .        +INF       .         
N026.N029      .         .        +INF       .         
N027.N000      .         .        +INF       .         
N027.N001      .         .        +INF       .         
N027.N002      .         .        +INF       .         
N027.N003      .         .        +INF       .         
N027.N004      .         .        +INF       .         
N027.N005      .         .        +INF       .         
N027.N006      .         .        +INF       .         
N027.N007      .         .        +INF       .         
N027.N008      .         .        +INF       .         
N027.N009      .         .        +INF       .         
N027.N010      .         .        +INF       .         
N027.N011      .         .        +INF       .         
N027.N012      .         .        +INF       .         
N027.N013      .         .        +INF       .         
N027.N014      .         .        +INF       .         
N027.N015      .         .        +INF       .         
N027.N016      .         .        +INF       .         
N027.N017      .         .        +INF       .         
N027.N018      .         .        +INF       .         
N027.N019      .         .        +INF       .         
N027.N020      .         .        +INF       .         
N027.N021  -145.000      .        +INF       .         
N027.N022      .         .        +INF       .         
N027.N023      .         .        +INF       .         
N027.N024      .         .        +INF       .         
N027.N025      .         .        +INF       .         
N027.N026  -145.000  -145.000     +INF       .         
N027.N027      .         .        +INF       .         
N027.N028  -145.000      .        +INF       .         
N027.N029      .         .        +INF       .         
N028.N000      .         .        +INF       .         
N028.N001      .         .        +INF       .         
N028.N002      .         .        +INF       .         
N028.N003      .         .        +INF       .         
N028.N004      .         .        +INF       .         
N028.N005      .         .        +INF       .         
N028.N006      .         .        +INF       .         
N028.N007      .         .        +INF       .         
N028.N008      .         .        +INF       .         
N028.N009      .         .        +INF       .         
N028.N010      .         .        +INF       .         
N028.N011      .         .        +INF       .         
N028.N012      .         .        +INF       .         
N028.N013      .         .        +INF       .         
N028.N014      .         .        +INF       .         
N028.N015      .         .        +INF       .         
N028.N016      .         .        +INF       .         
N028.N017      .         .        +INF       .         
N028.N018      .         .        +INF       .         
N028.N019      .         .        +INF       .         
N028.N020      .         .        +INF       .         
N028.N021      .         .        +INF       .         
N028.N022  -145.000      .        +INF       .         
N028.N023      .         .        +INF       .         
N028.N024      .         .        +INF       .         
N028.N025      .         .        +INF       .         
N028.N026      .         .        +INF       .         
N028.N027  -145.000  -145.000     +INF       .         
N028.N028      .         .        +INF       .         
N028.N029  -145.000      .        +INF       .         
N029.N000      .         .        +INF       .         
N029.N001      .         .        +INF       .         
N029.N002      .         .        +INF       .         
N029.N003      .         .        +INF       .         
N029.N004      .         .        +INF       .         
N029.N005      .         .        +INF       .         
N029.N006      .         .        +INF       .         
N029.N007      .         .        +INF       .         
N029.N008      .         .        +INF       .         
N029.N009      .         .        +INF       .         
N029.N010      .         .        +INF       .         
N029.N011      .         .        +INF       .         
N029.N012      .         .        +INF       .         
N029.N013      .         .        +INF       .         
N029.N014      .         .        +INF       .         
N029.N015      .         .        +INF       .         
N029.N016      .         .        +INF       .         
N029.N017      .         .        +INF       .         
N029.N018      .         .        +INF       .         
N029.N019      .         .        +INF       .         
N029.N020      .         .        +INF       .         
N029.N021      .         .        +INF       .         
N029.N022      .         .        +INF       .         
N029.N023  -145.000   -80.000     +INF       .         
N029.N024      .         .        +INF       .         
N029.N025      .         .        +INF       .         
N029.N026      .         .        +INF       .         
N029.N027      .         .        +INF       .         
N029.N028  -145.000  -145.000     +INF       .         
N029.N029      .         .        +INF       .         

                       LOWER     LEVEL     UPPER    MARGINAL

---- EQU SlackMove~ -5.000E+4 -3.395E+4     +INF       .         

  SlackMovement  Slack in total movement, perp to lambda

---- EQU SlackBalance  Slack in flow balance at node j, perp to phi

        LOWER     LEVEL     UPPER    MARGINAL

N000      .    5.684E-14     +INF      0.005      
N001      .    -5.68E-14     +INF      0.005      
N002      .    2.842E-14     +INF      0.005      
N003      .         .        +INF      0.005      
N004      .    -4.26E-14     +INF      0.005      
N005      .         .        +INF      0.005      
N006      .         .        +INF      0.005      
N007      .    5.329E-15     +INF      0.005      
N008      .         .        +INF      0.005      
N009      .    -1.42E-14     +INF      0.005      
N010      .    -7.11E-15     +INF      0.005      
N011      .         .        +INF      0.005      
N012      .         .        +INF      0.005      
N013      .         .        +INF      0.005      
N014      .         .        +INF      0.005      
N015      .    1.421E-14     +INF      0.005      
N016      .    1.421E-14     +INF      0.005      
N017      .         .        +INF      0.005      
N018      .         .        +INF      0.005      
N019      .    -2.84E-14     +INF      0.005      
N020      .    1.421E-14     +INF      0.005      
N021      .    1.421E-14     +INF      0.005      
N022      .    -5.68E-14     +INF      0.005      
N023      .    -1.42E-14     +INF      0.005      
N024      .    -2.84E-14     +INF      0.005      
N025      .    -2.84E-14     +INF      0.005      
N026      .    2.842E-14     +INF      0.005      
N027      .    -2.84E-14     +INF      0.005      
N028      .    -2.84E-14     +INF      0.005      
N029      .    5.684E-14     +INF      0.005      

---- EQU SlackSP  Slack in stock pile limit at node j, perp to eta

        LOWER     LEVEL     UPPER    MARGINAL

N000      .    -5.68E-14     +INF       .         
N001      .    5.684E-14     +INF       .         
N002      .    -2.84E-14     +INF       .         
N003      .         .        +INF       .         
N004      .    4.263E-14     +INF       .         
N005      .         .        +INF       .         
N006      .         .        +INF       .         
N007      .    -5.33E-15     +INF       .         
N008      .         .        +INF       .         
N009      .    1.421E-14     +INF       .         
N010      .    7.105E-15     +INF       .         
N011      .         .        +INF       .         
N012      .         .        +INF       .         
N013      .         .        +INF       .         
N014      .         .        +INF       .         
N015      .    -1.42E-14     +INF       .         
N016      .    -1.42E-14     +INF       .         
N017      .         .        +INF       .         
N018      .         .        +INF       .         
N019      .    2.842E-14     +INF       .         
N020      .    -1.42E-14     +INF       .         
N021      .    -1.42E-14     +INF       .         
N022      .    5.684E-14     +INF       .         
N023      .    1.421E-14     +INF       .         
N024      .    2.842E-14     +INF       .         
N025      .    2.842E-14     +INF       .         
N026      .    -2.84E-14     +INF       .         
N027      .    2.842E-14     +INF       .         
N028      .    2.842E-14     +INF       .         
N029      .    -5.68E-14     +INF       .         

---- VAR Qnty  Quantity extracted from each node

        LOWER     LEVEL     UPPER    MARGINAL

N000      .         .        +INF       EPS       
N001      .         .        +INF       EPS       
N002      .         .        +INF  8.674E-19      
N003      .         .        +INF  8.674E-19      
N004      .      200.000     +INF       .         
N005      .         .        +INF       EPS       
N006      .         .        +INF       EPS       
N007      .         .        +INF       EPS       
N008      .         .        +INF  -8.67E-19      
N009      .         .        +INF       EPS       
N010      .         .        +INF       EPS       
N011      .         .        +INF  -8.67E-19      
N012      .         .        +INF       EPS       
N013      .         .        +INF  8.674E-19      
N014      .         .        +INF  -8.67E-19      
N015      .         .        +INF  -8.67E-19      
N016      .         .        +INF       EPS       
N017      .         .        +INF       EPS       
N018      .         .        +INF  8.674E-19      
N019      .         .        +INF       EPS       
N020      .         .        +INF  8.674E-19      
N021      .         .        +INF       EPS       
N022      .      110.000     +INF  8.674E-19      
N023      .         .        +INF       EPS       
N024      .         .        +INF       EPS       
N025      .         .        +INF  8.674E-19      
N026      .         .        +INF       EPS       
N027      .         .        +INF  -8.67E-19      
N028      .         .        +INF       EPS       
N029      .      225.000     +INF       .         

---- VAR Dlvr  Delivery to each node

        LOWER     LEVEL     UPPER    MARGINAL

N000      .      276.997     +INF       .         
N001      .         .        +INF      0.005      
N002      .         .        +INF      0.005      
N003      .         .        +INF      0.005      
N004      .         .        +INF      0.005      
N005      .         .        +INF      0.005      
N006      .         .        +INF      0.005      
N007      .       24.185     +INF       .         
N008      .         .        +INF      0.005      
N009      .         .        +INF      0.005      
N010      .         .        +INF      0.005      
N011      .         .        +INF      0.005      
N012      .         .        +INF      0.005      
N013      .         .        +INF      0.005      
N014      .         .        +INF      0.005      
N015      .         .        +INF      0.005      
N016      .         .        +INF      0.005      
N017      .         .        +INF      0.005      
N018      .         .        +INF      0.005      
N019      .       73.168     +INF       .         
N020      .         .        +INF      0.005      
N021      .         .        +INF      0.005      
N022      .         .        +INF      0.005      
N023      .         .        +INF      0.005      
N024      .      160.649     +INF  -1.39E-17      
N025      .         .        +INF      0.005      
N026      .         .        +INF      0.005      
N027      .         .        +INF      0.005      
N028      .         .        +INF      0.005      
N029      .         .        +INF      0.005      

---- VAR flow  Flow from ni to nj

             LOWER     LEVEL     UPPER    MARGINAL

N000.N000      .         .        +INF      0.005      
N000.N001      .       13.003     +INF  1.5003E-6      
N000.N002      .         .        +INF      0.005      
N000.N003      .         .        +INF      0.005      
N000.N004      .         .        +INF      0.005      
N000.N005      .         .        +INF      0.005      
N000.N006      .         .        +INF  1.5003E-6      
N000.N007      .         .        +INF      0.005      
N000.N008      .         .        +INF      0.005      
N000.N009      .         .        +INF      0.005      
N000.N010      .         .        +INF      0.005      
N000.N011      .         .        +INF      0.005      
N000.N012      .         .        +INF      0.005      
N000.N013      .         .        +INF      0.005      
N000.N014      .         .        +INF      0.005      
N000.N015      .         .        +INF      0.005      
N000.N016      .         .        +INF      0.005      
N000.N017      .         .        +INF      0.005      
N000.N018      .         .        +INF      0.005      
N000.N019      .         .        +INF      0.005      
N000.N020      .         .        +INF      0.005      
N000.N021      .         .        +INF      0.005      
N000.N022      .         .        +INF      0.005      
N000.N023      .         .        +INF      0.005      
N000.N024      .         .        +INF      0.005      
N000.N025      .         .        +INF      0.005      
N000.N026      .         .        +INF      0.005      
N000.N027      .         .        +INF      0.005      
N000.N028      .         .        +INF      0.005      
N000.N029      .         .        +INF      0.005      
N001.N000      .      145.000     +INF  1.5003E-6      
N001.N001      .         .        +INF      0.005      
N001.N002      .         .        +INF  1.5003E-6      
N001.N003      .         .        +INF      0.005      
N001.N004      .         .        +INF      0.005      
N001.N005      .         .        +INF      0.005      
N001.N006      .         .        +INF      0.005      
N001.N007      .       13.003     +INF  1.5003E-6      
N001.N008      .         .        +INF      0.005      
N001.N009      .         .        +INF      0.005      
N001.N010      .         .        +INF      0.005      
N001.N011      .         .        +INF      0.005      
N001.N012      .         .        +INF      0.005      
N001.N013      .         .        +INF      0.005      
N001.N014      .         .        +INF      0.005      
N001.N015      .         .        +INF      0.005      
N001.N016      .         .        +INF      0.005      
N001.N017      .         .        +INF      0.005      
N001.N018      .         .        +INF      0.005      
N001.N019      .         .        +INF      0.005      
N001.N020      .         .        +INF      0.005      
N001.N021      .         .        +INF      0.005      
N001.N022      .         .        +INF      0.005      
N001.N023      .         .        +INF      0.005      
N001.N024      .         .        +INF      0.005      
N001.N025      .         .        +INF      0.005      
N001.N026      .         .        +INF      0.005      
N001.N027      .         .        +INF      0.005      
N001.N028      .         .        +INF      0.005      
N001.N029      .         .        +INF      0.005      
N002.N000      .         .        +INF      0.005      
N002.N001      .      145.000     +INF  1.5003E-6      
N002.N002      .         .        +INF      0.005      
N002.N003      .         .        +INF  1.5003E-6      
N002.N004      .         .        +INF      0.005      
N002.N005      .         .        +INF      0.005      
N002.N006      .         .        +INF      0.005      
N002.N007      .         .        +INF      0.005      
N002.N008      .         .        +INF  1.5003E-6      
N002.N009      .         .        +INF      0.005      
N002.N010      .         .        +INF      0.005      
N002.N011      .         .        +INF      0.005      
N002.N012      .         .        +INF      0.005      
N002.N013      .         .        +INF      0.005      
N002.N014      .         .        +INF      0.005      
N002.N015      .         .        +INF      0.005      
N002.N016      .         .        +INF      0.005      
N002.N017      .         .        +INF      0.005      
N002.N018      .         .        +INF      0.005      
N002.N019      .         .        +INF      0.005      
N002.N020      .         .        +INF      0.005      
N002.N021      .         .        +INF      0.005      
N002.N022      .         .        +INF      0.005      
N002.N023      .         .        +INF      0.005      
N002.N024      .         .        +INF      0.005      
N002.N025      .         .        +INF      0.005      
N002.N026      .         .        +INF      0.005      
N002.N027      .         .        +INF      0.005      
N002.N028      .         .        +INF      0.005      
N002.N029      .         .        +INF      0.005      
N003.N000      .         .        +INF      0.005      
N003.N001      .         .        +INF      0.005      
N003.N002      .      145.000     +INF  1.5003E-6      
N003.N003      .         .        +INF      0.005      
N003.N004      .         .        +INF  1.5003E-6      
N003.N005      .         .        +INF      0.005      
N003.N006      .         .        +INF      0.005      
N003.N007      .         .        +INF      0.005      
N003.N008      .         .        +INF      0.005      
N003.N009      .         .        +INF  1.5003E-6      
N003.N010      .         .        +INF      0.005      
N003.N011      .         .        +INF      0.005      
N003.N012      .         .        +INF      0.005      
N003.N013      .         .        +INF      0.005      
N003.N014      .         .        +INF      0.005      
N003.N015      .         .        +INF      0.005      
N003.N016      .         .        +INF      0.005      
N003.N017      .         .        +INF      0.005      
N003.N018      .         .        +INF      0.005      
N003.N019      .         .        +INF      0.005      
N003.N020      .         .        +INF      0.005      
N003.N021      .         .        +INF      0.005      
N003.N022      .         .        +INF      0.005      
N003.N023      .         .        +INF      0.005      
N003.N024      .         .        +INF      0.005      
N003.N025      .         .        +INF      0.005      
N003.N026      .         .        +INF      0.005      
N003.N027      .         .        +INF      0.005      
N003.N028      .         .        +INF      0.005      
N003.N029      .         .        +INF      0.005      
N004.N000      .         .        +INF      0.005      
N004.N001      .         .        +INF      0.005      
N004.N002      .         .        +INF      0.005      
N004.N003      .      145.000     +INF  1.5003E-6      
N004.N004      .         .        +INF      0.005      
N004.N005      .         .        +INF  1.5003E-6      
N004.N006      .         .        +INF      0.005      
N004.N007      .         .        +INF      0.005      
N004.N008      .         .        +INF      0.005      
N004.N009      .         .        +INF      0.005      
N004.N010      .       55.000     +INF  1.5003E-6      
N004.N011      .         .        +INF      0.005      
N004.N012      .         .        +INF      0.005      
N004.N013      .         .        +INF      0.005      
N004.N014      .         .        +INF      0.005      
N004.N015      .         .        +INF      0.005      
N004.N016      .         .        +INF      0.005      
N004.N017      .         .        +INF      0.005      
N004.N018      .         .        +INF      0.005      
N004.N019      .         .        +INF      0.005      
N004.N020      .         .        +INF      0.005      
N004.N021      .         .        +INF      0.005      
N004.N022      .         .        +INF      0.005      
N004.N023      .         .        +INF      0.005      
N004.N024      .         .        +INF      0.005      
N004.N025      .         .        +INF      0.005      
N004.N026      .         .        +INF      0.005      
N004.N027      .         .        +INF      0.005      
N004.N028      .         .        +INF      0.005      
N004.N029      .         .        +INF      0.005      
N005.N000      .         .        +INF      0.005      
N005.N001      .         .        +INF      0.005      
N005.N002      .         .        +INF      0.005      
N005.N003      .         .        +INF      0.005      
N005.N004      .         .        +INF  1.5003E-6      
N005.N005      .         .        +INF      0.005      
N005.N006      .         .        +INF      0.005      
N005.N007      .         .        +INF      0.005      
N005.N008      .         .        +INF      0.005      
N005.N009      .         .        +INF      0.005      
N005.N010      .         .        +INF      0.005      
N005.N011      .         .        +INF  1.5003E-6      
N005.N012      .         .        +INF      0.005      
N005.N013      .         .        +INF      0.005      
N005.N014      .         .        +INF      0.005      
N005.N015      .         .        +INF      0.005      
N005.N016      .         .        +INF      0.005      
N005.N017      .         .        +INF      0.005      
N005.N018      .         .        +INF      0.005      
N005.N019      .         .        +INF      0.005      
N005.N020      .         .        +INF      0.005      
N005.N021      .         .        +INF      0.005      
N005.N022      .         .        +INF      0.005      
N005.N023      .         .        +INF      0.005      
N005.N024      .         .        +INF      0.005      
N005.N025      .         .        +INF      0.005      
N005.N026      .         .        +INF      0.005      
N005.N027      .         .        +INF      0.005      
N005.N028      .         .        +INF      0.005      
N005.N029      .         .        +INF      0.005      
N006.N000      .      145.000     +INF  1.5003E-6      
N006.N001      .         .        +INF      0.005      
N006.N002      .         .        +INF      0.005      
N006.N003      .         .        +INF      0.005      
N006.N004      .         .        +INF      0.005      
N006.N005      .         .        +INF      0.005      
N006.N006      .         .        +INF      0.005      
N006.N007      .         .        +INF  1.5003E-6      
N006.N008      .         .        +INF      0.005      
N006.N009      .         .        +INF      0.005      
N006.N010      .         .        +INF      0.005      
N006.N011      .         .        +INF      0.005      
N006.N012      .         .        +INF  1.5003E-6      
N006.N013      .         .        +INF      0.005      
N006.N014      .         .        +INF      0.005      
N006.N015      .         .        +INF      0.005      
N006.N016      .         .        +INF      0.005      
N006.N017      .         .        +INF      0.005      
N006.N018      .         .        +INF      0.005      
N006.N019      .         .        +INF      0.005      
N006.N020      .         .        +INF      0.005      
N006.N021      .         .        +INF      0.005      
N006.N022      .         .        +INF      0.005      
N006.N023      .         .        +INF      0.005      
N006.N024      .         .        +INF      0.005      
N006.N025      .         .        +INF      0.005      
N006.N026      .         .        +INF      0.005      
N006.N027      .         .        +INF      0.005      
N006.N028      .         .        +INF      0.005      
N006.N029      .         .        +INF      0.005      
N007.N000      .         .        +INF      0.005      
N007.N001      .         .        +INF  1.5003E-6      
N007.N002      .         .        +INF      0.005      
N007.N003      .         .        +INF      0.005      
N007.N004      .         .        +INF      0.005      
N007.N005      .         .        +INF      0.005      
N007.N006      .      145.000     +INF  1.5003E-6      
N007.N007      .         .        +INF      0.005      
N007.N008      .         .        +INF  1.5003E-6      
N007.N009      .         .        +INF      0.005      
N007.N010      .         .        +INF      0.005      
N007.N011      .         .        +INF      0.005      
N007.N012      .         .        +INF      0.005      
N007.N013      .         .        +INF  1.5003E-6      
N007.N014      .         .        +INF      0.005      
N007.N015      .         .        +INF      0.005      
N007.N016      .         .        +INF      0.005      
N007.N017      .         .        +INF      0.005      
N007.N018      .         .        +INF      0.005      
N007.N019      .         .        +INF      0.005      
N007.N020      .         .        +INF      0.005      
N007.N021      .         .        +INF      0.005      
N007.N022      .         .        +INF      0.005      
N007.N023      .         .        +INF      0.005      
N007.N024      .         .        +INF      0.005      
N007.N025      .         .        +INF      0.005      
N007.N026      .         .        +INF      0.005      
N007.N027      .         .        +INF      0.005      
N007.N028      .         .        +INF      0.005      
N007.N029      .         .        +INF      0.005      
N008.N000      .         .        +INF      0.005      
N008.N001      .         .        +INF      0.005      
N008.N002      .         .        +INF  1.5003E-6      
N008.N003      .         .        +INF      0.005      
N008.N004      .         .        +INF      0.005      
N008.N005      .         .        +INF      0.005      
N008.N006      .         .        +INF      0.005      
N008.N007      .      145.000     +INF  1.5003E-6      
N008.N008      .         .        +INF      0.005      
N008.N009      .         .        +INF  1.5003E-6      
N008.N010      .         .        +INF      0.005      
N008.N011      .         .        +INF      0.005      
N008.N012      .         .        +INF      0.005      
N008.N013      .         .        +INF      0.005      
N008.N014      .         .        +INF  1.5003E-6      
N008.N015      .         .        +INF      0.005      
N008.N016      .         .        +INF      0.005      
N008.N017      .         .        +INF      0.005      
N008.N018      .         .        +INF      0.005      
N008.N019      .         .        +INF      0.005      
N008.N020      .         .        +INF      0.005      
N008.N021      .         .        +INF      0.005      
N008.N022      .         .        +INF      0.005      
N008.N023      .         .        +INF      0.005      
N008.N024      .         .        +INF      0.005      
N008.N025      .         .        +INF      0.005      
N008.N026      .         .        +INF      0.005      
N008.N027      .         .        +INF      0.005      
N008.N028      .         .        +INF      0.005      
N008.N029      .         .        +INF      0.005      
N009.N000      .         .        +INF      0.005      
N009.N001      .         .        +INF      0.005      
N009.N002      .         .        +INF      0.005      
N009.N003      .         .        +INF  1.5003E-6      
N009.N004      .         .        +INF      0.005      
N009.N005      .         .        +INF      0.005      
N009.N006      .         .        +INF      0.005      
N009.N007      .         .        +INF      0.005      
N009.N008      .       55.000     +INF  1.5003E-6      
N009.N009      .         .        +INF      0.005      
N009.N010      .         .        +INF  1.5003E-6      
N009.N011      .         .        +INF      0.005      
N009.N012      .         .        +INF      0.005      
N009.N013      .         .        +INF      0.005      
N009.N014      .         .        +INF      0.005      
N009.N015      .         .        +INF  1.5003E-6      
N009.N016      .         .        +INF      0.005      
N009.N017      .         .        +INF      0.005      
N009.N018      .         .        +INF      0.005      
N009.N019      .         .        +INF      0.005      
N009.N020      .         .        +INF      0.005      
N009.N021      .         .        +INF      0.005      
N009.N022      .         .        +INF      0.005      
N009.N023      .         .        +INF      0.005      
N009.N024      .         .        +INF      0.005      
N009.N025      .         .        +INF      0.005      
N009.N026      .         .        +INF      0.005      
N009.N027      .         .        +INF      0.005      
N009.N028      .         .        +INF      0.005      
N009.N029      .         .        +INF      0.005      
N010.N000      .         .        +INF      0.005      
N010.N001      .         .        +INF      0.005      
N010.N002      .         .        +INF      0.005      
N010.N003      .         .        +INF      0.005      
N010.N004      .         .        +INF  1.5003E-6      
N010.N005      .         .        +INF      0.005      
N010.N006      .         .        +INF      0.005      
N010.N007      .         .        +INF      0.005      
N010.N008      .         .        +INF      0.005      
N010.N009      .       55.000     +INF  1.5003E-6      
N010.N010      .         .        +INF      0.005      
N010.N011      .         .        +INF  1.5003E-6      
N010.N012      .         .        +INF      0.005      
N010.N013      .         .        +INF      0.005      
N010.N014      .         .        +INF      0.005      
N010.N015      .         .        +INF      0.005      
N010.N016      .         .        +INF  1.5003E-6      
N010.N017      .         .        +INF      0.005      
N010.N018      .         .        +INF      0.005      
N010.N019      .         .        +INF      0.005      
N010.N020      .         .        +INF      0.005      
N010.N021      .         .        +INF      0.005      
N010.N022      .         .        +INF      0.005      
N010.N023      .         .        +INF      0.005      
N010.N024      .         .        +INF      0.005      
N010.N025      .         .        +INF      0.005      
N010.N026      .         .        +INF      0.005      
N010.N027      .         .        +INF      0.005      
N010.N028      .         .        +INF      0.005      
N010.N029      .         .        +INF      0.005      
N011.N000      .         .        +INF      0.005      
N011.N001      .         .        +INF      0.005      
N011.N002      .         .        +INF      0.005      
N011.N003      .         .        +INF      0.005      
N011.N004      .         .        +INF      0.005      
N011.N005      .         .        +INF  1.5003E-6      
N011.N006      .         .        +INF      0.005      
N011.N007      .         .        +INF      0.005      
N011.N008      .         .        +INF      0.005      
N011.N009      .         .        +INF      0.005      
N011.N010      .         .        +INF  1.5003E-6      
N011.N011      .         .        +INF      0.005      
N011.N012      .         .        +INF      0.005      
N011.N013      .         .        +INF      0.005      
N011.N014      .         .        +INF      0.005      
N011.N015      .         .        +INF      0.005      
N011.N016      .         .        +INF      0.005      
N011.N017      .         .        +INF  1.5003E-6      
N011.N018      .         .        +INF      0.005      
N011.N019      .         .        +INF      0.005      
N011.N020      .         .        +INF      0.005      
N011.N021      .         .        +INF      0.005      
N011.N022      .         .        +INF      0.005      
N011.N023      .         .        +INF      0.005      
N011.N024      .         .        +INF      0.005      
N011.N025      .         .        +INF      0.005      
N011.N026      .         .        +INF      0.005      
N011.N027      .         .        +INF      0.005      
N011.N028      .         .        +INF      0.005      
N011.N029      .         .        +INF      0.005      
N012.N000      .         .        +INF      0.005      
N012.N001      .         .        +INF      0.005      
N012.N002      .         .        +INF      0.005      
N012.N003      .         .        +INF      0.005      
N012.N004      .         .        +INF      0.005      
N012.N005      .         .        +INF      0.005      
N012.N006      .         .        +INF  1.5003E-6      
N012.N007      .         .        +INF      0.005      
N012.N008      .         .        +INF      0.005      
N012.N009      .         .        +INF      0.005      
N012.N010      .         .        +INF      0.005      
N012.N011      .         .        +INF      0.005      
N012.N012      .         .        +INF      0.005      
N012.N013      .         .        +INF  1.5003E-6      
N012.N014      .         .        +INF      0.005      
N012.N015      .         .        +INF      0.005      
N012.N016      .         .        +INF      0.005      
N012.N017      .         .        +INF      0.005      
N012.N018      .         .        +INF  1.5003E-6      
N012.N019      .         .        +INF      0.005      
N012.N020      .         .        +INF      0.005      
N012.N021      .         .        +INF      0.005      
N012.N022      .         .        +INF      0.005      
N012.N023      .         .        +INF      0.005      
N012.N024      .         .        +INF      0.005      
N012.N025      .         .        +INF      0.005      
N012.N026      .         .        +INF      0.005      
N012.N027      .         .        +INF      0.005      
N012.N028      .         .        +INF      0.005      
N012.N029      .         .        +INF      0.005      
N013.N000      .         .        +INF      0.005      
N013.N001      .         .        +INF      0.005      
N013.N002      .         .        +INF      0.005      
N013.N003      .         .        +INF      0.005      
N013.N004      .         .        +INF      0.005      
N013.N005      .         .        +INF      0.005      
N013.N006      .         .        +INF      0.005      
N013.N007      .       11.182     +INF  1.5003E-6      
N013.N008      .         .        +INF      0.005      
N013.N009      .         .        +INF      0.005      
N013.N010      .         .        +INF      0.005      
N013.N011      .         .        +INF      0.005      
N013.N012      .         .        +INF  1.5003E-6      
N013.N013      .         .        +INF      0.005      
N013.N014      .         .        +INF  1.5003E-6      
N013.N015      .         .        +INF      0.005      
N013.N016      .         .        +INF      0.005      
N013.N017      .         .        +INF      0.005      
N013.N018      .         .        +INF      0.005      
N013.N019      .         .        +INF  1.5003E-6      
N013.N020      .         .        +INF      0.005      
N013.N021      .         .        +INF      0.005      
N013.N022      .         .        +INF      0.005      
N013.N023      .         .        +INF      0.005      
N013.N024      .         .        +INF      0.005      
N013.N025      .         .        +INF      0.005      
N013.N026      .         .        +INF      0.005      
N013.N027      .         .        +INF      0.005      
N013.N028      .         .        +INF      0.005      
N013.N029      .         .        +INF      0.005      
N014.N000      .         .        +INF      0.005      
N014.N001      .         .        +INF      0.005      
N014.N002      .         .        +INF      0.005      
N014.N003      .         .        +INF      0.005      
N014.N004      .         .        +INF      0.005      
N014.N005      .         .        +INF      0.005      
N014.N006      .         .        +INF      0.005      
N014.N007      .         .        +INF      0.005      
N014.N008      .       90.000     +INF  1.5003E-6      
N014.N009      .         .        +INF      0.005      
N014.N010      .         .        +INF      0.005      
N014.N011      .         .        +INF      0.005      
N014.N012      .         .        +INF      0.005      
N014.N013      .       11.182     +INF  1.5003E-6      
N014.N014      .         .        +INF      0.005      
N014.N015      .         .        +INF  1.5003E-6      
N014.N016      .         .        +INF      0.005      
N014.N017      .         .        +INF      0.005      
N014.N018      .         .        +INF      0.005      
N014.N019      .         .        +INF      0.005      
N014.N020      .         .        +INF  1.5003E-6      
N014.N021      .         .        +INF      0.005      
N014.N022      .         .        +INF      0.005      
N014.N023      .         .        +INF      0.005      
N014.N024      .         .        +INF      0.005      
N014.N025      .         .        +INF      0.005      
N014.N026      .         .        +INF      0.005      
N014.N027      .         .        +INF      0.005      
N014.N028      .         .        +INF      0.005      
N014.N029      .         .        +INF      0.005      
N015.N000      .         .        +INF      0.005      
N015.N001      .         .        +INF      0.005      
N015.N002      .         .        +INF      0.005      
N015.N003      .         .        +INF      0.005      
N015.N004      .         .        +INF      0.005      
N015.N005      .         .        +INF      0.005      
N015.N006      .         .        +INF      0.005      
N015.N007      .         .        +INF      0.005      
N015.N008      .         .        +INF      0.005      
N015.N009      .         .        +INF  1.5003E-6      
N015.N010      .         .        +INF      0.005      
N015.N011      .         .        +INF      0.005      
N015.N012      .         .        +INF      0.005      
N015.N013      .         .        +INF      0.005      
N015.N014      .      101.182     +INF  1.5003E-6      
N015.N015      .         .        +INF      0.005      
N015.N016      .         .        +INF  1.5003E-6      
N015.N017      .         .        +INF      0.005      
N015.N018      .         .        +INF      0.005      
N015.N019      .         .        +INF      0.005      
N015.N020      .         .        +INF      0.005      
N015.N021      .         .        +INF  1.5003E-6      
N015.N022      .         .        +INF      0.005      
N015.N023      .         .        +INF      0.005      
N015.N024      .         .        +INF      0.005      
N015.N025      .         .        +INF      0.005      
N015.N026      .         .        +INF      0.005      
N015.N027      .         .        +INF      0.005      
N015.N028      .         .        +INF      0.005      
N015.N029      .         .        +INF      0.005      
N016.N000      .         .        +INF      0.005      
N016.N001      .         .        +INF      0.005      
N016.N002      .         .        +INF      0.005      
N016.N003      .         .        +INF      0.005      
N016.N004      .         .        +INF      0.005      
N016.N005      .         .        +INF      0.005      
N016.N006      .         .        +INF      0.005      
N016.N007      .         .        +INF      0.005      
N016.N008      .         .        +INF      0.005      
N016.N009      .         .        +INF      0.005      
N016.N010      .         .        +INF  1.5003E-6      
N016.N011      .         .        +INF      0.005      
N016.N012      .         .        +INF      0.005      
N016.N013      .         .        +INF      0.005      
N016.N014      .         .        +INF      0.005      
N016.N015      .      101.182     +INF  1.5003E-6      
N016.N016      .         .        +INF      0.005      
N016.N017      .         .        +INF  1.5003E-6      
N016.N018      .         .        +INF      0.005      
N016.N019      .         .        +INF      0.005      
N016.N020      .         .        +INF      0.005      
N016.N021      .         .        +INF      0.005      
N016.N022      .         .        +INF  1.5003E-6      
N016.N023      .         .        +INF      0.005      
N016.N024      .         .        +INF      0.005      
N016.N025      .         .        +INF      0.005      
N016.N026      .         .        +INF      0.005      
N016.N027      .         .        +INF      0.005      
N016.N028      .         .        +INF      0.005      
N016.N029      .         .        +INF      0.005      
N017.N000      .         .        +INF      0.005      
N017.N001      .         .        +INF      0.005      
N017.N002      .         .        +INF      0.005      
N017.N003      .         .        +INF      0.005      
N017.N004      .         .        +INF      0.005      
N017.N005      .         .        +INF      0.005      
N017.N006      .         .        +INF      0.005      
N017.N007      .         .        +INF      0.005      
N017.N008      .         .        +INF      0.005      
N017.N009      .         .        +INF      0.005      
N017.N010      .         .        +INF      0.005      
N017.N011      .         .        +INF  1.5003E-6      
N017.N012      .         .        +INF      0.005      
N017.N013      .         .        +INF      0.005      
N017.N014      .         .        +INF      0.005      
N017.N015      .         .        +INF      0.005      
N017.N016      .         .        +INF  1.5003E-6      
N017.N017      .         .        +INF      0.005      
N017.N018      .         .        +INF      0.005      
N017.N019      .         .        +INF      0.005      
N017.N020      .         .        +INF      0.005      
N017.N021      .         .        +INF      0.005      
N017.N022      .         .        +INF      0.005      
N017.N023      .         .        +INF  1.5003E-6      
N017.N024      .         .        +INF      0.005      
N017.N025      .         .        +INF      0.005      
N017.N026      .         .        +INF      0.005      
N017.N027      .         .        +INF      0.005      
N017.N028      .         .        +INF      0.005      
N017.N029      .         .        +INF      0.005      
N018.N000      .         .        +INF      0.005      
N018.N001      .         .        +INF      0.005      
N018.N002      .         .        +INF      0.005      
N018.N003      .         .        +INF      0.005      
N018.N004      .         .        +INF      0.005      
N018.N005      .         .        +INF      0.005      
N018.N006      .         .        +INF      0.005      
N018.N007      .         .        +INF      0.005      
N018.N008      .         .        +INF      0.005      
N018.N009      .         .        +INF      0.005      
N018.N010      .         .        +INF      0.005      
N018.N011      .         .        +INF      0.005      
N018.N012      .         .        +INF  1.5003E-6      
N018.N013      .         .        +INF      0.005      
N018.N014      .         .        +INF      0.005      
N018.N015      .         .        +INF      0.005      
N018.N016      .         .        +INF      0.005      
N018.N017      .         .        +INF      0.005      
N018.N018      .         .        +INF      0.005      
N018.N019      .         .        +INF  1.5003E-6      
N018.N020      .         .        +INF      0.005      
N018.N021      .         .        +INF      0.005      
N018.N022      .         .        +INF      0.005      
N018.N023      .         .        +INF      0.005      
N018.N024      .      145.000     +INF  1.5003E-6      
N018.N025      .         .        +INF      0.005      
N018.N026      .         .        +INF      0.005      
N018.N027      .         .        +INF      0.005      
N018.N028      .         .        +INF      0.005      
N018.N029      .         .        +INF      0.005      
N019.N000      .         .        +INF      0.005      
N019.N001      .         .        +INF      0.005      
N019.N002      .         .        +INF      0.005      
N019.N003      .         .        +INF      0.005      
N019.N004      .         .        +INF      0.005      
N019.N005      .         .        +INF      0.005      
N019.N006      .         .        +INF      0.005      
N019.N007      .         .        +INF      0.005      
N019.N008      .         .        +INF      0.005      
N019.N009      .         .        +INF      0.005      
N019.N010      .         .        +INF      0.005      
N019.N011      .         .        +INF      0.005      
N019.N012      .         .        +INF      0.005      
N019.N013      .         .        +INF  1.5003E-6      
N019.N014      .         .        +INF      0.005      
N019.N015      .         .        +INF      0.005      
N019.N016      .         .        +INF      0.005      
N019.N017      .         .        +INF      0.005      
N019.N018      .      145.000     +INF  1.5003E-6      
N019.N019      .         .        +INF      0.005      
N019.N020      .         .        +INF  1.5003E-6      
N019.N021      .         .        +INF      0.005      
N019.N022      .         .        +INF      0.005      
N019.N023      .         .        +INF      0.005      
N019.N024      .         .        +INF      0.005      
N019.N025      .         .        +INF  1.5003E-6      
N019.N026      .         .        +INF      0.005      
N019.N027      .         .        +INF      0.005      
N019.N028      .         .        +INF      0.005      
N019.N029      .         .        +INF      0.005      
N020.N000      .         .        +INF      0.005      
N020.N001      .         .        +INF      0.005      
N020.N002      .         .        +INF      0.005      
N020.N003      .         .        +INF      0.005      
N020.N004      .         .        +INF      0.005      
N020.N005      .         .        +INF      0.005      
N020.N006      .         .        +INF      0.005      
N020.N007      .         .        +INF      0.005      
N020.N008      .         .        +INF      0.005      
N020.N009      .         .        +INF      0.005      
N020.N010      .         .        +INF      0.005      
N020.N011      .         .        +INF      0.005      
N020.N012      .         .        +INF      0.005      
N020.N013      .         .        +INF      0.005      
N020.N014      .         .        +INF  1.5003E-6      
N020.N015      .         .        +INF      0.005      
N020.N016      .         .        +INF      0.005      
N020.N017      .         .        +INF      0.005      
N020.N018      .         .        +INF      0.005      
N020.N019      .       88.818     +INF  1.5003E-6      
N020.N020      .         .        +INF      0.005      
N020.N021      .         .        +INF  1.5003E-6      
N020.N022      .         .        +INF      0.005      
N020.N023      .         .        +INF      0.005      
N020.N024      .         .        +INF      0.005      
N020.N025      .         .        +INF      0.005      
N020.N026      .         .        +INF  1.5003E-6      
N020.N027      .         .        +INF      0.005      
N020.N028      .         .        +INF      0.005      
N020.N029      .         .        +INF      0.005      
N021.N000      .         .        +INF      0.005      
N021.N001      .         .        +INF      0.005      
N021.N002      .         .        +INF      0.005      
N021.N003      .         .        +INF      0.005      
N021.N004      .         .        +INF      0.005      
N021.N005      .         .        +INF      0.005      
N021.N006      .         .        +INF      0.005      
N021.N007      .         .        +INF      0.005      
N021.N008      .         .        +INF      0.005      
N021.N009      .         .        +INF      0.005      
N021.N010      .         .        +INF      0.005      
N021.N011      .         .        +INF      0.005      
N021.N012      .         .        +INF      0.005      
N021.N013      .         .        +INF      0.005      
N021.N014      .         .        +INF      0.005      
N021.N015      .         .        +INF  1.5003E-6      
N021.N016      .         .        +INF      0.005      
N021.N017      .         .        +INF      0.005      
N021.N018      .         .        +INF      0.005      
N021.N019      .         .        +INF      0.005      
N021.N020      .       88.818     +INF  1.5003E-6      
N021.N021      .         .        +INF      0.005      
N021.N022      .         .        +INF  1.5003E-6      
N021.N023      .         .        +INF      0.005      
N021.N024      .         .        +INF      0.005      
N021.N025      .         .        +INF      0.005      
N021.N026      .         .        +INF      0.005      
N021.N027      .         .        +INF  1.5003E-6      
N021.N028      .         .        +INF      0.005      
N021.N029      .         .        +INF      0.005      
N022.N000      .         .        +INF      0.005      
N022.N001      .         .        +INF      0.005      
N022.N002      .         .        +INF      0.005      
N022.N003      .         .        +INF      0.005      
N022.N004      .         .        +INF      0.005      
N022.N005      .         .        +INF      0.005      
N022.N006      .         .        +INF      0.005      
N022.N007      .         .        +INF      0.005      
N022.N008      .         .        +INF      0.005      
N022.N009      .         .        +INF      0.005      
N022.N010      .         .        +INF      0.005      
N022.N011      .         .        +INF      0.005      
N022.N012      .         .        +INF      0.005      
N022.N013      .         .        +INF      0.005      
N022.N014      .         .        +INF      0.005      
N022.N015      .         .        +INF      0.005      
N022.N016      .      101.182     +INF  1.5003E-6      
N022.N017      .         .        +INF      0.005      
N022.N018      .         .        +INF      0.005      
N022.N019      .         .        +INF      0.005      
N022.N020      .         .        +INF      0.005      
N022.N021      .       88.818     +INF  1.5003E-6      
N022.N022      .         .        +INF      0.005      
N022.N023      .         .        +INF  1.5003E-6      
N022.N024      .         .        +INF      0.005      
N022.N025      .         .        +INF      0.005      
N022.N026      .         .        +INF      0.005      
N022.N027      .         .        +INF      0.005      
N022.N028      .         .        +INF  1.5003E-6      
N022.N029      .         .        +INF      0.005      
N023.N000      .         .        +INF      0.005      
N023.N001      .         .        +INF      0.005      
N023.N002      .         .        +INF      0.005      
N023.N003      .         .        +INF      0.005      
N023.N004      .         .        +INF      0.005      
N023.N005      .         .        +INF      0.005      
N023.N006      .         .        +INF      0.005      
N023.N007      .         .        +INF      0.005      
N023.N008      .         .        +INF      0.005      
N023.N009      .         .        +INF      0.005      
N023.N010      .         .        +INF      0.005      
N023.N011      .         .        +INF      0.005      
N023.N012      .         .        +INF      0.005      
N023.N013      .         .        +INF      0.005      
N023.N014      .         .        +INF      0.005      
N023.N015      .         .        +INF      0.005      
N023.N016      .         .        +INF      0.005      
N023.N017      .         .        +INF  1.5003E-6      
N023.N018      .         .        +INF      0.005      
N023.N019      .         .        +INF      0.005      
N023.N020      .         .        +INF      0.005      
N023.N021      .         .        +INF      0.005      
N023.N022      .       80.000     +INF  1.5003E-6      
N023.N023      .         .        +INF      0.005      
N023.N024      .         .        +INF      0.005      
N023.N025      .         .        +INF      0.005      
N023.N026      .         .        +INF      0.005      
N023.N027      .         .        +INF      0.005      
N023.N028      .         .        +INF      0.005      
N023.N029      .         .        +INF  1.5003E-6      
N024.N000      .         .        +INF      0.005      
N024.N001      .         .        +INF      0.005      
N024.N002      .         .        +INF      0.005      
N024.N003      .         .        +INF      0.005      
N024.N004      .         .        +INF      0.005      
N024.N005      .         .        +INF      0.005      
N024.N006      .         .        +INF      0.005      
N024.N007      .         .        +INF      0.005      
N024.N008      .         .        +INF      0.005      
N024.N009      .         .        +INF      0.005      
N024.N010      .         .        +INF      0.005      
N024.N011      .         .        +INF      0.005      
N024.N012      .         .        +INF      0.005      
N024.N013      .         .        +INF      0.005      
N024.N014      .         .        +INF      0.005      
N024.N015      .         .        +INF      0.005      
N024.N016      .         .        +INF      0.005      
N024.N017      .         .        +INF      0.005      
N024.N018      .         .        +INF  1.5003E-6      
N024.N019      .         .        +INF      0.005      
N024.N020      .         .        +INF      0.005      
N024.N021      .         .        +INF      0.005      
N024.N022      .         .        +INF      0.005      
N024.N023      .         .        +INF      0.005      
N024.N024      .         .        +INF      0.005      
N024.N025      .      129.351     +INF  1.5003E-6      
N024.N026      .         .        +INF      0.005      
N024.N027      .         .        +INF      0.005      
N024.N028      .         .        +INF      0.005      
N024.N029      .         .        +INF      0.005      
N025.N000      .         .        +INF      0.005      
N025.N001      .         .        +INF      0.005      
N025.N002      .         .        +INF      0.005      
N025.N003      .         .        +INF      0.005      
N025.N004      .         .        +INF      0.005      
N025.N005      .         .        +INF      0.005      
N025.N006      .         .        +INF      0.005      
N025.N007      .         .        +INF      0.005      
N025.N008      .         .        +INF      0.005      
N025.N009      .         .        +INF      0.005      
N025.N010      .         .        +INF      0.005      
N025.N011      .         .        +INF      0.005      
N025.N012      .         .        +INF      0.005      
N025.N013      .         .        +INF      0.005      
N025.N014      .         .        +INF      0.005      
N025.N015      .         .        +INF      0.005      
N025.N016      .         .        +INF      0.005      
N025.N017      .         .        +INF      0.005      
N025.N018      .         .        +INF      0.005      
N025.N019      .      129.351     +INF  1.5003E-6      
N025.N020      .         .        +INF      0.005      
N025.N021      .         .        +INF      0.005      
N025.N022      .         .        +INF      0.005      
N025.N023      .         .        +INF      0.005      
N025.N024      .      145.000     +INF  1.5003E-6      
N025.N025      .         .        +INF      0.005      
N025.N026      .         .        +INF  1.5003E-6      
N025.N027      .         .        +INF      0.005      
N025.N028      .         .        +INF      0.005      
N025.N029      .         .        +INF      0.005      
N026.N000      .         .        +INF      0.005      
N026.N001      .         .        +INF      0.005      
N026.N002      .         .        +INF      0.005      
N026.N003      .         .        +INF      0.005      
N026.N004      .         .        +INF      0.005      
N026.N005      .         .        +INF      0.005      
N026.N006      .         .        +INF      0.005      
N026.N007      .         .        +INF      0.005      
N026.N008      .         .        +INF      0.005      
N026.N009      .         .        +INF      0.005      
N026.N010      .         .        +INF      0.005      
N026.N011      .         .        +INF      0.005      
N026.N012      .         .        +INF      0.005      
N026.N013      .         .        +INF      0.005      
N026.N014      .         .        +INF      0.005      
N026.N015      .         .        +INF      0.005      
N026.N016      .         .        +INF      0.005      
N026.N017      .         .        +INF      0.005      
N026.N018      .         .        +INF      0.005      
N026.N019      .         .        +INF      0.005      
N026.N020      .         .        +INF  1.5003E-6      
N026.N021      .         .        +INF      0.005      
N026.N022      .         .        +INF      0.005      
N026.N023      .         .        +INF      0.005      
N026.N024      .         .        +INF      0.005      
N026.N025      .      145.000     +INF  1.5003E-6      
N026.N026      .         .        +INF      0.005      
N026.N027      .         .        +INF  1.5003E-6      
N026.N028      .         .        +INF      0.005      
N026.N029      .         .        +INF      0.005      
N027.N000      .         .        +INF      0.005      
N027.N001      .         .        +INF      0.005      
N027.N002      .         .        +INF      0.005      
N027.N003      .         .        +INF      0.005      
N027.N004      .         .        +INF      0.005      
N027.N005      .         .        +INF      0.005      
N027.N006      .         .        +INF      0.005      
N027.N007      .         .        +INF      0.005      
N027.N008      .         .        +INF      0.005      
N027.N009      .         .        +INF      0.005      
N027.N010      .         .        +INF      0.005      
N027.N011      .         .        +INF      0.005      
N027.N012      .         .        +INF      0.005      
N027.N013      .         .        +INF      0.005      
N027.N014      .         .        +INF      0.005      
N027.N015      .         .        +INF      0.005      
N027.N016      .         .        +INF      0.005      
N027.N017      .         .        +INF      0.005      
N027.N018      .         .        +INF      0.005      
N027.N019      .         .        +INF      0.005      
N027.N020      .         .        +INF      0.005      
N027.N021      .         .        +INF  1.5003E-6      
N027.N022      .         .        +INF      0.005      
N027.N023      .         .        +INF      0.005      
N027.N024      .         .        +INF      0.005      
N027.N025      .         .        +INF      0.005      
N027.N026      .      145.000     +INF  1.5003E-6      
N027.N027      .         .        +INF      0.005      
N027.N028      .         .        +INF  1.5003E-6      
N027.N029      .         .        +INF      0.005      
N028.N000      .         .        +INF      0.005      
N028.N001      .         .        +INF      0.005      
N028.N002      .         .        +INF      0.005      
N028.N003      .         .        +INF      0.005      
N028.N004      .         .        +INF      0.005      
N028.N005      .         .        +INF      0.005      
N028.N006      .         .        +INF      0.005      
N028.N007      .         .        +INF      0.005      
N028.N008      .         .        +INF      0.005      
N028.N009      .         .        +INF      0.005      
N028.N010      .         .        +INF      0.005      
N028.N011      .         .        +INF      0.005      
N028.N012      .         .        +INF      0.005      
N028.N013      .         .        +INF      0.005      
N028.N014      .         .        +INF      0.005      
N028.N015      .         .        +INF      0.005      
N028.N016      .         .        +INF      0.005      
N028.N017      .         .        +INF      0.005      
N028.N018      .         .        +INF      0.005      
N028.N019      .         .        +INF      0.005      
N028.N020      .         .        +INF      0.005      
N028.N021      .         .        +INF      0.005      
N028.N022      .         .        +INF  1.5003E-6      
N028.N023      .         .        +INF      0.005      
N028.N024      .         .        +INF      0.005      
N028.N025      .         .        +INF      0.005      
N028.N026      .         .        +INF      0.005      
N028.N027      .      145.000     +INF  1.5003E-6      
N028.N028      .         .        +INF      0.005      
N028.N029      .         .        +INF  1.5003E-6      
N029.N000      .         .        +INF      0.005      
N029.N001      .         .        +INF      0.005      
N029.N002      .         .        +INF      0.005      
N029.N003      .         .        +INF      0.005      
N029.N004      .         .        +INF      0.005      
N029.N005      .         .        +INF      0.005      
N029.N006      .         .        +INF      0.005      
N029.N007      .         .        +INF      0.005      
N029.N008      .         .        +INF      0.005      
N029.N009      .         .        +INF      0.005      
N029.N010      .         .        +INF      0.005      
N029.N011      .         .        +INF      0.005      
N029.N012      .         .        +INF      0.005      
N029.N013      .         .        +INF      0.005      
N029.N014      .         .        +INF      0.005      
N029.N015      .         .        +INF      0.005      
N029.N016      .         .        +INF      0.005      
N029.N017      .         .        +INF      0.005      
N029.N018      .         .        +INF      0.005      
N029.N019      .         .        +INF      0.005      
N029.N020      .         .        +INF      0.005      
N029.N021      .         .        +INF      0.005      
N029.N022      .         .        +INF      0.005      
N029.N023      .       80.000     +INF  1.5003E-6      
N029.N024      .         .        +INF      0.005      
N029.N025      .         .        +INF      0.005      
N029.N026      .         .        +INF      0.005      
N029.N027      .         .        +INF      0.005      
N029.N028      .      145.000     +INF  1.5003E-6      
N029.N029      .         .        +INF      0.005      

---- VAR alpha  LM of supply limit at node

        LOWER     LEVEL     UPPER    MARGINAL

N000      .        0.005     +INF       .         
N001      .        0.005     +INF       .         
N002      .        0.005     +INF       .         
N003      .        0.005     +INF       .         
N004      .        0.005     +INF       .         
N005      .        0.005     +INF       .         
N006      .        0.005     +INF       .         
N007      .        0.005     +INF       .         
N008      .        0.005     +INF       .         
N009      .        0.005     +INF       .         
N010      .        0.005     +INF       .         
N011      .        0.005     +INF       .         
N012      .        0.005     +INF       .         
N013      .        0.005     +INF       .         
N014      .        0.005     +INF       .         
N015      .        0.005     +INF       .         
N016      .        0.005     +INF       .         
N017      .        0.005     +INF       .         
N018      .        0.005     +INF       .         
N019      .        0.005     +INF       .         
N020      .        0.005     +INF       .         
N021      .        0.005     +INF       .         
N022      .        0.005     +INF       .         
N023      .        0.005     +INF       .         
N024      .        0.005     +INF       .         
N025      .        0.005     +INF       .         
N026      .        0.005     +INF       .         
N027      .        0.005     +INF       .         
N028      .        0.005     +INF       .         
N029      .        0.005     +INF  -2.84E-14      

---- VAR beta  LM of capacity limit of flow between nodes

             LOWER     LEVEL     UPPER    MARGINAL

N000.N000      .         .        +INF       EPS       
N000.N001      .         .        +INF    131.997      
N000.N002      .         .        +INF       EPS       
N000.N003      .         .        +INF       EPS       
N000.N004      .         .        +INF       EPS       
N000.N005      .         .        +INF       EPS       
N000.N006      .         .        +INF    145.000      
N000.N007      .         .        +INF       EPS       
N000.N008      .         .        +INF       EPS       
N000.N009      .         .        +INF       EPS       
N000.N010      .         .        +INF       EPS       
N000.N011      .         .        +INF       EPS       
N000.N012      .         .        +INF       EPS       
N000.N013      .         .        +INF       EPS       
N000.N014      .         .        +INF       EPS       
N000.N015      .         .        +INF       EPS       
N000.N016      .         .        +INF       EPS       
N000.N017      .         .        +INF       EPS       
N000.N018      .         .        +INF       EPS       
N000.N019      .         .        +INF       EPS       
N000.N020      .         .        +INF       EPS       
N000.N021      .         .        +INF       EPS       
N000.N022      .         .        +INF       EPS       
N000.N023      .         .        +INF       EPS       
N000.N024      .         .        +INF       EPS       
N000.N025      .         .        +INF       EPS       
N000.N026      .         .        +INF       EPS       
N000.N027      .         .        +INF       EPS       
N000.N028      .         .        +INF       EPS       
N000.N029      .         .        +INF       EPS       
N001.N000      .         .        +INF       EPS       
N001.N001      .         .        +INF       EPS       
N001.N002      .         .        +INF    145.000      
N001.N003      .         .        +INF       EPS       
N001.N004      .         .        +INF       EPS       
N001.N005      .         .        +INF       EPS       
N001.N006      .         .        +INF       EPS       
N001.N007      .         .        +INF    131.997      
N001.N008      .         .        +INF       EPS       
N001.N009      .         .        +INF       EPS       
N001.N010      .         .        +INF       EPS       
N001.N011      .         .        +INF       EPS       
N001.N012      .         .        +INF       EPS       
N001.N013      .         .        +INF       EPS       
N001.N014      .         .        +INF       EPS       
N001.N015      .         .        +INF       EPS       
N001.N016      .         .        +INF       EPS       
N001.N017      .         .        +INF       EPS       
N001.N018      .         .        +INF       EPS       
N001.N019      .         .        +INF       EPS       
N001.N020      .         .        +INF       EPS       
N001.N021      .         .        +INF       EPS       
N001.N022      .         .        +INF       EPS       
N001.N023      .         .        +INF       EPS       
N001.N024      .         .        +INF       EPS       
N001.N025      .         .        +INF       EPS       
N001.N026      .         .        +INF       EPS       
N001.N027      .         .        +INF       EPS       
N001.N028      .         .        +INF       EPS       
N001.N029      .         .        +INF       EPS       
N002.N000      .         .        +INF       EPS       
N002.N001      .         .        +INF       EPS       
N002.N002      .         .        +INF       EPS       
N002.N003      .         .        +INF    145.000      
N002.N004      .         .        +INF       EPS       
N002.N005      .         .        +INF       EPS       
N002.N006      .         .        +INF       EPS       
N002.N007      .         .        +INF       EPS       
N002.N008      .         .        +INF    145.000      
N002.N009      .         .        +INF       EPS       
N002.N010      .         .        +INF       EPS       
N002.N011      .         .        +INF       EPS       
N002.N012      .         .        +INF       EPS       
N002.N013      .         .        +INF       EPS       
N002.N014      .         .        +INF       EPS       
N002.N015      .         .        +INF       EPS       
N002.N016      .         .        +INF       EPS       
N002.N017      .         .        +INF       EPS       
N002.N018      .         .        +INF       EPS       
N002.N019      .         .        +INF       EPS       
N002.N020      .         .        +INF       EPS       
N002.N021      .         .        +INF       EPS       
N002.N022      .         .        +INF       EPS       
N002.N023      .         .        +INF       EPS       
N002.N024      .         .        +INF       EPS       
N002.N025      .         .        +INF       EPS       
N002.N026      .         .        +INF       EPS       
N002.N027      .         .        +INF       EPS       
N002.N028      .         .        +INF       EPS       
N002.N029      .         .        +INF       EPS       
N003.N000      .         .        +INF       EPS       
N003.N001      .         .        +INF       EPS       
N003.N002      .         .        +INF  -2.84E-14      
N003.N003      .         .        +INF       EPS       
N003.N004      .         .        +INF    145.000      
N003.N005      .         .        +INF       EPS       
N003.N006      .         .        +INF       EPS       
N003.N007      .         .        +INF       EPS       
N003.N008      .         .        +INF       EPS       
N003.N009      .         .        +INF    145.000      
N003.N010      .         .        +INF       EPS       
N003.N011      .         .        +INF       EPS       
N003.N012      .         .        +INF       EPS       
N003.N013      .         .        +INF       EPS       
N003.N014      .         .        +INF       EPS       
N003.N015      .         .        +INF       EPS       
N003.N016      .         .        +INF       EPS       
N003.N017      .         .        +INF       EPS       
N003.N018      .         .        +INF       EPS       
N003.N019      .         .        +INF       EPS       
N003.N020      .         .        +INF       EPS       
N003.N021      .         .        +INF       EPS       
N003.N022      .         .        +INF       EPS       
N003.N023      .         .        +INF       EPS       
N003.N024      .         .        +INF       EPS       
N003.N025      .         .        +INF       EPS       
N003.N026      .         .        +INF       EPS       
N003.N027      .         .        +INF       EPS       
N003.N028      .         .        +INF       EPS       
N003.N029      .         .        +INF       EPS       
N004.N000      .         .        +INF       EPS       
N004.N001      .         .        +INF       EPS       
N004.N002      .         .        +INF       EPS       
N004.N003      .         .        +INF  -2.84E-14      
N004.N004      .         .        +INF       EPS       
N004.N005      .         .        +INF    145.000      
N004.N006      .         .        +INF       EPS       
N004.N007      .         .        +INF       EPS       
N004.N008      .         .        +INF       EPS       
N004.N009      .         .        +INF       EPS       
N004.N010      .         .        +INF     90.000      
N004.N011      .         .        +INF       EPS       
N004.N012      .         .        +INF       EPS       
N004.N013      .         .        +INF       EPS       
N004.N014      .         .        +INF       EPS       
N004.N015      .         .        +INF       EPS       
N004.N016      .         .        +INF       EPS       
N004.N017      .         .        +INF       EPS       
N004.N018      .         .        +INF       EPS       
N004.N019      .         .        +INF       EPS       
N004.N020      .         .        +INF       EPS       
N004.N021      .         .        +INF       EPS       
N004.N022      .         .        +INF       EPS       
N004.N023      .         .        +INF       EPS       
N004.N024      .         .        +INF       EPS       
N004.N025      .         .        +INF       EPS       
N004.N026      .         .        +INF       EPS       
N004.N027      .         .        +INF       EPS       
N004.N028      .         .        +INF       EPS       
N004.N029      .         .        +INF       EPS       
N005.N000      .         .        +INF       EPS       
N005.N001      .         .        +INF       EPS       
N005.N002      .         .        +INF       EPS       
N005.N003      .         .        +INF       EPS       
N005.N004      .         .        +INF    145.000      
N005.N005      .         .        +INF       EPS       
N005.N006      .         .        +INF       EPS       
N005.N007      .         .        +INF       EPS       
N005.N008      .         .        +INF       EPS       
N005.N009      .         .        +INF       EPS       
N005.N010      .         .        +INF       EPS       
N005.N011      .         .        +INF    145.000      
N005.N012      .         .        +INF       EPS       
N005.N013      .         .        +INF       EPS       
N005.N014      .         .        +INF       EPS       
N005.N015      .         .        +INF       EPS       
N005.N016      .         .        +INF       EPS       
N005.N017      .         .        +INF       EPS       
N005.N018      .         .        +INF       EPS       
N005.N019      .         .        +INF       EPS       
N005.N020      .         .        +INF       EPS       
N005.N021      .         .        +INF       EPS       
N005.N022      .         .        +INF       EPS       
N005.N023      .         .        +INF       EPS       
N005.N024      .         .        +INF       EPS       
N005.N025      .         .        +INF       EPS       
N005.N026      .         .        +INF       EPS       
N005.N027      .         .        +INF       EPS       
N005.N028      .         .        +INF       EPS       
N005.N029      .         .        +INF       EPS       
N006.N000      .         .        +INF       EPS       
N006.N001      .         .        +INF       EPS       
N006.N002      .         .        +INF       EPS       
N006.N003      .         .        +INF       EPS       
N006.N004      .         .        +INF       EPS       
N006.N005      .         .        +INF       EPS       
N006.N006      .         .        +INF       EPS       
N006.N007      .         .        +INF    145.000      
N006.N008      .         .        +INF       EPS       
N006.N009      .         .        +INF       EPS       
N006.N010      .         .        +INF       EPS       
N006.N011      .         .        +INF       EPS       
N006.N012      .         .        +INF    145.000      
N006.N013      .         .        +INF       EPS       
N006.N014      .         .        +INF       EPS       
N006.N015      .         .        +INF       EPS       
N006.N016      .         .        +INF       EPS       
N006.N017      .         .        +INF       EPS       
N006.N018      .         .        +INF       EPS       
N006.N019      .         .        +INF       EPS       
N006.N020      .         .        +INF       EPS       
N006.N021      .         .        +INF       EPS       
N006.N022      .         .        +INF       EPS       
N006.N023      .         .        +INF       EPS       
N006.N024      .         .        +INF       EPS       
N006.N025      .         .        +INF       EPS       
N006.N026      .         .        +INF       EPS       
N006.N027      .         .        +INF       EPS       
N006.N028      .         .        +INF       EPS       
N006.N029      .         .        +INF       EPS       
N007.N000      .         .        +INF       EPS       
N007.N001      .         .        +INF    145.000      
N007.N002      .         .        +INF       EPS       
N007.N003      .         .        +INF       EPS       
N007.N004      .         .        +INF       EPS       
N007.N005      .         .        +INF       EPS       
N007.N006      .         .        +INF       EPS       
N007.N007      .         .        +INF       EPS       
N007.N008      .         .        +INF    145.000      
N007.N009      .         .        +INF       EPS       
N007.N010      .         .        +INF       EPS       
N007.N011      .         .        +INF       EPS       
N007.N012      .         .        +INF       EPS       
N007.N013      .         .        +INF    145.000      
N007.N014      .         .        +INF       EPS       
N007.N015      .         .        +INF       EPS       
N007.N016      .         .        +INF       EPS       
N007.N017      .         .        +INF       EPS       
N007.N018      .         .        +INF       EPS       
N007.N019      .         .        +INF       EPS       
N007.N020      .         .        +INF       EPS       
N007.N021      .         .        +INF       EPS       
N007.N022      .         .        +INF       EPS       
N007.N023      .         .        +INF       EPS       
N007.N024      .         .        +INF       EPS       
N007.N025      .         .        +INF       EPS       
N007.N026      .         .        +INF       EPS       
N007.N027      .         .        +INF       EPS       
N007.N028      .         .        +INF       EPS       
N007.N029      .         .        +INF       EPS       
N008.N000      .         .        +INF       EPS       
N008.N001      .         .        +INF       EPS       
N008.N002      .         .        +INF    145.000      
N008.N003      .         .        +INF       EPS       
N008.N004      .         .        +INF       EPS       
N008.N005      .         .        +INF       EPS       
N008.N006      .         .        +INF       EPS       
N008.N007      .         .        +INF       EPS       
N008.N008      .         .        +INF       EPS       
N008.N009      .         .        +INF    145.000      
N008.N010      .         .        +INF       EPS       
N008.N011      .         .        +INF       EPS       
N008.N012      .         .        +INF       EPS       
N008.N013      .         .        +INF       EPS       
N008.N014      .         .        +INF    145.000      
N008.N015      .         .        +INF       EPS       
N008.N016      .         .        +INF       EPS       
N008.N017      .         .        +INF       EPS       
N008.N018      .         .        +INF       EPS       
N008.N019      .         .        +INF       EPS       
N008.N020      .         .        +INF       EPS       
N008.N021      .         .        +INF       EPS       
N008.N022      .         .        +INF       EPS       
N008.N023      .         .        +INF       EPS       
N008.N024      .         .        +INF       EPS       
N008.N025      .         .        +INF       EPS       
N008.N026      .         .        +INF       EPS       
N008.N027      .         .        +INF       EPS       
N008.N028      .         .        +INF       EPS       
N008.N029      .         .        +INF       EPS       
N009.N000      .         .        +INF       EPS       
N009.N001      .         .        +INF       EPS       
N009.N002      .         .        +INF       EPS       
N009.N003      .         .        +INF    145.000      
N009.N004      .         .        +INF       EPS       
N009.N005      .         .        +INF       EPS       
N009.N006      .         .        +INF       EPS       
N009.N007      .         .        +INF       EPS       
N009.N008      .         .        +INF     90.000      
N009.N009      .         .        +INF       EPS       
N009.N010      .         .        +INF    145.000      
N009.N011      .         .        +INF       EPS       
N009.N012      .         .        +INF       EPS       
N009.N013      .         .        +INF       EPS       
N009.N014      .         .        +INF       EPS       
N009.N015      .         .        +INF    145.000      
N009.N016      .         .        +INF       EPS       
N009.N017      .         .        +INF       EPS       
N009.N018      .         .        +INF       EPS       
N009.N019      .         .        +INF       EPS       
N009.N020      .         .        +INF       EPS       
N009.N021      .         .        +INF       EPS       
N009.N022      .         .        +INF       EPS       
N009.N023      .         .        +INF       EPS       
N009.N024      .         .        +INF       EPS       
N009.N025      .         .        +INF       EPS       
N009.N026      .         .        +INF       EPS       
N009.N027      .         .        +INF       EPS       
N009.N028      .         .        +INF       EPS       
N009.N029      .         .        +INF       EPS       
N010.N000      .         .        +INF       EPS       
N010.N001      .         .        +INF       EPS       
N010.N002      .         .        +INF       EPS       
N010.N003      .         .        +INF       EPS       
N010.N004      .         .        +INF    145.000      
N010.N005      .         .        +INF       EPS       
N010.N006      .         .        +INF       EPS       
N010.N007      .         .        +INF       EPS       
N010.N008      .         .        +INF       EPS       
N010.N009      .         .        +INF     90.000      
N010.N010      .         .        +INF       EPS       
N010.N011      .         .        +INF    145.000      
N010.N012      .         .        +INF       EPS       
N010.N013      .         .        +INF       EPS       
N010.N014      .         .        +INF       EPS       
N010.N015      .         .        +INF       EPS       
N010.N016      .         .        +INF    145.000      
N010.N017      .         .        +INF       EPS       
N010.N018      .         .        +INF       EPS       
N010.N019      .         .        +INF       EPS       
N010.N020      .         .        +INF       EPS       
N010.N021      .         .        +INF       EPS       
N010.N022      .         .        +INF       EPS       
N010.N023      .         .        +INF       EPS       
N010.N024      .         .        +INF       EPS       
N010.N025      .         .        +INF       EPS       
N010.N026      .         .        +INF       EPS       
N010.N027      .         .        +INF       EPS       
N010.N028      .         .        +INF       EPS       
N010.N029      .         .        +INF       EPS       
N011.N000      .         .        +INF       EPS       
N011.N001      .         .        +INF       EPS       
N011.N002      .         .        +INF       EPS       
N011.N003      .         .        +INF       EPS       
N011.N004      .         .        +INF       EPS       
N011.N005      .         .        +INF    145.000      
N011.N006      .         .        +INF       EPS       
N011.N007      .         .        +INF       EPS       
N011.N008      .         .        +INF       EPS       
N011.N009      .         .        +INF       EPS       
N011.N010      .         .        +INF    145.000      
N011.N011      .         .        +INF       EPS       
N011.N012      .         .        +INF       EPS       
N011.N013      .         .        +INF       EPS       
N011.N014      .         .        +INF       EPS       
N011.N015      .         .        +INF       EPS       
N011.N016      .         .        +INF       EPS       
N011.N017      .         .        +INF    145.000      
N011.N018      .         .        +INF       EPS       
N011.N019      .         .        +INF       EPS       
N011.N020      .         .        +INF       EPS       
N011.N021      .         .        +INF       EPS       
N011.N022      .         .        +INF       EPS       
N011.N023      .         .        +INF       EPS       
N011.N024      .         .        +INF       EPS       
N011.N025      .         .        +INF       EPS       
N011.N026      .         .        +INF       EPS       
N011.N027      .         .        +INF       EPS       
N011.N028      .         .        +INF       EPS       
N011.N029      .         .        +INF       EPS       
N012.N000      .         .        +INF       EPS       
N012.N001      .         .        +INF       EPS       
N012.N002      .         .        +INF       EPS       
N012.N003      .         .        +INF       EPS       
N012.N004      .         .        +INF       EPS       
N012.N005      .         .        +INF       EPS       
N012.N006      .         .        +INF    145.000      
N012.N007      .         .        +INF       EPS       
N012.N008      .         .        +INF       EPS       
N012.N009      .         .        +INF       EPS       
N012.N010      .         .        +INF       EPS       
N012.N011      .         .        +INF       EPS       
N012.N012      .         .        +INF       EPS       
N012.N013      .         .        +INF    145.000      
N012.N014      .         .        +INF       EPS       
N012.N015      .         .        +INF       EPS       
N012.N016      .         .        +INF       EPS       
N012.N017      .         .        +INF       EPS       
N012.N018      .         .        +INF    145.000      
N012.N019      .         .        +INF       EPS       
N012.N020      .         .        +INF       EPS       
N012.N021      .         .        +INF       EPS       
N012.N022      .         .        +INF       EPS       
N012.N023      .         .        +INF       EPS       
N012.N024      .         .        +INF       EPS       
N012.N025      .         .        +INF       EPS       
N012.N026      .         .        +INF       EPS       
N012.N027      .         .        +INF       EPS       
N012.N028      .         .        +INF       EPS       
N012.N029      .         .        +INF       EPS       
N013.N000      .         .        +INF       EPS       
N013.N001      .         .        +INF       EPS       
N013.N002      .         .        +INF       EPS       
N013.N003      .         .        +INF       EPS       
N013.N004      .         .        +INF       EPS       
N013.N005      .         .        +INF       EPS       
N013.N006      .         .        +INF       EPS       
N013.N007      .         .        +INF    133.818      
N013.N008      .         .        +INF       EPS       
N013.N009      .         .        +INF       EPS       
N013.N010      .         .        +INF       EPS       
N013.N011      .         .        +INF       EPS       
N013.N012      .         .        +INF    145.000      
N013.N013      .         .        +INF       EPS       
N013.N014      .         .        +INF    145.000      
N013.N015      .         .        +INF       EPS       
N013.N016      .         .        +INF       EPS       
N013.N017      .         .        +INF       EPS       
N013.N018      .         .        +INF       EPS       
N013.N019      .         .        +INF    145.000      
N013.N020      .         .        +INF       EPS       
N013.N021      .         .        +INF       EPS       
N013.N022      .         .        +INF       EPS       
N013.N023      .         .        +INF       EPS       
N013.N024      .         .        +INF       EPS       
N013.N025      .         .        +INF       EPS       
N013.N026      .         .        +INF       EPS       
N013.N027      .         .        +INF       EPS       
N013.N028      .         .        +INF       EPS       
N013.N029      .         .        +INF       EPS       
N014.N000      .         .        +INF       EPS       
N014.N001      .         .        +INF       EPS       
N014.N002      .         .        +INF       EPS       
N014.N003      .         .        +INF       EPS       
N014.N004      .         .        +INF       EPS       
N014.N005      .         .        +INF       EPS       
N014.N006      .         .        +INF       EPS       
N014.N007      .         .        +INF       EPS       
N014.N008      .         .        +INF     55.000      
N014.N009      .         .        +INF       EPS       
N014.N010      .         .        +INF       EPS       
N014.N011      .         .        +INF       EPS       
N014.N012      .         .        +INF       EPS       
N014.N013      .         .        +INF    133.818      
N014.N014      .         .        +INF       EPS       
N014.N015      .         .        +INF    145.000      
N014.N016      .         .        +INF       EPS       
N014.N017      .         .        +INF       EPS       
N014.N018      .         .        +INF       EPS       
N014.N019      .         .        +INF       EPS       
N014.N020      .         .        +INF    145.000      
N014.N021      .         .        +INF       EPS       
N014.N022      .         .        +INF       EPS       
N014.N023      .         .        +INF       EPS       
N014.N024      .         .        +INF       EPS       
N014.N025      .         .        +INF       EPS       
N014.N026      .         .        +INF       EPS       
N014.N027      .         .        +INF       EPS       
N014.N028      .         .        +INF       EPS       
N014.N029      .         .        +INF       EPS       
N015.N000      .         .        +INF       EPS       
N015.N001      .         .        +INF       EPS       
N015.N002      .         .        +INF       EPS       
N015.N003      .         .        +INF       EPS       
N015.N004      .         .        +INF       EPS       
N015.N005      .         .        +INF       EPS       
N015.N006      .         .        +INF       EPS       
N015.N007      .         .        +INF       EPS       
N015.N008      .         .        +INF       EPS       
N015.N009      .         .        +INF    145.000      
N015.N010      .         .        +INF       EPS       
N015.N011      .         .        +INF       EPS       
N015.N012      .         .        +INF       EPS       
N015.N013      .         .        +INF       EPS       
N015.N014      .         .        +INF     43.818      
N015.N015      .         .        +INF       EPS       
N015.N016      .         .        +INF    145.000      
N015.N017      .         .        +INF       EPS       
N015.N018      .         .        +INF       EPS       
N015.N019      .         .        +INF       EPS       
N015.N020      .         .        +INF       EPS       
N015.N021      .         .        +INF    145.000      
N015.N022      .         .        +INF       EPS       
N015.N023      .         .        +INF       EPS       
N015.N024      .         .        +INF       EPS       
N015.N025      .         .        +INF       EPS       
N015.N026      .         .        +INF       EPS       
N015.N027      .         .        +INF       EPS       
N015.N028      .         .        +INF       EPS       
N015.N029      .         .        +INF       EPS       
N016.N000      .         .        +INF       EPS       
N016.N001      .         .        +INF       EPS       
N016.N002      .         .        +INF       EPS       
N016.N003      .         .        +INF       EPS       
N016.N004      .         .        +INF       EPS       
N016.N005      .         .        +INF       EPS       
N016.N006      .         .        +INF       EPS       
N016.N007      .         .        +INF       EPS       
N016.N008      .         .        +INF       EPS       
N016.N009      .         .        +INF       EPS       
N016.N010      .         .        +INF    145.000      
N016.N011      .         .        +INF       EPS       
N016.N012      .         .        +INF       EPS       
N016.N013      .         .        +INF       EPS       
N016.N014      .         .        +INF       EPS       
N016.N015      .         .        +INF     43.818      
N016.N016      .         .        +INF       EPS       
N016.N017      .         .        +INF    145.000      
N016.N018      .         .        +INF       EPS       
N016.N019      .         .        +INF       EPS       
N016.N020      .         .        +INF       EPS       
N016.N021      .         .        +INF       EPS       
N016.N022      .         .        +INF    145.000      
N016.N023      .         .        +INF       EPS       
N016.N024      .         .        +INF       EPS       
N016.N025      .         .        +INF       EPS       
N016.N026      .         .        +INF       EPS       
N016.N027      .         .        +INF       EPS       
N016.N028      .         .        +INF       EPS       
N016.N029      .         .        +INF       EPS       
N017.N000      .         .        +INF       EPS       
N017.N001      .         .        +INF       EPS       
N017.N002      .         .        +INF       EPS       
N017.N003      .         .        +INF       EPS       
N017.N004      .         .        +INF       EPS       
N017.N005      .         .        +INF       EPS       
N017.N006      .         .        +INF       EPS       
N017.N007      .         .        +INF       EPS       
N017.N008      .         .        +INF       EPS       
N017.N009      .         .        +INF       EPS       
N017.N010      .         .        +INF       EPS       
N017.N011      .         .        +INF    145.000      
N017.N012      .         .        +INF       EPS       
N017.N013      .         .        +INF       EPS       
N017.N014      .         .        +INF       EPS       
N017.N015      .         .        +INF       EPS       
N017.N016      .         .        +INF    145.000      
N017.N017      .         .        +INF       EPS       
N017.N018      .         .        +INF       EPS       
N017.N019      .         .        +INF       EPS       
N017.N020      .         .        +INF       EPS       
N017.N021      .         .        +INF       EPS       
N017.N022      .         .        +INF       EPS       
N017.N023      .         .        +INF    145.000      
N017.N024      .         .        +INF       EPS       
N017.N025      .         .        +INF       EPS       
N017.N026      .         .        +INF       EPS       
N017.N027      .         .        +INF       EPS       
N017.N028      .         .        +INF       EPS       
N017.N029      .         .        +INF       EPS       
N018.N000      .         .        +INF       EPS       
N018.N001      .         .        +INF       EPS       
N018.N002      .         .        +INF       EPS       
N018.N003      .         .        +INF       EPS       
N018.N004      .         .        +INF       EPS       
N018.N005      .         .        +INF       EPS       
N018.N006      .         .        +INF       EPS       
N018.N007      .         .        +INF       EPS       
N018.N008      .         .        +INF       EPS       
N018.N009      .         .        +INF       EPS       
N018.N010      .         .        +INF       EPS       
N018.N011      .         .        +INF       EPS       
N018.N012      .         .        +INF    145.000      
N018.N013      .         .        +INF       EPS       
N018.N014      .         .        +INF       EPS       
N018.N015      .         .        +INF       EPS       
N018.N016      .         .        +INF       EPS       
N018.N017      .         .        +INF       EPS       
N018.N018      .         .        +INF       EPS       
N018.N019      .         .        +INF    145.000      
N018.N020      .         .        +INF       EPS       
N018.N021      .         .        +INF       EPS       
N018.N022      .         .        +INF       EPS       
N018.N023      .         .        +INF       EPS       
N018.N024      .         .        +INF       EPS       
N018.N025      .         .        +INF       EPS       
N018.N026      .         .        +INF       EPS       
N018.N027      .         .        +INF       EPS       
N018.N028      .         .        +INF       EPS       
N018.N029      .         .        +INF       EPS       
N019.N000      .         .        +INF       EPS       
N019.N001      .         .        +INF       EPS       
N019.N002      .         .        +INF       EPS       
N019.N003      .         .        +INF       EPS       
N019.N004      .         .        +INF       EPS       
N019.N005      .         .        +INF       EPS       
N019.N006      .         .        +INF       EPS       
N019.N007      .         .        +INF       EPS       
N019.N008      .         .        +INF       EPS       
N019.N009      .         .        +INF       EPS       
N019.N010      .         .        +INF       EPS       
N019.N011      .         .        +INF       EPS       
N019.N012      .         .        +INF       EPS       
N019.N013      .         .        +INF    145.000      
N019.N014      .         .        +INF       EPS       
N019.N015      .         .        +INF       EPS       
N019.N016      .         .        +INF       EPS       
N019.N017      .         .        +INF       EPS       
N019.N018      .         .        +INF       EPS       
N019.N019      .         .        +INF       EPS       
N019.N020      .         .        +INF    145.000      
N019.N021      .         .        +INF       EPS       
N019.N022      .         .        +INF       EPS       
N019.N023      .         .        +INF       EPS       
N019.N024      .         .        +INF       EPS       
N019.N025      .         .        +INF    145.000      
N019.N026      .         .        +INF       EPS       
N019.N027      .         .        +INF       EPS       
N019.N028      .         .        +INF       EPS       
N019.N029      .         .        +INF       EPS       
N020.N000      .         .        +INF       EPS       
N020.N001      .         .        +INF       EPS       
N020.N002      .         .        +INF       EPS       
N020.N003      .         .        +INF       EPS       
N020.N004      .         .        +INF       EPS       
N020.N005      .         .        +INF       EPS       
N020.N006      .         .        +INF       EPS       
N020.N007      .         .        +INF       EPS       
N020.N008      .         .        +INF       EPS       
N020.N009      .         .        +INF       EPS       
N020.N010      .         .        +INF       EPS       
N020.N011      .         .        +INF       EPS       
N020.N012      .         .        +INF       EPS       
N020.N013      .         .        +INF       EPS       
N020.N014      .         .        +INF    145.000      
N020.N015      .         .        +INF       EPS       
N020.N016      .         .        +INF       EPS       
N020.N017      .         .        +INF       EPS       
N020.N018      .         .        +INF       EPS       
N020.N019      .         .        +INF     56.182      
N020.N020      .         .        +INF       EPS       
N020.N021      .         .        +INF    145.000      
N020.N022      .         .        +INF       EPS       
N020.N023      .         .        +INF       EPS       
N020.N024      .         .        +INF       EPS       
N020.N025      .         .        +INF       EPS       
N020.N026      .         .        +INF    145.000      
N020.N027      .         .        +INF       EPS       
N020.N028      .         .        +INF       EPS       
N020.N029      .         .        +INF       EPS       
N021.N000      .         .        +INF       EPS       
N021.N001      .         .        +INF       EPS       
N021.N002      .         .        +INF       EPS       
N021.N003      .         .        +INF       EPS       
N021.N004      .         .        +INF       EPS       
N021.N005      .         .        +INF       EPS       
N021.N006      .         .        +INF       EPS       
N021.N007      .         .        +INF       EPS       
N021.N008      .         .        +INF       EPS       
N021.N009      .         .        +INF       EPS       
N021.N010      .         .        +INF       EPS       
N021.N011      .         .        +INF       EPS       
N021.N012      .         .        +INF       EPS       
N021.N013      .         .        +INF       EPS       
N021.N014      .         .        +INF       EPS       
N021.N015      .         .        +INF    145.000      
N021.N016      .         .        +INF       EPS       
N021.N017      .         .        +INF       EPS       
N021.N018      .         .        +INF       EPS       
N021.N019      .         .        +INF       EPS       
N021.N020      .         .        +INF     56.182      
N021.N021      .         .        +INF       EPS       
N021.N022      .         .        +INF    145.000      
N021.N023      .         .        +INF       EPS       
N021.N024      .         .        +INF       EPS       
N021.N025      .         .        +INF       EPS       
N021.N026      .         .        +INF       EPS       
N021.N027      .         .        +INF    145.000      
N021.N028      .         .        +INF       EPS       
N021.N029      .         .        +INF       EPS       
N022.N000      .         .        +INF       EPS       
N022.N001      .         .        +INF       EPS       
N022.N002      .         .        +INF       EPS       
N022.N003      .         .        +INF       EPS       
N022.N004      .         .        +INF       EPS       
N022.N005      .         .        +INF       EPS       
N022.N006      .         .        +INF       EPS       
N022.N007      .         .        +INF       EPS       
N022.N008      .         .        +INF       EPS       
N022.N009      .         .        +INF       EPS       
N022.N010      .         .        +INF       EPS       
N022.N011      .         .        +INF       EPS       
N022.N012      .         .        +INF       EPS       
N022.N013      .         .        +INF       EPS       
N022.N014      .         .        +INF       EPS       
N022.N015      .         .        +INF       EPS       
N022.N016      .         .        +INF     43.818      
N022.N017      .         .        +INF       EPS       
N022.N018      .         .        +INF       EPS       
N022.N019      .         .        +INF       EPS       
N022.N020      .         .        +INF       EPS       
N022.N021      .         .        +INF     56.182      
N022.N022      .         .        +INF       EPS       
N022.N023      .         .        +INF    145.000      
N022.N024      .         .        +INF       EPS       
N022.N025      .         .        +INF       EPS       
N022.N026      .         .        +INF       EPS       
N022.N027      .         .        +INF       EPS       
N022.N028      .         .        +INF    145.000      
N022.N029      .         .        +INF       EPS       
N023.N000      .         .        +INF       EPS       
N023.N001      .         .        +INF       EPS       
N023.N002      .         .        +INF       EPS       
N023.N003      .         .        +INF       EPS       
N023.N004      .         .        +INF       EPS       
N023.N005      .         .        +INF       EPS       
N023.N006      .         .        +INF       EPS       
N023.N007      .         .        +INF       EPS       
N023.N008      .         .        +INF       EPS       
N023.N009      .         .        +INF       EPS       
N023.N010      .         .        +INF       EPS       
N023.N011      .         .        +INF       EPS       
N023.N012      .         .        +INF       EPS       
N023.N013      .         .        +INF       EPS       
N023.N014      .         .        +INF       EPS       
N023.N015      .         .        +INF       EPS       
N023.N016      .         .        +INF       EPS       
N023.N017      .         .        +INF    145.000      
N023.N018      .         .        +INF       EPS       
N023.N019      .         .        +INF       EPS       
N023.N020      .         .        +INF       EPS       
N023.N021      .         .        +INF       EPS       
N023.N022      .         .        +INF     65.000      
N023.N023      .         .        +INF       EPS       
N023.N024      .         .        +INF       EPS       
N023.N025      .         .        +INF       EPS       
N023.N026      .         .        +INF       EPS       
N023.N027      .         .        +INF       EPS       
N023.N028      .         .        +INF       EPS       
N023.N029      .         .        +INF    145.000      
N024.N000      .         .        +INF       EPS       
N024.N001      .         .        +INF       EPS       
N024.N002      .         .        +INF       EPS       
N024.N003      .         .        +INF       EPS       
N024.N004      .         .        +INF       EPS       
N024.N005      .         .        +INF       EPS       
N024.N006      .         .        +INF       EPS       
N024.N007      .         .        +INF       EPS       
N024.N008      .         .        +INF       EPS       
N024.N009      .         .        +INF       EPS       
N024.N010      .         .        +INF       EPS       
N024.N011      .         .        +INF       EPS       
N024.N012      .         .        +INF       EPS       
N024.N013      .         .        +INF       EPS       
N024.N014      .         .        +INF       EPS       
N024.N015      .         .        +INF       EPS       
N024.N016      .         .        +INF       EPS       
N024.N017      .         .        +INF       EPS       
N024.N018      .         .        +INF    145.000      
N024.N019      .         .        +INF       EPS       
N024.N020      .         .        +INF       EPS       
N024.N021      .         .        +INF       EPS       
N024.N022      .         .        +INF       EPS       
N024.N023      .         .        +INF       EPS       
N024.N024      .         .        +INF       EPS       
N024.N025      .         .        +INF     15.649      
N024.N026      .         .        +INF       EPS       
N024.N027      .         .        +INF       EPS       
N024.N028      .         .        +INF       EPS       
N024.N029      .         .        +INF       EPS       
N025.N000      .         .        +INF       EPS       
N025.N001      .         .        +INF       EPS       
N025.N002      .         .        +INF       EPS       
N025.N003      .         .        +INF       EPS       
N025.N004      .         .        +INF       EPS       
N025.N005      .         .        +INF       EPS       
N025.N006      .         .        +INF       EPS       
N025.N007      .         .        +INF       EPS       
N025.N008      .         .        +INF       EPS       
N025.N009      .         .        +INF       EPS       
N025.N010      .         .        +INF       EPS       
N025.N011      .         .        +INF       EPS       
N025.N012      .         .        +INF       EPS       
N025.N013      .         .        +INF       EPS       
N025.N014      .         .        +INF       EPS       
N025.N015      .         .        +INF       EPS       
N025.N016      .         .        +INF       EPS       
N025.N017      .         .        +INF       EPS       
N025.N018      .         .        +INF       EPS       
N025.N019      .         .        +INF     15.649      
N025.N020      .         .        +INF       EPS       
N025.N021      .         .        +INF       EPS       
N025.N022      .         .        +INF       EPS       
N025.N023      .         .        +INF       EPS       
N025.N024      .         .        +INF       EPS       
N025.N025      .         .        +INF       EPS       
N025.N026      .         .        +INF    145.000      
N025.N027      .         .        +INF       EPS       
N025.N028      .         .        +INF       EPS       
N025.N029      .         .        +INF       EPS       
N026.N000      .         .        +INF       EPS       
N026.N001      .         .        +INF       EPS       
N026.N002      .         .        +INF       EPS       
N026.N003      .         .        +INF       EPS       
N026.N004      .         .        +INF       EPS       
N026.N005      .         .        +INF       EPS       
N026.N006      .         .        +INF       EPS       
N026.N007      .         .        +INF       EPS       
N026.N008      .         .        +INF       EPS       
N026.N009      .         .        +INF       EPS       
N026.N010      .         .        +INF       EPS       
N026.N011      .         .        +INF       EPS       
N026.N012      .         .        +INF       EPS       
N026.N013      .         .        +INF       EPS       
N026.N014      .         .        +INF       EPS       
N026.N015      .         .        +INF       EPS       
N026.N016      .         .        +INF       EPS       
N026.N017      .         .        +INF       EPS       
N026.N018      .         .        +INF       EPS       
N026.N019      .         .        +INF       EPS       
N026.N020      .         .        +INF    145.000      
N026.N021      .         .        +INF       EPS       
N026.N022      .         .        +INF       EPS       
N026.N023      .         .        +INF       EPS       
N026.N024      .         .        +INF       EPS       
N026.N025      .         .        +INF       EPS       
N026.N026      .         .        +INF       EPS       
N026.N027      .         .        +INF    145.000      
N026.N028      .         .        +INF       EPS       
N026.N029      .         .        +INF       EPS       
N027.N000      .         .        +INF       EPS       
N027.N001      .         .        +INF       EPS       
N027.N002      .         .        +INF       EPS       
N027.N003      .         .        +INF       EPS       
N027.N004      .         .        +INF       EPS       
N027.N005      .         .        +INF       EPS       
N027.N006      .         .        +INF       EPS       
N027.N007      .         .        +INF       EPS       
N027.N008      .         .        +INF       EPS       
N027.N009      .         .        +INF       EPS       
N027.N010      .         .        +INF       EPS       
N027.N011      .         .        +INF       EPS       
N027.N012      .         .        +INF       EPS       
N027.N013      .         .        +INF       EPS       
N027.N014      .         .        +INF       EPS       
N027.N015      .         .        +INF       EPS       
N027.N016      .         .        +INF       EPS       
N027.N017      .         .        +INF       EPS       
N027.N018      .         .        +INF       EPS       
N027.N019      .         .        +INF       EPS       
N027.N020      .         .        +INF       EPS       
N027.N021      .         .        +INF    145.000      
N027.N022      .         .        +INF       EPS       
N027.N023      .         .        +INF       EPS       
N027.N024      .         .        +INF       EPS       
N027.N025      .         .        +INF       EPS       
N027.N026      .         .        +INF  -2.84E-14      
N027.N027      .         .        +INF       EPS       
N027.N028      .         .        +INF    145.000      
N027.N029      .         .        +INF       EPS       
N028.N000      .         .        +INF       EPS       
N028.N001      .         .        +INF       EPS       
N028.N002      .         .        +INF       EPS       
N028.N003      .         .        +INF       EPS       
N028.N004      .         .        +INF       EPS       
N028.N005      .         .        +INF       EPS       
N028.N006      .         .        +INF       EPS       
N028.N007      .         .        +INF       EPS       
N028.N008      .         .        +INF       EPS       
N028.N009      .         .        +INF       EPS       
N028.N010      .         .        +INF       EPS       
N028.N011      .         .        +INF       EPS       
N028.N012      .         .        +INF       EPS       
N028.N013      .         .        +INF       EPS       
N028.N014      .         .        +INF       EPS       
N028.N015      .         .        +INF       EPS       
N028.N016      .         .        +INF       EPS       
N028.N017      .         .        +INF       EPS       
N028.N018      .         .        +INF       EPS       
N028.N019      .         .        +INF       EPS       
N028.N020      .         .        +INF       EPS       
N028.N021      .         .        +INF       EPS       
N028.N022      .         .        +INF    145.000      
N028.N023      .         .        +INF       EPS       
N028.N024      .         .        +INF       EPS       
N028.N025      .         .        +INF       EPS       
N028.N026      .         .        +INF       EPS       
N028.N027      .         .        +INF       EPS       
N028.N028      .         .        +INF       EPS       
N028.N029      .         .        +INF    145.000      
N029.N000      .         .        +INF       EPS       
N029.N001      .         .        +INF       EPS       
N029.N002      .         .        +INF       EPS       
N029.N003      .         .        +INF       EPS       
N029.N004      .         .        +INF       EPS       
N029.N005      .         .        +INF       EPS       
N029.N006      .         .        +INF       EPS       
N029.N007      .         .        +INF       EPS       
N029.N008      .         .        +INF       EPS       
N029.N009      .         .        +INF       EPS       
N029.N010      .         .        +INF       EPS       
N029.N011      .         .        +INF       EPS       
N029.N012      .         .        +INF       EPS       
N029.N013      .         .        +INF       EPS       
N029.N014      .         .        +INF       EPS       
N029.N015      .         .        +INF       EPS       
N029.N016      .         .        +INF       EPS       
N029.N017      .         .        +INF       EPS       
N029.N018      .         .        +INF       EPS       
N029.N019      .         .        +INF       EPS       
N029.N020      .         .        +INF       EPS       
N029.N021      .         .        +INF       EPS       
N029.N022      .         .        +INF       EPS       
N029.N023      .         .        +INF     65.000      
N029.N024      .         .        +INF       EPS       
N029.N025      .         .        +INF       EPS       
N029.N026      .         .        +INF       EPS       
N029.N027      .         .        +INF       EPS       
N029.N028      .         .        +INF  2.842E-14      
N029.N029      .         .        +INF       EPS       

                       LOWER     LEVEL     UPPER    MARGINAL

---- VAR lambda          .         .        +INF  16051.529      

  lambda  LM of total movement limit

---- VAR phi  LM of flow balance at a node

        LOWER     LEVEL     UPPER    MARGINAL

N000      .        0.005     +INF  5.684E-14      
N001      .        0.005     +INF  -5.68E-14      
N002      .        0.005     +INF  2.842E-14      
N003      .        0.005     +INF       .         
N004      .        0.005     +INF  -4.26E-14      
N005      .        0.005     +INF       .         
N006      .        0.005     +INF       .         
N007      .        0.005     +INF  5.329E-15      
N008      .        0.005     +INF       .         
N009      .        0.005     +INF  -1.42E-14      
N010      .        0.005     +INF  -7.11E-15      
N011      .        0.005     +INF       .         
N012      .        0.005     +INF       .         
N013      .        0.005     +INF       .         
N014      .        0.005     +INF       .         
N015      .        0.005     +INF  1.421E-14      
N016      .        0.005     +INF  1.421E-14      
N017      .        0.005     +INF       .         
N018      .        0.005     +INF       .         
N019      .        0.005     +INF  -2.84E-14      
N020      .        0.005     +INF  1.421E-14      
N021      .        0.005     +INF  1.421E-14      
N022      .        0.005     +INF  -5.68E-14      
N023      .        0.005     +INF  -1.42E-14      
N024      .        0.005     +INF  -2.84E-14      
N025      .        0.005     +INF  -2.84E-14      
N026      .        0.005     +INF  2.842E-14      
N027      .        0.005     +INF  -2.84E-14      
N028      .        0.005     +INF  -2.84E-14      
N029      .        0.005     +INF  5.684E-14      

---- VAR eta  LM of stockpile limit at a node

        LOWER     LEVEL     UPPER    MARGINAL

N000      .         .        +INF  -5.68E-14      
N001      .         .        +INF  5.684E-14      
N002      .         .        +INF  -2.84E-14      
N003      .         .        +INF       EPS       
N004      .         .        +INF  4.263E-14      
N005      .         .        +INF       EPS       
N006      .         .        +INF       EPS       
N007      .         .        +INF  -5.33E-15      
N008      .         .        +INF       EPS       
N009      .         .        +INF  1.421E-14      
N010      .         .        +INF  7.105E-15      
N011      .         .        +INF       EPS       
N012      .         .        +INF       EPS       
N013      .         .        +INF       EPS       
N014      .         .        +INF       EPS       
N015      .         .        +INF  -1.42E-14      
N016      .         .        +INF  -1.42E-14      
N017      .         .        +INF       EPS       
N018      .         .        +INF       EPS       
N019      .         .        +INF  2.842E-14      
N020      .         .        +INF  -1.42E-14      
N021      .         .        +INF  -1.42E-14      
N022      .         .        +INF  5.684E-14      
N023      .         .        +INF  1.421E-14      
N024      .         .        +INF  2.842E-14      
N025      .         .        +INF  2.842E-14      
N026      .         .        +INF  -2.84E-14      
N027      .         .        +INF  2.842E-14      
N028      .         .        +INF  2.842E-14      
N029      .         .        +INF  -5.68E-14      


**** REPORT SUMMARY :        0     NONOPT
                            32 INFEASIBLE (INFES)
                    SUM  -4.801E-5
                    MAX       .   
                    MEAN -1.500E-6
                             0  UNBOUNDED
                             0  REDEFINED
                             0     ERRORS
GAMS 53.5.1  f2e5fac3 May 20, 2026          LEX-LEG x86 64bit/Linux - 07/08/26 21:16:12 Page 9
G e n e r a l   A l g e b r a i c   M o d e l i n g   S y s t e m
E x e c u t i o n


----    459 PARAMETER rho                  =        0.000  small loss per unit 
                                                           distance
            PARAMETER MoveTotalMax         =    50000.000  total ton-milage mov
                                                           ement possible
            PARAMETER TotalUsed            =    33948.471  Total ton-miles used
            VARIABLE lambda.L              =        0.000  LM of total movement
                                                           limit
            PARAMETER TotalTaken           =      535.000  Total tons taken fro
                                                           m sources
            PARAMETER TotalDlvrd           =      535.000  Total tons delivered
            PARAMETER TotalLossage         =  -1.1369E-13  Lossage between sour
                                                           ces and sinks

----    459 VARIABLE Qnty.L  Quantity extracted from each node

N004 200.000,    N022 110.000,    N029 225.000


----    459 VARIABLE Dlvr.L  Delivery to each node

N000 276.997,    N007  24.185,    N019  73.168,    N024 160.649


----    459 PARAMETER Shortfall  Shortfall fraction at node

N000 13.975,    N007  3.257,    N019  2.442,    N024  4.375


----    459 PARAMETER ValAchieved          =    14321.925  Value-weighted short
                                                           fall

----    459 PARAMETER Stockage  implied stockpile at a node

N000 5.68434E-14,    N001 -5.6843E-14,    N002 2.84217E-14,    N004 -5.6843E-14
N009 -1.4211E-14,    N010 -7.1054E-15,    N015 1.42109E-14,    N016 1.42109E-14
N019 -5.6843E-14,    N020 1.42109E-14,    N021 1.42109E-14,    N022 -5.6843E-14
N023 -1.4211E-14,    N026 2.84217E-14,    N027 -2.8422E-14,    N028 -2.8422E-14
N029 5.68434E-14


----    459 VARIABLE eta.L  LM of stockpile limit at a node

                      ( ALL       0.000 )


----    459 PARAMETER Inflow  total flow into a node

N000 290.000,    N001 158.003,    N002 145.000,    N003 145.000
N006 145.000,    N007 169.185,    N008 145.000,    N009  55.000
N010  55.000,    N013  11.182,    N014 101.182,    N015 101.182
N016 101.182,    N018 145.000,    N019 218.168,    N020  88.818
N021  88.818,    N022  80.000,    N023  80.000,    N024 290.000
N025 274.351,    N026 145.000,    N027 145.000,    N028 145.000


----    459 PARAMETER Outflow  total flow out of a node

N000  13.003,    N001 158.003,    N002 145.000,    N003 145.000
N004 200.000,    N006 145.000,    N007 145.000,    N008 145.000
N009  55.000,    N010  55.000,    N013  11.182,    N014 101.182
N015 101.182,    N016 101.182,    N018 145.000,    N019 145.000
N020  88.818,    N021  88.818,    N022 190.000,    N023  80.000
N024 129.351,    N025 274.351,    N026 145.000,    N027 145.000
N028 145.000,    N029 225.000


----    459 VARIABLE flow.L  Flow from ni to nj

            N000        N001        N002        N003        N006        N007

N000                  13.003
N001     145.000                                                      13.003
N002                 145.000
N003                             145.000
N004                                         145.000
N006     145.000
N007                                                     145.000
N008                                                                 145.000
N013                                                                  11.182

   +        N008        N009        N010        N013        N014        N015

N004                              55.000
N009      55.000
N010                  55.000
N014      90.000                              11.182
N015                                                     101.182
N016                                                                 101.182

   +        N016        N018        N019        N020        N021        N022

N019                 145.000
N020                              88.818
N021                                          88.818
N022     101.182                                          88.818
N023                                                                  80.000
N025                             129.351

   +        N023        N024        N025        N026        N027        N028

N018                 145.000
N024                             129.351
N025                 145.000
N026                             145.000
N027                                         145.000
N028                                                     145.000
N029      80.000                                                     145.000



EXECUTION TIME       =        8.472 SECONDS     55 MB  53.5.1 f2e5fac3 LEX-LEG


USER: NEOS Server License - Production               G250831+0003Ac-GEN
      University of Wisconsin-Madison                           DCE4604
      License for teaching and research at degree granting institutions


**** FILE SUMMARY

Restart    /var/lib/condor/execute/dir_1263494/gamsexec/restart.g00
Input      /var/lib/condor/execute/dir_1263494/gamsexec/MODEL.gms
Output     /var/lib/condor/execute/dir_1263494/gamsexec/solve.lst
