sweep stage 'confirm' -> doc/bench/sweeps/2026-08-26-round2
>> ./cmake-build-release/latrunculi_game/latrunculi_bench.exe pairs=310 ms=500 seed=777001 threads=8 rows=8 columns=10 perside=20 csv=doc\bench\sweeps\2026-08-26-round2\confirm.csv wA.threat=0.25 wA.pair=0.02 wA.mobility=0.02 wA.centre=0.2 wA.vulnerableAxes=-0.042 wA.oneMoveCapturable=-0.9 wA.spearheadPairs=0.15 wA.diagonalSupport=0.06 wA.deniedSquares=0.04 wA.strikers=0.05 wA.notchExposure=-0.12 wB.threat=0.25 wB.pair=0.02 wB.mobility=0.02 wB.centre=0.2 wB.vulnerableAxes=-0.03 wB.oneMoveCapturable=-0.9 wB.spearheadPairs=0.15 wB.diagonalSupport=0.06 wB.deniedSquares=0.04 wB.strikers=0.05 wB.notchExposure=-0.12
Latrunculi bench: 310 mirrored A-vs-B pairs (620 games), 8x10, 20 per side, slide, convex payoff, komi 1.5, policy placement, 500 ms per searched ply, 8 threads
base seed: 777001  (pair p uses seed base+p; even game index = set A as P0)
XML: not saved   memory tracking level: 0

game   plies  moveP  capt  remv lastAct    tail  quiet   lead   peak  margin win  reason    depth    srchd  AasP  wSet
6        123     83    14    14      83      40     40      2      2       2   A  QuietGame     3.15       68     0     A
4        147    107    24    24     107      40     40      0      6       6   A  QuietGame     3.28       68     0     A
5        157    117    31    31     157       0     22      0      7       7   A  Reduction     3.25       68     1     B
1        166    126    36    36     166       0     21      1      2      -2   B  Reduction     3.31       68     1     A
7        175    135    33    34     135      40     40      1      3       2   A  QuietGame     3.31       68     1     B
0        177    137    33    33     177       0     27      0      5       5   A  Reduction     3.26       68     0     A
2        189    149    34    34     189       0     31      0      4       4   A  Reduction     3.30       67     0     A
3        194    154    35    36     194       0     26      1      2      -2   B  Reduction     3.24       67     1     A
8        133     93    22    24      93      40     40      2      2       2   A  QuietGame     3.18       68     0     A
9        153    113    34    34     153       0     18      0      4       4   A  Reduction     3.26       68     1     B
10       172    132    34    34     132      40     40      3      2      -2   B  QuietGame     3.28       67     0     B
15       137     97    35    36     137       0      8      0      2       2   A  Reduction     3.28       68     1     B
13       153    113    29    32     113      40     40      0      2       2   A  QuietGame     3.25       68     1     B
12       179    139    33    34     139      40     40      0      2       2   A  QuietGame     3.43       68     0     A
11       220    180    36    36     180      40     40      8      1       0   B  QuietGame     3.40       67     1     A
14       204    164    31    32     164      40     40      0      5       4   A  QuietGame     3.19       68     0     A
17       155    115    27    28     115      40     40      2      2       2   A  QuietGame     3.46       68     1     B
20       126     86    25    25      86      40     40      1      4      -3   B  QuietGame     3.30       67     0     B
19       152    112    33    33     112      40     40      3      2      -1   B  QuietGame     3.34       68     1     A
21       132     92    26    26      92      40     40      2      1       0   B  QuietGame     3.37       67     1     A
22       111     71    10    13      71      40     40      0      3       3   A  QuietGame     2.96       68     0     A
18       169    129    33    35     129      40     40      5      2      -1   B  QuietGame     3.24       68     0     B
16       239    199    33    34     199      40     40      5      3      -2   B  QuietGame     3.22       68     0     B
23       150    110    31    32     110      40     40      0      5       4   A  QuietGame     3.22       68     1     B
26        97     57    13    13      57      40     40      0      2       1   B  QuietGame     3.03       68     0     B
25       169    129    32    34     129      40     40      0      2       2   A  QuietGame     3.19       68     1     B
28       142    102    11    13     102      40     40      3      2      -1   B  QuietGame     2.97       68     0     B
24       183    143    33    33     183       0     27      0      5       5   A  Reduction     3.28       68     0     A
30       151    111    22    24     111      40     40      0      4       4   A  QuietGame     3.09       67     0     A
32        99     59    12    13      59      40     40      0      5       5   A  QuietGame     3.12       68     0     A
31       147    107    27    27     107      40     40      0      5       5   A  QuietGame     3.33       67     1     B
29       207    167    35    36     207       0     27      2      2       2   A  Reduction     3.34       68     1     B
33        92     52     7     7      52      40     40      1      1      -1   B  QuietGame     3.29       68     1     A
35       111     71    16    17      71      40     40      1      3      -1   B  QuietGame     3.12       67     1     A
34       118     78    33    34     118       0      6      1      4      -4   B  Reduction     3.19       67     0     B
27       259    219    34    34     219      40     40      3      3      -2   B  QuietGame     3.26       68     1     A
36       139     99    26    27      99      40     40      0      7       7   A  QuietGame     3.25       68     0     A
37       125     85    34    34     125       0     19      0      4       4   A  Reduction     3.18       68     1     B
39       109     69    15    15      69      40     40      0      3       3   A  QuietGame     3.21       68     1     B
40       164    124    26    28     124      40     40      1      4      -4   B  QuietGame     3.09       67     0     B
38       188    148    31    33     148      40     40      0      3       1   B  QuietGame     3.06       68     0     B
41       177    137    35    35     137      40     40      3      2      -1   B  QuietGame     3.45       67     1     A
42       181    141    32    32     141      40     40      3      3      -2   B  QuietGame     3.34       67     0     B
45       155    115    30    33     115      40     40      0      2       1   B  QuietGame     3.15       68     1     A
46       153    113    35    35     153       0     19      0      3       3   A  Reduction     3.37       68     0     A
44       185    145    35    35     145      40     40      3      2      -1   B  QuietGame     3.43       68     0     B
43       227    187    35    35     187      40     40      3      2      -1   B  QuietGame     3.33       67     1     A
48       162    122    33    34     122      40     40      0      3       2   A  QuietGame     3.29       68     0     A
49       151    111    25    25     111      40     40      0      5       5   A  QuietGame     3.31       68     1     B
47       209    169    26    28     169      40     40      0      6       6   A  QuietGame     3.15       68     1     B
53       138     98    32    33     138       0     18      1      5      -5   B  Reduction     3.19       68     1     A
51       166    126    26    28     126      40     40      0      7       6   A  QuietGame     3.19       68     1     B
50       183    143    16    17     143      40     40      0      7       7   A  QuietGame     3.01       68     0     A
52       208    168    32    33     168      40     40      1      3      -3   B  QuietGame     3.15       68     0     B
54       189    149    31    31     149      40     40      0      5       5   A  QuietGame     3.22       68     0     A
55       145    105    34    34     145       0     23      0      4       4   A  Reduction     3.28       68     1     B
58        99     59     8     8      59      40     40      0      4       4   A  QuietGame     3.25       68     0     A
57       148    108    15    16     108      40     40      5      2      -2   B  QuietGame     3.25       68     1     A
56       172    132    35    35     132      40     40      0      3       1   B  QuietGame     3.22       68     0     B
59       172    132    30    30     132      40     40      2      7       6   A  QuietGame     3.21       68     1     B
63       124     84    14    14      84      40     40      1      4      -4   B  QuietGame     3.22       68     1     A
61       160    120    33    34     160       0     25      1      4      -4   B  Reduction     3.32       68     1     A
64       147    107    32    32     147       0     13      0      6       6   A  Reduction     3.25       67     0     A
60       224    184    32    34     184      40     40      2      3       0   B  QuietGame     3.13       68     0     B
66       150    110    32    32     110      40     40      0      5       4   A  QuietGame     3.26       68     0     A
62       218    178    31    32     178      40     40      1      4      -4   B  QuietGame     3.03       68     0     B
67       139     99    29    30     139       0     29      0      8       8   A  Reduction     3.21       68     1     B
65       216    176    33    34     176      40     40      3      2      -2   B  QuietGame     3.25       67     1     A
68       153    113    36    36     153       0     21      0      3       2   A  Reduction     3.32       68     0     A
69       143    103    30    31     143       0     11      0      7       7   A  Reduction     3.13       68     1     B
71       158    118    31    32     118      40     40      0      5       4   A  QuietGame     3.19       68     1     B
70       178    138    35    35     138      40     40      3      1      -1   B  QuietGame     3.26       68     0     B
75       131     91    34    36     131       0     14      4      2       2   A  Reduction     3.28       68     1     B
72       192    152    32    34     152      40     40      0      3       2   A  QuietGame     3.24       67     0     A
73       209    169    35    36     209       0     27      6      2       2   A  Reduction     3.16       67     1     B
74       198    158    33    33     158      40     40      0      4       3   A  QuietGame     3.38       68     0     A
77       178    138    36    36     178       0     23      3      2      -2   B  Reduction     3.18       68     1     A
76       239    199    36    36     199      40     40      5      2       0   B  QuietGame     3.26       68     0     B
78       203    163    32    34     203       0     29      2      4       4   A  Reduction     3.24       68     0     A
79       216    176    35    35     176      40     40      0      4       1   B  QuietGame     3.25       68     1     A
80       175    135    33    33     175       0     24      0      5       5   A  Reduction     3.21       68     0     A
83       162    122    36    36     162       0     17      3      2      -2   B  Reduction     3.29       68     1     A
81       219    179    34    35     179      40     40      2      2       1   B  QuietGame     3.13       68     1     A
82       197    157    30    32     157      40     40      0      4       4   A  QuietGame     3.19       68     0     A
84       173    133    32    33     133      40     40      0      3       3   A  QuietGame     3.24       67     0     A
85       133     93    16    16      93      40     40      3      2       0   B  QuietGame     3.31       67     1     A
86       163    123    26    27     123      40     40      0      7       7   A  QuietGame     3.31       68     0     A
87       165    125    28    29     125      40     40      0      7       7   A  QuietGame     3.31       68     1     B
88       164    124    20    22     124      40     40      4      3       2   A  QuietGame     3.23       69     0     A
89       153    113    34    34     153       0     17      0      4       4   A  Reduction     3.29       69     1     B
90       159    119    33    33     119      40     40      0      3       3   A  QuietGame     3.16       67     0     A
95       113     73    22    24      73      40     40      0      4       4   A  QuietGame     3.25       69     1     B
92       193    153    33    33     153      40     40      1      4      -3   B  QuietGame     3.24       68     0     B
91       213    173    34    34     173      40     40      1      3      -2   B  QuietGame     3.36       67     1     A
94       165    125    35    35     165       0     37      0      4       3   A  Reduction     3.45       69     0     A
93       211    171    35    35     171      40     40      4      1       1   B  QuietGame     3.38       68     1     A
96       175    135    35    35     175       0     21      0      3       3   A  Reduction     3.31       67     0     A
97       165    125    32    34     125      40     40      1      3      -2   B  QuietGame     3.18       67     1     A
98       154    114    33    33     114      40     40      0      3       1   B  QuietGame     3.28       67     0     B
103       96     56    10    10      56      40     40      0      1       0   B  QuietGame     3.15       68     1     A
101      131     91    31    33     131       0     17      0      5       5   A  Reduction     3.26       68     1     B
99       148    108    12    13     108      40     40      0      2       1   B  QuietGame     2.93       67     1     A
100      147    107    31    31     107      40     40      0      5       5   A  QuietGame     3.31       68     0     A
102      149    109    23    23     109      40     40      1      2      -1   B  QuietGame     3.29       68     0     B
105      112     72    18    20      72      40     40      0      2       0   B  QuietGame     3.12       68     1     A
104      116     76    31    32     116       0      9      1      6      -6   B  Reduction     3.24       68     0     B
107      111     71    18    20      71      40     40      0      5       4   A  QuietGame     3.13       68     1     B
106      140    100    16    16     100      40     40      0      5       4   A  QuietGame     3.21       68     0     A
110      106     66    13    13      66      40     40      0      2       1   B  QuietGame     3.07       67     0     B
111      125     85    18    19      85      40     40      2      2       1   B  QuietGame     3.34       67     1     A
109      152    112    27    27     112      40     40      0      8       7   A  QuietGame     3.24       68     1     B
114      111     71    31    32     111       0     13      0      6       6   A  Reduction     3.21       68     0     A
108      211    171    36    36     211       0     28      4      2       2   A  Reduction     3.24       68     0     A
112      167    127    30    30     167       0     31      0      8       8   A  Reduction     3.29       68     0     A
113      192    152    31    32     152      40     40      2      5       4   A  QuietGame     3.25       68     1     B
115      182    142    34    36     182       0     33      3      3      -2   B  Reduction     3.09       68     1     A
116      183    143    31    31     183       0     28      0      7       7   A  Reduction     3.21       68     0     A
118      140    100    26    26     100      40     40      0      5       4   A  QuietGame     3.33       69     0     A
117      181    141    29    30     181       0     39      0      8       8   A  Reduction     3.24       68     1     B
119      157    117    31    32     157       0     24      2      6       6   A  Reduction     3.13       69     1     B
122      151    111    33    34     151       0     15      0      4       4   A  Reduction     3.28       68     0     A
120      207    167    34    35     207       0     29      4      3       3   A  Reduction     3.25       68     0     A
123      151    111    33    34     151       0     15      0      4       4   A  Reduction     3.29       68     1     B
126      120     80    18    19      80      40     40      0      3       1   B  QuietGame     3.28       67     0     B
125      151    111    29    30     111      40     40      0      6       6   A  QuietGame     3.18       68     1     B
121      265    225    34    35     225      40     40      4      3       1   B  QuietGame     3.19       68     1     A
127      142    102    15    15     102      40     40      2      2       1   B  QuietGame     3.21       67     1     A
124      199    159    33    34     159      40     40      0      2       2   A  QuietGame     3.24       68     0     A
129      139     99    33    34     139       0     10      0      4       4   A  Reduction     3.23       66     1     B
128      170    130    32    34     170       0     22      1      4      -4   B  Reduction     3.18       66     0     B
133      108     68    17    18      68      40     40      0      3       2   A  QuietGame     3.12       68     1     B
131      146    106    20    22     106      40     40      0      5       4   A  QuietGame     3.16       68     1     B
132      155    115    28    28     115      40     40      0      6       6   A  QuietGame     3.32       68     0     A
135      125     85    30    32     125       0     13      0      6       6   A  Reduction     3.21       68     1     B
130      194    154    31    32     154      40     40      0      5       4   A  QuietGame     3.43       68     0     A
134      169    129    33    33     129      40     40      5      2      -1   B  QuietGame     3.12       68     0     B
139      120     80    17    20      80      40     40      1      2      -2   B  QuietGame     3.19       69     1     A
137      153    113    33    33     113      40     40      1      2      -1   B  QuietGame     3.26       68     1     A
141      111     71    16    16      71      40     40      1      1       0   B  QuietGame     3.34       68     1     A
138      140    100    15    15     100      40     40      0      2      -1   B  QuietGame     3.17       69     0     B
136      179    139    34    35     179       0     28      4      3       3   A  Reduction     3.35       68     0     A
140      168    128    34    34     168       0     16      0      4      -4   B  Reduction     3.18       68     0     B
143      129     89    30    32     129       0     19      0      6       6   A  Reduction     3.21       67     1     B
142      172    132    34    34     132      40     40      2      3       2   A  QuietGame     3.22       67     0     A
146      133     93    33    33     133       0     13      0      5       5   A  Reduction     3.30       67     0     A
148      141    101    29    31     141       0     17      0      7       7   A  Reduction     3.16       68     0     A
145      169    129    29    32     129      40     40      6      4       4   A  QuietGame     3.09       68     1     B
144      173    133    29    30     133      40     40      4      2       2   A  QuietGame     3.21       68     0     A
149      133     93    24    26      93      40     40      5      1       0   B  QuietGame     3.22       68     1     A
151      112     72    19    20      72      40     40      0      3       2   A  QuietGame     3.12       68     1     B
147      178    138    32    33     138      40     40      3      3      -3   B  QuietGame     3.07       67     1     A
150      128     88    33    34     128       0     26      1      4      -4   B  Reduction     3.22       68     0     B
152      143    103    16    18     103      40     40      0      4       4   A  QuietGame     3.07       67     0     A
155      160    120    31    32     160       0     19      1      6      -6   B  Reduction     3.21       67     1     A
158      163    123    32    32     163       0     22      0      6       6   A  Reduction     3.03       68     0     A
156      185    145    24    25     145      40     40      0      2       1   B  QuietGame     3.00       68     0     B
154      211    171    35    35     171      40     40      5      2      -1   B  QuietGame     3.28       67     0     B
159      188    148    35    35     148      40     40      4      2       1   B  QuietGame     3.28       68     1     A
160      113     73    16    18      73      40     40      0      4       4   A  QuietGame     3.04       68     0     A
153      228    188    34    35     188      40     40      2      2       1   B  QuietGame     3.09       67     1     A
157      197    157    33    33     157      40     40      0      3       3   A  QuietGame     3.22       68     1     B
161      114     74    12    13      74      40     40      1      2      -1   B  QuietGame     3.13       68     1     A
167      117     77    14    14      77      40     40      0      4       4   A  QuietGame     3.16       69     1     B
165      136     96    30    31      96      40     40      5      2      -1   B  QuietGame     3.19       68     1     A
164      165    125    29    30     125      40     40      0      4       4   A  QuietGame     3.16       68     0     A
162      198    158    35    36     198       0     33      3      2      -2   B  Reduction     3.34       67     0     B
166      166    126    36    36     166       0     24      1      2      -2   B  Reduction     3.32       69     0     B
163      197    157    28    29     157      40     40      2      7       7   A  QuietGame     3.22       67     1     B
168      193    153    31    32     193       0     33      0      6       6   A  Reduction     3.31       68     0     A
171       89     49     6     6      49      40     40      0      2       2   A  QuietGame     3.09       68     1     B
169      186    146    31    33     146      40     40      1      3      -3   B  QuietGame     3.26       68     1     A
170      159    119    28    28     119      40     40      0      8       8   A  QuietGame     3.32       68     0     A
175      116     76    19    19      76      40     40      1      1      -1   B  QuietGame     3.26       68     1     A
173      160    120    25    27     120      40     40      1      4      -3   B  QuietGame     3.22       67     1     A
174      171    131    31    31     131      40     40      2      5       5   A  QuietGame     3.16       68     0     A
176      168    128    26    27     128      40     40      1      7      -7   B  QuietGame     3.15       67     0     B
172      231    191    34    35     191      40     40      1      2      -1   B  QuietGame     3.33       67     0     B
177      187    147    34    34     147      40     40      4      2       2   A  QuietGame     3.16       67     1     B
179      149    109    11    11     109      40     40      0      1       1   B  QuietGame     3.13       68     1     A
178      189    149    33    34     149      40     40      0      3       2   A  QuietGame     3.26       68     0     A
182      139     99    33    34     139       0     14      2      4       4   A  Reduction     3.24       68     0     A
181      155    115    18    19     115      40     40      0      3       3   A  QuietGame     3.31       68     1     B
185       93     53    10    10      53      40     40      1      1       0   B  QuietGame     3.07       69     1     A
180      220    180    31    31     180      40     40      1      5      -5   B  QuietGame     3.24       68     0     B
183      171    131    27    27     171       0     37      0     11      11   A  Reduction     3.22       68     1     B
187      168    128    31    32     128      40     40      1      4      -4   B  QuietGame     3.18       68     1     A
184      200    160    33    36     200       0     24      5      2      -2   B  Reduction     3.04       69     0     B
190      130     90    15    16      90      40     40      3      2      -2   B  QuietGame     3.06       67     0     B
189      155    115    15    16     115      40     40      0      4      -2   B  QuietGame     3.19       68     1     A
188      176    136    30    30     136      40     40      0      6      -6   B  QuietGame     3.32       68     0     B
186      225    185    30    31     185      40     40      0      6       5   A  QuietGame     3.22       68     0     A
192      150    110    33    33     150       0     10      1      5      -5   B  Reduction     3.32       68     0     B
191      175    135    22    24     135      40     40      0      6       6   A  QuietGame     3.03       67     1     B
194      113     73    17    17      73      40     40      0      3       1   B  QuietGame     3.31       68     0     B
196      112     72    15    15      72      40     40      1      5      -5   B  QuietGame     3.22       68     0     B
193      162    122    36    36     162       0     20      1      2      -2   B  Reduction     3.43       68     1     A
197      141    101    31    31     141       0     13      0      7       7   A  Reduction     3.35       68     1     B
195      183    143    31    33     183       0     31      0      5       5   A  Reduction     3.24       68     1     B
198      148    108    14    15     108      40     40      1      4      -3   B  QuietGame     3.23       69     0     B
200      117     77    17    17      77      40     40      0      2       1   B  QuietGame     3.31       68     0     B
201      128     88    18    18      88      40     40      0      3       2   A  QuietGame     3.29       68     1     B
202      149    109    31    33     109      40     40      4      3       3   A  QuietGame     3.28       68     0     A
199      216    176    32    34     176      40     40      2      3       2   A  QuietGame     3.28       69     1     B
206      155    115    15    16     115      40     40      0      3       2   A  QuietGame     3.17       69     0     A
203      212    172    34    35     212       0     27      3      3      -3   B  Reduction     3.26       68     1     A
207      175    135    34    34     135      40     40      1      3      -2   B  QuietGame     3.38       69     1     A
205      190    150    36    36     190       0     23      1      2      -2   B  Reduction     3.24       68     1     A
204      202    162    35    36     202       0     29      3      2      -2   B  Reduction     3.01       68     0     B
208      193    153    33    33     153      40     40      0      3       3   A  QuietGame     3.39       67     0     A
209      163    123    33    33     123      40     40      2      2       1   B  QuietGame     3.16       67     1     A
210      177    137    32    32     137      40     40      0      3       2   A  QuietGame     3.37       68     0     A
212      131     91    33    33     131       0     15      0      5       5   A  Reduction     3.22       67     0     A
211      149    109    29    31     109      40     40      0      6       5   A  QuietGame     3.22       68     1     B
213      165    125    35    36     165       0     16      0      3       2   A  Reduction     3.19       67     1     B
215      175    135    33    33     135      40     40      1      4      -3   B  QuietGame     3.29       68     1     A
214      189    149    32    32     149      40     40      1      3      -2   B  QuietGame     3.28       68     0     B
216      188    148    33    33     148      40     40      1      3      -3   B  QuietGame     3.24       67     0     B
218      154    114    33    33     114      40     40      1      2      -1   B  QuietGame     3.31       67     0     B
220      163    123    30    31     123      40     40      0      5       5   A  QuietGame     3.29       68     0     A
221      123     83    27    30     123       0     22      0      8       8   A  Reduction     3.13       68     1     B
217      224    184    33    34     224       0     35      3      4      -4   B  Reduction     3.19       67     1     A
219      193    153    36    36     193       0     34      0      2       2   A  Reduction     3.42       67     1     B
222      144    104    34    34     144       0     19      1      4      -4   B  Reduction     3.21       68     0     B
225      113     73    16    16      73      40     40      0      4       4   A  QuietGame     3.30       67     1     B
223      171    131    33    33     131      40     40      1      4      -3   B  QuietGame     3.24       68     1     A
224      203    163    30    31     163      40     40      0      5       5   A  QuietGame     3.15       67     0     A
228      155    115    34    35     155       0     19      0      3       3   A  Reduction     3.35       68     0     A
229      153    113    32    33     153       0     27      0      5       5   A  Reduction     3.22       68     1     B
226      198    158    32    32     158      40     40      0      5       4   A  QuietGame     3.26       68     0     A
227      198    158    35    35     158      40     40      0      2       1   B  QuietGame     3.40       68     1     A
231      133     93    14    15      93      40     40      0      5       5   A  QuietGame     3.16       67     1     B
230      168    128    32    32     128      40     40      0      5       4   A  QuietGame     3.27       67     0     A
232      207    167    33    35     167      40     40      5      2      -1   B  QuietGame     3.28       68     0     B
234      151    111    34    35     151       0     14      4      3       3   A  Reduction     3.19       67     0     A
236      122     82    20    20      82      40     40      1      2       0   B  QuietGame     3.44       68     0     B
233      173    133    33    34     173       0     32      6      4       4   A  Reduction     3.21       68     1     B
235      157    117    34    35     157       0     34      0      3       3   A  Reduction     3.34       67     1     B
237      135     95    14    15      95      40     40      2      1       1   B  QuietGame     3.10       68     1     A
239      156    116    29    30     116      40     40      2      5       4   A  QuietGame     3.16       68     1     B
238      231    191    34    34     191      40     40      3      2       0   B  QuietGame     3.13       68     0     B
241      139     99    32    32     139       0     13      0      6       6   A  Reduction     3.22       69     1     B
245      138     98    19    19      98      40     40      1      2      -1   B  QuietGame     3.28       68     1     A
244      165    125    32    32     165       0     21      0      6       6   A  Reduction     3.25       68     0     A
240      203    163    32    34     163      40     40      2      2       2   A  QuietGame     3.19       69     0     A
243      179    139    32    32     139      40     40      5      2       0   B  QuietGame     3.13       68     1     A
242      186    146    35    35     186       0     19      1      3      -3   B  Reduction     3.28       68     0     B
246      167    127    31    31     127      40     40      0      3       3   A  QuietGame     3.26       68     0     A
251      107     67    12    12      67      40     40      1      2       0   B  QuietGame     3.15       67     1     A
247      183    143    29    29     143      40     40      0      7       7   A  QuietGame     3.35       68     1     B
253      137     97    31    31     137       0     14      0      7       7   A  Reduction     3.26       68     1     B
250      150    110    29    32     150       0     17      1      6      -6   B  Reduction     3.03       67     0     B
248      195    155    29    30     195       0     35      0      8       8   A  Reduction     3.18       68     0     A
249      179    139    33    35     139      40     40      1      3      -1   B  QuietGame     3.21       68     1     A
252      189    149    34    34     149      40     40      1      3      -2   B  QuietGame     3.22       68     0     B
254      177    137    14    14     137      40     40      1      5      -4   B  QuietGame     3.24       67     0     B
256      143    103    34    34     143       0     12      0      4       4   A  Reduction     3.32       68     0     A
259      127     87    19    21      87      40     40      1      3      -1   B  QuietGame     3.22       68     1     A
255      173    133    31    33     173       0     33      0      5       5   A  Reduction     3.39       67     1     B
257      159    119    35    35     159       0     27      0      3       3   A  Reduction     3.26       68     1     B
258      157    117    30    30     117      40     40      0      6       6   A  QuietGame     3.34       68     0     A
260      153    113    32    32     153       0     15      0      6       6   A  Reduction     3.18       67     0     A
261      153    113    32    32     153       0     15      0      6       6   A  Reduction     3.16       67     1     B
262      194    154    31    32     154      40     40      1      4      -4   B  QuietGame     3.16       68     0     B
265      141    101    17    17     101      40     40      0      5       5   A  QuietGame     3.28       68     1     B
266      168    128    26    28     128      40     40      0      7       6   A  QuietGame     3.15       67     0     A
263      198    158    34    34     158      40     40      2      3       2   A  QuietGame     3.34       68     1     B
264      218    178    28    28     178      40     40      1      8      -8   B  QuietGame     3.24       68     0     B
267      204    164    31    31     164      40     40      4      2       1   B  QuietGame     3.33       67     1     A
269      165    125    34    34     165       0     15      0      4       4   A  Reduction     3.26       68     1     B
268      214    174    34    35     174      40     40      2      2       1   B  QuietGame     3.29       68     0     B
272       99     59    11    11      59      40     40      1      2      -1   B  QuietGame     3.10       68     0     B
270      161    121    25    26     121      40     40      0     10      10   A  QuietGame     3.35       68     0     A
271      160    120    30    31     120      40     40      1      5      -5   B  QuietGame     3.31       68     1     A
274      141    101    30    32     141       0     21      0      6       6   A  Reduction     3.26       68     0     A
273      180    140    31    32     140      40     40      2      3       2   A  QuietGame     3.19       68     1     B
275      169    129    33    33     169       0     31      0      5       5   A  Reduction     3.28       68     1     B
278      125     85    26    26      85      40     40      3      1       0   B  QuietGame     3.30       67     0     B
277      165    125    31    31     125      40     40      0      5       5   A  QuietGame     3.26       68     1     B
276      195    155    34    34     155      40     40      0      2       2   A  QuietGame     3.18       68     0     A
281      106     66    32    32     106       0      5      1      6      -6   B  Reduction     3.28       68     1     A
279      168    128    30    30     128      40     40      0      5       4   A  QuietGame     3.19       67     1     B
280      179    139    35    36     139      40     40      1      2       0   B  QuietGame     3.38       68     0     B
285      129     89    19    20      89      40     40      2      2       2   A  QuietGame     3.10       67     1     B
286      117     77    20    20      77      40     40      3      1       0   B  QuietGame     3.35       68     0     B
282      193    153    26    29     153      40     40      0      7       7   A  QuietGame     3.19       69     0     A
289      121     81    28    28     121       0     15      0     10      10   A  Reduction     3.47       68     1     B
283      203    163    31    32     163      40     40      1      3      -2   B  QuietGame     3.35       69     1     A
284      207    167    33    34     167      40     40      3      3      -2   B  QuietGame     3.19       67     0     B
287      169    129    32    33     169       0     30      2      5       5   A  Reduction     3.19       68     1     B
288      171    131    28    29     131      40     40      2      7       7   A  QuietGame     3.21       68     0     A
290      106     66    19    19      66      40     40      0      2       1   B  QuietGame     3.13       67     0     B
291      131     91    33    34     131       0      9      0      4       4   A  Reduction     3.28       67     1     B
292      139     99    29    30      99      40     40      1      3       0   B  QuietGame     3.25       68     0     B
297       95     55    11    11      55      40     40      0      1       1   B  QuietGame     3.12       67     1     A
295      115     75    30    31     115       0      9      0      7       7   A  Reduction     3.35       68     1     B
294      127     87    16    16      87      40     40      0      2       2   A  QuietGame     3.18       68     0     A
296      155    115    32    32     155       0     25      0      6       6   A  Reduction     3.22       67     0     A
293      192    152    24    26     152      40     40      0      7       6   A  QuietGame     3.13       68     1     B
298      163    123    32    32     163       0     22      0      6       6   A  Reduction     3.36       67     0     A
300       99     59    12    15      59      40     40      0      4       3   A  QuietGame     2.97       67     0     A
302      100     60    15    16      60      40     40      2      1       0   B  QuietGame     3.12       67     0     B
299      171    131    26    26     131      40     40      2      6       6   A  QuietGame     3.34       67     1     B
304      131     91    25    26      91      40     40      0      4       4   A  QuietGame     3.29       68     0     A
301      196    156    33    34     156      40     40      0      3       2   A  QuietGame     3.09       67     1     B
306      128     88    17    17      88      40     40      0      2       1   B  QuietGame     3.25       68     0     B
308      163    123    23    24     163       0     33      0     14      14   A  Reduction     3.27       67     0     A
303      246    206    34    35     206      40     40      4      2       1   B  QuietGame     3.24       67     1     A
305      191    151    34    34     151      40     40      0      3       2   A  QuietGame     3.22       68     1     B
307      208    168    30    31     168      40     40      0      4       3   A  QuietGame     3.24       68     1     B
310      125     85    23    24      85      40     40      3      1       0   B  QuietGame     3.18       68     0     B
309      196    156    35    36     196       0     31      3      2      -2   B  Reduction     3.24       67     1     A
311      174    134    31    33     134      40     40      1      2      -1   B  QuietGame     3.16       68     1     A
313      135     95    30    31     135       0     15      0      7       7   A  Reduction     3.35       69     1     B
312      203    163    31    34     163      40     40      1      3      -2   B  QuietGame     3.29       69     0     B
314      162    122    28    30     122      40     40      1      6      -6   B  QuietGame     3.29       68     0     B
315      174    134    34    34     134      40     40      3      2      -2   B  QuietGame     3.19       68     1     A
316      159    119    29    30     119      40     40      1      2       0   B  QuietGame     3.24       68     0     B
318      176    136    27    28     136      40     40      0      5       4   A  QuietGame     3.10       68     0     A
317      227    187    35    35     227       0     28      6      3       3   A  Reduction     3.32       68     1     B
320      157    117    32    32     117      40     40      5      1       0   B  QuietGame     3.21       68     0     B
322      146    106    28    30     106      40     40      1      2      -2   B  QuietGame     3.27       67     0     B
321      174    134    29    29     134      40     40      1      7      -7   B  QuietGame     3.43       68     1     A
319      216    176    30    30     176      40     40      3      6      -6   B  QuietGame     3.19       68     1     A
325      143    103    24    25     103      40     40      0      7       7   A  QuietGame     3.25       68     1     B
324      198    158    36    36     158      40     40      8      1       0   B  QuietGame     3.26       68     0     B
327      110     70    18    18      70      40     40      0      3       2   A  QuietGame     3.21       67     1     B
323      230    190    27    28     190      40     40      1      8      -8   B  QuietGame     3.22       67     1     A
330       97     57    10    10      57      40     40      0      2       2   A  QuietGame     3.13       68     0     A
326      150    110    17    17     110      40     40      0      3       1   B  QuietGame     3.15       67     0     B
329      110     70    16    17      70      40     40      0      3       1   B  QuietGame     3.12       68     1     A
328      153    113    14    15     113      40     40      0      5       5   A  QuietGame     3.24       68     0     A
332       92     52     8    10      52      40     40      0      3       0   B  QuietGame     2.93       68     0     B
336      114     74    15    15      74      40     40      1      2      -1   B  QuietGame     3.22       68     0     B
331      164    124    32    34     164       0     21      3      4      -4   B  Reduction     3.19       68     1     A
333      155    115    35    35     155       0     22      0      3       3   A  Reduction     3.26       68     1     B
335      146    106    31    32     146       0     21      1      6      -6   B  Reduction     3.25       68     1     A
339      104     64    18    18      64      40     40      1      2      -2   B  QuietGame     3.34       68     1     A
334      176    136    36    36     176       0     15      1      3      -2   B  Reduction     3.18       68     0     B
338      214    174    32    32     174      40     40      0      5       4   A  QuietGame     3.22       68     0     A
337      255    215    36    36     255       0     34      0      2       2   A  Reduction     3.21       68     1     B
340      157    117    33    35     157       0     25      4      3       3   A  Reduction     3.24       67     0     A
341      156    116    27    28     116      40     40      0      7       6   A  QuietGame     3.13       67     1     B
342      157    117    32    32     157       0     16      0      6       6   A  Reduction     3.25       68     0     A
344      131     91    13    14      91      40     40      0      2       2   A  QuietGame     3.26       68     0     A
343      145    105    34    34     145       0     12      0      4       4   A  Reduction     3.32       68     1     B
345      158    118    30    31     118      40     40      0      3       1   B  QuietGame     3.29       68     1     A
351       97     57    14    14      57      40     40      1      1       0   B  QuietGame     3.06       68     1     A
346      126     86    34    35     126       0     10      1      3      -3   B  Reduction     3.41       68     0     B
349      152    112    33    33     152       0     12      1      5      -5   B  Reduction     3.16       67     1     A
347      170    130    31    32     170       0     31      1      6      -6   B  Reduction     3.21       68     1     A
348      175    135    32    32     175       0     34      0      6       6   A  Reduction     3.16       67     0     A
350      199    159    34    35     159      40     40      2      2       1   B  QuietGame     3.21       68     0     B
352      211    171    34    35     171      40     40      0      2       1   B  QuietGame     3.24       68     0     B
355      159    119    28    28     159       0     19      0     10      10   A  Reduction     3.31       68     1     B
356      117     77    18    18      77      40     40      0      2       2   A  QuietGame     3.28       68     0     A
353      233    193    35    36     233       0     29      0      2       2   A  Reduction     3.24       68     1     B
354      193    153    32    33     153      40     40      0      3       3   A  QuietGame     3.16       68     0     A
357      157    117    35    35     157       0     28      2      3       3   A  Reduction     3.24       68     1     B
360      105     65    10    12      65      40     40      0      6       6   A  QuietGame     3.09       68     0     A
361      133     93    16    16      93      40     40      1      1       0   B  QuietGame     3.10       68     1     A
364      115     75    12    13      75      40     40      0      7       7   A  QuietGame     3.18       67     0     A
358      235    195    33    34     195      40     40      0      2       2   A  QuietGame     3.03       68     0     A
359      204    164    29    30     164      40     40      0      7       6   A  QuietGame     3.12       68     1     B
363      158    118    35    35     158       0     28      1      3      -3   B  Reduction     3.31       67     1     A
365      132     92    15    15      92      40     40      1      2      -1   B  QuietGame     3.19       67     1     A
362      191    151    28    29     151      40     40      2      7       7   A  QuietGame     3.31       67     0     A
366      185    145    36    36     185       0     26      2      2       2   A  Reduction     3.35       68     0     A
368      139     99    29    31     139       0     31      0      7       7   A  Reduction     3.18       68     0     A
371      121     81    30    32     121       0     13      2      6       6   A  Reduction     3.34       68     1     B
367      184    144    29    29     144      40     40      2      3       1   B  QuietGame     3.18       68     1     A
369      176    136    35    36     176       0     29      3      2      -2   B  Reduction     3.34       68     1     A
370      181    141    31    31     181       0     25      0      7       7   A  Reduction     3.25       68     0     A
373      157    117    30    32     157       0     21      0      6       6   A  Reduction     3.10       68     1     B
372      203    163    32    32     163      40     40      3      5      -4   B  QuietGame     3.35       68     0     B
374      141    101    31    32     141       0     14      0      6       6   A  Reduction     3.26       68     0     A
375      145    105    34    35     145       0     22      0      3       3   A  Reduction     3.35       68     1     B
380      104     64    11    11      64      40     40      0      2       1   B  QuietGame     3.16       67     0     B
376      149    109    26    28     149       0     35      0     10      10   A  Reduction     3.18       68     0     A
377      153    113    29    32     113      40     40      0      4       4   A  QuietGame     3.10       68     1     B
379      159    119    31    32     119      40     40      2      4       4   A  QuietGame     3.28       68     1     B
378      213    173    31    32     173      40     40      2      4       4   A  QuietGame     3.37       68     0     A
384      115     75    14    15      75      40     40      0      3       3   A  QuietGame     2.96       68     0     A
385      115     75    14    15      75      40     40      0      3       3   A  QuietGame     2.99       68     1     B
383      149    109    35    36     149       0     15      0      3       2   A  Reduction     3.21       68     1     B
381      203    163    31    31     163      40     40      1      6      -5   B  QuietGame     3.07       67     1     A
382      229    189    33    34     229       0     32      0      4       4   A  Reduction     3.26       68     0     A
386      177    137    31    34     177       0     32      0      4       4   A  Reduction     3.00       68     0     A
387      159    119    29    32     119      40     40      0      4       4   A  QuietGame     3.04       68     1     B
388      128     88    18    19      88      40     40      1      3      -3   B  QuietGame     3.21       68     0     B
389      145    105    28    28     105      40     40      0      4       4   A  QuietGame     3.18       68     1     B
390      153    113    33    33     153       0     15      2      5       5   A  Reduction     3.31       68     0     A
392      146    106    22    23     106      40     40      1      2      -1   B  QuietGame     3.22       68     0     B
391      179    139    30    32     139      40     40      0      5       4   A  QuietGame     3.06       68     1     B
394      120     80    21    24      80      40     40      0      4       2   A  QuietGame     3.24       68     0     A
396      151    111    32    32     151       0     23      2      6       6   A  Reduction     3.40       68     0     A
395      171    131    33    33     131      40     40      0      3       3   A  QuietGame     3.28       68     1     B
393      205    165    32    32     165      40     40      0      4       4   A  QuietGame     3.29       68     1     B
397      182    142    32    33     142      40     40      3      2      -1   B  QuietGame     3.24       68     1     A
398      183    143    33    35     183       0     25      4      3       3   A  Reduction     3.28       68     0     A
401      139     99    33    34     139       0     18      0      4       4   A  Reduction     3.34       68     1     B
402      106     66    16    17      66      40     40      0      3       1   B  QuietGame     3.06       67     0     B
399      195    155    27    27     155      40     40      1      6      -5   B  QuietGame     3.24       68     1     A
400      187    147    35    35     147      40     40      0      3       1   B  QuietGame     3.21       68     0     B
403      167    127    29    30     127      40     40      0      6       6   A  QuietGame     3.18       67     1     B
407      100     60    15    17      60      40     40      0      3       1   B  QuietGame     2.96       67     1     A
406      115     75    33    34     115       0     20      0      4       4   A  Reduction     3.31       67     0     A
404      192    152    34    34     152      40     40      2      3       0   B  QuietGame     3.21       68     0     B
405      148    108    30    30     108      40     40      7      2      -2   B  QuietGame     3.29       68     1     A
408      149    109    30    31     149       0     27      0      7       7   A  Reduction     3.24       68     0     A
410      143    103    14    16     103      40     40      0      7       6   A  QuietGame     3.18       68     0     A
409      151    111    31    31     151       0     17      0      7       7   A  Reduction     3.38       68     1     B
413      139     99    32    34     139       0     26      0      4       4   A  Reduction     3.16       67     1     B
412      158    118    34    34     158       0     12      1      4      -4   B  Reduction     3.28       67     0     B
418       94     54     9     9      54      40     40      0      2       1   B  QuietGame     3.25       68     0     B
415      160    120    35    35     160       0     21      1      3      -3   B  Reduction     3.12       68     1     A
416      147    107    28    29     107      40     40      0      7       7   A  QuietGame     3.23       69     0     A
414      190    150    32    32     150      40     40      2      3       2   A  QuietGame     3.21       68     0     A
411      250    210    33    34     210      40     40      3      2      -2   B  QuietGame     3.24       68     1     A
419      134     94    18    18      94      40     40      4      1       0   B  QuietGame     3.18       68     1     A
420      215    175    34    34     215       0     33      4      4       4   A  Reduction     3.34       68     0     A
421      188    148    34    36     188       0     29     11      2      -2   B  Reduction     3.24       68     1     A
422      175    135    30    31     135      40     40      0      5       5   A  QuietGame     3.26       68     0     A
426      105     65    13    15      65      40     40      0      3       3   A  QuietGame     3.10       68     0     A
417      322    282    35    36     282      40     40      0      2       0   B  QuietGame     3.30       69     1     A
423      219    179    35    35     179      40     40      4      2       1   B  QuietGame     3.40       68     1     A
424      216    176    35    35     176      40     40      3      2      -1   B  QuietGame     3.29       68     0     B
429       93     53     8     9      53      40     40      0      3       3   A  QuietGame     3.00       67     1     B
428      110     70    14    15      70      40     40      0      4       3   A  QuietGame     3.19       67     0     A
425      241    201    35    36     241       0     33      0      3       2   A  Reduction     3.25       68     1     B
430      147    107    33    34     147       0     27      0      4       4   A  Reduction     3.26       68     0     A
427      159    119    34    34     159       0     24      0      4       4   A  Reduction     3.37       68     1     B
431      181    141    34    34     141      40     40      2      2       2   A  QuietGame     3.25       68     1     B
432      173    133    25    26     133      40     40      1      5      -4   B  QuietGame     3.13       68     0     B
436      126     86    18    22      86      40     40      3      3      -2   B  QuietGame     3.20       69     0     B
434      182    142    33    34     142      40     40      4      2       0   B  QuietGame     3.24       68     0     B
433      219    179    34    36     179      40     40      5      2       0   B  QuietGame     3.19       68     1     A
437      164    124    30    32     124      40     40      2      3       0   B  QuietGame     3.23       69     1     A
435      233    193    34    35     193      40     40      5      2      -1   B  QuietGame     3.22       68     1     A
440      158    118    34    34     158       0     33      1      4      -4   B  Reduction     3.34       68     0     B
439      180    140    35    35     140      40     40      4      2       1   B  QuietGame     3.24       68     1     A
438      251    211    31    32     211      40     40      2      4       4   A  QuietGame     3.22       68     0     A
441      176    136    34    34     136      40     40      2      3       2   A  QuietGame     3.31       68     1     B
442      169    129    17    17     129      40     40      1      3      -1   B  QuietGame     3.21       68     0     B
444      149    109    33    34     149       0     24      2      4       4   A  Reduction     3.24       68     0     A
443      199    159    31    32     199       0     32      0      6       6   A  Reduction     3.26       68     1     B
445      189    149    33    33     149      40     40      0      3       3   A  QuietGame     3.24       68     1     B
447      162    122    33    33     122      40     40      1      3      -3   B  QuietGame     3.31       68     1     A
448      190    150    36    36     150      40     40      2      2       0   B  QuietGame     3.12       68     0     B
446      206    166    34    34     206       0     34      1      4      -4   B  Reduction     3.09       68     0     B
450      171    131    35    35     171       0     17      0      3       3   A  Reduction     3.21       68     0     A
449      204    164    32    33     164      40     40      3      3      -3   B  QuietGame     3.19       68     1     A
452      171    131    33    35     171       0     19      2      3       3   A  Reduction     3.26       68     0     A
451      216    176    35    35     176      40     40      1      2      -1   B  QuietGame     3.18       68     1     A
453      153    113    29    31     113      40     40      3      2      -1   B  QuietGame     3.19       68     1     A
456      123     83    31    31     123       0     11      0      7       7   A  Reduction     3.45       69     0     A
454      162    122    31    32     122      40     40      0      3       2   A  QuietGame     3.34       67     0     A
455      148    108    21    25     108      40     40      2      2       1   B  QuietGame     3.18       67     1     A
457      158    118    36    36     158       0     17      1      2      -2   B  Reduction     3.22       69     1     A
458      163    123    32    33     163       0     38      0      5       5   A  Reduction     3.24       67     0     A
461      118     78    16    16      78      40     40      2      1       0   B  QuietGame     3.24       67     1     A
459      181    141    32    33     181       0     30      0      5       5   A  Reduction     3.22       67     1     B
463      145    105    33    34     145       0     21      0      4       4   A  Reduction     3.15       68     1     B
462      165    125    30    31     125      40     40      0      5       5   A  QuietGame     3.24       68     0     A
460      215    175    27    28     215       0     32      0     10      10   A  Reduction     3.25       67     0     A
466      133     93    17    17      93      40     40      0      3       3   A  QuietGame     3.18       68     0     A
464      182    142    31    32     142      40     40      1      4      -4   B  QuietGame     3.22       68     0     B
465      199    159    33    33     159      40     40      0      3       3   A  QuietGame     3.43       68     1     B
467      201    161    35    35     201       0     36      0      3       3   A  Reduction     3.24       68     1     B
471      133     93    34    34     133       0     23      0      4       4   A  Reduction     3.30       67     1     B
468      179    139    35    35     139      40     40      5      2      -1   B  QuietGame     3.21       68     0     B
469      166    126    26    26     126      40     40      0      7       6   A  QuietGame     3.32       68     1     B
472      139     99    28    29      99      40     40      1      4      -3   B  QuietGame     3.47       68     0     B
470      203    163    29    29     163      40     40      1      3      -1   B  QuietGame     3.25       67     0     B
473      209    169    34    36     169      40     40      5      1       0   B  QuietGame     3.38       68     1     A
474      181    141    31    31     181       0     24      0      7       7   A  Reduction     3.26       68     0     A
475      165    125    28    28     125      40     40      0      6       6   A  QuietGame     3.16       68     1     B
479      123     83    29    31     123       0     11      0      7       7   A  Reduction     3.25       69     1     B
477      163    123    33    34     163       0     22      0      4       4   A  Reduction     3.41       68     1     B
478      178    138    33    36     138      40     40      4      2       0   B  QuietGame     3.20       69     0     B
476      208    168    33    35     168      40     40      4      3       1   B  QuietGame     3.32       68     0     B
482      122     82    16    16      82      40     40      0      2       0   B  QuietGame     3.22       67     0     B
480      193    153    33    34     193       0     25      0      4       4   A  Reduction     3.18       68     0     A
485      114     74    17    17      74      40     40      1      1      -1   B  QuietGame     3.21       68     1     A
481      163    123    32    33     163       0     23      0      5       5   A  Reduction     3.31       68     1     B
486      125     85    28    29     125       0     14      0      9       9   A  Reduction     3.12       68     0     A
483      191    151    35    36     191       0     27      8      2       2   A  Reduction     3.19       67     1     B
484      182    142    34    34     182       0     30      3      4      -4   B  Reduction     3.19       68     0     B
488      129     89    20    21      89      40     40      1      6      -5   B  QuietGame     3.16       67     0     B
487      163    123    33    34     163       0     15      6      4       4   A  Reduction     3.26       68     1     B
489      165    125    33    34     165       0     22      0      4       4   A  Reduction     3.21       67     1     B
493      123     83    17    18      83      40     40      0      3       2   A  QuietGame     3.26       68     1     B
490      182    142    30    31     142      40     40      0      4       3   A  QuietGame     3.21       68     0     A
495      100     60    14    14      60      40     40      2      1       0   B  QuietGame     3.16       68     1     A
491      191    151    35    36     191       0     33      2      2       2   A  Reduction     3.19       68     1     B
492      166    126    35    35     166       0     19      3      3      -3   B  Reduction     3.29       68     0     B
494      165    125    31    31     125      40     40      1      6      -5   B  QuietGame     3.31       68     0     B
496      166    126    30    31     126      40     40      1      5      -5   B  QuietGame     3.19       69     0     B
497      135     95    23    25      95      40     40      2      4       3   A  QuietGame     3.12       69     1     B
501      114     74    31    31     114       0      7      1      7      -7   B  Reduction     3.25       68     1     A
498      148    108    29    30     108      40     40      1      4      -4   B  QuietGame     3.34       68     0     B
499      182    142    34    34     182       0     26      3      4      -4   B  Reduction     3.26       68     1     A
505      105     65    14    14      65      40     40      0      2       2   A  QuietGame     3.08       66     1     B
500      205    165    25    25     165      40     40      1      2      -1   B  QuietGame     3.21       68     0     B
502      187    147    30    31     147      40     40      1      6      -5   B  QuietGame     3.31       68     0     B
503      223    183    36    36     183      40     40      1      2       0   B  QuietGame     3.31       68     1     A
504      191    151    27    28     151      40     40      2      2       2   A  QuietGame     3.29       66     0     A
507      140    100    30    31     100      40     40      0      4       3   A  QuietGame     3.24       68     1     B
506      189    149    32    32     149      40     40      2      2       2   A  QuietGame     3.37       68     0     A
508      176    136    28    28     136      40     40      0      5       4   A  QuietGame     3.22       68     0     A
509      168    128    29    29     128      40     40      2      2       1   B  QuietGame     3.32       68     1     A
510      175    135    35    35     175       0     15      0      3       3   A  Reduction     3.33       67     0     A
511      183    143    31    33     143      40     40      2      3       3   A  QuietGame     3.33       67     1     B
516       97     57     8    10      57      40     40      0      3       2   A  QuietGame     3.13       69     0     A
512      186    146    34    34     186       0     24      3      4      -4   B  Reduction     3.24       68     0     B
517      110     70    15    16      70      40     40      0      5       4   A  QuietGame     3.09       69     1     B
514      202    162    32    34     162      40     40      3      2      -2   B  QuietGame     3.18       68     0     B
513      212    172    33    33     172      40     40      3      3      -3   B  QuietGame     3.34       68     1     A
515      177    137    28    29     137      40     40      0      5       5   A  QuietGame     3.19       68     1     B
518      141    101    36    36     141       0     23      2      2       2   A  Reduction     3.25       68     0     A
519      155    115    25    26     115      40     40      0      4       4   A  QuietGame     3.25       68     1     B
522      112     72    20    20      72      40     40      0      3       2   A  QuietGame     3.22       68     0     A
523      163    123    15    16     123      40     40      2      4       4   A  QuietGame     3.10       68     1     B
524      158    118    13    13     118      40     40      1      2      -1   B  QuietGame     3.07       68     0     B
525      175    135    34    35     135      40     40      0      2       1   B  QuietGame     3.21       68     1     A
520      217    177    31    32     177      40     40      2      3       2   A  QuietGame     3.16       68     0     A
521      222    182    35    35     222       0     35      1      3      -3   B  Reduction     3.19       68     1     A
527      166    126    31    33     126      40     40      2      4       3   A  QuietGame     3.19       68     1     B
526      212    172    32    33     172      40     40      3      3      -3   B  QuietGame     3.38       68     0     B
529      169    129    33    34     129      40     40      1      3      -2   B  QuietGame     3.24       68     1     A
531      156    116    36    36     156       0     19      3      2      -2   B  Reduction     3.28       68     1     A
532      160    120    25    25     120      40     40      3      3      -3   B  QuietGame     3.22       68     0     B
528      243    203    34    36     203      40     40      3      2       0   B  QuietGame     3.28       68     0     B
530      188    148    35    35     148      40     40      3      2      -1   B  QuietGame     3.26       68     0     B
533      161    121    36    36     161       0     14      4      2       2   A  Reduction     3.13       68     1     B
534      143    103    28    32     143       0     14      2      6       6   A  Reduction     3.19       68     0     A
535      162    122    32    33     122      40     40      0      2       1   B  QuietGame     3.21       68     1     A
540       98     58    14    14      58      40     40      1      2      -2   B  QuietGame     3.00       67     0     B
538      110     70    11    11      70      40     40      1      1      -1   B  QuietGame     3.16       68     0     B
539      145    105    32    33     145       0     15      0      5       5   A  Reduction     3.19       68     1     B
537      163    123    30    32     163       0     25      0      6       6   A  Reduction     3.06       67     1     B
536      176    136    30    31     136      40     40      1      5      -5   B  QuietGame     3.34       67     0     B
541      175    135    29    29     135      40     40      0      3       3   A  QuietGame     3.19       67     1     B
543      125     85    32    32     125       0     12      0      6       6   A  Reduction     3.10       67     1     B
542      225    185    31    32     185      40     40      0      4       4   A  QuietGame     3.37       67     0     A
546      132     92    33    34     132       0     19      1      4      -4   B  Reduction     3.13       67     0     B
547      125     85    28    28      85      40     40      0      6       6   A  QuietGame     3.27       67     1     B
548      155    115    33    33     115      40     40      0      2       1   B  QuietGame     3.22       68     0     B
549      142    102    32    32     142       0     27      1      6      -6   B  Reduction     3.16       68     1     A
544      230    190    36    36     190      40     40      2      2       0   B  QuietGame     3.25       68     0     B
545      230    190    36    36     190      40     40      2      2       0   B  QuietGame     3.25       68     1     A
550      179    139    31    32     179       0     29      0      6       6   A  Reduction     3.15       68     0     A
551      167    127    33    34     127      40     40      5      1       0   B  QuietGame     3.31       68     1     A
553      166    126    33    33     166       0     20      1      5      -5   B  Reduction     3.22       68     1     A
552      205    165    35    36     205       0     30      4      2       2   A  Reduction     3.19       68     0     A
554      179    139    29    29     139      40     40      0      4       3   A  QuietGame     3.21       67     0     A
558      138     98    18    20      98      40     40      3      2      -2   B  QuietGame     3.07       68     0     B
556      183    143    26    28     143      40     40      0      8       8   A  QuietGame     3.06       68     0     A
557      183    143    36    36     143      40     40      7      1       0   B  QuietGame     3.29       68     1     A
555      206    166    33    33     166      40     40      0      4       3   A  QuietGame     3.24       67     1     B
561      137     97    18    19      97      40     40      0      5       5   A  QuietGame     3.04       68     1     B
560      186    146    34    34     146      40     40      0      3       2   A  QuietGame     3.26       68     0     A
559      232    192    35    35     192      40     40      7      1      -1   B  QuietGame     3.12       68     1     A
563      191    151    32    33     151      40     40      0      3       3   A  QuietGame     3.13       67     1     B
566      168    128    19    19     128      40     40      1      3      -3   B  QuietGame     3.22       67     0     B
567      103     63     7     7      63      40     40      0      1       1   B  QuietGame     3.07       67     1     A
562      218    178    32    33     178      40     40      0      4       3   A  QuietGame     3.03       67     0     A
564      206    166    30    31     166      40     40      1      5      -5   B  QuietGame     3.27       67     0     B
565      233    193    33    35     193      40     40      2      2       1   B  QuietGame     2.91       67     1     A
568      181    141    35    35     181       0     30      2      3       3   A  Reduction     3.24       68     0     A
569      173    133    35    35     173       0     26      2      3       3   A  Reduction     3.26       68     1     B
573      159    119    33    34     159       0     20      4      4       4   A  Reduction     3.16       68     1     B
572      169    129    32    34     169       0     30      0      4       4   A  Reduction     3.07       68     0     A
571      183    143    31    32     183       0     33      0      6       6   A  Reduction     3.16       68     1     B
574      181    141    32    34     141      40     40      0      4       2   A  QuietGame     3.19       67     0     A
570      211    171    33    34     171      40     40      1      3      -2   B  QuietGame     3.07       68     0     B
577      151    111    33    33     151       0     18      0      5       5   A  Reduction     3.40       68     1     B
578      117     77    30    31     117       0     12      0      7       7   A  Reduction     3.21       68     0     A
575      239    199    29    30     199      40     40      0      6       6   A  QuietGame     3.30       67     1     B
580      151    111    27    28     111      40     40      0      8       8   A  QuietGame     3.21       68     0     A
576      230    190    32    34     190      40     40      5      2      -2   B  QuietGame     3.25       68     0     B
579      172    132    34    34     172       0     27      1      4      -4   B  Reduction     3.24       68     1     A
583       92     52     7     8      52      40     40      1      2      -2   B  QuietGame     2.94       68     1     A
582      164    124    21    21     124      40     40      1      4      -3   B  QuietGame     3.01       68     0     B
584      129     89    30    30     129       0     17      2      8       8   A  Reduction     3.22       68     0     A
587       89     49     7     7      49      40     40      0      1       1   B  QuietGame     3.16       68     1     A
581      220    180    35    35     180      40     40      2      2       1   B  QuietGame     3.26       68     1     A
586      120     80    33    34     120       0     13      1      4      -4   B  Reduction     3.29       68     0     B
585      186    146    36    36     146      40     40      6      1       0   B  QuietGame     3.24       68     1     A
588      162    122    26    29     122      40     40      0      8       7   A  QuietGame     3.16       68     0     A
589      167    127    35    35     167       0     37      0      3       3   A  Reduction     3.38       68     1     B
593      119     79    18    18      79      40     40      0      2       2   A  QuietGame     3.24       68     1     B
592      134     94    20    20      94      40     40      1      4      -4   B  QuietGame     3.40       68     0     B
590      189    149    32    34     189       0     35      0      4       4   A  Reduction     3.21       68     0     A
591      168    128    32    32     128      40     40      4      1       0   B  QuietGame     3.29       68     1     A
595      137     97    21    22      97      40     40      0      4       4   A  QuietGame     3.21       67     1     B
596      120     80    18    20      80      40     40      4      2       0   B  QuietGame     3.12       68     0     B
597      148    108    30    30     108      40     40      4      1       0   B  QuietGame     3.41       68     1     A
594      225    185    35    35     185      40     40      3      2      -1   B  QuietGame     3.15       67     0     B
598      147    107    30    30     147       0     24      0      8       8   A  Reduction     3.25       68     0     A
599      150    110    32    32     150       0     14      1      6      -6   B  Reduction     3.22       68     1     A
601      161    121    32    33     121      40     40      1      4      -3   B  QuietGame     3.21       67     1     A
600      184    144    30    31     144      40     40      1      5      -5   B  QuietGame     3.18       67     0     B
602      137     97    32    32     137       0     15      0      6       6   A  Reduction     3.21       68     0     A
603      163    123    32    33     163       0     24      0      5       5   A  Reduction     3.28       68     1     B
607      114     74    16    18      74      40     40      0      5       4   A  QuietGame     3.03       66     1     B
606      136     96    15    15      96      40     40      0      2       1   B  QuietGame     3.15       66     0     B
605      161    121    21    21     121      40     40      0      3       3   A  QuietGame     3.22       68     1     B
610      131     91    14    16      91      40     40      1      3      -2   B  QuietGame     3.22       68     0     B
608      174    134    32    34     134      40     40      4      3       2   A  QuietGame     3.22       68     0     A
613      101     61    13    15      61      40     40      4      1       1   B  QuietGame     3.16       68     1     A
609      167    127    31    33     127      40     40      0      3       3   A  QuietGame     3.16       68     1     B
604      247    207    33    34     207      40     40      0      2       2   A  QuietGame     3.28       68     0     A
611      179    139    31    34     139      40     40      0      3       2   A  QuietGame     3.07       68     1     B
618      114     74    21    22      74      40     40      0      3       0   B  QuietGame     3.14       69     0     B
614      204    164    32    35     164      40     40      4      2       1   B  QuietGame     3.18       68     0     B
612      229    189    34    35     229       0     37      4      3       3   A  Reduction     3.19       68     0     A
617      155    115    26    28     155       0     19      0     10      10   A  Reduction     3.15       67     1     B
616      177    137    22    23     137      40     40      0      7       7   A  QuietGame     3.33       67     0     A
615      195    155    33    34     155      40     40      0      3       2   A  QuietGame     3.15       68     1     B
619      167    127    32    32     167       0     26      0      6       6   A  Reduction     3.25       69     1     B

games                620
mean plies           164.0   (movement 124.0)
mean captures        28.2
mean removals        29.0
mean dead tail       26.8   plies after the last capture or removal
mean longest quiet   34.2
mean lead changes    1.2   (312 of 620 games had any)
mean peak margin     3.8
mean final margin    3.3   (absolute)
ended by quiet game  415  (67%)
ended by reduction   205  (33%)
ended by immobilize  0  (0%)
won by A / B         338 / 282
mean depth           3.22   (over 42040 searched opening plies)
wall clock           5869.08 s

weight-set A wins    310 / 620  (50.0%)   [as P0: 169/310, as P1: 141/310]
weight-set B wins    310 / 620
quiet-game share     A-wins 66.8%   B-wins 67.1%   all 66.9%
95% threshold        wins >= 331 of 620 (one-sided): neither side significant
csv line appended to doc\bench\sweeps\2026-08-26-round2\confirm.csv

wins 310/620 (threshold 331), quiet 66.94% (limit 74.5%), captures 28.21 (floor 24.669)
REJECT: no significant strength gain.
sweep stage 'confirm' -> doc/bench/sweeps/2026-08-26-round2
>> ./cmake-build-release/latrunculi_game/latrunculi_bench.exe pairs=310 ms=500 seed=777001 threads=8 rows=8 columns=10 perside=20 csv=doc\bench\sweeps\2026-08-26-round2\confirm.csv wA.threat=0.25 wA.pair=0.02 wA.mobility=0.02 wA.centre=0.2 wA.vulnerableAxes=-0.03 wA.oneMoveCapturable=-0.63 wA.spearheadPairs=0.15 wA.diagonalSupport=0.06 wA.deniedSquares=0.04 wA.strikers=0.05 wA.notchExposure=-0.12 wB.threat=0.25 wB.pair=0.02 wB.mobility=0.02 wB.centre=0.2 wB.vulnerableAxes=-0.03 wB.oneMoveCapturable=-0.9 wB.spearheadPairs=0.15 wB.diagonalSupport=0.06 wB.deniedSquares=0.04 wB.strikers=0.05 wB.notchExposure=-0.12
Latrunculi bench: 310 mirrored A-vs-B pairs (620 games), 8x10, 20 per side, slide, convex payoff, komi 1.5, policy placement, 500 ms per searched ply, 8 threads
base seed: 777001  (pair p uses seed base+p; even game index = set A as P0)
XML: not saved   memory tracking level: 0

game   plies  moveP  capt  remv lastAct    tail  quiet   lead   peak  margin win  reason    depth    srchd  AasP  wSet
6        141    101    30    30     141       0     20      0      8       8   A  Reduction     3.28       68     0     A
3        145    105    29    29     145       0     23      0     10      10   A  Reduction     3.15       67     1     B
5        147    107    24    24     107      40     40      0      6       6   A  QuietGame     3.29       68     1     B
1        166    126    35    35     166       0     32      1      3      -3   B  Reduction     3.28       68     1     A
7        180    140    31    32     140      40     40      7      3       2   A  QuietGame     3.32       68     1     B
2        186    146    35    35     186       0     22      5      3      -3   B  Reduction     3.27       67     0     B
4        197    157    33    33     157      40     40      6      2       1   B  QuietGame     3.37       68     0     B
0        203    163    31    31     163      40     40      2      5       5   A  QuietGame     3.38       68     0     A
8         96     56    12    13      56      40     40      0      2       1   B  QuietGame     3.07       68     0     B
9        172    132    19    20     132      40     40      2      2       0   B  QuietGame     3.12       68     1     A
12       146    106    27    27     106      40     40      0      2       1   B  QuietGame     3.37       68     0     B
16       122     82    11    11      82      40     40      0      3       1   B  QuietGame     3.25       68     0     B
14       160    120    32    34     160       0     25      1      4      -4   B  Reduction     3.24       68     0     B
13       182    142    33    33     142      40     40      1      3      -3   B  QuietGame     3.38       68     1     A
10       225    185    36    36     185      40     40      7      2       0   B  QuietGame     3.24       67     0     B
11       226    186    27    29     186      40     40      3      7      -7   B  QuietGame     3.06       67     1     A
15       191    151    33    33     151      40     40      0      3       3   A  QuietGame     3.24       68     1     B
17       129     89    17    19      89      40     40      3      2      -1   B  QuietGame     3.18       68     1     A
20       140    100    33    33     140       0     13      1      5      -5   B  Reduction     3.21       67     0     B
18       169    129    35    35     129      40     40      3      2      -1   B  QuietGame     3.34       68     0     B
24       119     79    20    20      79      40     40      0      4       2   A  QuietGame     3.29       68     0     A
21       166    126    30    32     166       0     33      3      6      -6   B  Reduction     3.18       67     1     A
19       192    152    31    32     152      40     40      1      4      -4   B  QuietGame     3.34       68     1     A
22       177    137    31    33     177       0     17      0      5       5   A  Reduction     3.15       68     0     A
23       187    147    29    30     147      40     40      0      6       6   A  QuietGame     3.21       68     1     B
27       129     89    19    19      89      40     40      2      2       1   B  QuietGame     3.29       68     1     A
25       186    146    32    33     146      40     40      4      2       1   B  QuietGame     3.18       68     1     A
28       140    100    33    35     140       0     15      1      3      -3   B  Reduction     3.21       68     0     B
29       132     92    23    26      92      40     40      2      3       2   A  QuietGame     3.31       68     1     B
31       147    107    31    32     107      40     40      0      4       4   A  QuietGame     3.45       67     1     B
32       125     85    33    34     125       0     13      0      4       4   A  Reduction     3.22       68     0     A
26       219    179    33    33     179      40     40      0      3       3   A  QuietGame     3.37       68     0     A
30       188    148    32    34     148      40     40      6      2       0   B  QuietGame     3.22       67     0     B
35        97     57    11    11      57      40     40      0      2       1   B  QuietGame     3.09       67     1     A
33       134     94    20    21      94      40     40      1      3      -1   B  QuietGame     3.24       68     1     A
36       151    111    35    35     151       0     20      0      3       3   A  Reduction     3.26       68     0     A
37       120     80    16    16      80      40     40      2      1       0   B  QuietGame     3.12       68     1     A
39       110     70    15    16      70      40     40      0      3       2   A  QuietGame     3.15       68     1     B
34       207    167    35    35     207       0     35      2      3       3   A  Reduction     3.19       67     0     A
40       151    111    33    33     151       0     23      0      5       5   A  Reduction     3.22       67     0     A
38       205    165    35    35     165      40     40      0      2       1   B  QuietGame     3.21       68     0     B
41       183    143    34    34     143      40     40      5      3      -2   B  QuietGame     3.24       67     1     A
44       131     91    32    34     131       0     12      0      4       4   A  Reduction     3.19       68     0     A
42       224    184    32    34     184      40     40      2      3       2   A  QuietGame     3.09       67     0     A
47       124     84    27    27      84      40     40      0      2       1   B  QuietGame     3.29       68     1     A
48        94     54     9    10      54      40     40      0      3       2   A  QuietGame     3.24       68     0     A
46       175    135    34    34     135      40     40      7      1       0   B  QuietGame     3.26       68     0     B
50       101     61    11    11      61      40     40      4      1       1   B  QuietGame     3.04       68     0     B
45       220    180    30    33     180      40     40      0      4       3   A  QuietGame     3.13       68     1     B
43       236    196    33    33     236       0     38      1      5      -5   B  Reduction     3.22       67     1     A
49       138     98    12    14      98      40     40      0      2       0   B  QuietGame     3.15       68     1     A
51       127     87    31    31     127       0     21      0      7       7   A  Reduction     3.29       68     1     B
55       123     83    15    16      83      40     40      0      4       4   A  QuietGame     3.10       68     1     B
54       156    116    22    23     116      40     40      0      6       5   A  QuietGame     3.24       68     0     A
52       171    131    31    34     131      40     40      4      3       2   A  QuietGame     3.16       68     0     A
53       171    131    31    34     131      40     40      4      3       2   A  QuietGame     3.18       68     1     B
57       128     88    17    18      88      40     40      5      2      -2   B  QuietGame     3.28       68     1     A
56       142    102    18    18     102      40     40      0      2       0   B  QuietGame     3.32       68     0     B
58       200    160    28    29     160      40     40      0      4       3   A  QuietGame     3.41       68     0     A
59       190    150    33    34     150      40     40      3      2      -2   B  QuietGame     3.21       68     1     A
60       161    121    33    33     161       0     33      0      5       5   A  Reduction     3.32       68     0     A
61       164    124    34    35     164       0     26      1      3      -3   B  Reduction     3.37       68     1     A
65       147    107    31    32     147       0     18      0      6       6   A  Reduction     3.10       67     1     B
64       165    125    25    26     125      40     40      0      5       4   A  QuietGame     3.31       67     0     A
62       181    141    30    31     141      40     40      0      5       5   A  QuietGame     3.18       68     0     A
63       197    157    36    36     197       0     31      2      2       2   A  Reduction     3.43       68     1     B
68       102     62    13    15      62      40     40      2      2       1   B  QuietGame     3.13       68     0     B
66       176    136    32    33     136      40     40      0      4       3   A  QuietGame     3.18       68     0     A
71       118     78    17    17      78      40     40      1      1      -1   B  QuietGame     3.22       68     1     A
70       157    117    31    32     117      40     40      1      2       0   B  QuietGame     3.24       68     0     B
67       191    151    33    34     151      40     40      1      2       0   B  QuietGame     3.32       68     1     A
69       175    135    28    29     135      40     40      1      4      -3   B  QuietGame     3.41       68     1     A
73       181    141    23    24     141      40     40      3      2       0   B  QuietGame     3.12       67     1     A
74       173    133    30    31     133      40     40      0      5       5   A  QuietGame     3.22       68     0     A
72       236    196    34    35     196      40     40      4      2       1   B  QuietGame     3.16       67     0     B
75       155    115    28    31     155       0     21      0      7       7   A  Reduction     3.13       68     1     B
79       146    106    15    15     106      40     40      0      3      -3   B  QuietGame     3.26       68     1     A
76       199    159    34    34     159      40     40      3      3      -2   B  QuietGame     3.22       68     0     B
77       208    168    32    32     168      40     40      3      4      -4   B  QuietGame     3.22       68     1     A
80       151    111    22    22     111      40     40      3      1       0   B  QuietGame     3.32       68     0     B
83       139     99    19    19      99      40     40      1      4      -3   B  QuietGame     3.24       68     1     A
78       240    200    35    36     200      40     40      4      3       0   B  QuietGame     3.22       68     0     B
85        95     55    10    10      55      40     40      0      2       2   A  QuietGame     3.13       67     1     B
82       181    141    33    35     181       0     25      0      3       3   A  Reduction     3.21       68     0     A
81       189    149    36    36     149      40     40      1      1       0   B  QuietGame     3.28       68     1     A
88       115     75    19    22      75      40     40      3      2       0   B  QuietGame     3.13       69     0     B
84       207    167    34    35     207       0     34      0      3       3   A  Reduction     3.25       67     0     A
86       187    147    34    35     187       0     26      2      3       3   A  Reduction     3.25       68     0     A
87       187    147    34    35     147      40     40      4      2       1   B  QuietGame     3.24       68     1     A
89       165    125    30    30     165       0     31      0      8       8   A  Reduction     3.38       69     1     B
90       172    132    33    33     132      40     40      0      4       3   A  QuietGame     3.13       67     0     A
92       170    130    32    32     170       0     23      1      6      -6   B  Reduction     3.29       68     0     B
91       185    145    34    35     185       0     30      0      3       3   A  Reduction     3.37       67     1     B
93       179    139    29    29     179       0     33      0      9       9   A  Reduction     3.29       68     1     B
95       153    113    28    29     153       0     19      0      9       9   A  Reduction     3.23       69     1     B
94       190    150    35    35     150      40     40      0      2       1   B  QuietGame     3.25       69     0     B
97       173    133    31    31     173       0     16      0      7       7   A  Reduction     3.22       67     1     B
96       188    148    34    34     148      40     40      1      2      -2   B  QuietGame     3.28       67     0     B
98       172    132    33    34     132      40     40      0      3       0   B  QuietGame     3.42       67     0     B
100      176    136    36    36     176       0     39      5      2      -2   B  Reduction     3.32       68     0     B
101      137     97    34    35     137       0     16      0      3       3   A  Reduction     3.28       68     1     B
99       216    176    29    30     176      40     40      1      6      -6   B  QuietGame     3.45       67     1     A
104      112     72    18    20      72      40     40      0      2       0   B  QuietGame     3.12       68     0     B
105      148    108    33    34     148       0     13      1      4      -4   B  Reduction     3.13       68     1     A
102      187    147    32    32     147      40     40      3      3      -2   B  QuietGame     3.25       68     0     B
103      194    154    35    35     194       0     30      3      3      -3   B  Reduction     3.28       68     1     A
106      165    125    23    23     125      40     40      0      5       5   A  QuietGame     3.21       68     0     A
107      159    119    30    31     159       0     36      0      7       7   A  Reduction     3.22       68     1     B
109      147    107    33    33     147       0     29      0      5       5   A  Reduction     3.28       68     1     B
112      106     66    14    17      66      40     40      0      4       3   A  QuietGame     2.99       68     0     A
108      195    155    35    36     195       0     36      4      2       2   A  Reduction     3.24       68     0     A
110      183    143    31    32     143      40     40      0      4       4   A  QuietGame     3.24       67     0     A
115      109     69    10    11      69      40     40      0      5       5   A  QuietGame     3.18       68     1     B
116      120     80    13    13      80      40     40      0      4       3   A  QuietGame     3.15       68     0     A
111      208    168    32    33     208       0     30      1      5      -5   B  Reduction     3.43       67     1     A
117      126     86    34    34     126       0      9      3      4      -4   B  Reduction     3.25       68     1     A
114      204    164    32    33     204       0     28      1      5      -5   B  Reduction     3.32       68     0     B
119      120     80    17    18      80      40     40      4      2       0   B  QuietGame     3.19       69     1     A
113      236    196    31    32     196      40     40      1      4      -4   B  QuietGame     3.01       68     1     A
120      132     92    23    24      92      40     40      4      1       0   B  QuietGame     3.21       68     0     B
118      196    156    32    33     156      40     40      2      4       3   A  QuietGame     3.43       69     0     A
124      128     88    13    13      88      40     40      1      1      -1   B  QuietGame     3.37       68     0     B
122      151    111    33    34     151       0     15      0      4       4   A  Reduction     3.31       68     0     A
123      151    111    33    34     151       0     15      0      4       4   A  Reduction     3.31       68     1     B
121      204    164    33    34     204       0     27      3      4      -4   B  Reduction     3.32       68     1     A
127      147    107    17    17     107      40     40      2      2       1   B  QuietGame     3.25       67     1     A
125      207    167    34    35     167      40     40      0      2       1   B  QuietGame     3.21       68     1     A
126      208    168    34    34     168      40     40      3      2      -2   B  QuietGame     3.21       67     0     B
129      135     95    29    31     135       0     27      0      7       7   A  Reduction     3.20       66     1     B
128      181    141    35    35     141      40     40      1      2      -1   B  QuietGame     3.32       66     0     B
130      154    114    18    18     114      40     40      0      3       2   A  QuietGame     3.35       68     0     A
131      149    109    31    32     149       0     23      0      6       6   A  Reduction     3.24       68     1     B
132      201    161    27    27     161      40     40      0      9       9   A  QuietGame     3.40       68     0     A
136      143    103    32    33     143       0     19      0      5       5   A  Reduction     3.22       68     0     A
137      133     93    35    35     133       0     11      0      3       3   A  Reduction     3.35       68     1     B
135      172    132    34    34     132      40     40      2      3       2   A  QuietGame     3.24       68     1     B
133      201    161    34    35     201       0     21      0      3       3   A  Reduction     3.16       68     1     B
134      192    152    28    29     152      40     40      1      7      -7   B  QuietGame     3.28       68     0     B
139      194    154    34    34     154      40     40      3      3      -2   B  QuietGame     3.10       69     1     A
138      208    168    30    33     168      40     40      1      3      -1   B  QuietGame     3.09       69     0     B
140      145    105    30    30     105      40     40      0      6       6   A  QuietGame     3.25       68     0     A
143      145    105    34    35     145       0     15      0      3       3   A  Reduction     3.28       67     1     B
142      167    127    34    34     167       0     17      2      4       4   A  Reduction     3.30       67     0     A
145      145    105    20    20     105      40     40      0      4       4   A  QuietGame     3.16       68     1     B
141      174    134    34    34     134      40     40      1      2      -2   B  QuietGame     3.31       68     1     A
144      158    118    33    33     118      40     40      3      3      -3   B  QuietGame     3.32       68     0     B
147       92     52     9     9      52      40     40      0      2       1   B  QuietGame     3.12       67     1     A
154      104     64    10    12      64      40     40      0      3       2   A  QuietGame     3.00       67     0     A
148      160    120    35    36     160       0     23      5      2      -2   B  Reduction     3.24       68     0     B
146      199    159    33    35     159      40     40      3      2      -1   B  QuietGame     3.24       67     0     B
150      144    104    33    34     144       0     13      5      4      -4   B  Reduction     3.19       68     0     B
152      143    103    26    28     103      40     40      1      3       0   B  QuietGame     3.16       67     0     B
153      155    115    25    26     115      40     40      0      8       8   A  QuietGame     3.27       67     1     B
149      185    145    33    33     145      40     40      1      3      -1   B  QuietGame     3.25       68     1     A
151      199    159    34    34     159      40     40      1      3      -2   B  QuietGame     3.16       68     1     A
156      112     72    14    16      72      40     40      0      2       0   B  QuietGame     2.97       68     0     B
155      120     80    16    18      80      40     40      1      2      -2   B  QuietGame     3.27       67     1     A
158      107     67    18    18      67      40     40      1      3      -2   B  QuietGame     2.99       68     0     B
160      152    112    23    25     112      40     40      0      8       7   A  QuietGame     3.09       68     0     A
157      192    152    31    32     152      40     40      0      5       4   A  QuietGame     2.94       68     1     B
159      173    133    31    33     133      40     40      1      2      -1   B  QuietGame     2.93       68     1     A
163      102     62    13    13      62      40     40      0      6       5   A  QuietGame     3.10       67     1     B
162      135     95    32    33     135       0     14      2      5       5   A  Reduction     3.21       67     0     A
161      171    131    31    32     131      40     40      7      2       0   B  QuietGame     3.19       68     1     A
165      173    133    19    20     133      40     40      3      5       0   B  QuietGame     3.01       68     1     A
166      116     76    12    12      76      40     40      0      3       2   A  QuietGame     3.20       69     0     A
169      111     71    20    21      71      40     40      4      1       1   B  QuietGame     3.21       68     1     A
164      212    172    34    34     172      40     40      0      3       2   A  QuietGame     3.19       68     0     A
171      103     63    16    16      63      40     40      0      2       2   A  QuietGame     2.96       68     1     B
168      135     95    27    28      95      40     40      0      3       2   A  QuietGame     3.18       68     0     A
167      158    118    23    23     118      40     40      0      4       3   A  QuietGame     3.04       69     1     B
172       90     50     7     7      50      40     40      1      1      -1   B  QuietGame     2.54       67     0     B
170      163    123    18    18     123      40     40      1      2       0   B  QuietGame     2.78       68     0     B
173      102     62    15    15      62      40     40      1      1      -1   B  QuietGame     2.52       67     1     A
174      134     94    19    21      94      40     40      3      1      -1   B  QuietGame     2.47       68     0     B
175      183    143    32    33     183       0     26      0      5       5   A  Reduction     2.63       68     1     B
176      201    161    33    33     161      40     40      3      2      -1   B  QuietGame     2.85       67     0     B
178      187    147    34    34     147      40     40      5      1       0   B  QuietGame     2.87       68     0     B
177      219    179    34    35     179      40     40      1      3      -1   B  QuietGame     2.85       67     1     A
181      157    117    30    32     157       0     18      0      6       6   A  Reduction     3.25       68     1     B
179      193    153    34    34     193       0     36      0      4       4   A  Reduction     3.07       68     1     B
180      195    155    28    28     155      40     40      0      8       8   A  QuietGame     3.12       68     0     A
182      147    107    30    30     147       0     22      0      8       8   A  Reduction     3.37       68     0     A
183      135     95    32    33     135       0     17      0      5       5   A  Reduction     3.22       68     1     B
184      119     79    33    34     119       0     12      0      4       4   A  Reduction     3.17       69     0     A
185      153    113    28    29     153       0     29      0      9       9   A  Reduction     3.28       69     1     B
189      146    106    29    31     106      40     40      0      5      -5   B  QuietGame     3.22       68     1     A
186      179    139    33    33     139      40     40      2      3       3   A  QuietGame     3.15       68     0     A
192      112     72    16    17      72      40     40      0      4       3   A  QuietGame     3.22       68     0     A
191      121     81    14    16      81      40     40      0      4       4   A  QuietGame     3.03       67     1     B
190      170    130    31    32     130      40     40      0      5       4   A  QuietGame     3.18       67     0     A
188      182    142    30    30     142      40     40      0      6      -6   B  QuietGame     3.28       68     0     B
187      207    167    34    36     167      40     40      5      2       0   B  QuietGame     3.15       68     1     A
196       91     51     8     9      51      40     40      2      1       1   B  QuietGame     3.00       68     0     B
199      107     67    12    12      67      40     40      1      2       0   B  QuietGame     3.23       69     1     A
194      149    109    25    27     109      40     40      0      7       7   A  QuietGame     2.99       68     0     A
198      123     83    23    23      83      40     40      1      5      -3   B  QuietGame     3.29       69     0     B
193      194    154    36    36     194       0     31      1      2      -2   B  Reduction     3.29       68     1     A
197      169    129    35    35     169       0     18      0      3       3   A  Reduction     3.25       68     1     B
195      191    151    33    35     191       0     30      0      3       3   A  Reduction     3.16       68     1     B
200      187    147    34    35     147      40     40      1      2      -1   B  QuietGame     3.13       68     0     B
203      149    109    31    33     109      40     40      4      3       3   A  QuietGame     3.29       68     1     B
202      163    123    33    33     123      40     40      0      4       3   A  QuietGame     3.34       68     0     A
201      193    153    32    33     193       0     31      0      5       5   A  Reduction     3.16       68     1     B
205      186    146    33    34     146      40     40      3      2      -2   B  QuietGame     3.13       68     1     A
207      157    117    32    34     157       0     28      0      4       4   A  Reduction     3.20       69     1     B
204      210    170    36    36     170      40     40      2      2       0   B  QuietGame     3.12       68     0     B
206      171    131    31    32     171       0     17      0      6       6   A  Reduction     3.17       69     0     A
208      152    112    29    30     112      40     40      1      6      -6   B  QuietGame     3.18       67     0     B
211      118     78    19    19      78      40     40      2      2       1   B  QuietGame     3.29       68     1     A
210      139     99    19    23      99      40     40      0      5       5   A  QuietGame     3.04       68     0     A
212       99     59    12    14      59      40     40      0      4       4   A  QuietGame     3.04       67     0     A
209      175    135    34    35     175       0     32      4      3       3   A  Reduction     3.19       67     1     B
214      155    115    29    29     115      40     40      0      5       5   A  QuietGame     3.37       68     0     A
213      181    141    33    34     181       0     24      0      4       4   A  Reduction     3.19       67     1     B
215      177    137    34    34     177       0     22      0      4       4   A  Reduction     3.24       68     1     B
216      169    129    31    32     129      40     40      4      2       2   A  QuietGame     3.25       67     0     A
217      169    129    31    32     129      40     40      4      2       2   A  QuietGame     3.24       67     1     B
220      141    101    24    26     101      40     40      0      8       8   A  QuietGame     3.15       68     0     A
218      186    146    32    33     146      40     40      2      4       3   A  QuietGame     3.27       67     0     A
219      193    153    36    36     193       0     34      0      2       2   A  Reduction     3.36       67     1     B
224      125     85    19    20      85      40     40      0      2       2   A  QuietGame     3.22       67     0     A
226       97     57    14    14      57      40     40      1      1       0   B  QuietGame     3.13       68     0     B
221      201    161    35    35     161      40     40      1      2      -1   B  QuietGame     3.31       68     1     A
225      137     97    27    27      97      40     40      0      9       9   A  QuietGame     3.36       67     1     B
223      186    146    33    33     146      40     40      1      3      -3   B  QuietGame     3.19       68     1     A
222      207    167    35    36     207       0     37      4      2       2   A  Reduction     3.19       68     0     A
227      133     93    13    13      93      40     40      1      3       3   A  QuietGame     3.34       68     1     B
229      101     61     7     7      61      40     40      1      2      -1   B  QuietGame     3.26       68     1     A
231      115     75    11    12      75      40     40      0      4       4   A  QuietGame     3.12       67     1     B
228      201    161    33    33     201       0     25      0      5       5   A  Reduction     3.35       68     0     A
234      115     75     9    10      75      40     40      0      4       4   A  QuietGame     3.19       67     0     A
233      136     96    24    24      96      40     40      0      3       2   A  QuietGame     3.29       68     1     B
230      183    143    31    31     143      40     40      0      5       5   A  QuietGame     3.30       67     0     A
235      155    115    35    36     155       0     15      0      2       2   A  Reduction     3.33       67     1     B
232      198    158    33    33     158      40     40      0      4       3   A  QuietGame     3.43       68     0     A
236      162    122    32    32     122      40     40      0      5       4   A  QuietGame     3.37       68     0     A
237      193    153    33    33     193       0     23      0      5       5   A  Reduction     3.31       68     1     B
239      169    129    32    32     129      40     40      0      2       2   A  QuietGame     3.25       68     1     B
238      193    153    30    31     153      40     40      2      5       5   A  QuietGame     3.19       68     0     A
240      182    142    25    25     142      40     40      0      6       5   A  QuietGame     3.30       69     0     A
242      159    119    35    35     159       0     14      0      3       3   A  Reduction     3.34       68     0     A
241      185    145    32    34     145      40     40      0      3       2   A  QuietGame     3.19       69     1     B
244      170    130    23    23     130      40     40      1      2      -1   B  QuietGame     3.29       68     0     B
243      208    168    33    33     168      40     40      1      3      -3   B  QuietGame     3.31       68     1     A
246      135     95    33    34     135       0     16      2      4       4   A  Reduction     3.19       68     0     A
250      106     66    14    17      66      40     40      0      3       1   B  QuietGame     3.04       67     0     B
245      177    137    33    33     177       0     25      0      5       5   A  Reduction     3.32       68     1     B
249      146    106    31    32     106      40     40      4      2       0   B  QuietGame     3.22       68     1     A
247      167    127    31    31     127      40     40      0      3       3   A  QuietGame     3.25       68     1     B
248      177    137    33    33     177       0     28      0      5       5   A  Reduction     3.35       68     0     A
251      161    121    32    33     161       0     37      2      5       5   A  Reduction     3.16       67     1     B
253      139     99    34    34     139       0     14      0      4       4   A  Reduction     3.29       68     1     B
254      153    113    21    21     113      40     40      2      1       1   B  QuietGame     3.19       67     0     B
256      155    115    33    33     115      40     40      0      2       1   B  QuietGame     3.28       68     0     B
252      233    193    32    32     193      40     40      2      4       4   A  QuietGame     3.41       68     0     A
257      175    135    35    35     175       0     33      0      3       3   A  Reduction     3.28       68     1     B
255      195    155    33    33     155      40     40      5      3       3   A  QuietGame     3.42       67     1     B
259      149    109    31    32     149       0     14      2      6       6   A  Reduction     3.25       68     1     B
258      208    168    32    34     168      40     40      1      3      -2   B  QuietGame     3.19       68     0     B
261      153    113    32    32     153       0     15      0      6       6   A  Reduction     3.25       67     1     B
264       99     59    11    12      59      40     40      1      1       0   B  QuietGame     3.01       68     0     B
265      115     75    16    17      75      40     40      0      7       7   A  QuietGame     3.16       68     1     B
260      213    173    31    31     173      40     40      0      5       5   A  QuietGame     3.28       67     0     A
262      183    143    34    34     143      40     40      0      2       2   A  QuietGame     3.34       68     0     A
263      206    166    36    36     166      40     40      6      1       0   B  QuietGame     3.31       68     1     A
270      109     69     9    10      69      40     40      0      4       4   A  QuietGame     3.07       68     0     A
272       99     59    13    14      59      40     40      1      1       0   B  QuietGame     3.01       68     0     B
266      236    196    35    35     236       0     37      3      3      -3   B  Reduction     3.34       67     0     B
269      179    139    19    19     139      40     40      0      5       5   A  QuietGame     3.21       68     1     B
267      218    178    30    30     178      40     40      4      2       0   B  QuietGame     3.30       67     1     A
268      221    181    32    32     221       0     38      0      6       6   A  Reduction     3.22       68     0     A
274       97     57    12    13      57      40     40      0      3       3   A  QuietGame     3.03       68     0     A
271      215    175    36    36     175      40     40      5      1       0   B  QuietGame     3.28       68     1     A
273      161    121    34    35     161       0     28      4      3       3   A  Reduction     3.21       68     1     B
276      137     97    28    29      97      40     40      0      6       5   A  QuietGame     3.19       68     0     A
280      101     61    12    12      61      40     40      1      1       0   B  QuietGame     3.18       68     0     B
278      166    126    33    34     126      40     40      2      2       0   B  QuietGame     3.16       67     0     B
279      141    101    33    33     141       0     25      0      5       5   A  Reduction     3.18       67     1     B
277      203    163    31    31     163      40     40      0      5       5   A  QuietGame     3.22       68     1     B
275      231    191    31    32     191      40     40      0      4       4   A  QuietGame     3.25       68     1     B
283      121     81    14    16      81      40     40      0      2       2   A  QuietGame     3.16       69     1     B
281      196    156    35    35     196       0     38      1      3      -3   B  Reduction     3.18       68     1     A
282      195    155    34    34     195       0     33      0      4       4   A  Reduction     3.22       69     0     A
284      181    141    33    33     141      40     40      2      3       3   A  QuietGame     3.07       67     0     A
289      113     73    17    18      73      40     40      0      6       6   A  QuietGame     3.26       68     1     B
288      141    101    34    35     141       0     28      0      3       3   A  Reduction     3.22       68     0     A
285      195    155    23    26     155      40     40      3      3       0   B  QuietGame     2.97       67     1     A
286      200    160    35    35     160      40     40      3      2      -1   B  QuietGame     3.06       68     0     B
290      117     77    18    19      77      40     40      0      3       3   A  QuietGame     3.10       67     0     A
291      131     91    33    34     131       0      9      0      4       4   A  Reduction     3.22       67     1     B
287      216    176    34    34     176      40     40      1      3      -2   B  QuietGame     3.21       68     1     A
294       98     58    14    14      58      40     40      2      1       0   B  QuietGame     3.16       68     0     B
292      163    123    24    25     123      40     40      0      4       3   A  QuietGame     3.26       68     0     A
296      122     82     9     9      82      40     40      0      3       1   B  QuietGame     2.84       67     0     B
293      159    119    18    19     119      40     40      0      5       5   A  QuietGame     3.15       68     1     B
299       99     59     9     9      59      40     40      0      3       3   A  QuietGame     2.34       67     1     B
300       98     58    13    15      58      40     40      0      3       1   B  QuietGame     2.40       67     0     B
297      168    128    15    15     128      40     40      1      3      -3   B  QuietGame     3.12       67     1     A
295      225    185    30    30     185      40     40      0      6       6   A  QuietGame     3.25       68     1     B
301      108     68    15    16      68      40     40      2      1       0   B  QuietGame     2.69       67     1     A
302      127     87    13    14      87      40     40      1      3      -2   B  QuietGame     2.78       67     0     B
305       99     59    10    10      59      40     40      1      1       0   B  QuietGame     2.94       68     1     A
298      227    187    23    24     187      40     40      0      8       8   A  QuietGame     2.82       67     0     A
304      124     84    31    33     124       0     12      1      5      -5   B  Reduction     2.96       68     0     B
306      157    117    27    29     117      40     40      0      5       5   A  QuietGame     3.13       68     0     A
303      211    171    31    31     171      40     40      0      5       5   A  QuietGame     2.84       67     1     B
311       98     58    15    16      58      40     40      0      2       0   B  QuietGame     3.12       68     1     A
307      146    106    28    30     106      40     40      1      6      -6   B  QuietGame     3.21       68     1     A
309      131     91    15    17      91      40     40      0      5       5   A  QuietGame     3.13       67     1     B
308      158    118    21    22     118      40     40      1      2      -2   B  QuietGame     3.15       67     0     B
310      189    149    34    36     149      40     40      3      2       0   B  QuietGame     3.15       68     0     B
312      208    168    34    35     168      40     40      0      2       1   B  QuietGame     3.14       69     0     B
314      193    153    32    33     153      40     40      0      3       3   A  QuietGame     3.10       68     0     A
315      192    152    31    33     152      40     40      0      4       3   A  QuietGame     3.16       68     1     B
313      213    173    24    25     173      40     40      0      7       7   A  QuietGame     3.30       69     1     B
316      197    157    34    36     157      40     40      7      2       0   B  QuietGame     3.22       68     0     B
317      200    160    33    34     160      40     40      0      2       0   B  QuietGame     3.13       68     1     A
319      150    110    34    34     150       0     37      1      4      -4   B  Reduction     3.38       68     1     A
318      221    181    35    35     181      40     40      3      2      -1   B  QuietGame     3.18       68     0     B
320      201    161    31    33     161      40     40      1      4      -3   B  QuietGame     3.04       68     0     B
321      145    105    33    33     145       0     17      0      5       5   A  Reduction     3.12       68     1     B
322      197    157    28    30     157      40     40      0      6       6   A  QuietGame     3.07       67     0     A
325      180    140    27    28     140      40     40      2      3       0   B  QuietGame     3.00       68     1     A
324      201    161    34    36     161      40     40      3      2       0   B  QuietGame     3.25       68     0     B
326      174    134    32    34     134      40     40      0      3       2   A  QuietGame     3.13       67     0     A
323      233    193    35    36     193      40     40      5      2       0   B  QuietGame     3.24       67     1     A
327      201    161    34    34     201       0     24      0      4       4   A  Reduction     3.25       67     1     B
329      187    147    28    29     187       0     36      0      9       9   A  Reduction     3.26       68     1     B
328      197    157    25    26     157      40     40      0      8       8   A  QuietGame     3.21       68     0     A
333      170    130    28    29     130      40     40      0      3       1   B  QuietGame     3.26       68     1     A
330      197    157    31    31     157      40     40      0      5       5   A  QuietGame     3.29       68     0     A
332      216    176    35    35     176      40     40      0      2       1   B  QuietGame     3.34       68     0     B
335      186    146    34    34     146      40     40      2      3       2   A  QuietGame     3.19       68     1     B
331      233    193    33    34     193      40     40      3      3      -2   B  QuietGame     3.28       68     1     A
334      234    194    34    35     194      40     40      2      3       1   B  QuietGame     3.34       68     0     B
336      175    135    29    31     135      40     40      2      3       3   A  QuietGame     3.19       68     0     A
337      167    127    32    32     127      40     40      1      5      -4   B  QuietGame     3.40       68     1     A
339      117     77    11    12      77      40     40      0      2       2   A  QuietGame     3.26       68     1     B
340      122     82    19    19      82      40     40      1      2      -1   B  QuietGame     3.28       67     0     B
342      137     97    23    23      97      40     40      0      7       7   A  QuietGame     3.31       68     0     A
338      214    174    32    32     174      40     40      0      5       4   A  QuietGame     3.25       68     0     A
341      172    132    34    34     132      40     40      0      3       2   A  QuietGame     3.33       67     1     B
345      163    123    31    32     123      40     40      4      4       4   A  QuietGame     3.41       68     1     B
346      192    152    36    36     192       0     28      3      2      -2   B  Reduction     3.28       68     0     B
344      209    169    33    33     209       0     24      0      5       5   A  Reduction     3.35       68     0     A
343      245    205    36    36     205      40     40      3      1       0   B  QuietGame     3.19       68     1     A
347      184    144    27    27     144      40     40      2      2       1   B  QuietGame     3.28       68     1     A
350      162    122    29    29     122      40     40      1      3      -3   B  QuietGame     3.21       68     0     B
349      171    131    33    33     171       0     35      0      5       5   A  Reduction     3.36       67     1     B
348      214    174    33    33     174      40     40      0      4       3   A  QuietGame     3.27       67     0     A
351      154    114    36    36     154       0     28      5      2      -2   B  Reduction     3.18       68     1     A
354      165    125    30    31     165       0     22      0      7       7   A  Reduction     3.13       68     0     A
352      189    149    32    33     149      40     40      1      2      -1   B  QuietGame     3.16       68     0     B
353      191    151    35    35     191       0     22      0      3       3   A  Reduction     3.29       68     1     B
356      147    107    33    34     147       0     13      0      4       4   A  Reduction     3.19       68     0     A
355      178    138    31    34     138      40     40      4      3       0   B  QuietGame     3.12       68     1     A
357      198    158    35    35     158      40     40      4      2       1   B  QuietGame     3.31       68     1     A
359      178    138    34    36     178       0     28      1      2      -2   B  Reduction     3.19       68     1     A
358      199    159    28    28     159      40     40      1      3      -2   B  QuietGame     3.28       68     0     B
362      107     67     9     9      67      40     40      1      2      -1   B  QuietGame     3.09       67     0     B
363      119     79    17    18      79      40     40      0      4       4   A  QuietGame     3.28       67     1     B
360      179    139    35    36     179       0     30      0      2       2   A  Reduction     3.26       68     0     A
364      173    133    35    35     173       0     32      0      3       3   A  Reduction     3.19       67     0     A
365      132     92     9     9      92      40     40      0      2       1   B  QuietGame     3.10       67     1     A
361      213    173    35    35     173      40     40      0      2       1   B  QuietGame     3.41       68     1     A
367      148    108    35    35     148       0     13      3      3      -3   B  Reduction     3.29       68     1     A
366      194    154    33    33     194       0     23      1      5      -5   B  Reduction     3.19       68     0     B
369      169    129    30    30     129      40     40      5      1       0   B  QuietGame     3.21       68     1     A
368      196    156    32    34     156      40     40      5      2      -2   B  QuietGame     3.24       68     0     B
371      129     89    29    30     129       0     24      0      8       8   A  Reduction     3.29       68     1     B
370      188    148    33    35     148      40     40      0      3       1   B  QuietGame     3.21       68     0     B
372      157    117    34    34     157       0     35      0      5       4   A  Reduction     3.24       68     0     A
373      200    160    28    28     200       0     33      1     10     -10   B  Reduction     3.37       68     1     A
374      185    145    33    33     145      40     40      3      2      -1   B  QuietGame     3.22       68     0     B
375      166    126    31    31     126      40     40      0      4       3   A  QuietGame     3.38       68     1     B
376      171    131    32    32     171       0     32      0      6       6   A  Reduction     3.28       68     0     A
378      159    119    31    32     119      40     40      2      4       4   A  QuietGame     3.25       68     0     A
380      155    115    32    32     155       0     17      2      6       6   A  Reduction     3.27       67     0     A
377      225    185    33    33     185      40     40      0      3       3   A  QuietGame     3.26       68     1     B
379      192    152    34    35     192       0     27      3      3      -3   B  Reduction     3.06       68     1     A
383      122     82    13    13      82      40     40      1      2      -1   B  QuietGame     3.19       68     1     A
381      186    146    27    28     146      40     40      1      4      -4   B  QuietGame     3.18       67     1     A
385      133     93    32    32     133       0     29      0      6       6   A  Reduction     3.29       68     1     B
382      175    135    34    35     175       0     26      0      3       3   A  Reduction     3.29       68     0     A
384      144    104    29    34     144       0     13      3      4      -4   B  Reduction     3.13       68     0     B
386      164    124    32    35     124      40     40      0      2       1   B  QuietGame     3.03       68     0     B
387      164    124    32    35     124      40     40      0      2       1   B  QuietGame     3.01       68     1     A
393      108     68     8    10      68      40     40      0      3       2   A  QuietGame     3.12       68     1     B
389      165    125    33    35     165       0     18      0      4       3   A  Reduction     3.25       68     1     B
390      159    119    33    33     159       0     15      2      5       5   A  Reduction     3.31       68     0     A
388      203    163    34    34     163      40     40      1      3      -2   B  QuietGame     3.41       68     0     B
391      175    135    25    27     135      40     40      0      9       9   A  QuietGame     3.15       68     1     B
392      187    147    30    30     187       0     21      0      8       8   A  Reduction     3.28       68     0     A
395      106     66    11    14      66      40     40      0      3       0   B  QuietGame     3.01       68     1     A
394      179    139    33    35     139      40     40      1      2      -1   B  QuietGame     3.18       68     0     B
400      128     88    18    20      88      40     40      0      3       2   A  QuietGame     3.24       68     0     A
397      171    131    29    32     131      40     40      3      5      -4   B  QuietGame     3.21       68     1     A
402      120     80    20    21      80      40     40      0      2       1   B  QuietGame     3.27       67     0     B
398      177    137    33    33     137      40     40      0      3       3   A  QuietGame     3.26       68     0     A
399      191    151    34    34     191       0     38      0      4       4   A  Reduction     3.25       68     1     B
396      233    193    34    34     193      40     40      0      2       2   A  QuietGame     3.29       68     0     A
401      185    145    34    35     185       0     35      0      3       3   A  Reduction     3.22       68     1     B
403      180    140    22    23     140      40     40      0      4       3   A  QuietGame     3.18       67     1     B
404      138     98    19    19      98      40     40      1      3      -3   B  QuietGame     3.28       68     0     B
406      136     96    23    23      96      40     40      0      2       1   B  QuietGame     3.34       67     0     B
409      102     62    10    10      62      40     40      1      2      -2   B  QuietGame     3.19       68     1     A
408      148    108    35    35     148       0     30      3      3      -3   B  Reduction     3.31       68     0     B
405      189    149    30    31     149      40     40      0      3       3   A  QuietGame     3.21       68     1     B
407      199    159    28    30     159      40     40      0      6       6   A  QuietGame     3.13       67     1     B
410      163    123    28    30     163       0     33      0      8       8   A  Reduction     3.29       68     0     A
412      139     99    33    33     139       0     13      0      5       5   A  Reduction     3.30       67     0     A
413      171    131    30    32     171       0     22      0      6       6   A  Reduction     3.28       67     1     B
411      214    174    31    31     174      40     40      3      5      -5   B  QuietGame     3.41       68     1     A
415      178    138    32    34     138      40     40      6      2       0   B  QuietGame     3.34       68     1     A
414      233    193    35    35     193      40     40      4      2       1   B  QuietGame     3.26       68     0     B
416      197    157    27    28     157      40     40      0      8       8   A  QuietGame     3.14       69     0     A
417      170    130    35    36     170       0     19      7      2      -2   B  Reduction     3.19       69     1     A
420      109     69    15    17      69      40     40      0      5       5   A  QuietGame     3.12       68     0     A
418      191    151    29    29     151      40     40      0      7       7   A  QuietGame     3.22       68     0     A
419      185    145    33    33     145      40     40      2      2       1   B  QuietGame     3.31       68     1     A
422      102     62    17    17      62      40     40      3      1      -1   B  QuietGame     3.21       68     0     B
423      144    104    33    35     144       0     20      5      3      -3   B  Reduction     3.28       68     1     A
421      196    156    32    34     156      40     40      0      3       2   A  QuietGame     3.12       68     1     B
426      153    113    32    32     113      40     40      0      4       4   A  QuietGame     3.47       68     0     A
425      167    127    33    33     127      40     40      0      3       3   A  QuietGame     3.25       68     1     B
424      177    137    28    30     137      40     40      2      6       6   A  QuietGame     3.21       68     0     A
427      190    150    28    29     150      40     40      0      8       7   A  QuietGame     3.24       68     1     B
429      183    143    32    32     183       0     32      0      6       6   A  Reduction     3.28       67     1     B
434      103     63    16    16      63      40     40      1      1       0   B  QuietGame     3.24       68     0     B
428      220    180    34    34     180      40     40      0      3       2   A  QuietGame     3.28       67     0     A
435       99     59     9     9      59      40     40      2      1       1   B  QuietGame     3.25       68     1     A
430      192    152    28    29     152      40     40      0      4       3   A  QuietGame     3.37       68     0     A
431      184    144    23    25     144      40     40      1      7      -7   B  QuietGame     3.22       68     1     A
436      134     94    30    32      94      40     40      4      2       0   B  QuietGame     3.28       69     0     B
432      234    194    34    36     194      40     40      4      2       0   B  QuietGame     3.26       68     0     B
433      234    194    34    36     194      40     40      4      2       0   B  QuietGame     3.26       68     1     A
438      180    140    35    35     140      40     40      4      2       1   B  QuietGame     3.24       68     0     B
437      192    152    33    33     152      40     40      3      3      -3   B  QuietGame     3.45       69     1     A
440      155    115    35    35     155       0     16      2      3       3   A  Reduction     3.34       68     0     A
442      108     68    14    14      68      40     40      0      2       0   B  QuietGame     3.31       68     0     B
439      180    140    35    35     140      40     40      4      2       1   B  QuietGame     3.22       68     1     A
443      120     80    34    34     120       0     11      1      4      -4   B  Reduction     3.32       68     1     A
441      196    156    34    34     156      40     40      2      3       2   A  QuietGame     3.34       68     1     B
446      112     72    18    19      72      40     40      0      6       5   A  QuietGame     3.12       68     0     A
444      181    141    32    34     141      40     40      5      3      -2   B  QuietGame     3.22       68     0     B
448      166    126    34    35     166       0     18      3      3      -3   B  Reduction     3.15       68     0     B
447      193    153    35    35     193       0     14      4      3       3   A  Reduction     3.28       68     1     B
449      186    146    34    36     186       0     27      5      2      -2   B  Reduction     3.18       68     1     A
451      153    113    27    28     113      40     40      0      8       8   A  QuietGame     3.21       68     1     B
450      179    139    36    36     179       0     20      4      2       2   A  Reduction     3.41       68     0     A
445      237    197    30    31     197      40     40      2      3       3   A  QuietGame     3.28       68     1     B
452      160    120    31    31     120      40     40      0      2       1   B  QuietGame     3.29       68     0     B
458      113     73    31    32     113       0      4      0      6       6   A  Reduction     3.25       67     0     A
454      167    127    33    34     167       0     32      2      4       4   A  Reduction     3.27       67     0     A
457      157    117    33    35     157       0     15      2      3       3   A  Reduction     3.30       69     1     B
455      177    137    30    35     177       0     29      4      3       3   A  Reduction     3.15       67     1     B
456      163    123    35    35     163       0     16      2      3       3   A  Reduction     3.41       69     0     A
453      253    213    34    35     213      40     40      6      1       1   B  QuietGame     3.25       68     1     A
459      187    147    30    31     147      40     40      0      4       3   A  QuietGame     3.25       67     1     B
460      162    122    25    28     122      40     40      0      5       4   A  QuietGame     3.19       67     0     A
461      107     67    16    16      67      40     40      0      2       2   A  QuietGame     3.25       67     1     B
463      135     95    33    34     135       0     21      0      4       4   A  Reduction     3.18       68     1     B
468       94     54     8     9      54      40     40      1      2      -1   B  QuietGame     3.00       68     0     B
462      191    151    29    29     151      40     40      0      5       5   A  QuietGame     3.29       68     0     A
464      168    128    30    30     168       0     32      1      8      -8   B  Reduction     3.37       68     0     B
466      167    127    34    36     167       0     20      0      3       2   A  Reduction     3.18       68     0     A
465      186    146    32    32     186       0     28      1      6      -6   B  Reduction     3.38       68     1     A
467      161    121    32    34     161       0     19      0      4       4   A  Reduction     3.18       68     1     B
469      171    131    32    34     131      40     40      7      2       0   B  QuietGame     3.21       68     1     A
471      107     67    27    29     107       0      7      0      9       9   A  Reduction     3.09       67     1     B
470      141    101    24    29     141       0     18      0      9       9   A  Reduction     3.13       67     0     A
472      187    147    32    34     147      40     40      1      3      -2   B  QuietGame     3.41       68     0     B
476      155    115    27    28     115      40     40      0      3       2   A  QuietGame     3.40       68     0     A
475      175    135    35    35     175       0     19      4      3       3   A  Reduction     3.40       68     1     B
474      193    153    30    30     153      40     40      0      6       6   A  QuietGame     3.32       68     0     A
473      205    165    33    34     165      40     40      3      2       0   B  QuietGame     3.46       68     1     A
478      140    100    35    35     140       0     13      1      3      -3   B  Reduction     3.33       69     0     B
479      131     91    16    16      91      40     40      1      2       0   B  QuietGame     3.38       69     1     A
477      189    149    35    35     149      40     40      1      2      -1   B  QuietGame     3.51       68     1     A
482      118     78    33    34     118       0      9      1      4      -4   B  Reduction     3.48       67     0     B
484      109     69    14    14      69      40     40      1      2       0   B  QuietGame     3.26       68     0     B
485      114     74    17    17      74      40     40      1      1      -1   B  QuietGame     3.22       68     1     A
486      112     72    17    18      72      40     40      0      3       2   A  QuietGame     3.16       68     0     A
481      155    115    32    32     115      40     40      1      2       0   B  QuietGame     3.22       68     1     A
480      195    155    33    33     155      40     40      2      2       1   B  QuietGame     3.21       68     0     B
487      187    147    31    34     147      40     40      3      2       0   B  QuietGame     3.22       68     1     A
483      246    206    32    32     206      40     40      0      5       4   A  QuietGame     3.24       67     1     B
491      127     87    31    32     127       0     17      0      6       6   A  Reduction     3.32       68     1     B
488      159    119    31    32     119      40     40      1      3      -2   B  QuietGame     3.10       67     0     B
490      149    109    34    34     149       0     11      0      4       4   A  Reduction     3.49       68     0     A
495       90     50     8     8      50      40     40      0      1       0   B  QuietGame     3.03       68     1     A
492      202    162    32    32     162      40     40      2      5       4   A  QuietGame     3.35       68     0     A
489      239    199    34    35     199      40     40      1      3      -1   B  QuietGame     3.15       67     1     A
493      178    138    36    36     178       0     18      3      2      -2   B  Reduction     3.16       68     1     A
494      181    141    34    34     181       0     22      0      4       4   A  Reduction     3.21       68     0     A
497      168    128    34    35     128      40     40      1      2      -1   B  QuietGame     3.14       69     1     A
498      193    153    32    33     153      40     40      2      3       3   A  QuietGame     3.25       68     0     A
496      223    183    20    21     183      40     40      0      5       5   A  QuietGame     3.25       69     0     A
499      159    119    31    32     119      40     40      1      5      -4   B  QuietGame     3.25       68     1     A
502      140    100    30    30     140       0     17      1      8      -8   B  Reduction     3.38       68     0     B
500      182    142    32    33     142      40     40      4      3      -3   B  QuietGame     3.24       68     0     B
501      181    141    28    29     141      40     40      0      7       7   A  QuietGame     3.40       68     1     B
505      117     77    15    16      77      40     40      1      2       0   B  QuietGame     3.09       66     1     A
504      158    118    16    17     118      40     40      1      2      -1   B  QuietGame     3.12       66     0     B
503      181    141    34    34     141      40     40      1      3      -2   B  QuietGame     3.37       68     1     A
509      109     69    14    16      69      40     40      1      3      -2   B  QuietGame     3.07       68     1     A
507      158    118    32    32     118      40     40      1      4      -4   B  QuietGame     3.32       68     1     A
511      116     76    16    17      76      40     40      3      1      -1   B  QuietGame     3.37       67     1     A
510      154    114    29    30     114      40     40      0      7       6   A  QuietGame     3.36       67     0     A
508      196    156    35    36     156      40     40      4      2       0   B  QuietGame     3.34       68     0     B
506      237    197    31    31     197      40     40      0      5       5   A  QuietGame     3.34       68     0     A
512      196    156    23    23     156      40     40      3      3      -3   B  QuietGame     3.29       68     0     B
515      161    121    34    34     161       0     24      0      4       4   A  Reduction     3.29       68     1     B
514      186    146    33    33     146      40     40      5      3      -3   B  QuietGame     3.41       68     0     B
517      157    117    18    20     117      40     40      0      8       8   A  QuietGame     3.12       69     1     B
513      238    198    33    33     198      40     40      3      3      -3   B  QuietGame     3.31       68     1     A
519      139     99    32    33     139       0     12      0      5       5   A  Reduction     3.21       68     1     B
518      171    131    31    32     171       0     19      0      6       6   A  Reduction     3.21       68     0     A
521      119     79    22    22      79      40     40      2      2       2   A  QuietGame     3.26       68     1     B
516      259    219    29    31     259       0     32      0      7       7   A  Reduction     3.17       69     0     A
522      141    101    31    31     101      40     40      0      3       3   A  QuietGame     3.22       68     0     A
520      177    137    30    30     137      40     40      0      6       6   A  QuietGame     3.31       68     0     A
523      146    106    23    24     106      40     40      2      4       2   A  QuietGame     3.22       68     1     B
524      161    121    30    32     121      40     40      0      4       4   A  QuietGame     3.16       68     0     A
526      181    141    32    35     181       0     30      0      3       3   A  Reduction     3.12       68     0     A
525      200    160    29    30     160      40     40      0      7       6   A  QuietGame     3.25       68     1     B
527      161    121    31    33     161       0     22      2      5       5   A  Reduction     3.12       68     1     B
530      130     90    30    32     130       0      9      1      6      -6   B  Reduction     3.15       68     0     B
529      149    109    33    34     149       0     37      0      4       4   A  Reduction     3.29       68     1     B
531      143    103    34    34     143       0     16      4      4       4   A  Reduction     3.22       68     1     B
528      185    145    34    35     185       0     26      2      3       3   A  Reduction     3.18       68     0     A
532      135     95    35    36     135       0     14      2      3       2   A  Reduction     3.28       68     0     A
534      128     88    12    14      88      40     40      4      1       0   B  QuietGame     3.16       68     0     B
533      180    140    35    35     140      40     40      0      2       1   B  QuietGame     3.24       68     1     A
539      105     65    19    21      65      40     40      0      2       1   B  QuietGame     3.13       68     1     A
535      162    122    33    34     122      40     40      4      2       0   B  QuietGame     3.19       68     1     A
537      177    137    34    34     177       0     37      0      4       4   A  Reduction     3.18       67     1     B
536      199    159    33    33     159      40     40      4      3       3   A  QuietGame     3.40       67     0     A
538      171    131    25    27     131      40     40      0      9       9   A  QuietGame     3.18       68     0     A
540      171    131    32    35     131      40     40      0      2       1   B  QuietGame     3.16       67     0     B
541      147    107    30    33     107      40     40      0      3       3   A  QuietGame     3.16       67     1     B
545       90     50     6     6      50      40     40      1      2      -2   B  QuietGame     3.01       68     1     A
543      177    137    32    33     177       0     34      0      5       5   A  Reduction     3.22       67     1     B
548      106     66    30    31     106       0     13      1      7      -7   B  Reduction     3.37       68     0     B
542      204    164    31    32     204       0     17      1      6      -6   B  Reduction     3.12       67     0     B
546      186    146    35    36     186       0     25      1      3      -2   B  Reduction     3.18       67     0     B
544      246    206    36    36     206      40     40      4      2       0   B  QuietGame     3.25       68     0     B
549      170    130    27    27     130      40     40      0      4       3   A  QuietGame     3.26       68     1     B
547      216    176    35    35     176      40     40      2      2       1   B  QuietGame     3.04       67     1     A
550      183    143    34    34     143      40     40      1      2       2   A  QuietGame     3.41       68     0     A
552      160    120    31    33     120      40     40      0      4       3   A  QuietGame     3.16       68     0     A
553      161    121    33    35     161       0     35      0      3       3   A  Reduction     3.31       68     1     B
551      183    143    34    34     143      40     40      1      2       2   A  QuietGame     3.41       68     1     B
556      131     91    27    29     131       0     31      0      9       9   A  Reduction     3.21       68     0     A
558      107     67    19    20      67      40     40      1      1       0   B  QuietGame     3.31       68     0     B
555      191    151    36    36     191       0     18      0      2       2   A  Reduction     3.27       67     1     B
554      220    180    33    33     180      40     40      1      3      -3   B  QuietGame     3.27       67     0     B
557      185    145    29    30     145      40     40      0      4       4   A  QuietGame     3.28       68     1     B
559      143    103    14    15     103      40     40      2      1       1   B  QuietGame     3.22       68     1     A
562       99     59     7     9      59      40     40      0      3       3   A  QuietGame     3.09       67     0     A
561      153    113    18    19     113      40     40      0      3       3   A  QuietGame     3.28       68     1     B
563       99     59     7     9      59      40     40      0      3       3   A  QuietGame     3.07       67     1     B
567       87     47     5     5      47      40     40      0      1       1   B  QuietGame     3.03       67     1     A
564      117     77    15    16      77      40     40      1      3      -2   B  QuietGame     3.31       67     0     B
560      219    179    35    35     179      40     40      1      3      -1   B  QuietGame     3.25       68     0     B
565      165    125    30    31     125      40     40      0      5       5   A  QuietGame     3.13       67     1     B
566      165    125    17    17     125      40     40      1      3      -1   B  QuietGame     3.22       67     0     B
570      127     87    21    22      87      40     40      0      4       4   A  QuietGame     3.18       68     0     A
568      153    113    32    33     153       0     19      2      5       5   A  Reduction     3.31       68     0     A
572      103     63    14    14      63      40     40      1      1       0   B  QuietGame     3.10       68     0     B
569      166    126    34    35     126      40     40      0      2       1   B  QuietGame     3.35       68     1     A
571      134     94    33    35     134       0     11      1      3      -3   B  Reduction     3.31       68     1     A
573      178    138    36    36     178       0     23      3      2      -2   B  Reduction     3.24       68     1     A
576      137     97    21    23      97      40     40      4      2       1   B  QuietGame     3.29       68     0     B
574      155    115    31    32     155       0     19      0      6       6   A  Reduction     3.30       67     0     A
575      187    147    33    34     187       0     26      0      4       4   A  Reduction     3.30       67     1     B
580      157    117    32    34     157       0     35      0      4       4   A  Reduction     3.32       68     0     A
578      211    171    30    30     171      40     40      0      5       4   A  QuietGame     3.34       68     0     A
577      236    196    36    36     196      40     40      2      2       0   B  QuietGame     3.51       68     1     A
579      213    173    31    31     173      40     40      2      2       1   B  QuietGame     3.38       68     1     A
581      151    111    28    30     111      40     40      0      4       4   A  QuietGame     3.24       68     1     B
583      154    114    32    33     154       0     32      1      5      -5   B  Reduction     3.38       68     1     A
582      189    149    31    34     189       0     25      0      4       4   A  Reduction     3.06       68     0     A
585      139     99    33    35     139       0     14      0      3       3   A  Reduction     3.18       68     1     B
584      165    125    26    28     125      40     40      0      4       4   A  QuietGame     3.21       68     0     A
586      120     80    33    34     120       0     13      1      4      -4   B  Reduction     3.32       68     0     B
588      107     67    12    12      67      40     40      1      2       0   B  QuietGame     3.13       68     0     B
589      145    105    32    33     145       0     13      0      5       5   A  Reduction     3.18       68     1     B
590      131     91    26    28      91      40     40      0      2       2   A  QuietGame     3.18       68     0     A
592       96     56     9     9      56      40     40      0      2       1   B  QuietGame     2.94       68     0     B
594       87     47     5     5      47      40     40      0      1       1   B  QuietGame     3.21       67     0     B
587      203    163    32    32     163      40     40      2      4       4   A  QuietGame     3.43       68     1     B
593      119     79    30    30     119       0      9      0      8       8   A  Reduction     3.24       68     1     B
591      158    118    32    33     118      40     40      0      4       3   A  QuietGame     3.16       68     1     B
595      135     95    26    26      95      40     40      0      2       2   A  QuietGame     3.37       67     1     B
599      133     93    17    19      93      40     40      2      1       1   B  QuietGame     3.10       68     1     A
600      127     87    28    29      87      40     40      0      5       5   A  QuietGame     3.28       67     0     A
598      155    115    31    33     155       0     15      2      5       5   A  Reduction     3.26       68     0     A
596      197    157    33    34     157      40     40      1      5      -2   B  QuietGame     3.18       68     0     B
597      194    154    36    36     194       0     30      1      2      -2   B  Reduction     3.28       68     1     A
603      175    135    32    33     175       0     33      0      5       5   A  Reduction     3.25       68     1     B
602      197    157    31    32     197       0     29      0      6       6   A  Reduction     3.29       68     0     A
601      226    186    34    34     186      40     40      2      2       0   B  QuietGame     3.19       67     1     A
604      192    152    36    36     192       0     30      1      3      -2   B  Reduction     3.28       68     0     B
605      200    160    36    36     200       0     39      1      3      -2   B  Reduction     3.29       68     1     A
606      188    148    33    33     148      40     40      3      3      -3   B  QuietGame     3.27       66     0     B
607      187    147    31    32     147      40     40      1      3      -2   B  QuietGame     3.24       66     1     A
608      211    171    33    36     211       0     32      0      3       2   A  Reduction     3.31       68     0     A
609      177    137    31    33     137      40     40      6      2       1   B  QuietGame     3.28       68     1     A
610      166    126    31    31     166       0     17      1      7      -7   B  Reduction     3.28       68     0     B
612      101     61    13    15      61      40     40      4      1       1   B  QuietGame     3.18       68     0     B
611      192    152    35    35     192       0     37      3      3      -3   B  Reduction     3.32       68     1     A
616      101     61     7     8      61      40     40      0      4       4   A  QuietGame     3.07       67     0     A
613      159    119    34    35     159       0     21      4      3       3   A  Reduction     3.38       68     1     B
614      211    171    33    33     171      40     40      1      4      -3   B  QuietGame     3.44       68     0     B
615      198    158    35    35     158      40     40      2      2       1   B  QuietGame     3.29       68     1     A
619      177    137    28    28     177       0     35      0     10      10   A  Reduction     3.32       69     1     B
617      206    166    31    31     166      40     40      2      6       5   A  QuietGame     3.31       67     1     B
618      226    186    35    35     186      40     40      0      2       1   B  QuietGame     3.12       69     0     B

games                620
mean plies           164.8   (movement 124.8)
mean captures        27.9
mean removals        28.7
mean dead tail       27.3   plies after the last capture or removal
mean longest quiet   34.8
mean lead changes    1.2   (315 of 620 games had any)
mean peak margin     3.6
mean final margin    3.1   (absolute)
ended by quiet game  423  (68%)
ended by reduction   197  (32%)
ended by immobilize  0  (0%)
won by A / B         323 / 297
mean depth           3.22   (over 42040 searched opening plies)
wall clock           5924.64 s

weight-set A wins    313 / 620  (50.5%)   [as P0: 163/310, as P1: 150/310]
weight-set B wins    307 / 620
quiet-game share     A-wins 70.9%   B-wins 65.5%   all 68.2%
95% threshold        wins >= 331 of 620 (one-sided): neither side significant
csv line appended to doc\bench\sweeps\2026-08-26-round2\confirm.csv

wins 313/620 (threshold 331), quiet 68.23% (limit 74.5%), captures 27.9 (floor 24.669)
REJECT: no significant strength gain.
sweep stage 'confirm' -> doc/bench/sweeps/2026-08-26-round2
>> ./cmake-build-release/latrunculi_game/latrunculi_bench.exe pairs=310 ms=500 seed=777001 threads=8 rows=8 columns=10 perside=20 csv=doc\bench\sweeps\2026-08-26-round2\confirm.csv wA.threat=0.25 wA.pair=0.02 wA.mobility=0.02 wA.centre=0.2 wA.vulnerableAxes=-0.03 wA.oneMoveCapturable=-0.9 wA.spearheadPairs=0.21 wA.diagonalSupport=0.06 wA.deniedSquares=0.04 wA.strikers=0.05 wA.notchExposure=-0.12 wB.threat=0.25 wB.pair=0.02 wB.mobility=0.02 wB.centre=0.2 wB.vulnerableAxes=-0.03 wB.oneMoveCapturable=-0.9 wB.spearheadPairs=0.15 wB.diagonalSupport=0.06 wB.deniedSquares=0.04 wB.strikers=0.05 wB.notchExposure=-0.12
Latrunculi bench: 310 mirrored A-vs-B pairs (620 games), 8x10, 20 per side, slide, convex payoff, komi 1.5, policy placement, 500 ms per searched ply, 8 threads
base seed: 777001  (pair p uses seed base+p; even game index = set A as P0)
XML: not saved   memory tracking level: 0

game   plies  moveP  capt  remv lastAct    tail  quiet   lead   peak  margin win  reason    depth    srchd  AasP  wSet
5        159    119    30    30     159       0     22      0      8       8   A  Reduction     3.28       68     1     B
1        160    120    33    33     120      40     40      1      3      -3   B  QuietGame     3.25       68     1     A
3        175    135    34    34     175       0     31      2      4       4   A  Reduction     3.28       67     1     B
6        178    138    14    15     138      40     40      3      3      -3   B  QuietGame     3.19       68     0     B
7        179    139    33    34     179       0     36      4      4       4   A  Reduction     3.15       68     1     B
2        185    145    33    33     145      40     40      0      3       3   A  QuietGame     3.22       67     0     A
4        187    147    26    26     147      40     40      0     10      10   A  QuietGame     3.34       68     0     A
0        189    149    33    33     189       0     33      0      5       5   A  Reduction     3.26       68     0     A
8        115     75    29    30     115       0     13      0      8       8   A  Reduction     3.41       68     0     A
10       112     72    11    12      72      40     40      2      2       0   B  QuietGame     3.22       67     0     B
12       136     96    22    24      96      40     40      0      4       2   A  QuietGame     3.12       68     0     A
14       141    101    32    34     141       0     15      0      4       4   A  Reduction     3.21       68     0     A
11       164    124    28    28     124      40     40      1      4      -4   B  QuietGame     3.28       67     1     A
13       173    133    32    32     173       0     21      0      6       6   A  Reduction     3.40       68     1     B
9        197    157    32    34     157      40     40      1      3      -2   B  QuietGame     3.24       68     1     A
17       121     81    17    18      81      40     40      2      2       2   A  QuietGame     3.24       68     1     B
15       215    175    29    30     175      40     40      0      6       6   A  QuietGame     3.40       68     1     B
16       145    105    33    33     145       0     21      0      5       5   A  Reduction     3.22       68     0     A
18       131     91    24    24      91      40     40      1      2       0   B  QuietGame     3.26       68     0     B
20       125     85    21    21      85      40     40      0      2       1   B  QuietGame     3.13       67     0     B
22       156    116    31    33     116      40     40      0      4       3   A  QuietGame     3.40       68     0     A
19       185    145    25    26     145      40     40      0      6       6   A  QuietGame     3.29       68     1     B
24       119     79    26    29     119       0     12      0      9       9   A  Reduction     3.09       68     0     A
21       184    144    25    25     144      40     40      1      7      -7   B  QuietGame     3.22       67     1     A
23       187    147    29    30     147      40     40      0      6       6   A  QuietGame     3.22       68     1     B
26       149    109    30    32     149       0     11      0      6       6   A  Reduction     3.31       68     0     A
27       131     91    12    13      91      40     40      2      1       1   B  QuietGame     3.22       68     1     A
28        93     53     7     8      53      40     40      0      4       4   A  QuietGame     2.84       68     0     A
25       220    180    34    36     180      40     40      6      2       0   B  QuietGame     3.18       68     1     A
33        92     52     7     7      52      40     40      1      1      -1   B  QuietGame     3.28       68     1     A
29       182    142    31    32     142      40     40      1      2      -2   B  QuietGame     3.24       68     1     A
30       189    149    30    31     189       0     37      0      7       7   A  Reduction     3.22       67     0     A
34       135     95    27    28      95      40     40      0      6       6   A  QuietGame     3.28       67     0     A
32       145    105    32    33     145       0     15      4      5       5   A  Reduction     3.34       68     0     A
31       188    148    32    34     148      40     40      0      2       0   B  QuietGame     3.01       67     1     A
35       178    138    16    16     138      40     40      1      2      -2   B  QuietGame     3.13       67     1     A
36       145    105    27    30     105      40     40      0      4       4   A  QuietGame     3.21       68     0     A
39       103     63    13    13      63      40     40      1      2      -1   B  QuietGame     3.06       68     1     A
41       102     62    14    15      62      40     40      3      1      -1   B  QuietGame     3.12       67     1     A
37       161    121    27    31     161       0     19      0      7       7   A  Reduction     3.15       68     1     B
38       195    155    33    34     195       0     28      0      4       4   A  Reduction     3.37       68     0     A
42       166    126    32    32     166       0     31      1      6      -6   B  Reduction     3.28       67     0     B
40       189    149    33    33     149      40     40      1      2      -1   B  QuietGame     3.07       67     0     B
46       139     99    32    32     139       0     21      0      6       6   A  Reduction     3.25       68     0     A
43       186    146    35    35     186       0     23      1      3      -3   B  Reduction     3.33       67     1     A
44       201    161    28    30     161      40     40      0      6       6   A  QuietGame     3.21       68     0     A
45       173    133    34    34     173       0     19      2      4       4   A  Reduction     3.24       68     1     B
47       192    152    35    36     192       0     33      1      2      -2   B  Reduction     3.26       68     1     A
52       107     67    12    14      67      40     40      0      3       2   A  QuietGame     3.13       68     0     A
49       171    131    33    34     171       0     17      2      4       4   A  Reduction     3.29       68     1     B
54       133     93    29    30     133       0     19      0      8       8   A  Reduction     3.40       68     0     A
50       214    174    33    34     174      40     40      2      3       2   A  QuietGame     3.16       68     0     A
48       232    192    33    35     192      40     40      0      2       1   B  QuietGame     3.26       68     0     B
51       183    143    30    32     183       0     24      0      6       6   A  Reduction     3.24       68     1     B
53       171    131    30    33     131      40     40      4      3       3   A  QuietGame     3.16       68     1     B
55       197    157    30    30     157      40     40      2      6       6   A  QuietGame     3.28       68     1     B
57       173    133    33    33     133      40     40      0      3       3   A  QuietGame     3.37       68     1     B
59       121     81    15    15      81      40     40      1      4      -3   B  QuietGame     3.19       68     1     A
62       105     65    12    13      65      40     40      1      2      -1   B  QuietGame     3.07       68     0     B
56       208    168    31    32     168      40     40      1      5      -4   B  QuietGame     3.37       68     0     B
58       169    129    28    28     129      40     40      0      8       8   A  QuietGame     3.49       68     0     A
61       190    150    31    33     150      40     40      1      3      -3   B  QuietGame     3.26       68     1     A
60       224    184    34    34     184      40     40      8      1       0   B  QuietGame     3.41       68     0     B
68       101     61    14    14      61      40     40      0      2       2   A  QuietGame     3.21       68     0     A
63       159    119    30    30     119      40     40      1      3       0   B  QuietGame     3.21       68     1     A
67       112     72    18    20      72      40     40      0      5       4   A  QuietGame     3.04       68     1     B
65       151    111    26    26     151       0     25      0     12      12   A  Reduction     3.48       67     1     B
64       177    137    32    33     137      40     40      1      2      -1   B  QuietGame     3.27       67     0     B
66       177    137    29    29     137      40     40      0      3       1   B  QuietGame     3.24       68     0     B
73        98     58    13    13      58      40     40      1      1      -1   B  QuietGame     3.09       67     1     A
70       140    100    22    24     100      40     40      0      9       8   A  QuietGame     3.21       68     0     A
69       194    154    27    29     154      40     40      0      6       5   A  QuietGame     3.26       68     1     B
72       173    133    29    29     133      40     40      1      8      -7   B  QuietGame     3.33       67     0     B
71       179    139    32    32     179       0     21      0      6       6   A  Reduction     3.43       68     1     B
74       193    153    34    34     153      40     40      1      3      -2   B  QuietGame     3.32       68     0     B
78       120     80    19    19      80      40     40      0      2       1   B  QuietGame     3.24       68     0     B
75       195    155    33    33     155      40     40      0      3       3   A  QuietGame     3.31       68     1     B
79        93     53     9    10      53      40     40      1      1       0   B  QuietGame     2.99       68     1     A
76       195    155    30    31     155      40     40      0      5       5   A  QuietGame     3.19       68     0     A
81       106     66     8     8      66      40     40      0      2      -2   B  QuietGame     3.28       68     1     A
77       208    168    32    32     168      40     40      3      4      -4   B  QuietGame     3.22       68     1     A
82       147    107    32    34     147       0     15      0      4       4   A  Reduction     3.26       68     0     A
85       123     83    30    30     123       0      9      0      8       8   A  Reduction     3.21       67     1     B
80       181    141    32    32     141      40     40      0      3       2   A  QuietGame     3.24       68     0     A
83       143    103    32    32     143       0     27      0      6       6   A  Reduction     3.43       68     1     B
86       140    100    32    33     140       0     15      3      5      -5   B  Reduction     3.28       68     0     B
84       161    121    27    28     121      40     40      0      8       8   A  QuietGame     3.24       67     0     A
87       160    120    34    35     160       0     14      5      3      -3   B  Reduction     3.35       68     1     A
90       107     67    10    12      67      40     40      0      2       2   A  QuietGame     3.24       67     0     A
91       123     83    14    16      83      40     40      0      2       2   A  QuietGame     3.19       67     1     B
88       169    129    27    27     129      40     40      0      9       9   A  QuietGame     3.29       69     0     A
89       154    114    32    33     114      40     40      3      2      -1   B  QuietGame     3.30       69     1     A
94       151    111    32    32     151       0     36      0      6       6   A  Reduction     3.49       69     0     A
98       104     64    15    16      64      40     40      0      3       2   A  QuietGame     3.09       67     0     A
93       194    154    36    36     154      40     40      4      2       0   B  QuietGame     3.26       68     1     A
92       209    169    30    31     169      40     40      2      5       5   A  QuietGame     3.34       68     0     A
95       155    115    18    18     115      40     40      1      2       0   B  QuietGame     3.28       69     1     A
97       153    113    34    35     153       0     16      0      3       3   A  Reduction     3.18       67     1     B
96       175    135    35    35     175       0     30      0      3       3   A  Reduction     3.24       67     0     A
99       142    102    35    35     142       0     12      1      3      -3   B  Reduction     3.25       67     1     A
100      121     81    33    33     121       0     15      0      5       5   A  Reduction     3.38       68     0     A
102      116     76    18    19      76      40     40      1      2      -1   B  QuietGame     3.19       68     0     B
101      182    142    35    36     182       0     18      3      2      -2   B  Reduction     3.35       68     1     A
107      128     88    18    19      88      40     40      0      6       5   A  QuietGame     3.28       68     1     B
104      190    150    31    33     150      40     40      1      3      -3   B  QuietGame     3.31       68     0     B
106      155    115    31    32     115      40     40      0      4       4   A  QuietGame     3.28       68     0     A
108      129     89    20    23      89      40     40      3      2      -1   B  QuietGame     3.22       68     0     B
103      231    191    36    36     191      40     40      7      3       0   B  QuietGame     3.29       68     1     A
105      197    157    33    34     157      40     40      4      2       2   A  QuietGame     3.24       68     1     B
110      109     69    32    33     109       0     15      0      5       5   A  Reduction     3.31       67     0     A
114       92     52     8     8      52      40     40      0      2       0   B  QuietGame     3.03       68     0     B
109      190    150    34    35     150      40     40      2      2       1   B  QuietGame     3.24       68     1     A
112      135     95    34    34     135       0      7      0      4       4   A  Reduction     3.35       68     0     A
111      151    111    10    10     111      40     40      2      2       2   A  QuietGame     3.25       67     1     B
116      131     91    28    28      91      40     40      0      2       2   A  QuietGame     3.29       68     0     A
113      171    131    31    32     171       0     23      2      6       6   A  Reduction     3.25       68     1     B
115      153    113    27    29     153       0     22      0      9       9   A  Reduction     3.25       68     1     B
117      147    107    24    24     107      40     40      1      2       0   B  QuietGame     3.34       68     1     A
119      169    129    33    33     129      40     40      0      3       3   A  QuietGame     3.30       69     1     B
121      148    108    33    34     148       0     19      1      4      -4   B  Reduction     3.18       68     1     A
120      161    121    34    36     161       0     30      0      3       2   A  Reduction     3.21       68     0     A
118      224    184    33    33     184      40     40      0      2       1   B  QuietGame     3.41       69     0     B
125      119     79    13    16      79      40     40      0      2       2   A  QuietGame     3.07       68     1     B
124      161    121    34    35     121      40     40      3      2      -1   B  QuietGame     3.34       68     0     B
123      179    139    31    32     139      40     40      0      5       4   A  QuietGame     3.31       68     1     B
126      121     81    34    34     121       0      9      0      4       4   A  Reduction     3.21       67     0     A
122      221    181    32    32     221       0     33      0      6       6   A  Reduction     3.18       68     0     A
128      157    117    31    31     117      40     40      0      5       5   A  QuietGame     3.33       66     0     A
129      139     99    33    34     139       0     10      0      4       4   A  Reduction     3.26       66     1     B
133      110     70    16    17      70      40     40      0      3       1   B  QuietGame     3.25       68     1     A
131      163    123    30    31     123      40     40      0      5       5   A  QuietGame     3.18       68     1     B
132      161    121    24    24     121      40     40      0      7       6   A  QuietGame     3.38       68     0     A
127      233    193    31    31     233       0     39      0      7       7   A  Reduction     3.52       67     1     B
130      214    174    35    35     174      40     40      4      2       1   B  QuietGame     3.21       68     0     B
136      112     72    16    17      72      40     40      0      2       1   B  QuietGame     3.22       68     0     B
134      208    168    33    34     168      40     40      2      2      -2   B  QuietGame     3.25       68     0     B
135      180    140    28    28     180       0     27      1     10     -10   B  Reduction     3.38       68     1     A
141      109     69    15    17      69      40     40      0      2       1   B  QuietGame     3.31       68     1     A
140      163    123    33    33     123      40     40      1      3      -1   B  QuietGame     3.34       68     0     B
137      190    150    32    32     150      40     40      2      5       4   A  QuietGame     3.34       68     1     B
138      187    147    30    30     147      40     40      1      6       6   A  QuietGame     3.26       69     0     A
144      101     61    13    13      61      40     40      2      1       1   B  QuietGame     3.18       68     0     B
139      233    193    35    35     193      40     40      3      2      -1   B  QuietGame     3.51       69     1     A
145      145    105    31    31     105      40     40      0      3       3   A  QuietGame     3.24       68     1     B
142      242    202    36    36     202      40     40      8      1       0   B  QuietGame     3.27       67     0     B
146      141    101    33    33     141       0     27      0      5       5   A  Reduction     3.36       67     0     A
149      102     62     8     8      62      40     40      0      2       0   B  QuietGame     3.24       68     1     A
148      167    127    33    34     127      40     40      0      3       2   A  QuietGame     3.22       68     0     A
150      134     94    29    32     134       0     24      1      6      -6   B  Reduction     3.35       68     0     B
147      198    158    27    27     158      40     40      0      4       3   A  QuietGame     3.19       67     1     B
143      281    241    36    36     241      40     40      1      3       0   B  QuietGame     3.40       67     1     A
152      134     94    25    27      94      40     40      5      1      -1   B  QuietGame     3.37       67     0     B
151      167    127    31    33     127      40     40      4      3       3   A  QuietGame     3.24       68     1     B
153      183    143    32    33     143      40     40      0      3       3   A  QuietGame     3.30       67     1     B
157      123     83    13    13      83      40     40      0      1       1   B  QuietGame     3.18       68     1     A
156      131     91    34    34     131       0     12      0      4       4   A  Reduction     3.32       68     0     A
155      155    115    32    33     115      40     40      6      2       1   B  QuietGame     3.24       67     1     A
154      214    174    33    33     174      40     40      2      2       1   B  QuietGame     3.25       67     0     B
159      117     77    17    18      77      40     40      2      2       2   A  QuietGame     3.29       68     1     B
158      190    150    32    33     150      40     40      1      4      -3   B  QuietGame     3.29       68     0     B
161      114     74    21    21      74      40     40      0      3       1   B  QuietGame     3.35       68     1     A
162      123     83    13    13      83      40     40      0      3       3   A  QuietGame     3.25       67     0     A
163      131     91    34    34     131       0     16      0      4       4   A  Reduction     3.36       67     1     B
164      138     98    12    12      98      40     40      2      1       0   B  QuietGame     3.31       68     0     B
160      212    172    35    35     172      40     40      0      2       1   B  QuietGame     3.25       68     0     B
165      161    121    34    36     161       0     28      4      2       2   A  Reduction     3.32       68     1     B
167      152    112    22    22     112      40     40      2      1       0   B  QuietGame     3.38       69     1     A
168      145    105    31    32     145       0     25      0      6       6   A  Reduction     3.24       68     0     A
166      213    173    35    35     173      40     40      1      3      -1   B  QuietGame     3.45       69     0     B
171      127     87    27    27     127       0     15      0     11      11   A  Reduction     3.31       68     1     B
170      149    109    34    34     149       0     16      0      4       4   A  Reduction     3.38       68     0     A
169      168    128    34    36     168       0     18      1      2      -2   B  Reduction     3.25       68     1     A
173      145    105    34    35     145       0     13      0      3       3   A  Reduction     3.34       67     1     B
172      180    140    35    35     180       0     24      1      3      -3   B  Reduction     3.33       67     0     B
177      127     87    33    33     127       0     11      0      5       5   A  Reduction     3.16       67     1     B
178      142    102    22    24     102      40     40      0      5       4   A  QuietGame     3.26       68     0     A
174      184    144    34    35     144      40     40      2      2       1   B  QuietGame     3.44       68     0     B
179      150    110    27    27     110      40     40      0      6       5   A  QuietGame     3.37       68     1     B
176      184    144    35    36     184       0     34      1      3      -2   B  Reduction     3.21       67     0     B
175      220    180    35    35     220       0     30      3      3      -3   B  Reduction     3.40       68     1     A
182      106     66    12    15      66      40     40      2      2       1   B  QuietGame     2.91       68     0     B
180      174    134    31    31     134      40     40      1      5      -5   B  QuietGame     3.25       68     0     B
186      110     70    34    34     110       0     15      1      4      -4   B  Reduction     3.38       68     0     B
184      156    116    35    35     156       0     16      5      3      -3   B  Reduction     3.32       69     0     B
181      217    177    34    34     177      40     40      1      1       0   B  QuietGame     3.40       68     1     A
189      108     68    10    10      68      40     40      1      2      -2   B  QuietGame     3.28       68     1     A
185      184    144    34    35     144      40     40      3      2      -1   B  QuietGame     3.25       69     1     A
187      150    110    31    32     150       0     11      3      6      -6   B  Reduction     3.32       68     1     A
183      236    196    36    36     196      40     40      2      2       0   B  QuietGame     3.38       68     1     A
188      161    121    17    19     121      40     40      2      2       1   B  QuietGame     3.13       68     0     B
191      170    130    34    34     130      40     40      0      3       2   A  QuietGame     3.39       67     1     B
193      172    132    31    33     132      40     40      0      4       3   A  QuietGame     3.18       68     1     B
194      179    139    29    29     139      40     40      0      7       7   A  QuietGame     3.31       68     0     A
195      177    137    32    33     137      40     40      3      2      -1   B  QuietGame     3.25       68     1     A
192      236    196    32    32     196      40     40      1      4      -4   B  QuietGame     3.26       68     0     B
190      273    233    32    33     233      40     40      4      2       1   B  QuietGame     3.43       67     0     B
196      217    177    33    34     177      40     40      1      3      -2   B  QuietGame     3.28       68     0     B
199      113     73    14    15      73      40     40      2      2       1   B  QuietGame     3.17       69     1     A
200      102     62    11    11      62      40     40      1      1      -1   B  QuietGame     3.03       68     0     B
197      241    201    36    36     201      40     40      7      2       0   B  QuietGame     3.35       68     1     A
203      100     60    13    13      60      40     40      0      4       3   A  QuietGame     3.28       68     1     B
198      197    157    32    32     157      40     40      0      4       4   A  QuietGame     3.36       69     0     A
202      165    125    24    24     125      40     40      0      3       2   A  QuietGame     3.19       68     0     A
201      206    166    26    30     166      40     40      3      6      -6   B  QuietGame     3.19       68     1     A
207      135     95    29    33     135       0     19      0      5       5   A  Reduction     3.19       69     1     B
208      138     98    21    24      98      40     40      0      5       4   A  QuietGame     3.19       67     0     A
206      164    124    31    32     124      40     40      2      3       2   A  QuietGame     3.26       69     0     A
204      204    164    35    35     164      40     40      4      2       1   B  QuietGame     3.22       68     0     B
205      204    164    34    34     164      40     40      5      2      -2   B  QuietGame     3.25       68     1     A
210      149    109    29    31     109      40     40      0      6       5   A  QuietGame     3.22       68     0     A
211      167    127    29    33     127      40     40      2      3       3   A  QuietGame     3.25       68     1     B
212      145    105    24    25     105      40     40      0      3       3   A  QuietGame     3.22       67     0     A
209      249    209    34    35     209      40     40      2      2       1   B  QuietGame     3.33       67     1     A
216      141    101    28    30     141       0     12      0      8       8   A  Reduction     3.15       67     0     A
213      222    182    34    34     182      40     40      3      2      -2   B  QuietGame     3.28       67     1     A
215      198    158    32    32     158      40     40      5      2      -2   B  QuietGame     3.43       68     1     A
218      128     88    21    21      88      40     40      1      4      -3   B  QuietGame     3.46       67     0     B
214      242    202    29    29     242       0     32      1      9      -9   B  Reduction     3.38       68     0     B
217      201    161    30    31     161      40     40      2      5       5   A  QuietGame     3.21       67     1     B
219      189    149    33    33     149      40     40      2      3       3   A  QuietGame     3.37       67     1     B
220      181    141    35    36     181       0     25      2      2       2   A  Reduction     3.22       68     0     A
224      127     87    19    20      87      40     40      0      2       2   A  QuietGame     3.19       67     0     A
222      162    122    34    35     162       0     24      3      3      -3   B  Reduction     3.43       68     0     B
225      142    102    18    18     102      40     40      0      5       4   A  QuietGame     3.30       67     1     B
223      162    122    29    29     122      40     40      1      3      -3   B  QuietGame     3.34       68     1     A
221      213    173    34    35     173      40     40      2      2       1   B  QuietGame     3.19       68     1     A
226      140    100    19    19     100      40     40      1      4      -3   B  QuietGame     3.28       68     0     B
227      132     92    25    25      92      40     40      4      2       1   B  QuietGame     3.40       68     1     A
228      131     91    14    16      91      40     40      0      5       4   A  QuietGame     3.01       68     0     A
232       98     58    11    12      58      40     40      2      1       0   B  QuietGame     3.09       68     0     B
229      176    136    31    33     136      40     40      1      3      -3   B  QuietGame     3.46       68     1     A
231      167    127    28    30     167       0     35      0      8       8   A  Reduction     3.27       67     1     B
236      122     82    20    20      82      40     40      1      2       0   B  QuietGame     3.41       68     0     B
230      183    143    31    31     143      40     40      0      5       5   A  QuietGame     3.33       67     0     A
235      146    106    32    32     106      40     40      0      3       2   A  QuietGame     3.31       67     1     B
237      123     83    32    34     123       0     20      0      4       4   A  Reduction     3.19       68     1     B
233      212    172    36    36     172      40     40      8      1       0   B  QuietGame     3.47       68     1     A
234      203    163    31    32     163      40     40      2      3       2   A  QuietGame     3.30       67     0     A
239      139     99    26    27      99      40     40      0      4       3   A  QuietGame     3.22       68     1     B
241      193    153    27    27     193       0     29      0     11      11   A  Reduction     3.38       69     1     B
243      181    141    31    33     141      40     40      1      5      -3   B  QuietGame     3.19       68     1     A
240      211    171    31    32     171      40     40      0      4       4   A  QuietGame     3.26       69     0     A
238      252    212    34    35     252       0     33      5      3      -3   B  Reduction     3.34       68     0     B
244      214    174    34    35     174      40     40      0      3       1   B  QuietGame     3.31       68     0     B
242      260    220    36    36     220      40     40      6      3       0   B  QuietGame     3.19       68     0     B
245      236    196    30    30     196      40     40      0      3       2   A  QuietGame     3.28       68     1     B
246      177    137    35    35     177       0     37      2      3       3   A  Reduction     3.28       68     0     A
251      100     60     9     9      60      40     40      1      1      -1   B  QuietGame     2.97       67     1     A
247      163    123    29    29     163       0     29      0      9       9   A  Reduction     3.38       68     1     B
248      159    119    30    31     159       0     20      0      7       7   A  Reduction     3.21       68     0     A
252      121     81    24    24      81      40     40      1      3      -2   B  QuietGame     3.28       68     0     B
249      217    177    33    34     217       0     27      0      4       4   A  Reduction     3.26       68     1     B
254      153    113    21    21     113      40     40      2      1       1   B  QuietGame     3.16       67     0     B
253      170    130    31    32     170       0     24      2      6      -6   B  Reduction     3.21       68     1     A
250      236    196    33    35     196      40     40      3      2      -1   B  QuietGame     3.22       67     0     B
256      159    119    31    33     159       0     21      0      5       5   A  Reduction     3.18       68     0     A
255      187    147    36    36     187       0     28      5      2       2   A  Reduction     3.45       67     1     B
258      157    117    30    30     117      40     40      0      6       6   A  QuietGame     3.35       68     0     A
257      186    146    35    35     146      40     40      0      2       1   B  QuietGame     3.31       68     1     A
260      167    127    29    30     167       0     33      0      8       8   A  Reduction     3.34       67     0     A
262      148    108    31    31     108      40     40      0      4       3   A  QuietGame     3.47       68     0     A
259      184    144    29    29     144      40     40      1      3      -3   B  QuietGame     3.24       68     1     A
263      116     76    14    15      76      40     40      1      3      -3   B  QuietGame     3.22       68     1     A
261      171    131    29    29     171       0     25      0      9       9   A  Reduction     3.22       67     1     B
264      107     67    11    12      67      40     40      1      1       0   B  QuietGame     3.12       68     0     B
265      112     72    14    14      72      40     40      0      3       2   A  QuietGame     3.34       68     1     B
268      103     63    13    13      63      40     40      2      1       1   B  QuietGame     3.22       68     0     B
272      107     67    16    16      67      40     40      2      2       2   A  QuietGame     3.21       68     0     A
269      127     87    17    19      87      40     40      2      3       3   A  QuietGame     3.04       68     1     B
266      191    151    32    33     151      40     40      2      3       3   A  QuietGame     3.33       67     0     A
271      164    124    27    29     124      40     40      0      6       5   A  QuietGame     3.12       68     1     B
270      207    167    34    34     207       0     31      0      4       4   A  Reduction     3.44       68     0     A
267      230    190    34    35     190      40     40      2      2       1   B  QuietGame     3.27       67     1     A
273      208    168    35    35     208       0     38      5      3      -3   B  Reduction     3.25       68     1     A
274      189    149    27    31     189       0     26      0      7       7   A  Reduction     3.15       68     0     A
278      136     96    25    26      96      40     40      0      5       4   A  QuietGame     3.34       67     0     A
275      203    163    33    33     163      40     40      0      3       3   A  QuietGame     3.28       68     1     B
277      203    163    31    31     163      40     40      0      5       5   A  QuietGame     3.22       68     1     B
276      217    177    34    34     217       0     37      0      4       4   A  Reduction     3.22       68     0     A
280      179    139    32    33     179       0     36      0      5       5   A  Reduction     3.26       68     0     A
279      200    160    33    35     160      40     40      4      2       1   B  QuietGame     3.27       67     1     A
283      127     87    30    30     127       0      8      0      8       8   A  Reduction     3.29       69     1     B
285      117     77    35    35     117       0     11      2      3       3   A  Reduction     3.33       67     1     B
281      194    154    35    36     154      40     40      4      1       0   B  QuietGame     3.21       68     1     A
282      185    145    30    30     145      40     40      0      6       6   A  QuietGame     3.32       69     0     A
286      137     97    33    33     137       0     24      2      5       5   A  Reduction     3.37       68     0     A
290      112     72    20    20      72      40     40      1      3      -2   B  QuietGame     3.27       67     0     B
288      143    103    17    17     103      40     40      1      2      -1   B  QuietGame     3.25       68     0     B
284      234    194    34    35     194      40     40      2      2       1   B  QuietGame     3.27       67     0     B
291      122     82    19    19      82      40     40      2      2       1   B  QuietGame     3.42       67     1     A
287      161    121    27    29     121      40     40      2      3       3   A  QuietGame     3.25       68     1     B
289      160    120    25    27     120      40     40      0      8       7   A  QuietGame     3.28       68     1     B
292      164    124    30    30     124      40     40      0      7       6   A  QuietGame     3.31       68     0     A
296      101     61     8     9      61      40     40      0      3       3   A  QuietGame     3.03       67     0     A
293      217    177    36    36     217       0     26      2      2       2   A  Reduction     3.28       68     1     B
298      154    114    32    32     114      40     40      6      1       0   B  QuietGame     3.30       67     0     B
295      167    127    31    31     167       0     14      0      7       7   A  Reduction     3.38       68     1     B
297      166    126    34    34     126      40     40      7      2      -2   B  QuietGame     3.30       67     1     A
294      208    168    25    27     168      40     40      1      4      -3   B  QuietGame     3.07       68     0     B
299      194    154    32    33     154      40     40      0      2       1   B  QuietGame     3.31       67     1     A
301      147    107    29    31     107      40     40      0      5       5   A  QuietGame     3.16       67     1     B
300      175    135    32    32     175       0     20      0      6       6   A  Reduction     3.40       67     0     A
305      107     67    15    16      67      40     40      1      3      -2   B  QuietGame     3.10       68     1     A
304      153    113    34    34     153       0      7      0      4       4   A  Reduction     3.40       68     0     A
306      135     95    29    29      95      40     40      1      4      -3   B  QuietGame     3.26       68     0     B
303      183    143    30    31     143      40     40      1      6      -5   B  QuietGame     3.19       67     1     A
302      206    166    33    34     166      40     40      4      1       0   B  QuietGame     3.24       67     0     B
309      147    107    31    30     147       0     26      0      5       5   A  Immobilize     3.31       67     1     B
307      166    126    30    31     126      40     40      1      3      -3   B  QuietGame     3.26       68     1     A
308      197    157    29    31     157      40     40      0      6       5   A  QuietGame     3.30       67     0     A
310      178    138    31    33     138      40     40      1      3      -3   B  QuietGame     3.25       68     0     B
311      172    132    31    33     132      40     40      1      3      -3   B  QuietGame     3.16       68     1     A
313      175    135    26    27     135      40     40      0      6       5   A  QuietGame     3.25       69     1     B
312      187    147    34    35     147      40     40      0      2       1   B  QuietGame     3.25       69     0     B
318      105     65     9     9      65      40     40      0      3       3   A  QuietGame     3.38       68     0     A
315      174    134    34    34     134      40     40      3      2      -2   B  QuietGame     3.25       68     1     A
316      188    148    33    34     188       0     26      1      4      -4   B  Reduction     3.21       68     0     B
314      238    198    35    35     198      40     40      1      3      -1   B  QuietGame     3.31       68     0     B
317      187    147    33    35     147      40     40      1      2      -1   B  QuietGame     3.34       68     1     A
321      157    117    34    34     157       0     16      0      4       4   A  Reduction     3.26       68     1     B
320      195    155    33    34     155      40     40      3      3      -2   B  QuietGame     3.07       68     0     B
319      227    187    34    34     187      40     40      3      3      -2   B  QuietGame     3.19       68     1     A
323      166    126    34    34     166       0     19      1      4      -4   B  Reduction     3.30       67     1     A
322      200    160    33    34     160      40     40      3      3      -2   B  QuietGame     3.46       67     0     B
325      181    141    36    36     181       0     22      0      3       2   A  Reduction     3.29       68     1     B
327      101     61    10    11      61      40     40      0      3       3   A  QuietGame     3.10       67     1     B
326      157    117    20    20     117      40     40      0      6       6   A  QuietGame     3.31       67     0     A
324      204    164    33    34     164      40     40      4      3       2   A  QuietGame     3.29       68     0     A
330      138     98    31    33     138       0     21      3      5      -5   B  Reduction     3.19       68     0     B
332      121     81    31    32     121       0     10      0      6       6   A  Reduction     3.22       68     0     A
329      182    142    33    36     142      40     40      6      2       0   B  QuietGame     3.07       68     1     A
328      203    163    31    34     163      40     40      0      3       2   A  QuietGame     3.19       68     0     A
331      191    151    33    33     151      40     40      0      3       3   A  QuietGame     3.34       68     1     B
335      165    125    31    32     165       0     31      0      6       6   A  Reduction     3.25       68     1     B
333      185    145    33    33     185       0     32      0      5       5   A  Reduction     3.22       68     1     B
334      184    144    36    36     144      40     40      6      2       0   B  QuietGame     3.28       68     0     B
338       93     53    11    11      53      40     40      0      1       1   B  QuietGame     3.16       68     0     B
339      117     77    11    12      77      40     40      0      2       2   A  QuietGame     3.22       68     1     B
336      186    146    28    29     146      40     40      0      3      -3   B  QuietGame     3.35       68     0     B
340      135     95    11    11      95      40     40      0      3       3   A  QuietGame     3.25       67     0     A
344      101     61    14    16      61      40     40      1      2       0   B  QuietGame     3.21       68     0     B
343      128     88    28    28      88      40     40      0      3       0   B  QuietGame     3.49       68     1     A
337      228    188    35    35     188      40     40      0      2       1   B  QuietGame     3.28       68     1     A
341      195    155    29    30     155      40     40      0      6       6   A  QuietGame     3.13       67     1     B
345      130     90    13    13      90      40     40      3      1      -1   B  QuietGame     3.22       68     1     A
348       95     55     9    10      55      40     40      0      3       2   A  QuietGame     3.00       67     0     A
342      212    172    31    32     172      40     40      1      4      -4   B  QuietGame     3.24       68     0     B
346      139     99    31    31     139       0     23      0      7       7   A  Reduction     3.25       68     0     A
349      117     77    19    20      77      40     40      0      4       4   A  QuietGame     3.09       67     1     B
352      102     62    12    14      62      40     40      0      2       0   B  QuietGame     2.99       68     0     B
350      159    119    32    33     159       0     25      0      5       5   A  Reduction     3.15       68     0     A
356       96     56    10    11      56      40     40      1      1      -1   B  QuietGame     3.04       68     0     B
353      166    126    31    32     166       0     33      1      6      -6   B  Reduction     3.25       68     1     A
355      155    115    32    33     155       0     17      0      5       5   A  Reduction     3.21       68     1     B
347      267    227    31    32     227      40     40      2      5      -4   B  QuietGame     3.28       68     1     A
354      187    147    32    33     187       0     23      0      5       5   A  Reduction     3.29       68     0     A
351      269    229    35    35     229      40     40      1      2      -1   B  QuietGame     3.28       68     1     A
358      152    112    27    28     112      40     40      0      3       0   B  QuietGame     3.18       68     0     B
361      101     61    14    14      61      40     40      1      1       0   B  QuietGame     3.22       68     1     A
357      180    140    34    34     140      40     40      4      3       2   A  QuietGame     3.25       68     1     B
362      104     64    18    18      64      40     40      2      1       0   B  QuietGame     3.25       67     0     B
360      161    121    28    31     161       0     24      0      7       7   A  Reduction     3.22       68     0     A
359      222    182    31    31     182      40     40      1      5      -5   B  QuietGame     3.38       68     1     A
363      201    161    34    34     161      40     40      3      2       0   B  QuietGame     3.36       67     1     A
365      151    111    16    16     111      40     40      0      2       2   A  QuietGame     3.22       67     1     B
364      163    123    27    27     123      40     40      0      7       7   A  QuietGame     3.36       67     0     A
366      160    120    34    34     120      40     40      0      4       2   A  QuietGame     3.38       68     0     A
368      161    121    31    31     121      40     40      0      5       5   A  QuietGame     3.29       68     0     A
367      191    151    35    35     151      40     40      1      3      -1   B  QuietGame     3.41       68     1     A
370      143    103    26    26     103      40     40      0      7       6   A  QuietGame     3.37       68     0     A
369      177    137    32    33     137      40     40      2      3       3   A  QuietGame     3.28       68     1     B
371      125     85    30    32     125       0     27      0      6       6   A  Reduction     3.26       68     1     B
375      132     92    19    19      92      40     40      1      1      -1   B  QuietGame     3.38       68     1     A
372      199    159    33    34     199       0     36      0      4       4   A  Reduction     3.21       68     0     A
374      189    149    35    35     149      40     40      1      2      -1   B  QuietGame     3.25       68     0     B
376      166    126    23    23     126      40     40      0      3       1   B  QuietGame     3.28       68     0     B
378      134     94    17    17      94      40     40      1      3      -3   B  QuietGame     3.31       68     0     B
373      218    178    35    35     218       0     36      1      3      -3   B  Reduction     3.26       68     1     A
377      181    141    34    34     141      40     40      1      3       0   B  QuietGame     3.29       68     1     A
379      193    153    32    34     153      40     40      1      3      -2   B  QuietGame     3.24       68     1     A
381      131     91    29    29     131       0     17      0      9       9   A  Reduction     3.25       67     1     B
380      187    147    34    35     147      40     40      3      2      -1   B  QuietGame     3.15       67     0     B
382      158    118    34    34     158       0     16      1      4      -4   B  Reduction     3.40       68     0     B
383      149    109    19    20     109      40     40      3      2       0   B  QuietGame     3.25       68     1     A
384      163    123    35    36     163       0     34      0      3       2   A  Reduction     3.28       68     0     A
386      148    108    28    30     108      40     40      2      5       4   A  QuietGame     3.18       68     0     A
385      182    142    30    30     142      40     40      1      3      -2   B  QuietGame     3.41       68     1     A
387      164    124    32    35     124      40     40      0      2       1   B  QuietGame     3.03       68     1     A
392      103     63    11    12      63      40     40      0      4       4   A  QuietGame     3.18       68     0     A
389      151    111    34    34     151       0     17      0      4       4   A  Reduction     3.26       68     1     B
388      199    159    32    33     199       0     19      2      5       5   A  Reduction     3.24       68     0     A
390      174    134    35    35     134      40     40      4      2       1   B  QuietGame     3.34       68     0     B
391      189    149    26    28     149      40     40      0      8       8   A  QuietGame     2.96       68     1     B
393      163    123    31    31     163       0     33      0      7       7   A  Reduction     3.29       68     1     B
395      125     85    29    30     125       0     19      0      8       8   A  Reduction     3.21       68     1     B
397      121     81    17    18      81      40     40      2      2       2   A  QuietGame     3.29       68     1     B
394      229    189    33    34     189      40     40      2      2       2   A  QuietGame     3.15       68     0     A
399      117     77    14    14      77      40     40      2      2       2   A  QuietGame     3.31       68     1     B
396      174    134    32    32     174       0     38      0      6      -6   B  Reduction     3.29       68     0     B
401      105     65    15    16      65      40     40      0      2       2   A  QuietGame     3.13       68     1     B
398      179    139    30    31     139      40     40      1      6      -5   B  QuietGame     3.26       68     0     B
402      135     95    21    22      95      40     40      1      3       0   B  QuietGame     3.22       67     0     B
400      172    132    32    33     132      40     40      4      2       1   B  QuietGame     3.29       68     0     B
404      104     64    12    12      64      40     40      1      2      -2   B  QuietGame     3.19       68     0     B
403      153    113    30    31     153       0     21      0      7       7   A  Reduction     3.16       67     1     B
409       93     53    10    11      53      40     40      0      2       1   B  QuietGame     3.04       68     1     A
405      183    143    32    34     183       0     33      0      4       4   A  Reduction     3.24       68     1     B
411       95     55    11    13      55      40     40      0      2       1   B  QuietGame     3.10       68     1     A
408      148    108    35    35     148       0     30      3      3      -3   B  Reduction     3.32       68     0     B
410      143    103    14    16     103      40     40      0      7       6   A  QuietGame     3.21       68     0     A
407      199    159    36    36     159      40     40      5      1       0   B  QuietGame     3.30       67     1     A
406      219    179    36    36     179      40     40      7      1       0   B  QuietGame     3.36       67     0     B
412      148    108    30    31     148       0     12      1      7      -7   B  Reduction     3.21       67     0     B
414      112     72    17    20      72      40     40      1      3      -2   B  QuietGame     3.18       68     0     B
413      178    138    14    14     138      40     40      0      4       2   A  QuietGame     3.31       67     1     B
415      165    125    36    36     165       0     21      2      2       2   A  Reduction     3.34       68     1     B
416      184    144    33    35     184       0     22      1      3      -3   B  Reduction     3.12       69     0     B
418      166    126    31    32     126      40     40      0      2       0   B  QuietGame     3.31       68     0     B
417      178    138    34    34     178       0     34      1      4      -4   B  Reduction     3.14       69     1     A
419      184    144    35    35     184       0     18      1      3      -3   B  Reduction     3.34       68     1     A
420      173    133    31    33     173       0     33      0      5       5   A  Reduction     3.53       68     0     A
422      145    105    29    30     105      40     40      0      4       4   A  QuietGame     3.35       68     0     A
426      102     62    12    14      62      40     40      0      3       2   A  QuietGame     3.09       68     0     A
424      137     97    35    35     137       0     16      0      3       3   A  Reduction     3.28       68     0     A
423      176    136    30    30     136      40     40      2      3       2   A  QuietGame     3.31       68     1     B
421      235    195    33    35     195      40     40      1      3      -1   B  QuietGame     3.44       68     1     A
425      149    109    33    33     149       0     18      0      5       5   A  Reduction     3.19       68     1     B
428      116     76    18    18      76      40     40      0      3       2   A  QuietGame     3.22       67     0     A
429       99     59     9    11      59      40     40      0      5       5   A  QuietGame     2.81       67     1     B
427      169    129    28    29     169       0     31      0      9       9   A  Reduction     3.29       68     1     B
430      103     63    11    11      63      40     40      0      5       5   A  QuietGame     3.07       68     0     A
431      170    130    33    34     130      40     40      1      2      -2   B  QuietGame     3.15       68     1     A
433      184    144    31    31     144      40     40      0      6       5   A  QuietGame     3.24       68     1     B
432      192    152    33    34     152      40     40      6      2       0   B  QuietGame     3.25       68     0     B
437      143    103    29    30     143       0     19      0      8       8   A  Reduction     3.25       69     1     B
434      192    152    36    36     152      40     40      6      1       0   B  QuietGame     3.29       68     0     B
435      196    156    34    34     156      40     40      0      3       2   A  QuietGame     3.16       68     1     B
436      175    135    28    31     135      40     40      2      5       5   A  QuietGame     3.23       69     0     A
438      199    159    34    34     159      40     40      1      2       0   B  QuietGame     3.19       68     0     B
440      171    131    35    35     171       0     33      2      3       3   A  Reduction     3.31       68     0     A
439      208    168    33    34     168      40     40      6      1       0   B  QuietGame     3.19       68     1     A
443      174    134    33    33     134      40     40      1      3      -3   B  QuietGame     3.25       68     1     A
445      163    123    29    30     123      40     40      2      4       4   A  QuietGame     3.18       68     1     B
441      191    151    33    34     151      40     40      1      3      -2   B  QuietGame     3.22       68     1     A
442      245    205    31    33     205      40     40      0      3       3   A  QuietGame     3.22       68     0     A
444      238    198    32    32     198      40     40      0      5       4   A  QuietGame     3.46       68     0     A
448      117     77    19    21      77      40     40      1      2      -1   B  QuietGame     3.21       68     0     B
446      216    176    32    34     176      40     40      4      2       0   B  QuietGame     3.37       68     0     B
447      147    107    31    32     147       0     21      0      6       6   A  Reduction     3.12       68     1     B
451      151    111    29    30     111      40     40      0      4       4   A  QuietGame     3.24       68     1     B
449      169    129    28    29     129      40     40      0      7       7   A  QuietGame     3.22       68     1     B
450      210    170    36    36     170      40     40      2      2       0   B  QuietGame     3.21       68     0     B
454      125     85    34    34     125       0      8      2      4       4   A  Reduction     3.25       67     0     A
452      161    121    30    32     161       0     27      2      6       6   A  Reduction     3.25       68     0     A
455      187    147    33    33     187       0     36      0      5       5   A  Reduction     3.16       67     1     B
457      155    115    31    32     155       0     15      0      6       6   A  Reduction     3.07       69     1     B
456      185    145    34    34     185       0     19      0      4       4   A  Reduction     3.38       69     0     A
458      151    111    35    35     151       0     15      0      3       3   A  Reduction     3.24       67     0     A
461      109     69    17    17      69      40     40      1      3      -1   B  QuietGame     3.34       67     1     A
453      272    232    35    36     232      40     40      2      2       0   B  QuietGame     3.19       68     1     A
459      165    125    32    33     125      40     40      0      3       3   A  QuietGame     3.24       67     1     B
464      121     81    14    14      81      40     40      3      1       0   B  QuietGame     3.26       68     0     B
460      204    164    28    30     164      40     40      3      4      -4   B  QuietGame     3.25       67     0     B
465      123     83    24    25      83      40     40      3      2      -1   B  QuietGame     3.40       68     1     A
463      187    147    34    34     147      40     40      3      2       0   B  QuietGame     3.34       68     1     A
462      208    168    33    33     168      40     40      3      3      -3   B  QuietGame     3.40       68     0     B
466      185    145    33    33     145      40     40      4      2       1   B  QuietGame     3.37       68     0     B
468      171    131    27    27     131      40     40      4      1       1   B  QuietGame     3.25       68     0     B
467      207    167    30    30     167      40     40      0      6       6   A  QuietGame     3.37       68     1     B
472      100     60    14    15      60      40     40      0      2       1   B  QuietGame     2.99       68     0     B
470      168    128    33    33     128      40     40      0      3       1   B  QuietGame     3.30       67     0     B
469      171    131    32    34     131      40     40      7      2       0   B  QuietGame     3.21       68     1     A
471      166    126    22    23     126      40     40      3      2      -1   B  QuietGame     3.19       67     1     A
475      126     86    35    35     126       0     15      1      3      -3   B  Reduction     3.15       68     1     A
476      123     83    23    24      83      40     40      0      2       2   A  QuietGame     3.40       68     0     A
474      184    144    33    33     144      40     40      0      4       3   A  QuietGame     3.37       68     0     A
473      238    198    32    34     198      40     40      3      2      -2   B  QuietGame     3.35       68     1     A
479      163    123    32    33     123      40     40      0      2       1   B  QuietGame     3.22       69     1     A
477      190    150    29    29     150      40     40      1      5      -5   B  QuietGame     3.16       68     1     A
478      186    146    33    33     186       0     29      1      5      -5   B  Reduction     3.29       69     0     B
480      190    150    34    35     150      40     40      0      2       1   B  QuietGame     3.31       68     0     B
482      155    115    32    32     115      40     40      0      4       4   A  QuietGame     3.24       67     0     A
484      114     74    17    17      74      40     40      1      1      -1   B  QuietGame     3.22       68     0     B
481      216    176    33    34     176      40     40      0      3       2   A  QuietGame     3.26       68     1     B
483      203    163    28    28     163      40     40      0      8       8   A  QuietGame     3.25       67     1     B
486      141    101    30    30     141       0     13      0      9       9   A  Reduction     3.37       68     0     A
489      106     66    18    19      66      40     40      1      2      -1   B  QuietGame     3.22       67     1     A
485      200    160    23    23     160      40     40      1      5      -5   B  QuietGame     3.18       68     1     A
491       94     54     9    10      54      40     40      0      2      -2   B  QuietGame     3.07       68     1     A
487      193    153    33    34     153      40     40      3      3      -2   B  QuietGame     3.24       68     1     A
490      141    101    30    32     101      40     40      1      3      -2   B  QuietGame     3.18       68     0     B
488      224    184    33    35     224       0     31      1      3      -3   B  Reduction     3.12       67     0     B
494       94     54    11    11      54      40     40      0      2       1   B  QuietGame     3.12       68     0     B
498      116     76    19    20      76      40     40      4      1       0   B  QuietGame     3.19       68     0     B
493      190    150    35    36     150      40     40      6      2       0   B  QuietGame     3.35       68     1     A
495      149    109    33    33     149       0     14      0      5       5   A  Reduction     3.29       68     1     B
492      218    178    34    34     178      40     40      4      2       0   B  QuietGame     3.35       68     0     B
497      197    157    35    35     157      40     40      5      2      -1   B  QuietGame     3.20       69     1     A
499      166    126    30    32     126      40     40      2      3       2   A  QuietGame     3.29       68     1     B
496      203    163    33    35     163      40     40      1      2      -1   B  QuietGame     3.13       69     0     B
500      226    186    30    30     186      40     40      1      6      -6   B  QuietGame     3.26       68     0     B
505      100     60     7     8      60      40     40      1      2      -2   B  QuietGame     3.09       66     1     A
504      152    112    25    26     112      40     40      0      3       2   A  QuietGame     3.20       66     0     A
502      191    151    34    35     191       0     35      0      3       3   A  Reduction     3.16       68     0     A
503      205    165    33    33     165      40     40      1      4      -3   B  QuietGame     3.22       68     1     A
501      212    172    30    31     172      40     40      3      5      -5   B  QuietGame     3.18       68     1     A
507      179    139    33    33     179       0     25      2      5       5   A  Reduction     3.38       68     1     B
508      127     87    29    30     127       0     16      0      8       8   A  Reduction     3.22       68     0     A
506      201    161    30    30     161      40     40      0      6       6   A  QuietGame     3.29       68     0     A
509      163    123    30    30     123      40     40      1      5      -4   B  QuietGame     3.34       68     1     A
510      161    121    27    29     161       0     31      0      9       9   A  Reduction     3.16       67     0     A
511      208    168    35    35     168      40     40      2      2       1   B  QuietGame     3.36       67     1     A
513      196    156    23    23     156      40     40      3      3      -3   B  QuietGame     3.32       68     1     A
516      143    103    16    16     103      40     40      0      2       2   A  QuietGame     3.12       69     0     A
512      216    176    31    31     176      40     40      1      3      -3   B  QuietGame     3.25       68     0     B
517      110     70    15    16      70      40     40      0      5       4   A  QuietGame     3.13       69     1     B
514      191    151    28    32     151      40     40      0      4       4   A  QuietGame     3.00       68     0     A
515      177    137    28    29     137      40     40      0      5       5   A  QuietGame     3.22       68     1     B
518      156    116    31    31     116      40     40      2      2       1   B  QuietGame     3.47       68     0     B
523      131     91    33    33     131       0     20      0      5       5   A  Reduction     3.28       68     1     B
522      137     97    26    26     137       0     17      0     12      12   A  Immobilize     3.15       68     0     A
521      171    131    33    34     171       0     35      2      4       4   A  Reduction     3.32       68     1     B
519      219    179    35    35     179      40     40      2      2       1   B  QuietGame     3.25       68     1     A
526      147    107    25    26     107      40     40      0      6       6   A  QuietGame     3.19       68     0     A
520      220    180    30    30     180      40     40      0      5       4   A  QuietGame     3.32       68     0     A
525      197    157    33    33     157      40     40      1      4      -3   B  QuietGame     3.18       68     1     A
524      234    194    30    30     194      40     40      1      4      -4   B  QuietGame     3.22       68     0     B
527      172    132    36    36     172       0     25      1      2      -2   B  Reduction     3.37       68     1     A
528      169    129    34    34     129      40     40      2      3       2   A  QuietGame     3.44       68     0     A
529      158    118    33    33     118      40     40      0      4       3   A  QuietGame     3.25       68     1     B
533      116     76    31    32     116       0     21      1      6      -6   B  Reduction     3.26       68     1     A
530      143    103    35    35     143       0     21      0      3       3   A  Reduction     3.34       68     0     A
531      154    114    33    34     154       0     20      1      4      -4   B  Reduction     3.34       68     1     A
532      179    139    30    33     139      40     40      4      3       3   A  QuietGame     3.18       68     0     A
538       93     53     8     8      53      40     40      1      1       0   B  QuietGame     3.18       68     0     B
539      114     74    16    17      74      40     40      2      2       1   B  QuietGame     3.25       68     1     A
535      153    113    32    33     153       0     15      4      5       5   A  Reduction     3.29       68     1     B
534      211    171    33    34     171      40     40      0      2       2   A  QuietGame     3.10       68     0     A
537      166    126    33    33     126      40     40      3      3      -3   B  QuietGame     3.30       67     1     A
536      218    178    34    34     218       0     30      1      4      -4   B  Reduction     3.21       67     0     B
542      134     94    28    28      94      40     40      4      1       0   B  QuietGame     3.27       67     0     B
543      116     76    19    20      76      40     40      5      2      -2   B  QuietGame     3.22       67     1     A
541      171    131    32    35     131      40     40      0      2       1   B  QuietGame     3.16       67     1     A
545      131     91    17    20      91      40     40      0      6       6   A  QuietGame     3.10       68     1     B
546      147    107    30    31     147       0     23      0      7       7   A  Reduction     3.15       67     0     A
540      274    234    34    34     234      40     40      3      3      -2   B  QuietGame     3.45       67     0     B
547      117     77    12    14      77      40     40      0      4       4   A  QuietGame     3.15       67     1     B
544      195    155    33    33     155      40     40      2      2       1   B  QuietGame     3.26       68     0     B
550      135     95    26    26      95      40     40      0      3       2   A  QuietGame     3.40       68     0     A
548      198    158    33    34     158      40     40      2      3       2   A  QuietGame     3.24       68     0     A
551      160    120    30    30     120      40     40      5      2       0   B  QuietGame     3.28       68     1     A
553      131     91    10    11      91      40     40      1      3      -1   B  QuietGame     3.22       68     1     A
554      147    107    33    33     147       0     21      0      5       5   A  Reduction     3.27       67     0     A
552      157    117    32    34     117      40     40      3      3       0   B  QuietGame     3.12       68     0     B
549      221    181    33    34     181      40     40      1      3      -2   B  QuietGame     3.06       68     1     A
555      193    153    32    32     193       0     37      0      6       6   A  Reduction     3.28       67     1     B
556      153    113    31    32     153       0     18      0      6       6   A  Reduction     3.06       68     0     A
557      165    125    30    32     165       0     23      0      6       6   A  Reduction     3.22       68     1     B
559      165    125    28    30     125      40     40      0      6       6   A  QuietGame     3.26       68     1     B
558      178    138    35    35     138      40     40      2      2       1   B  QuietGame     3.29       68     0     B
563      135     95    30    31     135       0     22      0      7       7   A  Reduction     3.37       67     1     B
560      197    157    36    36     157      40     40      5      2       0   B  QuietGame     3.32       68     0     B
561      200    160    33    33     160      40     40      4      2       1   B  QuietGame     3.28       68     1     A
562      216    176    30    30     176      40     40      1      5       4   A  QuietGame     3.30       67     0     A
564      177    137    32    32     177       0     21      2      6       6   A  Reduction     3.22       67     0     A
568      116     76    17    19      76      40     40      2      4       3   A  QuietGame     3.19       68     0     A
567      186    146    34    35     146      40     40      3      1      -1   B  QuietGame     3.19       67     1     A
571      127     87    27    27      87      40     40      1      4      -3   B  QuietGame     3.37       68     1     A
569      150    110    30    30     110      40     40      2      3       2   A  QuietGame     3.35       68     1     B
572      115     75    14    14      75      40     40      0      2       2   A  QuietGame     3.19       68     0     A
565      224    184    32    34     184      40     40      1      3       2   A  QuietGame     3.27       67     1     B
566      244    204    34    36     204      40     40      4      3       0   B  QuietGame     3.30       67     0     B
570      197    157    36    36     197       0     38      0      2       2   A  Reduction     3.12       68     0     A
578      120     80    33    33     120       0     11      1      5      -5   B  Reduction     3.29       68     0     B
574      135     95    35    35     135       0     17      0      4       3   A  Reduction     3.27       67     0     A
575      135     95    15    15      95      40     40      0      2       1   B  QuietGame     3.18       67     1     A
573      188    148    33    33     148      40     40      1      2      -1   B  QuietGame     3.37       68     1     A
576      151    111    34    34     151       0     22      0      4       4   A  Reduction     3.24       68     0     A
579      138     98    27    29     138       0     23      1      9      -9   B  Reduction     3.25       68     1     A
580      146    106    27    30     106      40     40      0      2       0   B  QuietGame     3.12       68     0     B
577      207    167    32    32     207       0     29      0      6       6   A  Reduction     3.21       68     1     B
582      104     64    14    14      64      40     40      1      4      -4   B  QuietGame     3.13       68     0     B
581      160    120    31    32     160       0     18      1      6      -6   B  Reduction     3.19       68     1     A
586      118     78    21    22      78      40     40      3      2      -2   B  QuietGame     3.31       68     0     B
584      165    125    26    28     125      40     40      0      4       4   A  QuietGame     3.18       68     0     A
585      171    131    32    32     131      40     40      3      3      -2   B  QuietGame     3.38       68     1     A
583      213    173    33    33     173      40     40      6      2       1   B  QuietGame     3.21       68     1     A
588      167    127    33    34     127      40     40      7      2       0   B  QuietGame     3.37       68     0     B
589      186    146    26    27     146      40     40      1      9      -9   B  QuietGame     3.19       68     1     A
587      216    176    32    32     216       0     32      1      6      -6   B  Reduction     3.21       68     1     A
590      151    111    19    19     111      40     40      0      7       7   A  QuietGame     3.37       68     0     A
591      189    149    33    34     149      40     40      1      2       0   B  QuietGame     3.37       68     1     A
595      130     90    17    17      90      40     40      1      2      -1   B  QuietGame     3.15       67     1     A
592      196    156    33    34     156      40     40      2      3       2   A  QuietGame     3.31       68     0     A
593      191    151    35    35     151      40     40      1      2      -1   B  QuietGame     3.29       68     1     A
594      187    147    34    35     147      40     40      0      2       1   B  QuietGame     3.21       67     0     B
597      121     81    23    24      81      40     40      1      5      -4   B  QuietGame     3.16       68     1     A
596      137     97    33    33     137       0     17      0      5       5   A  Reduction     3.21       68     0     A
598      176    136    34    34     176       0     23      1      4      -4   B  Reduction     3.28       68     0     B
604      107     67    11    13      67      40     40      0      3       3   A  QuietGame     3.13       68     0     A
599      166    126    33    33     126      40     40      1      2      -1   B  QuietGame     3.21       68     1     A
605      126     86    35    36     126       0     10      5      2      -2   B  Reduction     3.21       68     1     A
601      172    132    35    35     172       0     17      1      3      -3   B  Reduction     3.30       67     1     A
600      183    143    31    31     143      40     40      0      5       5   A  QuietGame     3.42       67     0     A
602      184    144    30    30     144      40     40      1      6      -6   B  QuietGame     3.22       68     0     B
603      218    178    30    30     178      40     40      0      7       6   A  QuietGame     3.28       68     1     B
606      167    127    31    32     167       0     25      0      6       6   A  Reduction     3.29       66     0     A
607      148    108    25    27     108      40     40      1      3      -3   B  QuietGame     3.27       66     1     A
609      148    108    34    34     148       0     29      1      4      -4   B  Reduction     3.21       68     1     A
608      174    134    31    33     134      40     40      4      2       1   B  QuietGame     3.26       68     0     B
612      163    123    23    23     123      40     40      2      1       1   B  QuietGame     3.22       68     0     B
611      192    152    31    31     152      40     40      0      4       3   A  QuietGame     3.37       68     1     B
610      205    165    23    23     165      40     40      0      3       3   A  QuietGame     3.12       68     0     A
613      141    101    25    25     101      40     40      2      1       1   B  QuietGame     3.34       68     1     A
614      152    112    31    31     112      40     40      0      3       1   B  QuietGame     3.31       68     0     B
615      151    111    29    32     111      40     40      0      3       2   A  QuietGame     3.28       68     1     B
616      145    105    30    32     145       0     14      2      6       6   A  Reduction     3.22       67     0     A
618      115     75    27    29     115       0      9      0      9       9   A  Reduction     3.23       69     0     A
617      198    158    32    33     158      40     40      1      3      -3   B  QuietGame     3.22       67     1     A
619      153    113    20    21     113      40     40      2      2       1   B  QuietGame     3.28       69     1     A

games                620
mean plies           165.0   (movement 125.0)
mean captures        27.9
mean removals        28.6
mean dead tail       28.3   plies after the last capture or removal
mean longest quiet   34.9
mean lead changes    1.2   (335 of 620 games had any)
mean peak margin     3.8
mean final margin    3.2   (absolute)
ended by quiet game  439  (71%)
ended by reduction   179  (29%)
ended by immobilize  2  (0%)
won by A / B         305 / 315
mean depth           3.26   (over 42040 searched opening plies)
wall clock           5923.41 s

weight-set A wins    329 / 620  (53.1%)   [as P0: 162/310, as P1: 167/310]
weight-set B wins    291 / 620
quiet-game share     A-wins 70.8%   B-wins 70.8%   all 70.8%
95% threshold        wins >= 331 of 620 (one-sided): neither side significant
csv line appended to doc\bench\sweeps\2026-08-26-round2\confirm.csv

wins 329/620 (threshold 331), quiet 70.81% (limit 74.5%), captures 27.91 (floor 24.669)
REJECT: no significant strength gain.
sweep stage 'confirm' -> doc/bench/sweeps/2026-08-26-round2
>> ./cmake-build-release/latrunculi_game/latrunculi_bench.exe pairs=310 ms=500 seed=777001 threads=8 rows=8 columns=10 perside=20 csv=doc\bench\sweeps\2026-08-26-round2\confirm.csv wA.threat=0.25 wA.pair=0.02 wA.mobility=0.02 wA.centre=0.2 wA.vulnerableAxes=-0.03 wA.oneMoveCapturable=-0.9 wA.spearheadPairs=0.15 wA.diagonalSupport=0.084 wA.deniedSquares=0.04 wA.strikers=0.05 wA.notchExposure=-0.12 wB.threat=0.25 wB.pair=0.02 wB.mobility=0.02 wB.centre=0.2 wB.vulnerableAxes=-0.03 wB.oneMoveCapturable=-0.9 wB.spearheadPairs=0.15 wB.diagonalSupport=0.06 wB.deniedSquares=0.04 wB.strikers=0.05 wB.notchExposure=-0.12
Latrunculi bench: 310 mirrored A-vs-B pairs (620 games), 8x10, 20 per side, slide, convex payoff, komi 1.5, policy placement, 500 ms per searched ply, 8 threads
base seed: 777001  (pair p uses seed base+p; even game index = set A as P0)
XML: not saved   memory tracking level: 0

game   plies  moveP  capt  remv lastAct    tail  quiet   lead   peak  margin win  reason    depth    srchd  AasP  wSet
4         97     57    11    12      57      40     40      2      2       2   A  QuietGame     2.97       68     0     A
5        104     64    16    16      64      40     40      0      3       2   A  QuietGame     3.15       68     1     B
2        107     67    15    15      67      40     40      2      1       1   B  QuietGame     3.06       67     0     B
1        124     84    21    21      84      40     40      0      2       1   B  QuietGame     3.26       68     1     A
0        151    111    31    33     151       0     28      0      5       5   A  Reduction     3.01       68     0     A
3        166    126    34    35     166       0     28      3      3      -3   B  Reduction     3.18       67     1     A
7        176    136    24    24     136      40     40      2      3       2   A  QuietGame     3.16       68     1     B
6        182    142    31    31     142      40     40      1      3      -3   B  QuietGame     3.21       68     0     B
10       132     92    16    16      92      40     40      2      3       2   A  QuietGame     3.22       67     0     A
11       123     83    34    34     123       0     17      0      4       4   A  Reduction     3.19       67     1     B
8        153    113    27    28     153       0     37      0     10      10   A  Reduction     3.09       68     0     A
9        151    111    35    35     151       0     27      0      3       3   A  Reduction     3.29       68     1     B
13       107     67    11    12      67      40     40      0      4       4   A  QuietGame     3.25       68     1     B
15       108     68    12    13      68      40     40      0      3       1   B  QuietGame     3.12       68     1     A
12       166    126    32    33     166       0     23      3      5      -5   B  Reduction     3.26       68     0     B
14       180    140    32    32     140      40     40      1      4      -4   B  QuietGame     3.22       68     0     B
18       152    112    33    33     112      40     40      3      2      -1   B  QuietGame     3.32       68     0     B
17       168    128    33    33     168       0     30      1      5      -5   B  Reduction     3.25       68     1     A
20       148    108    33    33     148       0     19      1      5      -5   B  Reduction     3.19       67     0     B
22       116     76    15    18      76      40     40      0      3       0   B  QuietGame     3.03       68     0     B
16       228    188    34    34     188      40     40      4      2      -2   B  QuietGame     3.24       68     0     B
19       217    177    36    36     217       0     32      4      2       2   A  Reduction     3.21       68     1     B
21       194    154    36    36     154      40     40      2      2       0   B  QuietGame     3.19       67     1     A
23       154    114    18    18     114      40     40      1      2      -2   B  QuietGame     3.09       68     1     A
25       133     93    32    33     133       0     18      0      5       5   A  Reduction     3.07       68     1     B
24       146    106    33    33     106      40     40      2      4       3   A  QuietGame     3.19       68     0     A
26       141    101    21    23     101      40     40      0      7       7   A  QuietGame     3.18       68     0     A
30        99     59     9     9      59      40     40      0      3       3   A  QuietGame     3.03       67     0     A
28       118     78    14    15      78      40     40      1      2      -1   B  QuietGame     3.10       68     0     B
31        99     59    16    16      59      40     40      0      2       2   A  QuietGame     3.12       67     1     B
27       183    143    34    34     143      40     40      3      1       0   B  QuietGame     3.10       68     1     A
29       168    128    32    32     128      40     40      4      1       0   B  QuietGame     3.18       68     1     A
33       131     91    13    14      91      40     40      1      3      -2   B  QuietGame     3.28       68     1     A
32       150    110    36    36     150       0     23      3      2      -2   B  Reduction     3.34       68     0     B
34       139     99    33    33     139       0      9      0      5       5   A  Reduction     3.21       67     0     A
35       164    124    32    33     124      40     40      4      2       1   B  QuietGame     3.24       67     1     A
36       191    151    32    32     151      40     40      1      2       0   B  QuietGame     3.06       68     0     B
38       160    120    24    26     120      40     40      1      4      -4   B  QuietGame     3.13       68     0     B
42        97     57     4     4      57      40     40      0      2       2   A  QuietGame     2.67       67     0     A
41       108     68    19    20      68      40     40      0      3       2   A  QuietGame     2.91       67     1     B
40       127     87    21    21      87      40     40      1      3      -1   B  QuietGame     3.27       67     0     B
39       178    138    30    31     138      40     40      0      2       1   B  QuietGame     3.13       68     1     A
37       211    171    33    33     171      40     40      1      2      -1   B  QuietGame     3.13       68     1     A
47        88     48     5     5      48      40     40      0      2       1   B  QuietGame     2.56       68     1     A
44       123     83    14    14      83      40     40      0      4       4   A  QuietGame     2.40       68     0     A
45       140    100    20    22     100      40     40      0      7       6   A  QuietGame     2.37       68     1     B
43       180    140    26    27     140      40     40      0      8       7   A  QuietGame     2.84       67     1     B
46       146    106    35    35     146       0     18      1      3      -3   B  Reduction     2.50       68     0     B
49       153    113    32    33     153       0     26      0      5       5   A  Reduction     2.91       68     1     B
50       159    119    33    34     159       0     20      0      4       4   A  Reduction     2.93       68     0     A
48       191    151    32    33     191       0     38      0      5       5   A  Reduction     2.94       68     0     A
52       142    102    30    30     142       0     29      1      8      -8   B  Reduction     3.13       68     0     B
54       135     95    25    25      95      40     40      0      3       3   A  QuietGame     3.18       68     0     A
53       169    129    33    33     129      40     40      1      2      -1   B  QuietGame     3.10       68     1     A
56       127     87    20    23      87      40     40      0      3       3   A  QuietGame     3.19       68     0     A
55       185    145    35    35     185       0     29      4      3       3   A  Reduction     3.18       68     1     B
57       141    101    33    33     141       0     16      0      5       5   A  Reduction     3.09       68     1     B
51       257    217    35    36     217      40     40      3      2       0   B  QuietGame     3.07       68     1     A
58       161    121    30    32     121      40     40      5      3      -2   B  QuietGame     3.25       68     0     B
63       101     61    15    15      61      40     40      0      1       1   B  QuietGame     3.01       68     1     A
59       180    140    32    33     180       0     29      1      5      -5   B  Reduction     3.10       68     1     A
64       153    113    28    30     113      40     40      0      4       4   A  QuietGame     3.15       67     0     A
65       143    103    28    29     103      40     40      0      5       5   A  QuietGame     3.03       67     1     B
62       181    141    30    30     141      40     40      0      3       2   A  QuietGame     3.19       68     0     A
60       221    181    32    34     181      40     40      1      3      -2   B  QuietGame     3.21       68     0     B
61       211    171    35    35     171      40     40      7      2      -1   B  QuietGame     3.22       68     1     A
66       166    126    35    35     126      40     40      5      1      -1   B  QuietGame     3.13       68     0     B
67       119     79    34    35     119       0     15      0      3       3   A  Reduction     3.28       68     1     B
68       123     83    35    35     123       0     18      0      3       3   A  Reduction     3.19       68     0     A
71       114     74    19    20      74      40     40      0      2       0   B  QuietGame     3.10       68     1     A
72       136     96    34    34     136       0     11      1      4      -4   B  Reduction     3.27       67     0     B
70       149    109    21    21     109      40     40      2      2       1   B  QuietGame     3.22       68     0     B
74       133     93    34    36     133       0     12      0      2       2   A  Reduction     3.19       68     0     A
69       189    149    34    35     189       0     23      4      3       3   A  Reduction     3.19       68     1     B
75       181    141    28    30     141      40     40      0      6       6   A  QuietGame     2.99       68     1     B
73       234    194    31    31     194      40     40      2      6       5   A  QuietGame     3.31       67     1     B
76       227    187    35    35     187      40     40      4      2       1   B  QuietGame     3.22       68     0     B
79       154    114    29    31     114      40     40      0      6       5   A  QuietGame     3.06       68     1     B
80       140    100    31    31     100      40     40      1      3      -3   B  QuietGame     3.40       68     0     B
78       173    133    34    34     173       0     21      0      4       4   A  Reduction     3.16       68     0     A
77       208    168    32    32     168      40     40      3      4      -4   B  QuietGame     3.22       68     1     A
81       178    138    33    34     138      40     40      0      3       2   A  QuietGame     3.28       68     1     B
82       158    118    27    27     118      40     40      4      2       1   B  QuietGame     3.37       68     0     B
88       125     85    15    16      85      40     40      0      6       6   A  QuietGame     3.13       69     0     A
85       154    114    23    23     114      40     40      0      6       5   A  QuietGame     3.15       67     1     B
83       200    160    34    34     160      40     40      2      2       0   B  QuietGame     3.28       68     1     A
86       176    136    33    33     136      40     40      0      4       3   A  QuietGame     3.29       68     0     A
84       206    166    33    34     166      40     40      0      3       2   A  QuietGame     3.24       67     0     A
89       141    101    34    35     141       0     22      0      3       3   A  Reduction     3.29       69     1     B
87       199    159    35    36     159      40     40      1      3       0   B  QuietGame     3.15       68     1     A
92       119     79    20    20      79      40     40      0      2       2   A  QuietGame     3.16       68     0     A
91       142    102    12    13     102      40     40      0      3       1   B  QuietGame     3.27       67     1     A
93       153    113    30    30     113      40     40      0      6       6   A  QuietGame     3.28       68     1     B
90       236    196    32    33     196      40     40      2      5       3   A  QuietGame     3.06       67     0     A
94       154    114    31    32     154       0     17      1      6      -6   B  Reduction     3.13       69     0     B
95       152    112    25    25     112      40     40      0      5       3   A  QuietGame     3.20       69     1     B
97       201    161    33    34     161      40     40      1      2       0   B  QuietGame     3.12       67     1     A
98       162    122    33    33     122      40     40      1      3      -3   B  QuietGame     3.27       67     0     B
99       149    109    32    33     149       0     18      0      5       5   A  Reduction     3.19       67     1     B
96       233    193    36    36     193      40     40      1      3       0   B  QuietGame     3.31       67     0     B
102      121     81    21    22      81      40     40      1      2       0   B  QuietGame     3.19       68     0     B
101      167    127    34    34     127      40     40      1      3      -2   B  QuietGame     3.38       68     1     A
100      184    144    35    35     184       0     21      7      3      -3   B  Reduction     3.31       68     0     B
103      209    169    35    35     169      40     40      1      2      -1   B  QuietGame     3.18       68     1     A
106      144    104    14    14     104      40     40      3      2      -2   B  QuietGame     3.03       68     0     B
107      161    121    32    32     121      40     40      0      4       4   A  QuietGame     3.28       68     1     B
105      175    135    31    31     175       0     21      0      7       7   A  Reduction     3.24       68     1     B
104      194    154    32    32     154      40     40      0      5       4   A  QuietGame     3.16       68     0     A
108      198    158    33    35     158      40     40      4      2       1   B  QuietGame     3.21       68     0     B
109      159    119    32    32     119      40     40      2      2       2   A  QuietGame     3.16       68     1     B
110      190    150    31    32     150      40     40      2      5       4   A  QuietGame     3.24       67     0     A
115      106     66    13    13      66      40     40      1      3      -3   B  QuietGame     3.01       68     1     A
111      182    142    36    36     182       0     30      5      2      -2   B  Reduction     3.19       67     1     A
114      159    119    33    34     159       0     25      0      4       4   A  Reduction     3.00       68     0     A
112      197    157    32    32     157      40     40      0      4       4   A  QuietGame     3.25       68     0     A
116      133     93    24    27     133       0     17      0     11      11   A  Reduction     2.97       68     0     A
118      115     75    17    18      75      40     40      0      3       2   A  QuietGame     3.10       69     0     A
117      177    137    29    30     137      40     40      2      6       6   A  QuietGame     3.18       68     1     B
113      233    193    30    31     193      40     40      2      5       5   A  QuietGame     3.22       68     1     B
119      179    139    31    32     139      40     40      0      4       4   A  QuietGame     3.12       69     1     B
120      180    140    35    35     140      40     40      7      1      -1   B  QuietGame     3.21       68     0     B
121      169    129    20    20     129      40     40      5      1       0   B  QuietGame     3.18       68     1     A
123      165    125    31    32     165       0     25      0      6       6   A  Reduction     3.19       68     1     B
125      137     97    29    30     137       0     15      0      8       8   A  Reduction     3.06       68     1     B
122      226    186    31    31     186      40     40      0      6       5   A  QuietGame     3.12       68     0     A
126      170    130    29    29     170       0     27      1      9      -9   B  Reduction     3.15       67     0     B
128      122     82    20    21      82      40     40      1      3      -3   B  QuietGame     3.14       66     0     B
129      122     82    13    13      82      40     40      0      2       1   B  QuietGame     3.17       66     1     A
124      248    208    34    34     208      40     40      1      2      -2   B  QuietGame     3.25       68     0     B
130      131     91    18    20      91      40     40      0      2       2   A  QuietGame     3.15       68     0     A
127      186    146    31    31     146      40     40      1      5      -5   B  QuietGame     3.24       67     1     A
131      131     91    19    20      91      40     40      0      4       4   A  QuietGame     2.85       68     1     B
134      154    114    31    33     114      40     40      0      3       1   B  QuietGame     3.03       68     0     B
132      195    155    30    31     155      40     40      0      5       5   A  QuietGame     2.90       68     0     A
136      151    111    25    26     111      40     40      0      6       6   A  QuietGame     3.19       68     0     A
133      216    176    33    34     216       0     21      1      5      -4   B  Reduction     2.96       68     1     A
139      145    105    32    32     145       0     16      0      6       6   A  Reduction     3.13       69     1     B
137      167    127    34    34     167       0     27      0      4       4   A  Reduction     3.19       68     1     B
138      165    125    30    32     165       0     17      0      6       6   A  Reduction     3.09       69     0     A
135      263    223    34    35     223      40     40      3      2      -1   B  QuietGame     3.00       68     1     A
146      122     82    33    34     122       0     11      1      4      -4   B  Reduction     3.19       67     0     B
143      166    126    29    30     126      40     40      1      2      -2   B  QuietGame     3.09       67     1     A
140      204    164    35    35     164      40     40      4      2       1   B  QuietGame     3.24       68     0     B
145      168    128    33    36     168       0     17      3      2      -2   B  Reduction     3.15       68     1     A
144      174    134    27    30     134      40     40      3      4      -4   B  QuietGame     3.04       68     0     B
141      222    182    31    32     182      40     40      0      5       4   A  QuietGame     3.12       68     1     B
142      217    177    33    34     177      40     40      1      3      -2   B  QuietGame     3.07       67     0     B
147      143    103    24    25     103      40     40      0      5       5   A  QuietGame     3.16       67     1     B
148      141    101    16    17     101      40     40      2      5       5   A  QuietGame     3.07       68     0     A
150      118     78    15    15      78      40     40      1      1      -1   B  QuietGame     3.26       68     0     B
149      133     93    24    26      93      40     40      5      1       0   B  QuietGame     3.21       68     1     A
152      127     87    28    29     127       0     21      0      9       9   A  Reduction     3.12       67     0     A
153      120     80    13    14      80      40     40      0      5       4   A  QuietGame     3.04       67     1     B
155      113     73    14    15      73      40     40      0      2       1   B  QuietGame     3.03       67     1     A
151      169    129    32    33     129      40     40      5      4      -3   B  QuietGame     3.15       68     1     A
154      172    132    35    35     172       0     24      1      3      -3   B  Reduction     3.22       67     0     B
159      123     83    11    12      83      40     40      1      1       0   B  QuietGame     3.01       68     1     A
156      169    129    30    33     129      40     40      5      4      -3   B  QuietGame     3.01       68     0     B
160      136     96    26    26      96      40     40      2      1       0   B  QuietGame     3.25       68     0     B
157      199    159    34    35     199       0     32      2      3       3   A  Reduction     3.13       68     1     B
158      199    159    34    35     159      40     40      1      2      -1   B  QuietGame     3.24       68     0     B
161      168    128    33    34     128      40     40      0      3       0   B  QuietGame     3.13       68     1     A
163      135     95    32    33     135       0     14      2      5       5   A  Reduction     3.19       67     1     B
162      193    153    32    32     193       0     38      0      6       6   A  Reduction     3.15       67     0     A
164      124     84    17    18      84      40     40      2      2       0   B  QuietGame     3.10       68     0     B
166      158    118    32    32     158       0     22      1      6      -6   B  Reduction     3.30       69     0     B
165      185    145    31    32     145      40     40      2      4       4   A  QuietGame     3.18       68     1     B
167      166    126    29    32     126      40     40      0      4       2   A  QuietGame     3.25       69     1     B
171      143    103    18    18     103      40     40      0      4       4   A  QuietGame     3.28       68     1     B
172      144    104    34    35     144       0      9      3      3      -3   B  Reduction     3.22       67     0     B
170      192    152    33    33     152      40     40      0      4       3   A  QuietGame     3.25       68     0     A
168      208    168    30    31     168      40     40      0      6       5   A  QuietGame     3.32       68     0     A
169      219    179    31    32     179      40     40      4      4       4   A  QuietGame     3.26       68     1     B
173      152    112    19    21     112      40     40      0      5       3   A  QuietGame     3.06       67     1     B
174      133     93    27    27      93      40     40      2      2       1   B  QuietGame     3.25       68     0     B
175      111     71    14    17      71      40     40      0      3       3   A  QuietGame     2.99       68     1     B
177       94     54    10    11      54      40     40      1      2      -1   B  QuietGame     2.51       67     1     A
179       85     45     3     3      45      40     40      0      1       1   B  QuietGame     2.56       68     1     A
176      109     69    16    16      69      40     40      1      2       0   B  QuietGame     2.91       67     0     B
181      104     64     8     8      64      40     40      1      2      -2   B  QuietGame     2.29       68     1     A
182      108     68    15    16      68      40     40      3      2      -2   B  QuietGame     2.91       68     0     B
178      151    111    14    14     111      40     40      0      2       2   A  QuietGame     2.46       68     0     A
180      166    126    23    25     126      40     40      0      2       1   B  QuietGame     2.43       68     0     B
185      127     87    12    14      87      40     40      1      2       0   B  QuietGame     2.38       69     1     A
186      133     93    13    14      93      40     40      2      2       2   A  QuietGame     2.38       68     0     A
184      139     99    15    15      99      40     40      2      5       5   A  QuietGame     2.13       69     0     A
189      103     63    11    11      63      40     40      0      1       1   B  QuietGame     2.53       68     1     A
187      127     87    22    23      87      40     40      1      4      -3   B  QuietGame     2.90       68     1     A
188      124     84    16    17      84      40     40      0      4       3   A  QuietGame     2.87       68     0     A
190      100     60    12    14      60      40     40      2      2       0   B  QuietGame     2.61       67     0     B
183      215    175    29    29     175      40     40      0      4       3   A  QuietGame     2.15       68     1     B
192       90     50     6     6      50      40     40      0      1       0   B  QuietGame     2.63       68     0     B
191      121     81    17    19      81      40     40      2      3       3   A  QuietGame     2.79       67     1     B
193      112     72    17    17      72      40     40      1      2      -1   B  QuietGame     2.53       68     1     A
199       93     53    10    10      53      40     40      1      1       0   B  QuietGame     2.43       69     1     A
197      113     73     8     8      73      40     40      0      2       2   A  QuietGame     2.44       68     1     B
194      132     92    11    12      92      40     40      2      2       0   B  QuietGame     2.24       68     0     B
195      126     86    20    20      86      40     40      2      2       0   B  QuietGame     2.93       68     1     A
200       97     57    12    15      57      40     40      0      2       1   B  QuietGame     2.56       68     0     B
201      111     71    19    20      71      40     40      3      5      -4   B  QuietGame     2.26       68     1     A
196      174    134    33    33     174       0     33      1      5      -5   B  Reduction     3.12       68     0     B
198      169    129    19    19     129      40     40      2      1       1   B  QuietGame     2.16       69     0     B
205      119     79    15    15      79      40     40      0      5       5   A  QuietGame     2.66       68     1     B
206      120     80    14    16      80      40     40      1      3      -2   B  QuietGame     2.77       69     0     B
207      111     71    15    16      71      40     40      0      2       2   A  QuietGame     2.35       69     1     B
209      119     79    17    17      79      40     40      2      1       1   B  QuietGame     2.64       67     1     A
202      199    159    20    20     159      40     40      3      3      -2   B  QuietGame     2.69       68     0     B
203      200    160    29    31     160      40     40      8      2       1   B  QuietGame     2.76       68     1     A
208      153    113    27    28     113      40     40      4      2       2   A  QuietGame     2.91       67     0     A
210      100     60    13    14      60      40     40      0      3       2   A  QuietGame     2.81       68     0     A
204      232    192    15    15     192      40     40      0      4       1   B  QuietGame     2.07       68     0     B
212      100     60     9     9      60      40     40      0      2       1   B  QuietGame     2.28       67     0     B
211      173    133    25    27     133      40     40      0      9       9   A  QuietGame     2.78       68     1     B
215      117     77    21    21      77      40     40      0      3       3   A  QuietGame     2.85       68     1     B
214      174    134    33    33     134      40     40      1      3      -3   B  QuietGame     2.91       68     0     B
213      197    157    35    35     197       0     32      0      3       3   A  Reduction     2.49       67     1     B
219      152    112    28    29     112      40     40      2      6       5   A  QuietGame     2.93       67     1     B
221      106     66    10    10      66      40     40      1      2      -2   B  QuietGame     3.01       68     1     A
218      174    134    30    31     134      40     40      2      3       1   B  QuietGame     2.69       67     0     B
216      232    192    34    34     192      40     40      1      2      -2   B  QuietGame     3.00       67     0     B
217      254    214    35    35     214      40     40      4      2       1   B  QuietGame     2.78       67     1     A
222      130     90    24    24      90      40     40      1      4      -4   B  QuietGame     3.24       68     0     B
220      188    148    31    31     188       0     24      1      7      -7   B  Reduction     3.12       68     0     B
223      130     90    34    34     130       0     23      1      4      -4   B  Reduction     3.25       68     1     A
224      173    133    31    32     133      40     40      0      4       4   A  QuietGame     3.13       67     0     A
227      158    118    34    34     158       0     31      3      4      -4   B  Reduction     3.41       68     1     A
226      176    136    32    32     136      40     40      1      4      -4   B  QuietGame     3.16       68     0     B
229      141    101    31    32     141       0     14      0      6       6   A  Reduction     3.22       68     1     B
228      168    128    29    29     128      40     40      0      6       5   A  QuietGame     3.38       68     0     A
225      219    179    32    33     179      40     40      1      4      -3   B  QuietGame     3.10       67     1     A
230      192    152    36    36     192       0     24      1      2      -2   B  Reduction     3.30       67     0     B
231      181    141    35    35     181       0     21      0      3       3   A  Reduction     3.18       67     1     B
232      129     89    29    30     129       0     13      0      8       8   A  Reduction     3.15       68     0     A
233      148    108    23    24     108      40     40      0      5       4   A  QuietGame     3.10       68     1     B
234      150    110    26    29     110      40     40      0      6       5   A  QuietGame     3.16       67     0     A
237      164    124    30    31     124      40     40      1      5      -5   B  QuietGame     3.26       68     1     A
236      173    133    36    36     173       0     26      2      2       2   A  Reduction     3.29       68     0     A
235      188    148    33    34     148      40     40      0      3       2   A  QuietGame     3.30       67     1     B
239      129     89    32    32     129       0     17      0      6       6   A  Reduction     3.15       68     1     B
240      126     86    12    12      86      40     40      0      3       2   A  QuietGame     3.17       69     0     A
238      194    154    34    34     154      40     40      4      2       0   B  QuietGame     3.13       68     0     B
242      144    104    34    35     144       0     15      3      3      -3   B  Reduction     3.15       68     0     B
243       93     53     6     7      53      40     40      0      2       1   B  QuietGame     2.91       68     1     A
241      165    125    33    33     125      40     40      2      3       3   A  QuietGame     3.16       69     1     B
244      160    120    12    12     120      40     40      1      2      -2   B  QuietGame     3.09       68     0     B
245      159    119    30    30     159       0     31      0      8       8   A  Reduction     3.24       68     1     B
247      154    114    30    32     114      40     40      0      4      -4   B  QuietGame     3.25       68     1     A
246      199    159    32    32     159      40     40      0      4       4   A  QuietGame     3.10       68     0     A
250      151    111    22    22     111      40     40      0      6       6   A  QuietGame     3.24       67     0     A
251      194    154    36    36     154      40     40      2      2       0   B  QuietGame     3.28       67     1     A
248      225    185    27    27     185      40     40      0      9       9   A  QuietGame     3.16       68     0     A
249      228    188    33    34     188      40     40      3      2      -2   B  QuietGame     3.24       68     1     A
252      157    117    32    32     157       0     33      0      6       6   A  Reduction     3.29       68     0     A
254      148    108    32    33     108      40     40      0      2       1   B  QuietGame     3.10       67     0     B
253      183    143    34    34     143      40     40      0      2       2   A  QuietGame     3.24       68     1     B
256      171    131    25    26     131      40     40      0      6       6   A  QuietGame     3.09       68     0     A
255      186    146    35    35     146      40     40      2      2       1   B  QuietGame     3.33       67     1     A
261      140    100    28    30     100      40     40      2      3       2   A  QuietGame     3.22       67     1     B
258      151    111    34    34     111      40     40      0      3       2   A  QuietGame     3.32       68     0     A
259      155    115    31    31     155       0     14      0      7       7   A  Reduction     3.19       68     1     B
257      186    146    35    35     146      40     40      0      2       1   B  QuietGame     3.29       68     1     A
260      175    135    35    35     175       0     24      0      3       3   A  Reduction     3.31       67     0     A
263      102     62    13    14      62      40     40      2      1       0   B  QuietGame     3.00       68     1     A
262      159    119    32    34     159       0     21      2      4       4   A  Reduction     3.31       68     0     A
264      123     83    30    32     123       0     13      0      6       6   A  Reduction     3.31       68     0     A
265      105     65    15    15      65      40     40      0      3       3   A  QuietGame     3.06       68     1     B
271      108     68    17    19      68      40     40      0      2       1   B  QuietGame     3.01       68     1     A
267      156    116    31    32     116      40     40      1      4      -4   B  QuietGame     3.10       67     1     A
272      109     69    12    12      69      40     40      3      1       0   B  QuietGame     3.19       68     0     B
266      181    141    31    31     141      40     40      1      6      -5   B  QuietGame     3.21       67     0     B
270      145    105    18    19     105      40     40      2      2       1   B  QuietGame     3.18       68     0     B
268      179    139    29    30     179       0     28      0      8       8   A  Reduction     3.28       68     0     A
269      179    139    30    31     139      40     40      0      4       3   A  QuietGame     3.19       68     1     B
273      178    138    36    36     178       0     35      1      2      -2   B  Reduction     3.29       68     1     A
278      164    124    35    35     164       0     17      3      3      -3   B  Reduction     3.18       67     0     B
277      168    128    33    34     128      40     40      4      2       0   B  QuietGame     3.22       68     1     A
274      197    157    34    34     157      40     40      5      2       0   B  QuietGame     3.29       68     0     B
280      147    107    28    30     107      40     40      0      6       6   A  QuietGame     3.25       68     0     A
276      203    163    31    31     163      40     40      0      5       5   A  QuietGame     3.22       68     0     A
275      218    178    34    35     178      40     40      0      3       1   B  QuietGame     3.18       68     1     A
281      128     88    10    10      88      40     40      0      1       0   B  QuietGame     3.19       68     1     A
279      217    177    32    35     177      40     40      2      3       1   B  QuietGame     3.12       67     1     A
283       94     54    11    11      54      40     40      0      2       1   B  QuietGame     2.97       69     1     A
282      149    109    35    35     149       0     15      2      3       3   A  Reduction     3.19       69     0     A
284      152    112    22    23     112      40     40      0      2       1   B  QuietGame     3.12       67     0     B
287      131     91    16    17      91      40     40      0      2       1   B  QuietGame     2.96       68     1     A
289      111     71    13    15      71      40     40      0      3       3   A  QuietGame     3.10       68     1     B
285      185    145    29    31     145      40     40      0      5       5   A  QuietGame     3.00       67     1     B
286      197    157    32    33     197       0     26      0      5       5   A  Reduction     3.22       68     0     A
290      142    102    25    26     102      40     40      1      4      -4   B  QuietGame     3.21       67     0     B
288      208    168    34    34     168      40     40      0      3       2   A  QuietGame     3.16       68     0     A
294       94     54    10    11      54      40     40      1      2      -1   B  QuietGame     2.96       68     0     B
293      148    108    29    30     108      40     40      0      7       6   A  QuietGame     3.18       68     1     B
292      189    149    18    19     149      40     40      0      4       3   A  QuietGame     3.10       68     0     A
295      158    118    32    33     118      40     40      0      4       3   A  QuietGame     3.24       68     1     B
299      101     61     9     9      61      40     40      0      3       3   A  QuietGame     3.07       67     1     B
291      251    211    32    33     211      40     40      4      3       3   A  QuietGame     3.31       67     1     B
296      193    153    33    35     193       0     37      0      3       3   A  Reduction     3.07       67     0     A
297      197    157    30    32     197       0     23      0      6       6   A  Reduction     2.96       67     1     B
298      173    133    32    33     133      40     40      2      3       3   A  QuietGame     3.19       67     0     A
300      139     99    31    32     139       0     29      0      6       6   A  Reduction     3.09       67     0     A
301      165    125    29    32     165       0     24      0      6       6   A  Reduction     3.15       67     1     B
302      164    124    34    34     124      40     40      6      2       0   B  QuietGame     3.31       67     0     B
307      110     70    12    12      70      40     40      1      2      -2   B  QuietGame     3.10       68     1     A
303      195    155    33    33     195       0     37      2      5       5   A  Reduction     3.30       67     1     B
304      161    121    35    36     161       0     18      4      2       2   A  Reduction     3.28       68     0     A
305      164    124    24    24     124      40     40      1      2      -2   B  QuietGame     3.29       68     1     A
306      187    147    33    33     147      40     40      4      3       3   A  QuietGame     3.19       68     0     A
308      203    163    32    34     203       0     30      0      4       4   A  Reduction     3.34       67     0     A
311      133     93    19    22      93      40     40      2      3       2   A  QuietGame     3.19       68     1     B
310      161    121    29    32     161       0     33      0      6       6   A  Reduction     3.13       68     0     A
309      165    125    33    34     125      40     40      3      2       0   B  QuietGame     3.31       67     1     A
314      102     62    11    11      62      40     40      0      1      -1   B  QuietGame     3.07       68     0     B
313      164    124    28    29     124      40     40      1      7      -7   B  QuietGame     3.32       69     1     A
312      195    155    27    28     155      40     40      0      8       8   A  QuietGame     3.33       69     0     A
318      100     60    12    13      60      40     40      1      2      -1   B  QuietGame     3.03       68     0     B
316      133     93    32    33     133       0      9      0      5       5   A  Reduction     3.15       68     0     A
315      185    145    34    35     185       0     38      0      3       3   A  Reduction     3.12       68     1     B
317      133     93    32    33     133       0      9      0      5       5   A  Reduction     3.16       68     1     B
319      201    161    33    33     161      40     40      6      2       1   B  QuietGame     3.31       68     1     A
320      201    161    31    33     161      40     40      1      4      -3   B  QuietGame     3.06       68     0     B
321      170    130    36    36     170       0     26      5      2      -2   B  Reduction     3.18       68     1     A
323      132     92    14    16      92      40     40      0      2       0   B  QuietGame     3.19       67     1     A
326      111     71    16    16      71      40     40      0      2       2   A  QuietGame     3.01       67     0     A
325      153    113    31    31     153       0     12      0      7       7   A  Immobilize     3.29       68     1     B
324      202    162    32    33     162      40     40      1      3      -3   B  QuietGame     3.25       68     0     B
322      222    182    32    32     182      40     40      4      2       0   B  QuietGame     3.13       67     0     B
327      173    133    34    34     173       0     19      0      4       4   A  Reduction     3.25       67     1     B
328      175    135    30    31     175       0     25      0      7       7   A  Reduction     3.22       68     0     A
330      178    138    35    35     138      40     40      0      2       1   B  QuietGame     3.24       68     0     B
329      183    143    29    31     143      40     40      0      5       5   A  QuietGame     3.16       68     1     B
331      185    145    34    34     145      40     40      0      3       2   A  QuietGame     3.35       68     1     B
332      149    109    31    33     109      40     40      2      2       1   B  QuietGame     3.32       68     0     B
333      130     90    14    14      90      40     40      1      4      -4   B  QuietGame     3.12       68     1     A
335      147    107    31    33     147       0     19      0      5       5   A  Reduction     3.12       68     1     B
334      226    186    31    31     186      40     40      2      6       5   A  QuietGame     3.13       68     0     A
340      150    110    34    35     150       0     22      1      4      -3   B  Reduction     3.15       67     0     B
337      178    138    32    34     138      40     40      4      2       0   B  QuietGame     3.15       68     1     A
341      150    110    34    35     150       0     22      1      4      -3   B  Reduction     3.13       67     1     A
339      163    123    35    35     123      40     40      3      2      -1   B  QuietGame     3.31       68     1     A
338      187    147    31    31     147      40     40      0      5       5   A  QuietGame     3.13       68     0     A
336      288    248    33    34     248      40     40      4      3       2   A  QuietGame     3.18       68     0     A
342      191    151    34    35     191       0     21      0      3       3   A  Reduction     3.38       68     0     A
347      158    118    27    28     118      40     40      1      6      -6   B  QuietGame     3.22       68     1     A
346      164    124    31    32     124      40     40      4      2       0   B  QuietGame     3.28       68     0     B
343      208    168    29    30     168      40     40      0      5       4   A  QuietGame     3.16       68     1     B
345      178    138    32    32     178       0     39      1      6      -6   B  Reduction     3.28       68     1     A
348      211    171    30    30     171      40     40      0      4       4   A  QuietGame     3.21       67     0     A
344      229    189    36    36     189      40     40      5      2       0   B  QuietGame     3.25       68     0     B
350      121     81    31    32     121       0     10      0      6       6   A  Reduction     3.15       68     0     A
351       97     57    14    14      57      40     40      1      1       0   B  QuietGame     3.04       68     1     A
349      168    128    27    27     128      40     40      0      4       3   A  QuietGame     3.12       67     1     B
354      114     74    16    17      74      40     40      0      4       3   A  QuietGame     3.04       68     0     A
355      110     70     8     9      70      40     40      2      2       1   B  QuietGame     3.03       68     1     A
358      119     79    32    33     119       0     15      0      5       5   A  Reduction     3.24       68     0     A
357      144    104    15    15     104      40     40      1      1      -1   B  QuietGame     3.15       68     1     A
353      217    177    30    31     177      40     40      6      5       5   A  QuietGame     3.12       68     1     B
356      175    135    27    31     135      40     40      0      4       1   B  QuietGame     3.04       68     0     B
352      239    199    36    36     199      40     40      5      2       0   B  QuietGame     3.21       68     0     B
359      166    126    32    34     166       0     24      1      4      -4   B  Reduction     3.10       68     1     A
360      175    135    32    34     135      40     40      2      2       2   A  QuietGame     3.28       68     0     A
363       96     56    10    12      56      40     40      1      2      -2   B  QuietGame     3.06       67     1     A
361      171    131    27    30     171       0     32      0      8       8   A  Reduction     3.21       68     1     B
362      166    126    36    36     166       0     18      3      2      -2   B  Reduction     3.25       67     0     B
364      162    122    32    33     122      40     40      0      5       3   A  QuietGame     3.07       67     0     A
368      100     60    14    14      60      40     40      0      1       0   B  QuietGame     3.13       68     0     B
366      167    127    33    34     167       0     30      2      4       4   A  Reduction     3.24       68     0     A
365      188    148    29    30     148      40     40      0      2       0   B  QuietGame     3.19       67     1     A
369      143    103    32    32     143       0     33      0      6       6   A  Reduction     3.31       68     1     B
371      111     71    17    18      71      40     40      0      3       2   A  QuietGame     3.25       68     1     B
370      168    128    32    32     128      40     40      0      3       2   A  QuietGame     3.31       68     0     A
367      245    205    31    32     205      40     40      0      4       4   A  QuietGame     3.19       68     1     B
373      162    122    34    34     122      40     40      0      3       2   A  QuietGame     3.19       68     1     B
374      151    111    33    33     151       0     25      2      5       5   A  Reduction     3.31       68     0     A
372      186    146    30    33     146      40     40      5      3      -3   B  QuietGame     3.10       68     0     B
375      165    125    28    29     165       0     27      0      9       9   A  Reduction     3.18       68     1     B
379       89     49     6     6      49      40     40      0      1       0   B  QuietGame     3.24       68     1     A
380      106     66    13    15      66      40     40      2      2       1   B  QuietGame     3.12       67     0     B
376      198    158    33    33     198       0     25      1      5      -5   B  Reduction     3.18       68     0     B
377      200    160    30    32     160      40     40      1      4      -4   B  QuietGame     3.13       68     1     A
378      168    128    34    34     128      40     40      1      3      -2   B  QuietGame     3.24       68     0     B
381      143    103    33    34     143       0     28      0      4       4   A  Reduction     3.24       67     1     B
382      141    101    30    31     101      40     40      0      5       5   A  QuietGame     3.35       68     0     A
383      188    148    34    34     148      40     40      0      3       2   A  QuietGame     3.37       68     1     B
384      181    141    34    34     141      40     40      4      2       2   A  QuietGame     3.12       68     0     A
386      143    103    28    30     143       0     15      0      8       8   A  Reduction     3.12       68     0     A
388      132     92    15    16      92      40     40      1      2      -2   B  QuietGame     3.16       68     0     B
385      160    120    26    27     120      40     40      1      5      -5   B  QuietGame     3.18       68     1     A
389      119     79    16    17      79      40     40      1      2      -1   B  QuietGame     3.10       68     1     A
387      201    161    34    35     161      40     40      1      3      -1   B  QuietGame     3.22       68     1     A
391      133     93    33    33     133       0     12      0      5       5   A  Reduction     3.25       68     1     B
392      145    105    30    30     105      40     40      0      6       6   A  QuietGame     3.31       68     0     A
395      139     99    33    33     139       0     35      0      5       5   A  Reduction     3.29       68     1     B
390      248    208    32    32     208      40     40      3      4      -4   B  QuietGame     3.22       68     0     B
393      188    148    26    27     148      40     40      0      6       5   A  QuietGame     3.07       68     1     B
394      182    142    31    31     142      40     40      2      4       3   A  QuietGame     3.19       68     0     A
396      188    148    35    35     148      40     40      1      3      -1   B  QuietGame     3.26       68     0     B
399       95     55    11    12      55      40     40      0      2       2   A  QuietGame     3.07       68     1     B
397      153    113    25    26     113      40     40      0      2       2   A  QuietGame     3.29       68     1     B
402      120     80    20    21      80      40     40      0      2       1   B  QuietGame     3.27       67     0     B
400      158    118    27    28     118      40     40      0      7       6   A  QuietGame     3.25       68     0     A
404      112     72    14    15      72      40     40      0      2       1   B  QuietGame     3.22       68     0     B
403      139     99    33    34     139       0     22      0      4       4   A  Reduction     3.34       67     1     B
401      154    114    21    22     114      40     40      4      2       0   B  QuietGame     3.32       68     1     A
406      139     99    35    36     139       0     30      0      2       2   A  Reduction     3.21       67     0     A
407      100     60    15    17      60      40     40      0      3       1   B  QuietGame     2.94       67     1     A
405      186    146    33    33     146      40     40      0      4       3   A  QuietGame     3.35       68     1     B
409      107     67    14    17      67      40     40      0      2       1   B  QuietGame     3.10       68     1     A
398      301    261    35    35     261      40     40      2      2       1   B  QuietGame     3.18       68     0     B
411      157    117    34    34     157       0     18      0      4       4   A  Reduction     3.25       68     1     B
410      169    129    30    30     129      40     40      3      1       0   B  QuietGame     3.32       68     0     B
408      213    173    30    30     173      40     40      0      6       6   A  QuietGame     3.31       68     0     A
412      185    145    30    30     145      40     40      0      6       6   A  QuietGame     3.30       67     0     A
413      187    147    32    33     187       0     39      0      5       5   A  Reduction     3.36       67     1     B
415      182    142    31    32     142      40     40      0      5       4   A  QuietGame     3.26       68     1     B
418      126     86    30    31     126       0     10      1      7      -7   B  Reduction     3.19       68     0     B
416      204    164    36    36     164      40     40      4      1       0   B  QuietGame     3.17       69     0     B
414      224    184    29    31     184      40     40      0      6       5   A  QuietGame     3.06       68     0     A
417      197    157    37    37     197       0     37      0      3       1   A  Reduction     3.25       69     1     B
421      111     71    29    31     111       0      7      0      7       7   A  Reduction     3.09       68     1     B
422      102     62    17    17      62      40     40      3      1      -1   B  QuietGame     3.21       68     0     B
420      181    141    31    32     141      40     40      0      4       4   A  QuietGame     3.21       68     0     A
419      215    175    34    34     175      40     40      2      2       2   A  QuietGame     3.31       68     1     B
428       93     53     8     9      53      40     40      0      3       3   A  QuietGame     2.96       67     0     A
425      171    131    31    33     171       0     36      0      5       5   A  Reduction     3.24       68     1     B
427      121     81    17    17      81      40     40      0      3       3   A  QuietGame     3.26       68     1     B
423      202    162    34    34     202       0     35      3      4      -4   B  Reduction     3.15       68     1     A
424      188    148    29    30     148      40     40      0      5       4   A  QuietGame     3.12       68     0     A
426      174    134    31    31     134      40     40      0      6       5   A  QuietGame     3.22       68     0     A
429      185    145    31    31     185       0     33      0      7       7   A  Reduction     3.24       67     1     B
434      129     89    17    17      89      40     40      0      3       3   A  QuietGame     3.18       68     0     A
431      183    143    33    35     143      40     40      4      3       1   B  QuietGame     3.12       68     1     A
430      225    185    33    34     225       0     30      0      4       4   A  Reduction     3.37       68     0     A
433      183    143    30    30     143      40     40      2      4       4   A  QuietGame     3.40       68     1     B
435      195    155    29    29     155      40     40      2      5       5   A  QuietGame     3.31       68     1     B
436      179    139    29    30     139      40     40      0      6       6   A  QuietGame     3.28       69     0     A
432      234    194    34    36     194      40     40      4      2       0   B  QuietGame     3.25       68     0     B
440      112     72    17    17      72      40     40      0      4       3   A  QuietGame     3.22       68     0     A
441      121     81    34    34     121       0      5      2      4       4   A  Reduction     3.32       68     1     B
437      218    178    36    36     178      40     40      4      1       0   B  QuietGame     3.45       69     1     A
439      189    149    34    35     149      40     40      7      2      -1   B  QuietGame     3.21       68     1     A
444      118     78    15    15      78      40     40      1      1      -1   B  QuietGame     3.24       68     0     B
438      209    169    30    29     209       0     27      0      9       9   A  Immobilize     3.19       68     0     A
443      150    110    28    29     110      40     40      1      2      -1   B  QuietGame     3.24       68     1     A
445      125     85    30    31     125       0     11      0      7       7   A  Reduction     3.40       68     1     B
446      144    104    27    27     104      40     40      1      2      -1   B  QuietGame     3.41       68     0     B
447      149    109    29    30     149       0     19      0      8       8   A  Reduction     3.12       68     1     B
442      266    226    28    29     226      40     40      1      7      -7   B  QuietGame     3.24       68     0     B
450      146    106    15    15     106      40     40      3      1      -1   B  QuietGame     3.25       68     0     B
449      179    139    33    35     139      40     40      4      2       1   B  QuietGame     3.34       68     1     A
452      178    138    35    35     138      40     40      1      3      -1   B  QuietGame     3.24       68     0     B
451      202    162    35    35     162      40     40      2      2       1   B  QuietGame     3.18       68     1     A
453      162    122    35    35     122      40     40      0      2       1   B  QuietGame     3.25       68     1     A
454      127     87    16    19      87      40     40      0      3       3   A  QuietGame     3.16       67     0     A
448      256    216    34    35     216      40     40      3      3      -1   B  QuietGame     3.10       68     0     B
455      169    129    35    36     129      40     40      7      2       0   B  QuietGame     3.37       67     1     A
458      107     67     9     9      67      40     40      0      5       5   A  QuietGame     3.27       67     0     A
457      171    131    35    36     171       0     33      0      2       2   A  Reduction     3.22       69     1     B
456      210    170    35    36     170      40     40      2      2       0   B  QuietGame     3.29       69     0     B
461      113     73    13    14      73      40     40      0      2       2   A  QuietGame     3.16       67     1     B
459      147    107    29    29     147       0     15      0      9       9   A  Reduction     3.33       67     1     B
460      188    148    29    30     148      40     40      0      7       6   A  QuietGame     3.25       67     0     A
465      115     75    15    18      75      40     40      0      2       2   A  QuietGame     3.16       68     1     B
463      171    131    33    33     171       0     21      0      5       5   A  Reduction     3.29       68     1     B
464      156    116    31    31     116      40     40      1      2      -1   B  QuietGame     3.38       68     0     B
467      128     88    26    28      88      40     40      0      3       2   A  QuietGame     3.22       68     1     B
462      225    185    35    36     225       0     34      4      2       2   A  Reduction     3.25       68     0     A
466      139     99    34    36     139       0     21      0      3       2   A  Reduction     3.15       68     0     A
468      189    149    28    29     149      40     40      0      7       7   A  QuietGame     3.28       68     0     A
471      119     79    32    34     119       0     24      0      4       4   A  Reduction     3.19       67     1     B
469      154    114    32    34     114      40     40      6      2       0   B  QuietGame     3.24       68     1     A
472      139     99    28    29      99      40     40      1      4      -3   B  QuietGame     3.47       68     0     B
473      136     96    20    20      96      40     40      1      2      -2   B  QuietGame     3.21       68     1     A
470      174    134    36    36     134      40     40      2      2       0   B  QuietGame     3.36       67     0     B
474      181    141    31    31     181       0     24      0      7       7   A  Reduction     3.24       68     0     A
475      183    143    33    35     143      40     40      5      2      -1   B  QuietGame     3.15       68     1     A
476      164    124    25    27     124      40     40      0      8       7   A  QuietGame     3.24       68     0     A
477      180    140    33    33     140      40     40      1      3      -3   B  QuietGame     3.34       68     1     A
478      176    136    36    36     136      40     40      2      2       0   B  QuietGame     3.10       69     0     B
480      155    115    32    32     115      40     40      1      2       0   B  QuietGame     3.18       68     0     B
481      155    115    32    32     115      40     40      1      2       0   B  QuietGame     3.22       68     1     A
482      149    109    28    28     149       0     21      0     10      10   A  Reduction     3.30       67     0     A
483      147    107    26    28     107      40     40      0      6       6   A  QuietGame     3.22       67     1     B
484      109     69    14    14      69      40     40      1      2       0   B  QuietGame     3.25       68     0     B
479      215    175    32    35     175      40     40      1      2      -1   B  QuietGame     3.17       69     1     A
486      117     77    15    17      77      40     40      1      2      -1   B  QuietGame     3.18       68     0     B
487      117     77    15    17      77      40     40      1      2      -1   B  QuietGame     3.22       68     1     A
488      127     87    18    19      87      40     40      1      3      -1   B  QuietGame     3.15       67     0     B
485      161    121    31    31     121      40     40      1      3      -1   B  QuietGame     3.31       68     1     A
492      169    129    33    34     129      40     40      1      2       0   B  QuietGame     3.37       68     0     B
491      192    152    32    33     152      40     40      0      4       3   A  QuietGame     3.22       68     1     B
493      150    110    34    34     150       0     11      1      4      -4   B  Reduction     3.29       68     1     A
490      216    176    36    36     176      40     40      6      2       0   B  QuietGame     3.26       68     0     B
495      157    117    32    34     157       0     22      0      4       4   A  Reduction     3.13       68     1     B
489      248    208    33    34     208      40     40      1      3      -2   B  QuietGame     3.13       67     1     A
494      187    147    36    36     147      40     40      1      2       0   B  QuietGame     3.25       68     0     B
496      185    145    35    35     145      40     40      4      1       1   B  QuietGame     3.22       69     0     B
497      135     95    32    32     135       0     17      0      6       6   A  Reduction     3.29       69     1     B
499      132     92    23    23      92      40     40      0      3       1   B  QuietGame     3.34       68     1     A
498      138     98    26    27      98      40     40      1      2      -1   B  QuietGame     3.19       68     0     B
501      105     65    15    16      65      40     40      1      2       0   B  QuietGame     3.19       68     1     A
503      100     60    12    12      60      40     40      0      1       0   B  QuietGame     3.09       68     1     A
500      190    150    28    29     190       0     38      1      9      -9   B  Reduction     3.15       68     0     B
502      167    127    29    30     127      40     40      2      6       6   A  QuietGame     3.21       68     0     A
505      117     77    15    16      77      40     40      1      2       0   B  QuietGame     3.09       66     1     A
504      162    122    33    34     162       0     18      1      4      -4   B  Reduction     3.20       66     0     B
508      144    104    24    24     104      40     40      0      3       2   A  QuietGame     3.29       68     0     A
509      160    120    33    33     160       0     17      1      5      -5   B  Reduction     3.34       68     1     A
507      173    133    33    33     133      40     40      0      2       1   B  QuietGame     3.28       68     1     A
510      112     72    12    15      72      40     40      1      3      -3   B  QuietGame     3.07       67     0     B
506      205    165    29    29     165      40     40      0      7       7   A  QuietGame     3.28       68     0     A
511      180    140    35    35     180       0     28      1      3      -3   B  Reduction     3.27       67     1     A
512      196    156    23    23     156      40     40      3      3      -3   B  QuietGame     3.31       68     0     B
517      110     70    15    16      70      40     40      0      5       4   A  QuietGame     3.12       69     1     B
513      174    134    31    32     134      40     40      4      1       0   B  QuietGame     3.34       68     1     A
514      177    137    28    29     137      40     40      0      5       5   A  QuietGame     3.21       68     0     A
515      177    137    28    29     137      40     40      0      5       5   A  QuietGame     3.21       68     1     B
518      141    101    15    15     101      40     40      1      2      -1   B  QuietGame     3.24       68     0     B
516      171    131    32    32     131      40     40      0      4       4   A  QuietGame     3.29       69     0     A
520      143    103    25    27     103      40     40      2      3       3   A  QuietGame     3.31       68     0     A
523      112     72    13    13      72      40     40      1      1      -1   B  QuietGame     3.09       68     1     A
519      185    145    32    34     145      40     40      1      3      -2   B  QuietGame     3.25       68     1     A
521      161    121    25    25     121      40     40      3      3      -1   B  QuietGame     3.12       68     1     A
522      198    158    34    34     158      40     40      9      2      -2   B  QuietGame     3.28       68     0     B
526      147    107    33    35     147       0     28      0      3       3   A  Reduction     3.28       68     0     A
525      169    129    34    35     169       0     18      0      3       3   A  Reduction     3.18       68     1     B
524      183    143    34    35     183       0     35      0      3       3   A  Reduction     3.13       68     0     A
529      129     89    33    34     129       0     10      0      4       4   A  Reduction     3.29       68     1     B
527      146    106    12    12     106      40     40      0      1       0   B  QuietGame     3.19       68     1     A
528      159    119    32    33     159       0     17      0      5       5   A  Reduction     3.34       68     0     A
531      145    105    32    34     145       0     18      0      4       4   A  Reduction     3.28       68     1     B
530      191    151    33    34     191       0     24      4      4       4   A  Reduction     3.26       68     0     A
536      110     70    13    14      70      40     40      1      2      -2   B  QuietGame     3.07       67     0     B
532      197    157    35    35     157      40     40      4      2       1   B  QuietGame     3.21       68     0     B
534      167    127    28    29     127      40     40      0      5       5   A  QuietGame     3.24       68     0     A
535      151    111    32    33     111      40     40      2      3       3   A  QuietGame     3.34       68     1     B
539      114     74    11    12      74      40     40      0      2       0   B  QuietGame     3.18       68     1     A
538      145    105    28    28     105      40     40      1      5      -4   B  QuietGame     3.35       68     0     B
533      256    216    36    36     216      40     40      4      2       0   B  QuietGame     3.25       68     1     A
540      115     75    31    33     115       0      7      0      5       5   A  Reduction     3.13       67     0     A
537      201    161    34    34     161      40     40      5      3      -2   B  QuietGame     3.13       67     1     A
541      147    107    30    33     107      40     40      0      3       3   A  QuietGame     3.18       67     1     B
542      165    125    34    35     165       0     26      0      3       3   A  Reduction     3.21       67     0     A
543      172    132    31    31     132      40     40      3      3      -3   B  QuietGame     3.16       67     1     A
546      133     93    35    35     133       0     18      2      3       3   A  Reduction     3.34       67     0     A
547      153    113    32    32     113      40     40      0      4       4   A  QuietGame     3.19       67     1     B
548      153    113    33    33     153       0     10      0      5       5   A  Reduction     3.29       68     0     A
544      192    152    36    36     152      40     40      6      2       0   B  QuietGame     3.31       68     0     B
545      218    178    34    34     178      40     40      2      2       0   B  QuietGame     3.25       68     1     A
549      164    124    34    34     124      40     40      0      2       0   B  QuietGame     3.26       68     1     A
550      164    124    35    36     164       0     34      1      2      -2   B  Reduction     3.28       68     0     B
552      143    103    30    31     103      40     40      0      2       1   B  QuietGame     3.21       68     0     B
551      170    130    36    36     170       0     18      3      2      -2   B  Reduction     3.37       68     1     A
556      111     71    13    14      71      40     40      0      4       4   A  QuietGame     3.16       68     0     A
554      169    129    34    34     169       0     31      0      4       4   A  Reduction     3.36       67     0     A
553      181    141    34    35     181       0     37      0      3       3   A  Reduction     3.29       68     1     B
555      175    135    26    27     135      40     40      0      9       9   A  QuietGame     3.16       67     1     B
558      152    112    30    30     152       0     33      1      8      -8   B  Reduction     3.28       68     0     B
557      181    141    32    33     181       0     32      0      5       5   A  Reduction     3.15       68     1     B
562       99     59     7     9      59      40     40      0      3       3   A  QuietGame     3.10       67     0     A
564      109     69    18    19      69      40     40      1      2      -1   B  QuietGame     3.15       67     0     B
560      175    135    32    33     175       0     29      0      5       5   A  Reduction     3.26       68     0     A
559      221    181    30    29     221       0     27      0      9       9   A  Immobilize     3.26       68     1     B
561      171    131    34    35     131      40     40      1      2      -1   B  QuietGame     3.16       68     1     A
566      111     71    20    23      71      40     40      1      2      -1   B  QuietGame     3.15       67     0     B
567       96     56     9     9      56      40     40      1      1      -1   B  QuietGame     3.01       67     1     A
563      183    143    32    33     143      40     40      2      3       3   A  QuietGame     3.18       67     1     B
568      114     74    22    22      74      40     40      2      1       0   B  QuietGame     3.15       68     0     B
565      219    179    30    31     179      40     40      0      5       5   A  QuietGame     3.16       67     1     B
569      170    130    32    32     130      40     40      0      3       2   A  QuietGame     3.26       68     1     B
573      134     94    31    32     134       0     10      1      6      -6   B  Reduction     3.25       68     1     A
574      144    104     9     9     104      40     40      1      1      -1   B  QuietGame     3.37       67     0     B
571      173    133    34    35     173       0     29      0      3       3   A  Reduction     3.21       68     1     B
570      199    159    31    34     159      40     40      1      3       0   B  QuietGame     3.16       68     0     B
575      155    115    32    33     155       0     28      0      5       5   A  Reduction     3.28       67     1     B
572      205    165    29    30     165      40     40      0      3       2   A  QuietGame     3.43       68     0     A
576      119     79    34    34     119       0      8      0      4       4   A  Reduction     3.31       68     0     A
577      135     95    33    33     135       0     18      2      5       5   A  Reduction     3.54       68     1     B
580      113     73    30    32     113       0     10      0      6       6   A  Reduction     3.31       68     0     A
578      158    118    31    32     118      40     40      0      4       2   A  QuietGame     3.19       68     0     A
579      191    151    34    34     191       0     31      0      4       4   A  Reduction     3.26       68     1     B
581      185    145    30    32     145      40     40      0      4       4   A  QuietGame     3.19       68     1     B
584      163    123    18    20     123      40     40      0      4       2   A  QuietGame     3.16       68     0     A
583      186    146    33    35     186       0     31      1      3      -3   B  Reduction     3.24       68     1     A
582      196    156    32    33     156      40     40      0      4       3   A  QuietGame     3.16       68     0     A
586      133     93    29    32     133       0     15      2      6       6   A  Reduction     3.24       68     0     A
587      142    102    26    27     102      40     40      0      4       3   A  QuietGame     3.28       68     1     B
585      189    149    34    34     149      40     40      1      1       0   B  QuietGame     3.26       68     1     A
588      163    123    35    35     163       0     17      0      3       3   A  Reduction     3.32       68     0     A
590      130     90    28    30      90      40     40      0      5       4   A  QuietGame     3.16       68     0     A
589      147    107    29    30     147       0     24      0      8       8   A  Reduction     3.28       68     1     B
592      145    105    35    35     145       0     15      4      3       3   A  Reduction     3.28       68     0     A
593      166    126    30    31     126      40     40      1      5      -5   B  QuietGame     3.25       68     1     A
594      151    111    27    29     151       0     15      0      9       9   A  Reduction     3.18       67     0     A
591      193    153    35    35     153      40     40      3      2      -1   B  QuietGame     3.25       68     1     A
595      225    185    35    35     185      40     40      3      2      -1   B  QuietGame     3.13       67     1     A
599      134     94    24    24      94      40     40      3      2      -2   B  QuietGame     3.25       68     1     A
596      166    126    30    31     126      40     40      0      4       3   A  QuietGame     3.26       68     0     A
597      166    126    30    31     126      40     40      0      4       3   A  QuietGame     3.24       68     1     B
601      117     77    18    19      77      40     40      0      2       1   B  QuietGame     3.28       67     1     A
600      135     95    33    34     135       0     15      0      4       4   A  Reduction     3.25       67     0     A
598      249    209    33    33     209      40     40      0      4       3   A  QuietGame     3.13       68     0     A
603      115     75    20    20      75      40     40      0      2       2   A  QuietGame     3.32       68     1     B
602      220    180    34    34     180      40     40      0      3       2   A  QuietGame     3.29       68     0     A
606      164    124    32    33     164       0     15      1      5      -5   B  Reduction     3.20       66     0     B
605      184    144    27    33     184       0     33      1      5      -5   B  Reduction     3.10       68     1     A
604      192    152    35    35     152      40     40      0      3       1   B  QuietGame     3.29       68     0     B
607      187    147    31    32     147      40     40      1      3      -2   B  QuietGame     3.24       66     1     A
608      204    164    35    36     204       0     27      5      2      -2   B  Reduction     3.19       68     0     B
610      139     99    32    33     139       0     27      0      5       5   A  Reduction     3.22       68     0     A
609      166    126    28    31     126      40     40      1      5      -5   B  QuietGame     3.19       68     1     A
611      193    153    33    36     193       0     26      0      2       2   A  Reduction     3.13       68     1     B
612      178    138    32    32     138      40     40      1      4      -4   B  QuietGame     3.24       68     0     B
615      153    113    34    35     153       0     13      2      3       3   A  Reduction     3.24       68     1     B
613      174    134    35    35     174       0     18      3      3      -3   B  Reduction     3.31       68     1     A
616      153    113    29    30     153       0     28      0      8       8   A  Reduction     3.21       67     0     A
614      240    200    32    35     200      40     40      2      2       1   B  QuietGame     3.16       68     0     B
619      137     97    33    33     137       0     11      0      5       5   A  Reduction     3.36       69     1     B
617      231    191    34    34     191      40     40      1      2       0   B  QuietGame     3.28       67     1     A
618      248    208    35    36     248       0     28      5      2      -2   B  Reduction     3.16       69     0     B

games                620
mean plies           161.1   (movement 121.1)
mean captures        27.3
mean removals        28.1
mean dead tail       28.4   plies after the last capture or removal
mean longest quiet   35.0
mean lead changes    1.1   (315 of 620 games had any)
mean peak margin     3.6
mean final margin    3.0   (absolute)
ended by quiet game  440  (71%)
ended by reduction   177  (29%)
ended by immobilize  3  (0%)
won by A / B         312 / 308
mean depth           3.15   (over 42040 searched opening plies)
wall clock           5797.8 s

weight-set A wins    310 / 620  (50.0%)   [as P0: 156/310, as P1: 154/310]
weight-set B wins    310 / 620
quiet-game share     A-wins 73.2%   B-wins 68.7%   all 71.0%
95% threshold        wins >= 331 of 620 (one-sided): neither side significant
csv line appended to doc\bench\sweeps\2026-08-26-round2\confirm.csv

wins 310/620 (threshold 331), quiet 70.97% (limit 74.5%), captures 27.32 (floor 24.669)
REJECT: no significant strength gain.
sweep stage 'confirm' -> doc/bench/sweeps/2026-08-26-round2
>> ./cmake-build-release/latrunculi_game/latrunculi_bench.exe pairs=310 ms=500 seed=777001 threads=8 rows=8 columns=10 perside=20 csv=doc\bench\sweeps\2026-08-26-round2\confirm.csv wA.threat=0.25 wA.pair=0.02 wA.mobility=0.02 wA.centre=0.2 wA.vulnerableAxes=-0.03 wA.oneMoveCapturable=-0.9 wA.spearheadPairs=0.15 wA.diagonalSupport=0.06 wA.deniedSquares=0.04 wA.strikers=0.07 wA.notchExposure=-0.12 wB.threat=0.25 wB.pair=0.02 wB.mobility=0.02 wB.centre=0.2 wB.vulnerableAxes=-0.03 wB.oneMoveCapturable=-0.9 wB.spearheadPairs=0.15 wB.diagonalSupport=0.06 wB.deniedSquares=0.04 wB.strikers=0.05 wB.notchExposure=-0.12
Latrunculi bench: 310 mirrored A-vs-B pairs (620 games), 8x10, 20 per side, slide, convex payoff, komi 1.5, policy placement, 500 ms per searched ply, 8 threads
base seed: 777001  (pair p uses seed base+p; even game index = set A as P0)
XML: not saved   memory tracking level: 0

game   plies  moveP  capt  remv lastAct    tail  quiet   lead   peak  margin win  reason    depth    srchd  AasP  wSet
6        123     83    17    17      83      40     40      0      3       3   A  QuietGame     3.29       68     0     A
1        145    105    31    33     145       0     19      2      5       5   A  Reduction     3.16       68     1     B
0        147    107    34    35     147       0     16      2      3       3   A  Reduction     3.32       68     0     A
5        157    117    31    31     157       0     22      0      7       7   A  Reduction     3.25       68     1     B
7        167    127    28    30     127      40     40      0      4       4   A  QuietGame     3.18       68     1     B
4        174    134    27    27     134      40     40      0      6       5   A  QuietGame     3.26       68     0     A
2        180    140    33    34     180       0     26      1      4      -4   B  Reduction     3.19       67     0     B
3        180    140    33    34     180       0     26      1      4      -4   B  Reduction     3.21       67     1     A
9        103     63     8     8      63      40     40      0      2       2   A  QuietGame     2.97       68     1     B
8        166    126    28    28     126      40     40      1      4      -4   B  QuietGame     3.31       68     0     B
15       127     87    18    19      87      40     40      0      3       3   A  QuietGame     3.15       68     1     B
14       179    139    31    32     139      40     40      0      3       2   A  QuietGame     3.15       68     0     A
13       194    154    31    34     154      40     40      2      2       0   B  QuietGame     3.19       68     1     A
10       225    185    36    36     185      40     40      7      2       0   B  QuietGame     3.27       67     0     B
12       211    171    31    31     211       0     35      0      7       7   A  Reduction     3.35       68     0     A
11       241    201    35    36     201      40     40      5      3       0   B  QuietGame     3.43       67     1     A
16       181    141    34    34     181       0     24      4      4       4   A  Reduction     3.18       68     0     A
18       163    123    25    25     123      40     40      0      3       3   A  QuietGame     3.29       68     0     A
17       200    160    34    35     200       0     39      1      3      -3   B  Reduction     3.34       68     1     A
22       112     72    18    18      72      40     40      0      3       2   A  QuietGame     3.24       68     0     A
19       143    103    32    32     143       0     17      0      6       6   A  Reduction     3.26       68     1     B
21       134     94    33    34     134       0     17      1      4      -4   B  Reduction     3.16       67     1     A
24       104     64    16    17      64      40     40      2      2       1   B  QuietGame     2.85       68     0     B
23       150    110    31    32     110      40     40      0      5       4   A  QuietGame     3.24       68     1     B
20       204    164    29    30     204       0     35      1      8      -8   B  Reduction     3.27       67     0     B
27       129     89    19    19      89      40     40      2      2       1   B  QuietGame     3.29       68     1     A
29       118     78    14    15      78      40     40      1      2      -1   B  QuietGame     3.10       68     1     A
25       186    146    32    33     146      40     40      4      2       1   B  QuietGame     3.15       68     1     A
26       190    150    33    35     190       0     33      1      3      -3   B  Reduction     3.16       68     0     B
28       190    150    29    29     150      40     40      0      6       5   A  QuietGame     3.19       68     0     A
32       154    114    32    34     114      40     40      6      2       0   B  QuietGame     3.22       68     0     B
31       182    142    35    36     182       0     15      3      2      -2   B  Reduction     3.10       67     1     A
30       220    180    26    26     180      40     40      2      3       2   A  QuietGame     3.03       67     0     A
34       153    113    32    33     153       0     28      0      5       5   A  Reduction     3.19       67     0     A
33       179    139    36    36     139      40     40      3      2       0   B  QuietGame     3.40       68     1     A
36       132     92    33    33     132       0     18      1      5      -5   B  Reduction     3.16       68     0     B
35       159    119    33    33     119      40     40      0      3       3   A  QuietGame     3.22       67     1     B
38       106     66    11    11      66      40     40      2      2       1   B  QuietGame     3.19       68     0     B
39       110     70    15    16      70      40     40      0      3       2   A  QuietGame     3.15       68     1     B
41        97     57    12    12      57      40     40      0      2       2   A  QuietGame     3.01       67     1     B
37       170    130    32    32     130      40     40      1      4      -4   B  QuietGame     3.16       68     1     A
44       112     72    15    17      72      40     40      1      2      -1   B  QuietGame     3.16       68     0     B
42       136     96    20    20      96      40     40      0      3       0   B  QuietGame     3.30       67     0     B
45       112     72    15    17      72      40     40      1      2      -1   B  QuietGame     3.15       68     1     A
40       246    206    30    32     246       0     35      1      6      -6   B  Reduction     2.88       67     0     B
43       192    152    35    35     192       0     21      3      3      -3   B  Reduction     3.33       67     1     A
47       154    114    15    15     114      40     40      3      3      -3   B  QuietGame     3.04       68     1     A
48       174    134    29    30     134      40     40      5      4      -4   B  QuietGame     3.24       68     0     B
46       219    179    33    34     219       0     31      0      4       4   A  Reduction     3.24       68     0     A
49       165    125    31    33     125      40     40      0      3       3   A  QuietGame     3.26       68     1     B
50       181    141    32    32     181       0     19      2      6       6   A  Reduction     3.25       68     0     A
54       107     67    14    14      67      40     40      0      4       4   A  QuietGame     3.12       68     0     A
52       139     99    35    35     139       0     13      0      3       3   A  Reduction     3.03       68     0     A
53       135     95    26    26      95      40     40      3      3      -2   B  QuietGame     3.24       68     1     A
51       194    154    28    29     154      40     40      5      2      -1   B  QuietGame     3.12       68     1     A
55       205    165    36    36     165      40     40      5      1       0   B  QuietGame     3.28       68     1     A
56       195    155    34    34     155      40     40      3      3       0   B  QuietGame     3.40       68     0     B
62       147    107    32    33     147       0     22      0      5       5   A  Reduction     3.18       68     0     A
57       195    155    34    34     155      40     40      3      3       0   B  QuietGame     3.40       68     1     A
61       152    112    34    35     152       0     16      1      3      -3   B  Reduction     3.37       68     1     A
60       181    141    27    28     141      40     40      0      6       6   A  QuietGame     3.16       68     0     A
59       218    178    32    32     178      40     40      0      5       4   A  QuietGame     3.34       68     1     B
58       233    193    32    33     233       0     35      0      5       5   A  Reduction     3.44       68     0     A
67       127     87    14    14      87      40     40      1      3      -2   B  QuietGame     3.34       68     1     A
64       162    122    33    33     122      40     40      3      4      -3   B  QuietGame     3.30       67     0     B
63       174    134    29    30     134      40     40      3      4      -4   B  QuietGame     3.31       68     1     A
65       162    122    33    33     122      40     40      3      4      -3   B  QuietGame     3.33       67     1     A
69       120     80    19    20      80      40     40      0      3       2   A  QuietGame     3.32       68     1     B
66       177    137    29    29     137      40     40      0      3       1   B  QuietGame     3.24       68     0     B
70       158    118    31    32     118      40     40      0      5       4   A  QuietGame     3.24       68     0     A
68       194    154    36    36     154      40     40      6      1       0   B  QuietGame     3.01       68     0     B
71       158    118    31    32     118      40     40      0      5       4   A  QuietGame     3.24       68     1     B
72       168    128    30    32     128      40     40      0      3       2   A  QuietGame     3.16       67     0     A
73       180    140    33    34     140      40     40      1      2      -2   B  QuietGame     3.25       67     1     A
75       155    115    28    30     115      40     40      2      6       6   A  QuietGame     3.18       68     1     B
78       106     66    13    15      66      40     40      1      2      -1   B  QuietGame     2.82       68     0     B
74       191    151    32    33     191       0     38      2      5       5   A  Reduction     3.03       68     0     A
77       154    114    19    20     114      40     40      1      2      -2   B  QuietGame     3.09       68     1     A
76       239    199    36    36     199      40     40      5      2       0   B  QuietGame     3.25       68     0     B
79       178    138    26    29     138      40     40      0      4       3   A  QuietGame     3.18       68     1     B
81       147    107    32    33     107      40     40      1      4      -3   B  QuietGame     3.29       68     1     A
80       182    142    35    35     142      40     40      1      2      -1   B  QuietGame     3.29       68     0     B
82       171    131    35    35     171       0     26      4      3       3   A  Reduction     3.37       68     0     A
84       173    133    32    33     133      40     40      0      3       3   A  QuietGame     3.24       67     0     A
86       112     72    15    16      72      40     40      0      4       2   A  QuietGame     3.09       68     0     A
85       165    125    30    30     125      40     40      0      6       6   A  QuietGame     3.22       67     1     B
83       219    179    33    34     219       0     34      2      4       4   A  Reduction     3.07       68     1     B
87       167    127    36    36     167       0     25      2      2       2   A  Reduction     3.44       68     1     B
91       144    104    25    27     104      40     40      1      3      -3   B  QuietGame     3.12       67     1     A
89       178    138    33    35     138      40     40      3      2      -1   B  QuietGame     3.26       69     1     A
88       205    165    28    29     165      40     40      0      7       7   A  QuietGame     3.25       69     0     A
90       180    140    35    35     140      40     40      2      2       1   B  QuietGame     3.22       67     0     B
93       173    133    33    35     173       0     25      0      3       3   A  Reduction     3.29       68     1     B
94       193    153    32    35     153      40     40      6      2       1   B  QuietGame     3.09       69     0     B
92       232    192    36    36     192      40     40      2      1       0   B  QuietGame     3.40       68     0     B
96       121     81    33    33     121       0      8      0      5       5   A  Reduction     3.31       67     0     A
97       173    133    34    34     173       0     36      0      4       4   A  Reduction     3.25       67     1     B
99       170    130    33    33     130      40     40      1      3      -3   B  QuietGame     3.25       67     1     A
95       225    185    30    31     185      40     40      0      2       1   B  QuietGame     3.30       69     1     A
98       185    145    36    36     145      40     40      5      1       0   B  QuietGame     3.43       67     0     B
100      163    123    33    33     163       0     19      2      5       5   A  Reduction     3.25       68     0     A
101      152    112    35    35     152       0     25      1      3      -3   B  Reduction     3.07       68     1     A
102      160    120    35    35     160       0     26      3      3      -3   B  Reduction     3.26       68     0     B
104      115     75    32    35     115       0      6      0      3       3   A  Reduction     3.13       68     0     A
105      112     72    18    20      72      40     40      0      2       0   B  QuietGame     3.15       68     1     A
107      103     63    15    15      63      40     40      0      3       3   A  QuietGame     3.07       68     1     B
106      109     69    18    18      69      40     40      0      2       2   A  QuietGame     3.28       68     0     A
103      188    148    34    34     188       0     29      1      4      -4   B  Reduction     3.24       68     1     A
108      166    126    30    34     126      40     40      2      3       2   A  QuietGame     3.24       68     0     A
109      145    105    28    30     105      40     40      0      5       4   A  QuietGame     2.99       68     1     B
112      106     66    14    17      66      40     40      0      4       3   A  QuietGame     3.01       68     0     A
111      116     76    17    19      76      40     40      0      4       1   B  QuietGame     3.30       67     1     A
114      105     65    10    11      65      40     40      0      3       3   A  QuietGame     3.22       68     0     A
113      147    107    34    35     147       0     18      0      3       3   A  Reduction     3.31       68     1     B
110      185    145    33    34     145      40     40      3      2       0   B  QuietGame     3.28       67     0     B
115      196    156    35    35     156      40     40      0      3       1   B  QuietGame     3.32       68     1     A
117      137     97    25    25      97      40     40      0      7       7   A  QuietGame     3.04       68     1     B
119      131     91    23    23      91      40     40      0      4       3   A  QuietGame     3.20       69     1     B
118      157    117    31    32     157       0     24      2      6       6   A  Reduction     3.13       69     0     A
120      177    137    32    33     137      40     40      4      3       3   A  QuietGame     3.19       68     0     A
116      199    159    31    31     199       0     25      0      7       7   A  Reduction     3.25       68     0     A
122      189    149    26    27     149      40     40      2      3       1   B  QuietGame     3.38       68     0     B
123      151    111    33    34     151       0     15      0      4       4   A  Reduction     3.31       68     1     B
127       98     58    11    11      58      40     40      1      1      -1   B  QuietGame     3.10       67     1     A
124      171    131    28    30     131      40     40      0      6       6   A  QuietGame     2.99       68     0     A
121      256    216    32    32     216      40     40      1      4      -4   B  QuietGame     3.35       68     1     A
125      199    159    33    34     159      40     40      0      2       2   A  QuietGame     3.24       68     1     B
126      186    146    33    33     186       0     23      3      5      -5   B  Reduction     3.27       67     0     B
130       99     59    12    14      59      40     40      0      2       2   A  QuietGame     3.10       68     0     A
128      177    137    32    32     177       0     38      0      6       6   A  Reduction     3.23       66     0     A
129      169    129    32    32     169       0     31      0      6       6   A  Reduction     3.33       66     1     B
132      132     92    12    12      92      40     40      1      2      -2   B  QuietGame     2.91       68     0     B
131      182    142    19    20     142      40     40      1      2      -2   B  QuietGame     3.15       68     1     A
133      173    133    30    30     133      40     40      0      6       6   A  QuietGame     3.34       68     1     B
135      163    123    33    34     163       0     17      0      4       4   A  Reduction     3.19       68     1     B
136      154    114    29    29     114      40     40      0      2       1   B  QuietGame     3.43       68     0     B
138      101     61     8     9      61      40     40      0      3       3   A  QuietGame     3.10       69     0     A
134      180    140    31    33     140      40     40      2      3       1   B  QuietGame     3.13       68     0     B
137      181    141    30    31     181       0     29      0      7       7   A  Reduction     3.09       68     1     B
139      127     87    35    35     127       0     10      2      3       3   A  Reduction     2.97       69     1     B
140      139     99    31    31     139       0     12      2      7       7   A  Reduction     3.43       68     0     A
145      141    101    21    21     101      40     40      2      1       1   B  QuietGame     3.26       68     1     A
146      125     85    33    33     125       0     15      0      5       5   A  Reduction     3.36       67     0     A
143      163    123    30    32     123      40     40      2      4       4   A  QuietGame     3.22       67     1     B
141      189    149    32    34     149      40     40      0      2       2   A  QuietGame     3.29       68     1     B
144      179    139    30    32     139      40     40      4      4       4   A  QuietGame     3.22       68     0     A
142      197    157    32    32     157      40     40      0      4       4   A  QuietGame     3.19       67     0     A
147      171    131    33    34     171       0     17      0      4       4   A  Reduction     2.97       67     1     B
148      153    113    32    34     153       0     28      4      4       4   A  Reduction     3.21       68     0     A
149      133     93    24    26      93      40     40      5      1       0   B  QuietGame     3.22       68     1     A
153      103     63     9    10      63      40     40      0      4       4   A  QuietGame     3.10       67     1     B
154      104     64    10    12      64      40     40      0      3       2   A  QuietGame     2.99       67     0     A
152      131     91    23    26      91      40     40      0      7       6   A  QuietGame     3.30       67     0     A
150      147    107    32    32     107      40     40      0      2       2   A  QuietGame     3.35       68     0     A
151      153    113    35    35     153       0     17      0      3       3   A  Reduction     3.29       68     1     B
157      120     80    16    16      80      40     40      1      4      -4   B  QuietGame     3.18       68     1     A
160      113     73    16    18      73      40     40      0      4       4   A  QuietGame     3.04       68     0     A
161      113     73    16    18      73      40     40      0      4       4   A  QuietGame     3.04       68     1     B
155      212    172    30    32     172      40     40      0      5       4   A  QuietGame     3.06       67     1     B
156      195    155    33    33     195       0     30      2      5       5   A  Reduction     3.29       68     0     A
158      159    119    32    35     159       0     16      2      3       3   A  Reduction     3.13       68     0     A
159      196    156    30    33     156      40     40      2      2       1   B  QuietGame     3.10       68     1     A
163      102     62    13    13      62      40     40      0      6       5   A  QuietGame     3.10       67     1     B
162      185    145    35    36     185       0     25      2      2       2   A  Reduction     3.19       67     0     A
164      161    121    34    34     161       0     33      2      4       4   A  Reduction     3.19       68     0     A
168      159    119    31    33     159       0     26      0      5       5   A  Reduction     3.22       68     0     A
167      166    126    36    36     166       0     34      3      2      -2   B  Reduction     3.29       69     1     A
166      185    145    32    34     185       0     24      2      4       4   A  Reduction     2.96       69     0     A
171      137     97    33    33     137       0     15      0      5       5   A  Reduction     3.21       68     1     B
165      218    178    34    34     178      40     40      4      3       2   A  QuietGame     3.24       68     1     B
169      172    132    33    35     172       0     31      1      3      -3   B  Reduction     3.24       68     1     A
170      173    133    34    34     173       0     19      2      4       4   A  Reduction     3.28       68     0     A
172      167    127    21    23     127      40     40      0      5       3   A  QuietGame     3.07       67     0     A
175      141    101    17    20     101      40     40      2      2       2   A  QuietGame     2.81       68     1     B
179      106     66    13    13      66      40     40      0      2       1   B  QuietGame     3.25       68     1     A
173      199    159    31    33     199       0     36      0      5       5   A  Reduction     3.06       67     1     B
174      206    166    35    36     166      40     40      2      2       0   B  QuietGame     3.34       68     0     B
176      184    144    35    35     144      40     40      3      2      -1   B  QuietGame     3.27       67     0     B
177      195    155    34    34     155      40     40      0      2       2   A  QuietGame     3.25       67     1     B
181      115     75    31    31     115       0     10      0      7       7   A  Reduction     3.01       68     1     B
178      199    159    34    35     199       0     35      2      3       3   A  Reduction     3.26       68     0     A
180      139     99    18    19      99      40     40      0      3       3   A  QuietGame     3.34       68     0     A
185       88     48     6     6      48      40     40      0      1       0   B  QuietGame     2.90       69     1     A
182      171    131    27    27     171       0     37      0     11      11   A  Reduction     3.22       68     0     A
183      200    160    34    34     160      40     40      4      2       0   B  QuietGame     3.29       68     1     A
188      182    142    30    30     142      40     40      0      6      -6   B  QuietGame     3.32       68     0     B
186      225    185    29    30     185      40     40      0      6       6   A  QuietGame     3.25       68     0     A
184      250    210    34    36     210      40     40      8      2       0   B  QuietGame     3.26       69     0     B
187      211    171    36    36     211       0     24      2      2       2   A  Reduction     2.99       68     1     B
189      222    182    33    33     222       0     38      0      5      -5   B  Reduction     3.24       68     1     A
190      211    171    33    34     211       0     37      0      4       4   A  Reduction     3.31       67     0     A
191      193    153    28    28     153      40     40      0      5       4   A  QuietGame     3.28       67     1     B
197       91     51     8     9      51      40     40      2      1       1   B  QuietGame     3.04       68     1     A
192      181    141    33    33     181       0     26      0      5       5   A  Reduction     3.29       68     0     A
196      129     89    35    35     129       0     14      0      3       3   A  Reduction     3.13       68     0     A
193      195    155    33    33     195       0     34      0      5       5   A  Reduction     3.28       68     1     B
195      177    137    35    35     177       0     17      2      3       3   A  Reduction     3.22       68     1     B
199      140    100    33    34     140       0      9      1      4      -4   B  Reduction     3.28       69     1     A
200      117     77    17    17      77      40     40      0      2       1   B  QuietGame     3.31       68     0     B
194      246    206    33    33     206      40     40      1      2      -1   B  QuietGame     3.25       68     0     B
198      242    202    31    32     202      40     40      1      4      -4   B  QuietGame     3.23       69     0     B
201      197    157    34    34     197       0     28      2      4       4   A  Reduction     3.22       68     1     B
205      139     99    30    31     139       0     17      0      7       7   A  Reduction     3.10       68     1     B
202      202    162    33    34     162      40     40      2      3       2   A  QuietGame     3.04       68     0     A
204      177    137    29    30     177       0     31      0      8       8   A  Reduction     3.26       68     0     A
203      224    184    34    35     224       0     39      3      3      -3   B  Reduction     3.26       68     1     A
206      211    171    27    27     171      40     40      0      9       9   A  QuietGame     3.26       69     0     A
208      152    112    32    32     152       0     24      1      6      -6   B  Reduction     3.37       67     0     B
207      200    160    32    35     160      40     40      0      4       1   B  QuietGame     3.17       69     1     A
210      121     81    23    24      81      40     40      2      4       4   A  QuietGame     3.22       68     0     A
209      166    126    31    31     126      40     40      1      5      -5   B  QuietGame     3.15       67     1     A
211      171    131    31    32     131      40     40      2      4       4   A  QuietGame     2.94       68     1     B
212      170    130    31    32     130      40     40      0      5       4   A  QuietGame     3.22       67     0     A
213      145    105    24    25     105      40     40      0      3       3   A  QuietGame     3.19       67     1     B
215      140    100    17    18     100      40     40      0      3       2   A  QuietGame     3.16       68     1     B
216      165    125    34    35     165       0     22      2      3       3   A  Reduction     3.24       67     0     A
217      169    129    31    32     129      40     40      4      2       2   A  QuietGame     3.27       67     1     B
214      192    152    32    34     152      40     40      1      3      -2   B  QuietGame     3.21       68     0     B
220      115     75    26    28     115       0     13      0     10      10   A  Reduction     3.16       68     0     A
218      168    128    33    34     128      40     40      2      3       2   A  QuietGame     3.27       67     0     A
221      104     64    12    13      64      40     40      0      3       1   B  QuietGame     3.25       68     1     A
219      175    135    34    34     175       0     32      4      4       4   A  Reduction     3.01       67     1     B
223      137     97    29    29     137       0     16      0      9       9   A  Reduction     3.38       68     1     B
224      127     87    19    20      87      40     40      0      2       2   A  QuietGame     3.16       67     0     A
225      125     85    19    20      85      40     40      0      2       2   A  QuietGame     3.18       67     1     B
228      128     88    18    19      88      40     40      0      3       1   B  QuietGame     3.06       68     0     B
227      129     89    19    19      89      40     40      4      2      -1   B  QuietGame     3.43       68     1     A
222      194    154    32    32     154      40     40      1      4      -4   B  QuietGame     3.34       68     0     B
226      177    137    33    33     177       0     16      2      5       5   A  Reduction     3.44       68     0     A
232      104     64    13    15      64      40     40      0      4       3   A  QuietGame     3.00       68     0     A
234      102     62    15    16      62      40     40      0      5       4   A  QuietGame     3.06       67     0     A
230      145    105    32    32     145       0     17      0      6       6   A  Reduction     3.27       67     0     A
229      206    166    35    36     166      40     40      6      2       0   B  QuietGame     2.99       68     1     A
233      136     96    24    24      96      40     40      0      3       2   A  QuietGame     3.28       68     1     B
235      143    103    29    30     143       0     20      0      8       8   A  Reduction     3.28       67     1     B
231      185    145    35    36     185       0     22      0      3       2   A  Reduction     3.25       67     1     B
237      100     60    11    11      60      40     40      0      2      -1   B  QuietGame     3.22       68     1     A
236      165    125    33    33     165       0     37      0      5       5   A  Reduction     3.32       68     0     A
238      151    111    28    28     111      40     40      0      3       2   A  QuietGame     3.18       68     0     A
239      169    129    32    32     129      40     40      0      2       2   A  QuietGame     3.25       68     1     B
241      165    125    33    34     165       0     24      0      4       4   A  Reduction     3.25       69     1     B
240      175    135    23    23     135      40     40      0      9       9   A  QuietGame     3.06       69     0     A
244      151    111    30    31     151       0     17      2      7       7   A  Reduction     3.19       68     0     A
243      185    145    34    34     185       0     25      0      4       4   A  Reduction     3.25       68     1     B
242      201    161    33    33     201       0     37      0      5       5   A  Reduction     3.25       68     0     A
247      100     60    12    13      60      40     40      1      3      -3   B  QuietGame     3.06       68     1     A
245      174    134    30    31     134      40     40      0      6       5   A  QuietGame     3.22       68     1     B
249      133     93    35    36     133       0      8      4      2       2   A  Reduction     3.00       68     1     B
246      222    182    34    34     182      40     40      4      2       0   B  QuietGame     3.31       68     0     B
250      161    121    31    32     121      40     40      2      4       4   A  QuietGame     3.16       67     0     A
248      207    167    35    35     167      40     40      4      3       1   B  QuietGame     3.41       68     0     B
251      182    142    31    33     142      40     40      2      3       1   B  QuietGame     3.25       67     1     A
252      192    152    34    34     152      40     40      1      2      -2   B  QuietGame     3.43       68     0     B
253      165    125    34    34     165       0     22      0      4       4   A  Reduction     3.10       68     1     B
254      212    172    34    34     172      40     40      2      3       2   A  QuietGame     3.36       67     0     A
257      139     99    31    31     139       0     35      0      7       7   A  Reduction     3.22       68     1     B
256      158    118    31    31     118      40     40      0      3       1   B  QuietGame     3.28       68     0     B
259      118     78    13    14      78      40     40      0      3       2   A  QuietGame     3.19       68     1     B
255      246    206    33    34     206      40     40      2      3       2   A  QuietGame     3.10       67     1     B
261      147    107    30    31     107      40     40      0      5       5   A  QuietGame     3.36       67     1     B
258      208    168    34    35     168      40     40      2      2       1   B  QuietGame     3.16       68     0     B
265       93     53     7     7      53      40     40      0      2       1   B  QuietGame     3.18       68     1     A
260      208    168    32    32     168      40     40      0      5       4   A  QuietGame     3.31       67     0     A
262      183    143    34    34     143      40     40      0      2       2   A  QuietGame     3.34       68     0     A
266      112     72    14    15      72      40     40      1      2      -1   B  QuietGame     2.96       67     0     B
263      189    149    36    36     149      40     40      5      1       0   B  QuietGame     3.31       68     1     A
268      127     87    26    28     127       0      9      0     10      10   A  Reduction     3.37       68     0     A
264      226    186    32    32     186      40     40      0      5       4   A  QuietGame     3.37       68     0     A
270      157    117    25    26     117      40     40      0      8       8   A  QuietGame     3.31       68     0     A
269      184    144    34    35     184       0     24      3      3      -3   B  Reduction     3.29       68     1     A
267      234    194    34    34     194      40     40      2      2       0   B  QuietGame     3.25       67     1     A
271      161    121    25    26     121      40     40      0     10      10   A  QuietGame     3.37       68     1     B
274      112     72    22    22      72      40     40      2      3       2   A  QuietGame     3.32       68     0     A
273      155    115    34    35     155       0     32      4      3       3   A  Reduction     3.21       68     1     B
277       94     54     9     9      54      40     40      1      1      -1   B  QuietGame     3.01       68     1     A
275      164    124    32    33     124      40     40      1      3      -1   B  QuietGame     3.26       68     1     A
272      257    217    35    36     217      40     40      3      2       0   B  QuietGame     3.03       68     0     B
278      131     91    33    33     131       0     11      0      5       5   A  Reduction     3.24       67     0     A
279      145    105    33    35     145       0     22      0      3       3   A  Reduction     3.33       67     1     B
276      180    140    32    32     140      40     40      0      5       4   A  QuietGame     3.26       68     0     A
280      153    113    32    32     153       0     33      0      6       6   A  Reduction     3.35       68     0     A
281      187    147    27    28     147      40     40      0      8       8   A  QuietGame     3.31       68     1     B
285      117     77    21    22      77      40     40      5      1       0   B  QuietGame     3.33       67     1     A
286      104     64    14    16      64      40     40      0      2       0   B  QuietGame     3.12       68     0     B
284      143    103    17    18     103      40     40      0      4       4   A  QuietGame     3.03       67     0     A
287      121     81    17    18      81      40     40      0      2       2   A  QuietGame     3.15       68     1     B
283      203    163    31    32     163      40     40      1      3      -2   B  QuietGame     3.33       69     1     A
282      230    190    34    34     190      40     40      4      2       0   B  QuietGame     3.20       69     0     B
292       93     53     9     9      53      40     40      0      1       1   B  QuietGame     2.88       68     0     B
288      201    161    31    31     201       0     29      0      7       7   A  Reduction     3.31       68     0     A
289      176    136    34    34     136      40     40      0      3       2   A  QuietGame     3.34       68     1     B
294      113     73    13    15      73      40     40      0      2       1   B  QuietGame     3.10       68     0     B
290      203    163    35    36     203       0     26      2      2       2   A  Reduction     3.22       67     0     A
297      111     71    16    17      71      40     40      0      4       3   A  QuietGame     3.04       67     1     B
291      233    193    34    35     193      40     40      2      2       1   B  QuietGame     3.34       67     1     A
293      208    168    34    35     168      40     40      2      3       1   B  QuietGame     3.18       68     1     A
299       91     51     7     8      51      40     40      0      2       2   A  QuietGame     3.04       67     1     B
295      186    146    33    35     146      40     40      4      2       1   B  QuietGame     3.21       68     1     A
298      138     98    33    33     138       0      9      1      5      -5   B  Reduction     3.37       67     0     B
296      193    153    32    33     153      40     40      0      3       3   A  QuietGame     3.06       67     0     A
300      165    125    29    32     165       0     24      0      6       6   A  Reduction     3.15       67     0     A
302      133     93    32    32     133       0     14      0      6       6   A  Reduction     3.19       67     0     A
301      153    113    32    33     153       0     17      0      5       5   A  Reduction     3.04       67     1     B
303      153    113    36    36     153       0     18      0      2       2   A  Reduction     3.19       67     1     B
306      139     99    35    35     139       0     16      0      3       3   A  Reduction     3.40       68     0     A
304      213    173    35    36     173      40     40      5      2       0   B  QuietGame     3.32       68     0     B
305      213    173    35    36     173      40     40      5      2       0   B  QuietGame     3.32       68     1     A
307      184    144    34    35     144      40     40      1      2      -1   B  QuietGame     3.07       68     1     A
308      132     92    20    21      92      40     40      1      2      -1   B  QuietGame     3.19       67     0     B
311      135     95    23    25      95      40     40      0      2       1   B  QuietGame     3.16       68     1     A
309      164    124    27    28     124      40     40      0      5       4   A  QuietGame     3.28       67     1     B
310      208    168    34    36     208       0     33      3      2      -2   B  Reduction     3.15       68     0     B
312      175    135    26    27     135      40     40      0      6       5   A  QuietGame     3.25       69     0     A
316      133     93    32    33     133       0      9      0      5       5   A  Reduction     3.15       68     0     A
314      165    125    23    24     125      40     40      3      2       0   B  QuietGame     3.31       68     0     B
313      175    135    26    27     135      40     40      0      6       5   A  QuietGame     3.23       69     1     B
315      177    137    32    33     137      40     40      1      3      -1   B  QuietGame     2.91       68     1     A
321      112     72    32    33     112       0      5      1      5      -5   B  Reduction     3.26       68     1     A
318      192    152    32    32     152      40     40      0      5       4   A  QuietGame     3.35       68     0     A
317      209    169    35    36     209       0     29      0      2       2   A  Reduction     3.18       68     1     B
319      177    137    36    36     177       0     23      6      2       2   A  Reduction     3.26       68     1     B
324      139     99    29    30      99      40     40      0      4       4   A  QuietGame     3.06       68     0     A
323      197    157    33    35     157      40     40      1      2      -1   B  QuietGame     3.28       67     1     A
326      128     88    18    18      88      40     40      0      2       0   B  QuietGame     3.25       67     0     B
322      225    185    30    32     185      40     40      1      3      -2   B  QuietGame     3.06       67     0     B
320      258    218    34    36     218      40     40      2      2       0   B  QuietGame     3.04       68     0     B
328      127     87    17    18      87      40     40      0      6       6   A  QuietGame     3.21       68     0     A
325      177    137    35    35     177       0     24      2      3       3   A  Reduction     3.29       68     1     B
329      167    127    31    32     127      40     40      1      5      -4   B  QuietGame     3.00       68     1     A
330      131     91    32    34     131       0     13      6      4       4   A  Reduction     3.19       68     0     A
327      225    185    36    36     225       0     21      4      2       2   A  Reduction     3.27       67     1     B
332      165    125    30    31     165       0     29      0      7       7   A  Reduction     3.25       68     0     A
331      176    136    34    34     136      40     40      0      3       2   A  QuietGame     3.31       68     1     B
335      147    107    31    33     147       0     19      0      5       5   A  Reduction     3.10       68     1     B
333      193    153    26    27     153      40     40      3      3      -1   B  QuietGame     3.19       68     1     A
338      114     74    16    17      74      40     40      0      6       5   A  QuietGame     3.10       68     0     A
334      188    148    34    34     148      40     40      4      2       0   B  QuietGame     3.18       68     0     B
337      128     88    14    14      88      40     40      0      3       2   A  QuietGame     3.13       68     1     B
340      122     82    31    32     122       0     15      1      6      -6   B  Reduction     3.24       67     0     B
336      197    157    33    34     157      40     40      3      2       0   B  QuietGame     2.93       68     0     B
343      104     64    13    15      64      40     40      0      2       1   B  QuietGame     3.03       68     1     A
339      164    124    31    33     164       0     30      1      5      -5   B  Reduction     3.19       68     1     A
342      129     89    33    33     129       0     20      0      5       5   A  Reduction     3.38       68     0     A
341      149    109    34    34     149       0     36      0      4       4   A  Reduction     3.33       67     1     B
345      158    118    32    33     118      40     40      2      2       1   B  QuietGame     3.22       68     1     A
350       97     57    14    14      57      40     40      1      1       0   B  QuietGame     3.07       68     0     B
351       97     57    14    14      57      40     40      1      1       0   B  QuietGame     3.09       68     1     A
344      198    158    35    36     158      40     40      2      3       0   B  QuietGame     3.29       68     0     B
348      121     81    21    22      81      40     40      1      3      -2   B  QuietGame     3.24       67     0     B
347      181    141    31    31     141      40     40      2      3       1   B  QuietGame     3.00       68     1     A
349      160    120    32    32     120      40     40      0      5       4   A  QuietGame     3.30       67     1     B
346      209    169    32    32     169      40     40      2      2       2   A  QuietGame     3.28       68     0     A
352      136     96    34    34     136       0      7      1      4      -4   B  Reduction     3.25       68     0     B
355      110     70     8     9      70      40     40      2      2       1   B  QuietGame     3.06       68     1     A
353      136     96    34    34     136       0      7      1      4      -4   B  Reduction     3.24       68     1     A
357      127     87    12    14      87      40     40      3      2       0   B  QuietGame     2.78       68     1     A
358      137     97    32    32     137       0     17      0      6       6   A  Reduction     3.16       68     0     A
354      213    173    32    33     173      40     40      0      3       3   A  QuietGame     3.21       68     0     A
356      210    170    31    31     210       0     35      1      7      -7   B  Reduction     3.21       68     0     B
361      138     98    20    22      98      40     40      0      3       2   A  QuietGame     3.15       68     1     B
360      157    117    26    29     157       0     21      0      9       9   A  Reduction     3.16       68     0     A
365      118     78     5     5      78      40     40      0      3       1   B  QuietGame     3.31       67     1     A
364      147    107    28    29     147       0     33      0      9       9   A  Reduction     3.21       67     0     A
359      259    219    32    32     219      40     40      0      4       4   A  QuietGame     3.29       68     1     B
368      100     60    14    14      60      40     40      0      1       0   B  QuietGame     3.10       68     0     B
362      230    190    36    36     190      40     40      8      1       0   B  QuietGame     3.22       67     0     B
363      210    170    36    36     170      40     40      6      2       0   B  QuietGame     3.13       67     1     A
366      182    142    35    35     142      40     40      2      2       1   B  QuietGame     3.38       68     0     B
371      119     79    30    32     119       0      6      0      6       6   A  Reduction     3.26       68     1     B
367      213    173    35    35     213       0     26      2      3       3   A  Reduction     3.25       68     1     B
372      135     95    29    29     135       0     15      0      9       9   A  Reduction     3.31       68     0     A
369      183    143    34    34     183       0     25      0      4       4   A  Reduction     3.25       68     1     B
370      175    135    34    35     175       0     36      0      3       3   A  Reduction     3.38       68     0     A
373      195    155    31    30     195       0     35      0      8       8   A  Immobilize     3.32       68     1     B
375      183    143    33    34     143      40     40      2      2       2   A  QuietGame     3.19       68     1     B
377      171    131    31    32     131      40     40      0      4       4   A  QuietGame     3.16       68     1     B
374      249    209    35    35     209      40     40      1      2      -1   B  QuietGame     3.07       68     0     B
381      131     91    32    32     131       0     11      0      6       6   A  Reduction     3.22       67     1     B
380      172    132    31    32     132      40     40      0      5       4   A  QuietGame     3.34       67     0     A
376      236    196    35    36     196      40     40      6      2       0   B  QuietGame     3.12       68     0     B
378      215    175    32    33     175      40     40      3      2      -1   B  QuietGame     3.06       68     0     B
379      202    162    35    35     202       0     34      1      3      -3   B  Reduction     3.19       68     1     A
384      111     71    10    13      71      40     40      0      3       3   A  QuietGame     2.82       68     0     A
382      193    153    34    34     193       0     18      2      4       4   A  Reduction     3.31       68     0     A
389      102     62    13    16      62      40     40      0      4       2   A  QuietGame     2.94       68     1     B
387      124     84    15    17      84      40     40      0      2       1   B  QuietGame     3.09       68     1     A
385      160    120    26    27     120      40     40      1      5      -5   B  QuietGame     3.18       68     1     A
386      168    128    32    35     128      40     40      0      2       1   B  QuietGame     3.03       68     0     B
390      113     73    10    11      73      40     40      3      2      -1   B  QuietGame     2.88       68     0     B
388      171    131    33    33     131      40     40      2      3       3   A  QuietGame     3.28       68     0     A
391      116     76    20    20      76      40     40      2      1       0   B  QuietGame     3.25       68     1     A
383      260    220    32    32     220      40     40      0      3       2   A  QuietGame     3.29       68     1     B
393      127     87    32    32     127       0     12      2      6       6   A  Reduction     3.22       68     1     B
397       98     58     9     9      58      40     40      1      1      -1   B  QuietGame     3.21       68     1     A
396      104     64    15    15      64      40     40      0      2       1   B  QuietGame     2.96       68     0     B
395      115     75    15    15      75      40     40      0      3       3   A  QuietGame     3.26       68     1     B
392      182    142    33    33     142      40     40      0      4       3   A  QuietGame     3.44       68     0     A
394      167    127    33    34     167       0     35      0      4       4   A  Reduction     3.34       68     0     A
399      148    108    32    34     148       0     23      1      4      -4   B  Reduction     3.26       68     1     A
402       97     57    11    13      57      40     40      0      3       3   A  QuietGame     2.81       67     0     A
398      195    155    27    27     155      40     40      1      6      -5   B  QuietGame     3.24       68     0     B
403      137     97    29    30     137       0     33      0      8       8   A  Reduction     3.07       67     1     B
405       93     53     9     9      53      40     40      1      2      -1   B  QuietGame     3.09       68     1     A
404      127     87    34    34     127       0     13      0      4       4   A  Reduction     3.28       68     0     A
401      194    154    33    33     154      40     40      0      4       3   A  QuietGame     3.34       68     1     B
406      129     89    29    32     129       0      8      0      6       6   A  Reduction     3.15       67     0     A
400      252    212    32    33     212      40     40      1      3      -3   B  QuietGame     3.34       68     0     B
408      113     73    29    32     113       0      8      0      6       6   A  Reduction     3.24       68     0     A
407      164    124    28    29     124      40     40      1      3      -1   B  QuietGame     3.06       67     1     A
411      156    116    30    31     116      40     40      0      6       5   A  QuietGame     3.22       68     1     B
412      127     87    16    17      87      40     40      4      1       1   B  QuietGame     3.39       67     0     B
409      205    165    35    36     165      40     40      3      2       0   B  QuietGame     3.31       68     1     A
410      228    188    34    34     188      40     40      1      2      -2   B  QuietGame     3.34       68     0     B
414      152    112    29    29     112      40     40      2      2       1   B  QuietGame     3.25       68     0     B
415      200    160    34    34     160      40     40      4      2       0   B  QuietGame     3.34       68     1     A
413      259    219    29    30     219      40     40      0      6       6   A  QuietGame     3.18       67     1     B
416      217    177    33    34     217       0     34      0      4       4   A  Reduction     2.75       69     0     A
421      111     71    29    31     111       0      7      0      7       7   A  Reduction     3.15       68     1     B
420      129     89    18    19      89      40     40      0      2       1   B  QuietGame     3.19       68     0     B
418      180    140    34    34     140      40     40      2      3       2   A  QuietGame     3.32       68     0     A
419      162    122    36    36     162       0     15      3      3      -2   B  Reduction     3.35       68     1     A
417      194    154    34    34     154      40     40      2      3       2   A  QuietGame     3.28       69     1     B
423      102     62    17    17      62      40     40      3      1      -1   B  QuietGame     3.24       68     1     A
424      105     65    15    15      65      40     40      0      2       1   B  QuietGame     2.94       68     0     B
427      121     81    17    17      81      40     40      0      3       3   A  QuietGame     3.26       68     1     B
428      174    134    33    34     134      40     40      0      3       2   A  QuietGame     3.37       67     0     A
429      186    146    33    33     146      40     40      3      3      -3   B  QuietGame     3.57       67     1     A
425      201    161    29    31     161      40     40      0      4       3   A  QuietGame     3.25       68     1     B
422      269    229    31    31     229      40     40      3      4      -3   B  QuietGame     3.24       68     0     B
431      147    107    31    32     107      40     40      0      2       2   A  QuietGame     3.00       68     1     B
426      227    187    30    31     187      40     40      0      5       5   A  QuietGame     3.25       68     0     A
434      103     63    16    16      63      40     40      1      1       0   B  QuietGame     3.24       68     0     B
435      103     63    16    16      63      40     40      1      1       0   B  QuietGame     3.24       68     1     A
430      229    189    35    35     189      40     40      1      2      -1   B  QuietGame     3.24       68     0     B
432      234    194    34    36     194      40     40      4      2       0   B  QuietGame     3.25       68     0     B
436      169    129    29    31     129      40     40      1      4      -3   B  QuietGame     3.22       69     0     B
433      219    179    34    36     179      40     40      5      2       0   B  QuietGame     3.19       68     1     A
437      182    142    28    30     142      40     40      0      7       6   A  QuietGame     3.01       69     1     B
438      180    140    35    35     140      40     40      4      2       1   B  QuietGame     3.22       68     0     B
439      124     84    19    19      84      40     40      3      1      -1   B  QuietGame     3.26       68     1     A
441      196    156    34    34     156      40     40      2      3       2   A  QuietGame     3.34       68     1     B
446      106     66    21    21      66      40     40      0      2       1   B  QuietGame     3.13       68     0     B
442      154    114    29    30     114      40     40      1      6      -6   B  QuietGame     3.22       68     0     B
440      226    186    34    34     186      40     40      2      3       2   A  QuietGame     3.38       68     0     A
445      147    107    29    30     107      40     40      0      6       6   A  QuietGame     3.04       68     1     B
443      202    162    31    34     162      40     40      4      3       0   B  QuietGame     3.21       68     1     A
447      185    145    33    35     145      40     40      3      2      -1   B  QuietGame     3.28       68     1     A
444      221    181    34    34     181      40     40      5      1       0   B  QuietGame     3.29       68     0     B
450      127     87    30    33     127       0      9      0      5       5   A  Reduction     3.21       68     0     A
451      117     77    25    26     117       0     10      0      9       9   A  Immobilize     3.18       68     1     B
449      164    124    34    34     164       0     24      1      4      -4   B  Reduction     3.31       68     1     A
452      182    142    30    31     142      40     40      0      6       5   A  QuietGame     2.97       68     0     A
454      144    104    32    33     104      40     40      1      3      -3   B  QuietGame     3.31       67     0     B
448      257    217    30    31     217      40     40      0      5       5   A  QuietGame     3.15       68     0     A
455      162    122    31    32     122      40     40      0      3       2   A  QuietGame     3.34       67     1     B
453      190    150    26    27     150      40     40      6      2       1   B  QuietGame     3.24       68     1     A
457      169    129    31    31     129      40     40      0      5       5   A  QuietGame     3.30       69     1     B
456      199    159    32    33     159      40     40      2      3       3   A  QuietGame     3.23       69     0     A
458      167    127    20    21     127      40     40      0      5       5   A  QuietGame     3.24       67     0     A
463       99     59    13    14      59      40     40      1      1       0   B  QuietGame     3.06       68     1     A
460      151    111    29    30     151       0     16      0      8       8   A  Reduction     3.25       67     0     A
459      211    171    24    27     171      40     40      0      7       7   A  QuietGame     2.73       67     1     B
464      156    116    31    31     116      40     40      1      2      -1   B  QuietGame     3.38       68     0     B
462      191    151    29    29     151      40     40      0      5       5   A  QuietGame     3.28       68     0     A
465      159    119    17    20     119      40     40      0      3       2   A  QuietGame     3.22       68     1     B
466      173    133    31    33     133      40     40      0      3       3   A  QuietGame     3.22       68     0     A
468      129     89    32    33     129       0     13      0      5       5   A  Reduction     3.15       68     0     A
467      148    108    27    27     108      40     40      4      2       1   B  QuietGame     3.35       68     1     A
461      270    230    36    36     230      40     40      8      1       0   B  QuietGame     3.33       67     1     A
469      141    101    18    19     101      40     40      1      5      -3   B  QuietGame     3.06       68     1     A
471      119     79    13    15      79      40     40      0      2       1   B  QuietGame     3.22       67     1     A
474      133     93    34    34     133       0     12      0      4       4   A  Reduction     3.25       68     0     A
470      181    141    34    34     141      40     40      0      2       2   A  QuietGame     3.43       67     0     A
472      159    119    36    36     159       0     16      2      2       2   A  Reduction     3.35       68     0     A
473      170    130    35    35     170       0     26      1      3      -3   B  Reduction     3.34       68     1     A
478      112     72    14    14      72      40     40      1      2      -2   B  QuietGame     3.22       69     0     B
475      195    155    29    30     155      40     40      3      3      -2   B  QuietGame     3.32       68     1     A
477      153    113    22    22     113      40     40      0      4       4   A  QuietGame     2.96       68     1     B
479      110     70    11    12      70      40     40      0      3       2   A  QuietGame     3.16       69     1     B
476      225    185    30    30     185      40     40      4      4       4   A  QuietGame     3.41       68     0     A
480      164    124    34    34     124      40     40      2      2       0   B  QuietGame     3.22       68     0     B
483      124     84    21    22      84      40     40      2      3       2   A  QuietGame     3.16       67     1     B
481      171    131    27    29     131      40     40      1      2      -1   B  QuietGame     3.18       68     1     A
485      151    111    26    28     111      40     40      0      8       8   A  QuietGame     2.96       68     1     B
482      210    170    32    33     170      40     40      3      2      -1   B  QuietGame     3.15       67     0     B
484      172    132    33    33     132      40     40      1      3      -3   B  QuietGame     3.25       68     0     B
487      178    138    31    32     178       0     21      1      6      -6   B  Reduction     3.26       68     1     A
486      232    192    33    35     192      40     40      5      2      -1   B  QuietGame     3.21       68     0     B
489      167    127    31    32     127      40     40      1      5      -4   B  QuietGame     3.13       67     1     A
490      182    142    30    31     142      40     40      0      4       3   A  QuietGame     3.19       68     0     A
493      128     88    18    20      88      40     40      3      2      -2   B  QuietGame     3.26       68     1     A
488      223    183    34    34     183      40     40      5      3      -2   B  QuietGame     3.27       67     0     B
492      150    110    34    34     150       0     11      1      4      -4   B  Reduction     3.29       68     0     B
491      182    142    33    34     182       0     25      1      4      -4   B  Reduction     2.97       68     1     A
495      118     78    13    14      78      40     40      1      2      -2   B  QuietGame     3.22       68     1     A
498      100     60    15    17      60      40     40      1      2      -1   B  QuietGame     3.10       68     0     B
494      197    157    34    35     157      40     40      0      3       1   B  QuietGame     3.15       68     0     B
500      118     78     4     4      78      40     40      0      2       0   B  QuietGame     3.28       68     0     B
496      177    137    33    33     137      40     40      0      2       1   B  QuietGame     3.23       69     0     B
497      173    133    31    34     173       0     18      2      4       4   A  Reduction     3.06       69     1     B
501      151    111    31    32     151       0     15      0      6       6   A  Reduction     2.87       68     1     B
499      203    163    33    33     163      40     40      3      4      -3   B  QuietGame     3.28       68     1     A
502      157    117    30    31     157       0     23      0      7       7   A  Reduction     3.34       68     0     A
505      117     77    15    16      77      40     40      1      2       0   B  QuietGame     3.12       66     1     A
507      131     91    13    13      91      40     40      0      5       5   A  QuietGame     3.29       68     1     B
503      190    150    32    33     150      40     40      1      3      -3   B  QuietGame     3.32       68     1     A
504      200    160    35    35     200       0     32      1      3      -3   B  Reduction     3.30       66     0     B
506      204    164    34    34     164      40     40      2      2       0   B  QuietGame     3.44       68     0     B
508      163    123    33    35     163       0     18      0      4       3   A  Reduction     2.88       68     0     A
510      177    137    32    34     137      40     40      5      3      -2   B  QuietGame     3.15       67     0     B
509      189    149    34    34     189       0     23      0      4       4   A  Reduction     3.28       68     1     B
514      122     82    30    31     122       0     11      1      7      -7   B  Reduction     3.22       68     0     B
515      119     79    10    11      79      40     40      0      5       5   A  QuietGame     3.15       68     1     B
511      226    186    35    35     186      40     40      3      2      -1   B  QuietGame     3.31       67     1     A
516      121     81    18    19      81      40     40      1      2      -1   B  QuietGame     3.10       69     0     B
512      196    156    23    23     156      40     40      3      3      -3   B  QuietGame     3.28       68     0     B
513      196    156    23    23     156      40     40      3      3      -3   B  QuietGame     3.29       68     1     A
519      128     88    16    19      88      40     40      3      2      -1   B  QuietGame     3.13       68     1     A
517      163    123    28    30     163       0     34      0      8       8   A  Reduction     3.16       69     1     B
518      183    143    29    30     143      40     40      0      3       2   A  QuietGame     3.26       68     0     A
522      142    102    33    34     142       0     11      1      4      -4   B  Reduction     3.03       68     0     B
524      169    129    34    35     169       0     18      0      3       3   A  Reduction     3.22       68     0     A
523      176    136    34    34     176       0     21      1      4      -4   B  Reduction     3.28       68     1     A
521      201    161    34    35     161      40     40      3      2      -1   B  QuietGame     3.28       68     1     A
520      237    197    34    36     197      40     40      5      2       0   B  QuietGame     3.09       68     0     B
525      159    119    30    31     159       0     17      0      7       7   A  Reduction     3.25       68     1     B
526      181    141    32    35     181       0     30      0      3       3   A  Reduction     3.12       68     0     A
528      141    101    13    14     101      40     40      0      4       4   A  QuietGame     2.82       68     0     A
527      181    141    32    35     181       0     30      0      3       3   A  Reduction     3.12       68     1     B
531      165    125    32    36     165       0     20      4      3       2   A  Reduction     3.18       68     1     B
529      184    144    30    31     144      40     40      1      5      -5   B  QuietGame     3.24       68     1     A
530      198    158    32    32     158      40     40      1      4      -4   B  QuietGame     3.21       68     0     B
532      199    159    33    33     159      40     40      0      3       3   A  QuietGame     3.26       68     0     A
534      162    122    32    33     122      40     40      0      2       1   B  QuietGame     3.26       68     0     B
533      185    145    31    31     185       0     22      0      7       7   A  Reduction     3.26       68     1     B
535      167    127    28    30     127      40     40      0      4       4   A  QuietGame     3.01       68     1     B
536      169    129    34    34     129      40     40      1      3       0   B  QuietGame     3.31       67     0     B
539      105     65    19    21      65      40     40      0      2       1   B  QuietGame     3.13       68     1     A
538      160    120    32    34     160       0     15      1      4      -4   B  Reduction     3.15       68     0     B
537      182    142    35    35     182       0     20      3      3      -3   B  Reduction     3.28       67     1     A
543      110     70    12    14      70      40     40      1      2      -2   B  QuietGame     2.99       67     1     A
541      153    113    31    31     153       0     11      2      7       7   A  Reduction     3.22       67     1     B
542      156    116    36    36     156       0     16      3      2      -2   B  Reduction     3.31       67     0     B
540      171    131    32    35     131      40     40      0      2       1   B  QuietGame     3.15       67     0     B
546      111     71    18    19      71      40     40      1      4      -3   B  QuietGame     3.21       67     0     B
545      170    130    31    33     130      40     40      3      3      -3   B  QuietGame     3.26       68     1     A
547      153    113    32    32     113      40     40      0      4       4   A  QuietGame     3.22       67     1     B
544      247    207    36    36     207      40     40      3      2       0   B  QuietGame     3.28       68     0     B
548      183    143    34    34     143      40     40      0      3       2   A  QuietGame     2.93       68     0     A
549      163    123    34    34     163       0     25      0      4       4   A  Reduction     3.31       68     1     B
551      165    125    34    34     125      40     40      3      3      -2   B  QuietGame     3.43       68     1     A
552      165    125    27    31     125      40     40      0      6       5   A  QuietGame     3.15       68     0     A
550      209    169    34    34     169      40     40      1      3      -2   B  QuietGame     3.28       68     0     B
553      165    125    25    29     125      40     40      0      7       7   A  QuietGame     3.15       68     1     B
557      111     71    13    14      71      40     40      0      4       4   A  QuietGame     3.15       68     1     B
555      187    147    33    33     187       0     23      0      5       5   A  Reduction     3.33       67     1     B
556      175    135    25    29     135      40     40      0      7       7   A  QuietGame     2.82       68     0     A
558      167    127    31    32     167       0     19      0      6       6   A  Reduction     3.22       68     0     A
562       99     59     7     9      59      40     40      0      3       3   A  QuietGame     3.10       67     0     A
554      259    219    35    36     219      40     40      5      2       0   B  QuietGame     3.28       67     0     B
559      175    135    32    34     175       0     30      0      4       4   A  Reduction     3.19       68     1     B
560      192    152    34    34     152      40     40      2      2       0   B  QuietGame     3.46       68     0     B
566       87     47     5     5      47      40     40      0      1       1   B  QuietGame     3.01       67     0     B
565      117     77    31    32     117       0     14      0      6       6   A  Reduction     3.19       67     1     B
564      141    101    32    34     101      40     40      5      2       0   B  QuietGame     2.96       67     0     B
561      250    210    33    33     210      40     40      2      4       3   A  QuietGame     3.24       68     1     B
567      125     85    11    11      85      40     40      0      5       5   A  QuietGame     3.13       67     1     B
563      183    143    32    33     143      40     40      2      3       3   A  QuietGame     3.15       67     1     B
568      181    141    30    30     141      40     40      0      6       6   A  QuietGame     3.34       68     0     A
569      169    129    34    34     129      40     40      7      1       0   B  QuietGame     3.32       68     1     A
570      169    129    35    35     169       0     34      0      3       3   A  Reduction     3.34       68     0     A
572      153    113    33    34     153       0     18      0      4       4   A  Reduction     3.00       68     0     A
574      141    101    30    31     101      40     40      2      5       5   A  QuietGame     3.28       67     0     A
575      144    104    29    30     104      40     40      0      5       4   A  QuietGame     3.31       67     1     B
571      215    175    28    29     175      40     40      0      7       7   A  QuietGame     3.26       68     1     B
577      164    124    33    33     124      40     40      0      4       3   A  QuietGame     3.37       68     1     B
573      256    216    32    34     216      40     40      1      3      -2   B  QuietGame     3.21       68     1     A
578      158    118    34    34     158       0     21      1      4      -4   B  Reduction     3.35       68     0     B
582      110     70    19    20      70      40     40      0      3       2   A  QuietGame     3.15       68     0     A
576      234    194    33    35     194      40     40      3      2      -1   B  QuietGame     3.26       68     0     B
579      194    154    32    34     154      40     40      0      4       2   A  QuietGame     3.18       68     1     B
581      187    147    35    36     187       0     21      0      2       2   A  Reduction     3.29       68     1     B
584      139     99    29    31     139       0     23      0      7       7   A  Reduction     3.22       68     0     A
580      278    238    36    36     238      40     40      2      3       0   B  QuietGame     3.16       68     0     B
585      200    160    32    33     160      40     40      1      4      -3   B  QuietGame     3.19       68     1     A
586      192    152    35    35     152      40     40      4      2       1   B  QuietGame     3.24       68     0     B
588      172    132    33    34     132      40     40      0      3       2   A  QuietGame     3.13       68     0     A
587      183    143    34    34     183       0     18      0      4       4   A  Reduction     3.35       68     1     B
583      246    206    34    35     206      40     40      0      2       1   B  QuietGame     3.19       68     1     A
589      195    155    36    36     195       0     35      0      3       2   A  Reduction     3.41       68     1     B
590      168    128    32    32     128      40     40      4      1       0   B  QuietGame     3.32       68     0     B
593       92     52     7     8      52      40     40      2      1       0   B  QuietGame     3.00       68     1     A
594      125     85    17    17      85      40     40      0      3       3   A  QuietGame     2.93       67     0     A
596      136     96    36    36     136       0     12      1      2      -2   B  Reduction     3.32       68     0     B
591      210    170    36    36     210       0     27      5      2      -2   B  Reduction     3.28       68     1     A
595      156    116    29    30     156       0     38      1      8      -8   B  Reduction     3.16       67     1     A
592      185    145    34    35     145      40     40      1      2      -1   B  QuietGame     3.29       68     0     B
598      120     80    21    21      80      40     40      0      3      -3   B  QuietGame     3.19       68     0     B
600      105     65     7     7      65      40     40      2      1       1   B  QuietGame     2.67       67     0     B
597      183    143    31    31     183       0     25      0      7       7   A  Reduction     3.22       68     1     B
599      195    155    26    28     155      40     40      0      6       6   A  QuietGame     3.22       68     1     B
601      168    128    33    33     168       0     19      1      5      -5   B  Reduction     3.31       67     1     A
605      153    113    33    33     113      40     40      5      2      -1   B  QuietGame     3.31       68     1     A
606      139     99    34    34     139       0     16      0      4       4   A  Reduction     3.06       66     0     A
602      204    164    29    29     164      40     40      0      4       3   A  QuietGame     3.41       68     0     A
604      186    146    30    30     146      40     40      1      6      -6   B  QuietGame     3.38       68     0     B
603      209    169    32    33     169      40     40      0      3       3   A  QuietGame     3.32       68     1     B
607      200    160    34    34     160      40     40      0      4       2   A  QuietGame     3.32       66     1     B
613      101     61    13    15      61      40     40      4      1       1   B  QuietGame     3.19       68     1     A
609      165    125    32    34     165       0     19      1      4       4   A  Reduction     3.26       68     1     B
608      206    166    33    34     206       0     32      3      4      -4   B  Reduction     3.24       68     0     B
614      164    124    34    34     164       0     18      1      4      -4   B  Reduction     3.41       68     0     B
612      179    139    33    33     139      40     40      1      2      -1   B  QuietGame     3.34       68     0     B
615      153    113    34    35     153       0     13      2      3       3   A  Reduction     3.25       68     1     B
610      235    195    36    36     195      40     40      3      2       0   B  QuietGame     3.21       68     0     B
611      249    209    33    34     209      40     40      3      3      -2   B  QuietGame     2.87       68     1     A
616      203    163    35    35     163      40     40      0      2       1   B  QuietGame     3.30       67     0     B
619      137     97    33    33     137       0     11      0      5       5   A  Reduction     3.35       69     1     B
618      198    158    32    33     158      40     40      1      3      -3   B  QuietGame     3.22       69     0     B
617      231    191    34    34     191      40     40      1      2       0   B  QuietGame     3.30       67     1     A

games                620
mean plies           165.7   (movement 125.7)
mean captures        28.1
mean removals        28.9
mean dead tail       27.1   plies after the last capture or removal
mean longest quiet   34.3
mean lead changes    1.2   (320 of 620 games had any)
mean peak margin     3.6
mean final margin    3.1   (absolute)
ended by quiet game  420  (68%)
ended by reduction   198  (32%)
ended by immobilize  2  (0%)
won by A / B         330 / 290
mean depth           3.21   (over 42040 searched opening plies)
wall clock           5949.82 s

weight-set A wins    312 / 620  (50.3%)   [as P0: 166/310, as P1: 146/310]
weight-set B wins    308 / 620
quiet-game share     A-wins 66.0%   B-wins 69.5%   all 67.7%
95% threshold        wins >= 331 of 620 (one-sided): neither side significant
csv line appended to doc\bench\sweeps\2026-08-26-round2\confirm.csv

wins 312/620 (threshold 331), quiet 67.74% (limit 74.5%), captures 28.13 (floor 24.669)
REJECT: no significant strength gain.
