sweep stage 'baseline' -> doc/bench/sweeps/2026-08-26-round2
>> ./cmake-build-release/latrunculi_game/latrunculi_bench.exe pairs=100 ms=500 seed=777001 threads=8 rows=8 columns=10 perside=20 csv=doc\bench\sweeps\2026-08-26-round2\baseline.csv wA.threat=0.25 wA.pair=0.02 wA.mobility=0.02 wA.centre=0.2 wA.vulnerableAxes=-0.03 wA.oneMoveCapturable=-0.9 wA.spearheadPairs=0.15 wA.diagonalSupport=0.06 wA.deniedSquares=0.04 wA.strikers=0.05 wA.notchExposure=-0.12 wB.threat=0.25 wB.pair=0.02 wB.mobility=0.02 wB.centre=0.2 wB.vulnerableAxes=-0.03 wB.oneMoveCapturable=-0.9 wB.spearheadPairs=0.15 wB.diagonalSupport=0.06 wB.deniedSquares=0.04 wB.strikers=0.05 wB.notchExposure=-0.12
Latrunculi bench: 100 mirrored A-vs-B pairs (200 games), 8x10, 20 per side, slide, convex payoff, komi 1.5, policy placement, 500 ms per searched ply, 8 threads
base seed: 777001  (pair p uses seed base+p; even game index = set A as P0)
XML: not saved   memory tracking level: 0

game   plies  moveP  capt  remv lastAct    tail  quiet   lead   peak  margin win  reason    depth    srchd  AasP  wSet
2        148    108    24    24     108      40     40      0      5       4   A  QuietGame     3.36       67     0     A
5        165    125    32    32     165       0     12      0      6       6   A  Reduction     3.25       68     1     B
4        165    125    32    32     165       0     12      0      6       6   A  Reduction     3.28       68     0     A
0        178    138    31    31     138      40     40      2      2       1   B  QuietGame     3.41       68     0     B
3        180    140    33    34     180       0     26      1      4      -4   B  Reduction     3.22       67     1     A
7        180    140    31    32     140      40     40      7      3       2   A  QuietGame     3.40       68     1     B
6        213    173    34    35     213       0     36      7      3       3   A  Reduction     3.46       68     0     A
1        225    185    31    31     185      40     40      2      5       5   A  QuietGame     3.41       68     1     B
8        126     86    13    14      86      40     40      0      2       0   B  QuietGame     3.07       68     0     B
9        131     91    17    18      91      40     40      1      2       0   B  QuietGame     3.13       68     1     A
11       134     94    19    20      94      40     40      0      3       2   A  QuietGame     3.49       67     1     B
12       153    113    29    32     113      40     40      0      2       2   A  QuietGame     3.25       68     0     A
13       161    121    33    36     161       0     33      0      2       2   A  Reduction     3.25       68     1     B
14       130     90    24    25      90      40     40      0      2       1   B  QuietGame     3.24       68     0     B
15       155    115    26    27     115      40     40      0      4       3   A  QuietGame     3.21       68     1     B
10       225    185    36    36     185      40     40      7      2       0   B  QuietGame     3.27       67     0     B
16       158    118    31    32     158       0     23      1      6      -6   B  Reduction     3.32       68     0     B
17       178    138    30    31     178       0     21      1      7      -7   B  Reduction     3.31       68     1     A
23        95     55    10    11      55      40     40      0      3       3   A  QuietGame     2.97       68     1     B
19       152    112    33    33     112      40     40      3      2      -1   B  QuietGame     3.37       68     1     A
21       158    118    32    32     118      40     40      2      3       2   A  QuietGame     3.04       67     1     B
22       148    108    23    26     108      40     40      2      2       0   B  QuietGame     3.28       68     0     B
18       219    179    35    35     179      40     40      3      2      -1   B  QuietGame     3.40       68     0     B
20       195    155    35    35     155      40     40      1      2       1   B  QuietGame     3.31       67     0     B
24       186    146    32    33     146      40     40      4      2       1   B  QuietGame     3.18       68     0     B
28       128     88    32    32     128       0      9      1      6      -6   B  Reduction     3.00       68     0     B
30       127     87    16    16      87      40     40      0      4       4   A  QuietGame     3.39       67     0     A
25       186    146    32    33     146      40     40      4      2       1   B  QuietGame     3.16       68     1     A
26       187    147    36    36     187       0     29      2      2       2   A  Reduction     3.28       68     0     A
27       189    149    36    36     189       0     31      2      2       2   A  Reduction     3.28       68     1     B
29       177    137    30    32     137      40     40      3      2       0   B  QuietGame     3.09       68     1     A
31       205    165    32    32     205       0     35      0      6       6   A  Reduction     3.36       67     1     B
34       107     67    17    17      67      40     40      0      3       3   A  QuietGame     3.19       67     0     A
32       174    134    32    33     174       0     30      1      5      -5   B  Reduction     3.28       68     0     B
33       180    140    34    35     140      40     40      7      1      -1   B  QuietGame     3.07       68     1     A
35       151    111    34    34     151       0     29      0      4       4   A  Reduction     3.21       67     1     B
38       137     97    30    31     137       0     30      0      7       7   A  Reduction     3.13       68     0     A
37       172    132    33    33     132      40     40      1      3      -3   B  QuietGame     3.21       68     1     A
36       199    159    34    35     159      40     40      1      2      -1   B  QuietGame     3.16       68     0     B
40       136     96    31    31     136       0      7      1      7      -7   B  Reduction     3.30       67     0     B
39       195    155    29    30     195       0     36      0      8       8   A  Reduction     3.15       68     1     B
45       112     72    15    17      72      40     40      1      2      -1   B  QuietGame     3.09       68     1     A
41       189    149    32    33     149      40     40      1      4      -3   B  QuietGame     3.06       67     1     A
42       180    140    33    33     140      40     40      5      3      -3   B  QuietGame     3.21       67     0     B
43       198    158    35    35     198       0     18      1      3      -3   B  Reduction     3.28       67     1     A
44       173    133    33    35     173       0     24      2      3       3   A  Reduction     3.16       68     0     A
49        94     54     9    10      54      40     40      0      3       2   A  QuietGame     3.24       68     1     B
48       129     89    29    31     129       0     25      0      7       7   A  Reduction     3.19       68     0     A
47       200    160    33    33     160      40     40      0      2       1   B  QuietGame     3.13       68     1     A
46       223    183    34    34     183      40     40      0      4       2   A  QuietGame     3.22       68     0     A
54       107     67    14    14      67      40     40      0      4       4   A  QuietGame     3.07       68     0     A
55       107     67    14    14      67      40     40      0      4       4   A  QuietGame     3.09       68     1     B
52       171    131    30    33     131      40     40      4      3       3   A  QuietGame     3.16       68     0     A
53       171    131    31    34     131      40     40      4      3       2   A  QuietGame     3.18       68     1     B
51       214    174    33    34     174      40     40      2      3       2   A  QuietGame     3.13       68     1     B
56       141    101    33    34     141       0     17      0      4       4   A  Reduction     3.26       68     0     A
50       248    208    34    35     208      40     40      5      2      -1   B  QuietGame     3.12       68     0     B
57       141    101    33    34     141       0     17      0      4       4   A  Reduction     3.25       68     1     B
58        99     59     8     8      59      40     40      0      4       4   A  QuietGame     3.22       68     0     A
59       117     77     9     9      77      40     40      0      5       5   A  QuietGame     3.28       68     1     B
60       164    124    34    35     164       0     26      1      3      -3   B  Reduction     3.38       68     0     B
62       165    125    34    36     165       0     36      4      2       2   A  Reduction     3.32       68     0     A
63       161    121    32    32     121      40     40      1      2       0   B  QuietGame     3.31       68     1     A
61       228    188    32    33     228       0     39      1      5      -5   B  Reduction     3.35       68     1     A
64       197    157    32    32     197       0     22      0      6       6   A  Reduction     3.36       67     0     A
65       196    156    32    32     156      40     40      0      5       4   A  QuietGame     3.27       67     1     B
66       236    196    35    35     196      40     40      0      3       1   B  QuietGame     3.19       68     0     B
67       211    171    36    36     211       0     31      0      3       2   A  Reduction     3.24       68     1     B
68       190    150    30    31     150      40     40      1      5      -5   B  QuietGame     3.43       68     0     B
72       110     70    14    15      70      40     40      1      2      -1   B  QuietGame     3.12       67     0     B
70       158    118    31    32     118      40     40      0      5       4   A  QuietGame     3.22       68     0     A
69       190    150    30    31     150      40     40      1      5      -5   B  QuietGame     3.41       68     1     A
74        89     49     4     5      49      40     40      0      3       3   A  QuietGame     3.01       68     0     A
71       151    111    32    33     151       0     30      0      5       5   A  Reduction     3.25       68     1     B
73       207    167    35    36     207       0     25      6      2       2   A  Reduction     3.18       67     1     B
75       148    108    21    22     108      40     40      0      3       0   B  QuietGame     3.24       68     1     A
78       145    105    35    36     145       0     19      0      3       2   A  Reduction     3.16       68     0     A
79       145    105    35    36     145       0     19      0      3       2   A  Reduction     3.16       68     1     B
76       208    168    32    32     168      40     40      3      4      -4   B  QuietGame     3.22       68     0     B
77       208    168    32    32     168      40     40      3      4      -4   B  QuietGame     3.22       68     1     A
80       189    149    36    36     149      40     40      1      1       0   B  QuietGame     3.28       68     0     B
81       182    142    31    31     142      40     40      5      1      -1   B  QuietGame     3.32       68     1     A
84        95     55    10    10      55      40     40      0      2       2   A  QuietGame     3.16       67     0     A
82       171    131    35    35     171       0     26      4      3       3   A  Reduction     3.40       68     0     A
83       171    131    35    35     171       0     26      4      3       3   A  Reduction     3.37       68     1     B
88       165    125    30    30     125      40     40      0      5       4   A  QuietGame     3.23       69     0     A
85       219    179    28    28     179      40     40      0      8       8   A  QuietGame     3.28       67     1     B
87       181    141    33    34     141      40     40      4      2       2   A  QuietGame     3.29       68     1     B
91       126     86    11    13      86      40     40      0      2       1   B  QuietGame     3.18       67     1     A
89       185    145    34    35     145      40     40      3      2      -1   B  QuietGame     3.30       69     1     A
90       175    135    30    31     135      40     40      0      2       1   B  QuietGame     3.27       67     0     B
86       215    175    36    36     175      40     40      7      1       0   B  QuietGame     3.35       68     0     B
92       232    192    36    36     192      40     40      2      1       0   B  QuietGame     3.40       68     0     B
99        97     57     9    10      57      40     40      0      2       2   A  QuietGame     2.91       67     1     B
96       166    126    32    32     126      40     40      0      5       4   A  QuietGame     3.22       67     0     A
93       185    145    34    34     145      40     40      3      1       0   B  QuietGame     3.37       68     1     A
94       185    145    29    31     185       0     30      0      7       7   A  Reduction     3.26       69     0     A
95       193    153    28    30     153      40     40      0      6       6   A  QuietGame     3.28       69     1     B
98       180    140    32    32     140      40     40      1      4      -4   B  QuietGame     3.27       67     0     B
97       192    152    18    20     152      40     40      2      2       0   B  QuietGame     3.16       67     1     A
101      155    115    30    30     115      40     40      0      4       4   A  QuietGame     3.31       68     1     B
106      111     71    18    20      71      40     40      0      5       4   A  QuietGame     3.13       68     0     A
107      111     71    18    20      71      40     40      0      5       4   A  QuietGame     3.13       68     1     B
102      150    110    28    28     110      40     40      1      2      -2   B  QuietGame     3.18       68     0     B
100      202    162    33    33     162      40     40      0      2       1   B  QuietGame     3.04       68     0     B
104      152    112    32    32     112      40     40      0      5       4   A  QuietGame     3.25       68     0     A
103      181    141    33    33     141      40     40      1      2      -1   B  QuietGame     3.19       68     1     A
105      175    135    28    31     135      40     40      1      2      -1   B  QuietGame     3.18       68     1     A
108      106     66    17    19      66      40     40      2      2       1   B  QuietGame     2.91       68     0     B
110      118     78    15    16      78      40     40      0      3       2   A  QuietGame     2.82       67     0     A
114      120     80    15    15      80      40     40      1      1      -1   B  QuietGame     2.96       68     0     B
111      169    129    24    25     129      40     40      0      5       5   A  QuietGame     2.75       67     1     B
113      164    124    32    33     124      40     40      2      2       1   B  QuietGame     3.00       68     1     A
116      142    102    26    28     102      40     40      0      3       2   A  QuietGame     2.99       68     0     A
109      209    169    31    32     169      40     40      0      4       4   A  QuietGame     2.79       68     1     B
112      212    172    32    33     172      40     40      2      2       1   B  QuietGame     2.90       68     0     B
115      181    141    31    31     141      40     40      0      5       5   A  QuietGame     2.81       68     1     B
120      113     73    12    12      73      40     40      4      2       2   A  QuietGame     3.22       68     0     A
117      193    153    33    34     193       0     34      0      4       4   A  Reduction     3.10       68     1     B
121      113     73    12    12      73      40     40      4      2       2   A  QuietGame     3.19       68     1     B
118      164    124    34    35     124      40     40      2      2       1   B  QuietGame     3.19       69     0     B
124      117     77    33    34     117       0     12      0      4       4   A  Reduction     3.25       68     0     A
122      151    111    33    34     151       0     15      0      4       4   A  Reduction     3.29       68     0     A
119      181    141    33    34     141      40     40      2      2       2   A  QuietGame     3.20       69     1     B
125      117     77    33    34     117       0     12      0      4       4   A  Reduction     3.24       68     1     B
127      122     82    29    29     122       0     15      1      9      -9   B  Reduction     3.21       67     1     A
126      142    102    15    15     102      40     40      2      2       1   B  QuietGame     3.18       67     0     B
128      140    100    24    24     100      40     40      0      3       2   A  QuietGame     3.23       66     0     A
123      257    217    35    36     217      40     40      3      2       0   B  QuietGame     3.35       68     1     A
129      161    121    33    33     121      40     40      0      3       3   A  QuietGame     3.17       66     1     B
135      111     71    10    12      71      40     40      0      2       2   A  QuietGame     2.91       68     1     B
132      197    157    26    26     157      40     40      0     10      10   A  QuietGame     3.32       68     0     A
133      178    138    28    28     138      40     40      0      7       6   A  QuietGame     3.35       68     1     B
130      248    208    30    32     208      40     40      0      5       4   A  QuietGame     3.15       68     0     A
134      169    129    33    33     129      40     40      5      2      -1   B  QuietGame     3.12       68     0     B
131      248    208    30    32     208      40     40      0      5       4   A  QuietGame     3.15       68     1     B
136      170    130    34    35     130      40     40      4      2       1   B  QuietGame     3.25       68     0     B
137      189    149    36    36     149      40     40      3      2       0   B  QuietGame     3.28       68     1     A
140      114     74    10    10      74      40     40      0      1       0   B  QuietGame     3.07       68     0     B
139      161    121    31    33     121      40     40      0      3       3   A  QuietGame     3.13       69     1     B
141      157    117    25    25     117      40     40      0      5       5   A  QuietGame     3.18       68     1     B
138      200    160    33    36     200       0     26      1      3      -2   B  Reduction     3.06       69     0     B
142      180    140    31    32     140      40     40      3      3      -2   B  QuietGame     3.15       67     0     B
144      152    112    31    34     152       0     18      3      4      -4   B  Reduction     3.12       68     0     B
143      197    157    29    30     157      40     40      3      7      -6   B  QuietGame     3.13       67     1     A
145      160    120    28    32     120      40     40      3      4      -4   B  QuietGame     3.18       68     1     A
146      162    122    28    28     122      40     40      2      2       0   B  QuietGame     3.24       67     0     B
149      133     93    18    19      93      40     40      5      2      -1   B  QuietGame     3.22       68     1     A
148      162    122    26    27     122      40     40      5      2      -1   B  QuietGame     3.25       68     0     B
147      182    142    34    34     142      40     40      1      2      -2   B  QuietGame     3.25       67     1     A
150      160    120    33    34     120      40     40      1      3      -2   B  QuietGame     3.24       68     0     B
152      173    133    27    28     133      40     40      0      8       8   A  QuietGame     3.22       67     0     A
155      104     64    10    12      64      40     40      0      3       2   A  QuietGame     3.03       67     1     B
154      129     89    20    20      89      40     40      1      1       0   B  QuietGame     3.36       67     0     B
153      159    119    27    28     159       0     29      0     10      10   A  Reduction     3.28       67     1     B
151      210    170    33    34     170      40     40      1      3      -2   B  QuietGame     3.06       68     1     A
156      112     72    15    16      72      40     40      0      3       2   A  QuietGame     3.19       68     0     A
159      134     94    12    12      94      40     40      1      2      -2   B  QuietGame     2.53       68     1     A
162      101     61    12    12      61      40     40      0      3       2   A  QuietGame     2.64       67     0     A
160      140    100    15    16     100      40     40      2      1       0   B  QuietGame     2.22       68     0     B
163      135     95    36    36     135       0     24      2      2       2   A  Reduction     3.07       67     1     B
157      219    179    34    34     179      40     40      2      2       2   A  QuietGame     2.96       68     1     B
158      217    177    32    35     177      40     40      2      2       1   B  QuietGame     2.88       68     0     B
161      171    131    28    28     131      40     40      0      8       8   A  QuietGame     3.01       68     1     B
164      163    123    27    27     163       0     15      2     11      11   A  Reduction     3.01       68     0     A
171       89     49     6     6      49      40     40      0      2       2   A  QuietGame     2.96       68     1     B
166      166    126    36    36     166       0     34      3      2      -2   B  Reduction     3.25       69     0     B
165      175    135    35    35     175       0     30      6      3       3   A  Reduction     3.21       68     1     B
167      161    121    26    26     121      40     40      0      3       2   A  QuietGame     3.22       69     1     B
168      153    113    35    36     153       0     19      4      2       2   A  Reduction     3.26       68     0     A
170      140    100    27    27     100      40     40      0      8       7   A  QuietGame     3.31       68     0     A
169      148    108    23    24     108      40     40      4      3       2   A  QuietGame     3.26       68     1     B
172      181    141    31    33     181       0     16      0      5       5   A  Reduction     3.06       67     0     A
174      159    119    33    33     119      40     40      2      3       3   A  QuietGame     3.26       68     0     A
173      203    163    29    31     163      40     40      0      5       5   A  QuietGame     3.07       67     1     B
177      171    131    32    33     131      40     40      1      4      -3   B  QuietGame     3.33       67     1     A
178      168    128    13    13     128      40     40      0      2       1   B  QuietGame     3.12       68     0     B
175      187    147    29    29     147      40     40      3      2      -1   B  QuietGame     3.26       68     1     A
179      168    128    13    13     128      40     40      0      2       1   B  QuietGame     3.12       68     1     A
176      209    169    35    35     169      40     40      1      2      -1   B  QuietGame     3.33       67     0     B
181      147    107    18    19     107      40     40      0      3       3   A  QuietGame     3.34       68     1     B
180      238    198    36    36     198      40     40      8      2       0   B  QuietGame     3.34       68     0     B
182      171    131    27    27     171       0     37      0     11      11   A  Reduction     3.26       68     0     A
183      171    131    27    27     171       0     37      0     11      11   A  Reduction     3.24       68     1     B
184      198    158    35    36     198       0     28      1      2      -2   B  Reduction     3.36       69     0     B
185      198    158    35    36     198       0     28      1      2      -2   B  Reduction     3.35       69     1     A
186      198    158    30    31     158      40     40      0      6       5   A  QuietGame     3.24       68     0     A
187      179    139    30    31     179       0     25      0      7       7   A  Reduction     3.24       68     1     B
188      109     69    17    17      69      40     40      0      2       1   B  QuietGame     3.21       68     0     B
189      117     77    17    17      77      40     40      1      2      -1   B  QuietGame     3.38       68     1     A
190      135     95    24    27     135       0     35      0     11      11   A  Reduction     3.13       67     0     A
196       91     51     8     9      51      40     40      2      1       1   B  QuietGame     3.00       68     0     B
197       91     51     8     9      51      40     40      2      1       1   B  QuietGame     3.03       68     1     A
191      175    135    22    24     135      40     40      0      6       6   A  QuietGame     3.04       67     1     B
193      155    115    33    33     155       0     30      0      5       5   A  Reduction     3.28       68     1     B
194      177    137    35    35     177       0     17      2      3       3   A  Reduction     3.22       68     0     A
195      177    137    35    35     177       0     17      2      3       3   A  Reduction     3.18       68     1     B
192      193    153    32    32     153      40     40      0      4       4   A  QuietGame     3.28       68     0     A
198      133     93    13    14      93      40     40      1      3      -2   B  QuietGame     3.25       69     0     B
199      188    148    33    34     188       0     23      1      4      -4   B  Reduction     3.22       69     1     A

games                200
mean plies           164.9   (movement 124.9)
mean captures        27.4
mean removals        28.2
mean dead tail       28.6   plies after the last capture or removal
mean longest quiet   35.6
mean lead changes    1.4   (108 of 200 games had any)
mean peak margin     3.6
mean final margin    3.0   (absolute)
ended by quiet game  143  (72%)
ended by reduction   57  (28%)
ended by immobilize  0  (0%)
won by A / B         107 / 93
mean depth           3.19   (over 13564 searched opening plies)
wall clock           1945.3 s

weight-set A wins    89 / 200  (44.5%)   [as P0: 48/100, as P1: 41/100]
weight-set B wins    111 / 200
quiet-game share     A-wins 69.7%   B-wins 73.0%   all 71.5%
95% threshold        wins >= 112 of 200 (one-sided): neither side significant
csv line appended to doc\bench\sweeps\2026-08-26-round2\baseline.csv

baseline noise floor: quiet 71.50%  meanCaptures 27.41  winsA 89/200
Later stages read these guardrails from baseline.csv.
sweep stage 'coarse' -> doc/bench/sweeps/2026-08-26-round2
>> ./cmake-build-release/latrunculi_game/latrunculi_bench.exe pairs=40 ms=500 seed=777001 threads=8 rows=8 columns=10 perside=20 csv=doc\bench\sweeps\2026-08-26-round2\coarse.csv wA.threat=0.175 wA.pair=0.02 wA.mobility=0.02 wA.centre=0.2 wA.vulnerableAxes=-0.03 wA.oneMoveCapturable=-0.9 wA.spearheadPairs=0.15 wA.diagonalSupport=0.06 wA.deniedSquares=0.04 wA.strikers=0.05 wA.notchExposure=-0.12 wB.threat=0.25 wB.pair=0.02 wB.mobility=0.02 wB.centre=0.2 wB.vulnerableAxes=-0.03 wB.oneMoveCapturable=-0.9 wB.spearheadPairs=0.15 wB.diagonalSupport=0.06 wB.deniedSquares=0.04 wB.strikers=0.05 wB.notchExposure=-0.12
Latrunculi bench: 40 mirrored A-vs-B pairs (80 games), 8x10, 20 per side, slide, convex payoff, komi 1.5, policy placement, 500 ms per searched ply, 8 threads
base seed: 777001  (pair p uses seed base+p; even game index = set A as P0)
XML: not saved   memory tracking level: 0

game   plies  moveP  capt  remv lastAct    tail  quiet   lead   peak  margin win  reason    depth    srchd  AasP  wSet
0         97     57     9    10      57      40     40      1      1       0   B  QuietGame     3.21       68     0     B
3        142    102    19    19     102      40     40      0      2       1   B  QuietGame     3.27       67     1     A
2        161    121    34    34     161       0     19      0      4       4   A  Reduction     3.28       67     0     A
5        169    129    29    29     129      40     40      0      7       7   A  QuietGame     3.34       68     1     B
4        180    140    33    34     180       0     33      1      4      -4   B  Reduction     3.46       68     0     B
1        186    146    34    35     146      40     40      3      2      -1   B  QuietGame     3.26       68     1     A
7        200    160    34    34     160      40     40      4      2      -2   B  QuietGame     3.37       68     1     A
6        210    170    33    34     210       0     32      3      4      -4   B  Reduction     3.29       68     0     B
13        99     59    11    11      59      40     40      0      3       3   A  QuietGame     3.29       68     1     B
11       133     93    17    19      93      40     40      3      2      -1   B  QuietGame     3.13       67     1     A
9        168    128    34    35     128      40     40      0      3       1   B  QuietGame     2.97       68     1     A
14       116     76    25    25      76      40     40      1      3      -3   B  QuietGame     3.28       68     0     B
10       184    144    36    36     184       0     30      1      3      -2   B  Reduction     3.40       67     0     B
12       184    144    31    34     184       0     35      1      4      -4   B  Reduction     3.24       68     0     B
8        267    227    34    35     227      40     40      2      2      -1   B  QuietGame     3.35       68     0     B
15       156    116    34    34     116      40     40      0      3       2   A  QuietGame     3.31       68     1     B
18       114     74    23    23      74      40     40      0      2       1   B  QuietGame     2.88       68     0     B
17       143    103    31    33     143       0     19      2      5       5   A  Reduction     3.19       68     1     B
16       163    123    34    34     123      40     40      1      3      -2   B  QuietGame     3.49       68     0     B
19       153    113    30    31     153       0     30      0      7       7   A  Reduction     3.32       68     1     B
20       195    155    34    34     155      40     40      4      2       2   A  QuietGame     3.24       67     0     A
25       109     69    13    14      69      40     40      0      4       4   A  QuietGame     3.13       68     1     B
22       178    138    31    32     138      40     40      1      4      -4   B  QuietGame     3.29       68     0     B
21       183    143    33    34     143      40     40      1      3      -2   B  QuietGame     3.28       67     1     A
23       190    150    35    36     150      40     40      4      2       0   B  QuietGame     3.24       68     1     A
24       160    120    36    36     160       0     16      3      2      -2   B  Reduction     2.93       68     0     B
27       122     82    16    18      82      40     40      2      2       0   B  QuietGame     3.25       68     1     A
26       180    140    35    35     180       0     29      3      3      -3   B  Reduction     3.40       68     0     B
31       121     81    31    31     121       0     11      0      7       7   A  Reduction     3.39       67     1     B
30       131     91    33    34     131       0     15      0      4       4   A  Reduction     3.18       67     0     A
28       152    112    35    35     152       0     19      1      3      -3   B  Reduction     3.28       68     0     B
33       136     96    34    35     136       0     22      3      3      -3   B  Reduction     3.01       68     1     A
32       175    135    27    27     135      40     40      0      5       5   A  QuietGame     3.22       68     0     A
35       130     90    29    31     130       0     13      1      7      -7   B  Reduction     3.45       67     1     A
29       220    180    34    34     180      40     40      7      2      -2   B  QuietGame     3.28       68     1     A
34       193    153    33    33     153      40     40      1      4      -3   B  QuietGame     3.39       67     0     B
36       153    113    25    26     119      34     34      0     10      10   A  Immobilize     3.25       68     0     A
37       171    131    33    33     131      40     40      2      1       1   B  QuietGame     3.28       68     1     A
39       166    126    30    32     126      40     40      1      2      -2   B  QuietGame     2.91       68     1     A
38       187    147    29    30     147      40     40      0      4       4   A  QuietGame     3.18       68     0     A
42       145    105    27    28     105      40     40      0      6       6   A  QuietGame     3.37       67     0     A
44       108     68    31    33     108       0      7      1      5      -5   B  Reduction     3.19       68     0     B
43       147    107    35    35     147       0     33      0      3       3   A  Reduction     3.36       67     1     B
41       180    140    33    33     140      40     40      5      3      -3   B  QuietGame     3.34       67     1     A
40       202    162    34    34     162      40     40      0      3       2   A  QuietGame     3.28       67     0     A
45       109     69    13    13      69      40     40      1      2      -1   B  QuietGame     3.28       68     1     A
50        95     55    10    10      55      40     40      0      2       2   A  QuietGame     3.07       68     0     A
48       127     87    29    30     127       0     15      0      8       8   A  Reduction     3.25       68     0     A
46       181    141    32    32     141      40     40      2      4       4   A  QuietGame     2.97       68     0     A
51       138     98    28    28      98      40     40      0      7       6   A  QuietGame     3.47       68     1     B
49       169    129    32    33     169       0     23      2      5       5   A  Reduction     3.26       68     1     B
47       208    168    33    34     168      40     40      2      3       2   A  QuietGame     3.09       68     1     B
52       168    128    31    33     128      40     40      4      2       1   B  QuietGame     3.28       68     0     B
53       163    123    33    33     123      40     40      0      3       3   A  QuietGame     3.44       68     1     B
54       124     84    25    25      84      40     40      3      1      -1   B  QuietGame     3.24       68     0     B
55       133     93    30    31     133       0     19      0      7       7   A  Reduction     3.18       68     1     B
58       111     71     9    10      71      40     40      0      4       4   A  QuietGame     3.22       68     0     A
61       124     84    31    32     124       0      7      1      6      -6   B  Reduction     3.34       68     1     A
57       192    152    32    33     152      40     40      5      3      -3   B  QuietGame     3.34       68     1     A
56       224    184    32    32     184      40     40      4      3       2   A  QuietGame     2.91       68     0     A
62       159    119    31    34     159       0     26      0      4       4   A  Reduction     3.16       68     0     A
64       119     79    25    26     119       0     10      0     12      12   A  Reduction     3.42       67     0     A
59       225    185    33    35     185      40     40      1      3      -1   B  QuietGame     3.19       68     1     A
60       245    205    36    36     205      40     40      1      2       0   B  QuietGame     3.29       68     0     B
63       203    163    33    35     203       0     26      6      3       3   A  Reduction     3.31       68     1     B
68        93     53     9     9      53      40     40      0      1       1   B  QuietGame     3.24       68     0     B
67        99     59    11    14      59      40     40      2      2       2   A  QuietGame     2.88       68     1     B
65       158    118    14    15     118      40     40      0      5       3   A  QuietGame     3.18       67     1     B
66       145    105    32    34     145       0     13      0      5       4   A  Reduction     3.26       68     0     A
71        96     56    13    13      56      40     40      1      1      -1   B  QuietGame     3.15       68     1     A
69       171    131    31    31     131      40     40      2      5       5   A  QuietGame     3.40       68     1     B
70       185    145    32    34     145      40     40      1      3       0   B  QuietGame     3.13       68     0     B
74       133     93    15    15      93      40     40      0      3       3   A  QuietGame     2.88       68     0     A
73       157    117    35    36     157       0     12      0      2       2   A  Reduction     3.30       67     1     B
72       187    147    35    35     147      40     40      3      2      -1   B  QuietGame     3.34       67     0     B
75       195    155    30    31     195       0     29      0      7       7   A  Reduction     3.19       68     1     B
76       219    179    34    34     179      40     40      5      2       0   B  QuietGame     3.24       68     0     B
77       192    152    32    32     152      40     40      4      1       0   B  QuietGame     3.24       68     1     A
78       194    154    34    34     154      40     40      4      3       0   B  QuietGame     3.50       68     0     B
79       195    155    33    33     155      40     40      0      2      -1   B  QuietGame     3.26       68     1     A

games                80
mean plies           161.2   (movement 121.2)
mean captures        28.5
mean removals        29.2
mean dead tail       26.9   plies after the last capture or removal
mean longest quiet   33.7
mean lead changes    1.5   (48 of 80 games had any)
mean peak margin     3.6
mean final margin    3.1   (absolute)
ended by quiet game  53  (66%)
ended by reduction   26  (32%)
ended by immobilize  1  (1%)
won by A / B         36 / 44
mean depth           3.24   (over 5422 searched opening plies)
wall clock           785.835 s

weight-set A wins    38 / 80  (47.5%)   [as P0: 17/40, as P1: 21/40]
weight-set B wins    42 / 80
quiet-game share     A-wins 73.7%   B-wins 59.5%   all 66.2%
95% threshold        wins >= 48 of 80 (one-sided): neither side significant
csv line appended to doc\bench\sweeps\2026-08-26-round2\coarse.csv
drop  threat x0.7 -> 0.175 = 47.5% wins, quiet 66.25%
>> ./cmake-build-release/latrunculi_game/latrunculi_bench.exe pairs=40 ms=500 seed=777001 threads=8 rows=8 columns=10 perside=20 csv=doc\bench\sweeps\2026-08-26-round2\coarse.csv wA.threat=0.35 wA.pair=0.02 wA.mobility=0.02 wA.centre=0.2 wA.vulnerableAxes=-0.03 wA.oneMoveCapturable=-0.9 wA.spearheadPairs=0.15 wA.diagonalSupport=0.06 wA.deniedSquares=0.04 wA.strikers=0.05 wA.notchExposure=-0.12 wB.threat=0.25 wB.pair=0.02 wB.mobility=0.02 wB.centre=0.2 wB.vulnerableAxes=-0.03 wB.oneMoveCapturable=-0.9 wB.spearheadPairs=0.15 wB.diagonalSupport=0.06 wB.deniedSquares=0.04 wB.strikers=0.05 wB.notchExposure=-0.12
Latrunculi bench: 40 mirrored A-vs-B pairs (80 games), 8x10, 20 per side, slide, convex payoff, komi 1.5, policy placement, 500 ms per searched ply, 8 threads
base seed: 777001  (pair p uses seed base+p; even game index = set A as P0)
XML: not saved   memory tracking level: 0

game   plies  moveP  capt  remv lastAct    tail  quiet   lead   peak  margin win  reason    depth    srchd  AasP  wSet
1        107     67    17    17      67      40     40      2      1       1   B  QuietGame     3.38       68     1     A
7        148    108    25    26     108      40     40      3      4      -4   B  QuietGame     3.32       68     1     A
2        155    115    32    33     155       0     17      4      5       5   A  Reduction     3.27       67     0     A
6        163    123    27    28     123      40     40      4      3      -2   B  QuietGame     3.44       68     0     B
5        168    128    33    33     168       0     31      1      5      -5   B  Reduction     3.37       68     1     A
4        170    130    31    31     170       0     23      1      7      -7   B  Reduction     3.44       68     0     B
3        187    147    35    35     147      40     40      0      2       1   B  QuietGame     3.34       67     1     A
0        193    153    34    34     153      40     40      3      3       0   B  QuietGame     3.32       68     0     B
8        129     89    33    33     129       0     19      0      5       5   A  Reduction     3.41       68     0     A
9        110     70    16    18      70      40     40      1      2       0   B  QuietGame     3.13       68     1     A
13       127     87    18    19      87      40     40      0      2       1   B  QuietGame     3.35       68     1     A
11       137     97    13    14      97      40     40      3      2       0   B  QuietGame     3.30       67     1     A
12       150    110    31    32     110      40     40      0      3       2   A  QuietGame     3.37       68     0     A
10       190    150    29    31     150      40     40      0      4       3   A  QuietGame     3.39       67     0     A
14       198    158    30    31     158      40     40      1      5      -5   B  QuietGame     3.15       68     0     B
19       102     62    13    14      62      40     40      2      1       0   B  QuietGame     3.21       68     1     A
17       164    124    29    30     164       0     14      1      8      -8   B  Reduction     3.25       68     1     A
16       188    148    32    32     188       0     17      1      6      -6   B  Reduction     3.38       68     0     B
15       250    210    36    36     210      40     40      4      1       0   B  QuietGame     3.26       68     1     A
20       185    145    34    34     145      40     40      1      3      -2   B  QuietGame     3.25       67     0     B
21       178    138    33    33     138      40     40      0      3      -3   B  QuietGame     3.36       67     1     A
22       147    107    33    34     147       0     21      0      4       4   A  Reduction     3.26       68     0     A
18       235    195    33    34     195      40     40      3      2       0   B  QuietGame     3.44       68     0     B
23       177    137    28    31     137      40     40      0      5       5   A  QuietGame     3.18       68     1     B
26       125     85    22    22      85      40     40      1      2       0   B  QuietGame     3.35       68     0     B
25       168    128    34    34     128      40     40      0      3       2   A  QuietGame     3.29       68     1     B
24       169    129    33    34     129      40     40      2      3       2   A  QuietGame     3.38       68     0     A
27       188    148    34    34     148      40     40      1      3      -2   B  QuietGame     3.32       68     1     A
28       180    140    33    33     180       0     31      1      5      -5   B  Reduction     3.35       68     0     B
29       176    136    35    36     176       0     18      1      2      -2   B  Reduction     3.18       68     1     A
34       136     96    21    23      96      40     40      1      2      -1   B  QuietGame     3.24       67     0     B
32       164    124    31    33     124      40     40      0      2       1   B  QuietGame     3.32       68     0     B
30       211    171    34    34     171      40     40      5      2       0   B  QuietGame     3.25       67     0     B
33       167    127    34    34     127      40     40      0      3       2   A  QuietGame     3.34       68     1     B
31       202    162    33    35     162      40     40      1      2      -1   B  QuietGame     3.37       67     1     A
38       104     64    13    14      64      40     40      0      3       2   A  QuietGame     3.04       68     0     A
37       112     72    18    18      72      40     40      1      2      -2   B  QuietGame     3.07       68     1     A
41       119     79    21    22      79      40     40      2      2       2   A  QuietGame     3.19       67     1     B
35       181    141    36    36     141      40     40      3      2       0   B  QuietGame     3.27       67     1     A
40       209    169    33    34     169      40     40      3      2       0   B  QuietGame     3.19       67     0     B
39       219    179    34    34     179      40     40      0      3       2   A  QuietGame     3.15       68     1     B
42       186    146    34    34     146      40     40      2      2       0   B  QuietGame     3.34       67     0     B
43       160    120    17    18     120      40     40      2      2      -2   B  QuietGame     3.12       67     1     A
36       270    230    33    33     270       0     34      3      5      -5   B  Reduction     3.21       68     0     B
44       173    133    30    30     133      40     40      5      1       0   B  QuietGame     3.22       68     0     B
45       184    144    32    34     144      40     40      0      3       2   A  QuietGame     3.26       68     1     B
47       121     81    27    30     121       0     11      0      8       8   A  Reduction     3.19       68     1     B
46       201    161    33    34     161      40     40      6      2       2   A  QuietGame     3.03       68     0     A
49       122     82    17    18      82      40     40      0      5       4   A  QuietGame     3.25       68     1     B
48       130     90    22    23      90      40     40      2      4       3   A  QuietGame     3.44       68     0     A
52       160    120    33    33     120      40     40      1      4      -3   B  QuietGame     3.32       68     0     B
50       183    143    32    34     143      40     40      9      2       0   B  QuietGame     3.16       68     0     B
57        97     57    12    13      57      40     40      0      3       3   A  QuietGame     3.03       68     1     B
55       115     75    17    17      75      40     40      0      5       5   A  QuietGame     3.15       68     1     B
53       162    122    32    33     122      40     40      0      4       3   A  QuietGame     3.43       68     1     B
51       238    198    34    35     198      40     40      2      3       1   B  QuietGame     3.16       68     1     A
56       159    119    34    34     119      40     40      0      2       2   A  QuietGame     3.43       68     0     A
54       189    149    32    33     149      40     40      4      3       3   A  QuietGame     3.41       68     0     A
61        96     56    11    11      56      40     40      0      2       1   B  QuietGame     3.34       68     1     A
58       181    141    34    35     181       0     18      0      4       3   A  Reduction     3.32       68     0     A
60       157    117    21    21     117      40     40      2      2       1   B  QuietGame     3.38       68     0     B
59       193    153    31    32     153      40     40      0      4       4   A  QuietGame     3.34       68     1     B
63       137     97    19    22      97      40     40      3      2       0   B  QuietGame     3.24       68     1     A
64       153    113    29    30     153       0     15      2      8       8   A  Reduction     3.16       67     0     A
65       147    107    16    17     107      40     40      0      3       3   A  QuietGame     3.16       67     1     B
67       103     63    14    14      63      40     40      0      2       2   A  QuietGame     3.26       68     1     B
66       174    134    35    35     174       0     34      1      3      -3   B  Reduction     3.40       68     0     B
69       123     83    21    21      83      40     40      1      2      -1   B  QuietGame     3.37       68     1     A
62       262    222    36    36     222      40     40      4      3       0   B  QuietGame     3.25       68     0     B
68       171    131    30    32     131      40     40      5      2       0   B  QuietGame     3.31       68     0     B
72       108     68    14    14      68      40     40      1      4      -4   B  QuietGame     3.16       67     0     B
71       153    113    30    31     153       0     29      0      7       7   A  Reduction     3.21       68     1     B
70       184    144    34    34     144      40     40      6      2       0   B  QuietGame     3.38       68     0     B
74       159    119    32    33     119      40     40      2      4       3   A  QuietGame     3.22       68     0     A
73       181    141    33    34     141      40     40      5      2       0   B  QuietGame     3.27       67     1     A
75       143    103    29    31     143       0     19      0      7       7   A  Reduction     3.24       68     1     B
79       114     74    12    13      74      40     40      1      2      -1   B  QuietGame     3.25       68     1     A
77       168    128    34    34     168       0     20      3      4      -4   B  Reduction     3.22       68     1     A
78       185    145    33    35     145      40     40      0      3       1   B  QuietGame     3.19       68     0     B
76       251    211    35    35     251       0     28      2      3       3   A  Reduction     3.25       68     0     A

games                80
mean plies           164.8   (movement 124.8)
mean captures        27.9
mean removals        28.6
mean dead tail       31.0   plies after the last capture or removal
mean longest quiet   36.0
mean lead changes    1.6   (52 of 80 games had any)
mean peak margin     3.3
mean final margin    2.5   (absolute)
ended by quiet game  62  (78%)
ended by reduction   18  (22%)
ended by immobilize  0  (0%)
won by A / B         31 / 49
mean depth           3.27   (over 5422 searched opening plies)
wall clock           802.988 s

weight-set A wins    39 / 80  (48.8%)   [as P0: 15/40, as P1: 24/40]
weight-set B wins    41 / 80
quiet-game share     A-wins 74.4%   B-wins 80.5%   all 77.5%
95% threshold        wins >= 48 of 80 (one-sided): neither side significant
csv line appended to doc\bench\sweeps\2026-08-26-round2\coarse.csv
drop  threat x1.4 -> 0.35 = 48.8% wins, quiet 77.5%
>> ./cmake-build-release/latrunculi_game/latrunculi_bench.exe pairs=40 ms=500 seed=777001 threads=8 rows=8 columns=10 perside=20 csv=doc\bench\sweeps\2026-08-26-round2\coarse.csv wA.threat=0.25 wA.pair=0.013999999999999999 wA.mobility=0.02 wA.centre=0.2 wA.vulnerableAxes=-0.03 wA.oneMoveCapturable=-0.9 wA.spearheadPairs=0.15 wA.diagonalSupport=0.06 wA.deniedSquares=0.04 wA.strikers=0.05 wA.notchExposure=-0.12 wB.threat=0.25 wB.pair=0.02 wB.mobility=0.02 wB.centre=0.2 wB.vulnerableAxes=-0.03 wB.oneMoveCapturable=-0.9 wB.spearheadPairs=0.15 wB.diagonalSupport=0.06 wB.deniedSquares=0.04 wB.strikers=0.05 wB.notchExposure=-0.12
Latrunculi bench: 40 mirrored A-vs-B pairs (80 games), 8x10, 20 per side, slide, convex payoff, komi 1.5, policy placement, 500 ms per searched ply, 8 threads
base seed: 777001  (pair p uses seed base+p; even game index = set A as P0)
XML: not saved   memory tracking level: 0

game   plies  moveP  capt  remv lastAct    tail  quiet   lead   peak  margin win  reason    depth    srchd  AasP  wSet
7        129     89    33    34     129       0     13      0      4       4   A  Reduction     3.19       68     1     B
1        168    128    29    29     128      40     40      1      5      -5   B  QuietGame     3.06       68     1     A
6        172    132    29    29     132      40     40      3      1      -1   B  QuietGame     3.16       68     0     B
0        175    135    32    33     135      40     40      0      3       3   A  QuietGame     3.10       68     0     A
2        180    140    33    34     180       0     26      1      4      -4   B  Reduction     3.16       67     0     B
4        200    160    34    36     160      40     40      8      2       0   B  QuietGame     3.31       68     0     B
5        212    172    35    37     212       0     21      3      3      -1   B  Reduction     3.16       68     1     A
3        214    174    34    35     214       0     28      1      3      -3   B  Reduction     3.09       67     1     A
8        166    126    30    30     166       0     23      1      8      -8   B  Reduction     3.31       68     0     B
10       134     94    19    20      94      40     40      0      3       2   A  QuietGame     3.48       67     0     A
12       140    100    19    19     100      40     40      1      2      -1   B  QuietGame     3.32       68     0     B
11       157    117    24    25     117      40     40      0      3       3   A  QuietGame     3.28       67     1     B
9        190    150    31    32     150      40     40      0      5       4   A  QuietGame     3.13       68     1     B
13       174    134    31    34     134      40     40      0      3       2   A  QuietGame     3.26       68     1     B
15       170    130    31    31     130      40     40      0      4       3   A  QuietGame     3.28       68     1     B
14       175    135    32    33     175       0     19      0      5       5   A  Reduction     3.16       68     0     A
17       142    102    30    31     142       0     12      1      7      -7   B  Reduction     3.34       68     1     A
16       158    118    32    33     158       0     35      1      5      -5   B  Reduction     3.34       68     0     B
18       147    107    28    31     107      40     40      1      4      -3   B  QuietGame     3.26       68     0     B
19       162    122    34    34     122      40     40      3      3      -2   B  QuietGame     3.40       68     1     A
23       145    105    30    31     145       0     13      0      7       7   A  Reduction     3.19       68     1     B
21       167    127    29    29     127      40     40      1      2      -1   B  QuietGame     3.22       67     1     A
20       219    179    33    33     179      40     40      2      3       3   A  QuietGame     3.19       67     0     A
22       212    172    34    35     172      40     40      0      2       1   B  QuietGame     3.28       68     0     B
26       163    123    29    31     123      40     40      0      4       3   A  QuietGame     3.21       68     0     A
24       192    152    36    36     152      40     40      2      2       0   B  QuietGame     3.38       68     0     B
28       131     91    18    19      91      40     40      1      2      -1   B  QuietGame     3.13       68     0     B
29       133     93    30    31     133       0     25      0      7       7   A  Reduction     3.22       68     1     B
25       227    187    34    35     187      40     40      1      2      -1   B  QuietGame     3.13       68     1     A
27       205    165    35    35     205       0     23      2      3       3   A  Reduction     3.32       68     1     B
31       125     85    19    19      85      40     40      0      6       5   A  QuietGame     3.34       67     1     B
33       107     67    15    15      67      40     40      0      3       3   A  QuietGame     3.26       68     1     B
32       147    107    21    21     107      40     40      3      2      -1   B  QuietGame     3.25       68     0     B
30       200    160    33    34     160      40     40      0      3       2   A  QuietGame     3.28       67     0     A
34       163    123    32    32     123      40     40      0      4       4   A  QuietGame     3.33       67     0     A
35       153    113    33    33     113      40     40      0      3       3   A  QuietGame     3.39       67     1     B
36       148    108    31    31     108      40     40      1      5      -5   B  QuietGame     3.18       68     0     B
37       157    117    33    33     157       0     16      0      5       5   A  Reduction     3.15       68     1     B
38       195    155    33    34     195       0     28      0      4       4   A  Reduction     3.35       68     0     A
40       154    114    27    28     114      40     40      1      4      -4   B  QuietGame     3.18       67     0     B
39       190    150    29    30     150      40     40      0      5       4   A  QuietGame     3.21       68     1     B
44       110     70    17    19      70      40     40      0      2       1   B  QuietGame     3.22       68     0     B
41       179    139    35    35     179       0     23      2      3       3   A  Reduction     3.36       67     1     B
43       184    144    15    15     144      40     40      1      5      -5   B  QuietGame     3.37       67     1     A
42       186    146    27    27     146      40     40      0      4       3   A  QuietGame     3.28       67     0     A
49        94     54     9    10      54      40     40      0      3       2   A  QuietGame     3.29       68     1     B
45       176    136    31    33     136      40     40      0      4       3   A  QuietGame     3.22       68     1     B
48       125     85    32    33     125       0      9      0      5       5   A  Reduction     3.21       68     0     A
46       141    101    18    19     101      40     40      0      3       3   A  QuietGame     3.25       68     0     A
47       161    121    32    32     161       0     19      0      6       6   A  Reduction     3.24       68     1     B
50       149    109    20    21     109      40     40      2      5       5   A  QuietGame     3.31       68     0     A
53       121     81    32    35     121       0     17      4      3       3   A  Reduction     3.22       68     1     B
55       107     67    14    14      67      40     40      0      4       4   A  QuietGame     3.18       68     1     B
54       141    101    17    17     101      40     40      1      2      -1   B  QuietGame     3.25       68     0     B
52       175    135    32    35     175       0     32      4      3       3   A  Reduction     3.18       68     0     A
56       137     97    29    30     137       0     17      0      8       8   A  Reduction     3.35       68     0     A
51       183    143    30    31     143      40     40      0      5       5   A  QuietGame     3.26       68     1     B
59       100     60    15    16      60      40     40      2      2       0   B  QuietGame     3.15       68     1     A
57       169    129    35    35     169       0     29      0      3       3   A  Reduction     3.38       68     1     B
62       118     78    17    17      78      40     40      1      3      -3   B  QuietGame     3.26       68     0     B
58       211    171    34    35     211       0     22      0      4       3   A  Reduction     3.46       68     0     A
60       179    139    35    35     179       0     19      0      3       3   A  Reduction     3.31       68     0     A
61       164    124    34    35     164       0     26      1      3      -3   B  Reduction     3.37       68     1     A
66       103     63    14    14      63      40     40      0      2       2   A  QuietGame     3.24       68     0     A
63       173    133    22    22     133      40     40      4      2       2   A  QuietGame     3.19       68     1     B
64       190    150    33    33     150      40     40      0      4       3   A  QuietGame     3.27       67     0     A
65       159    119    32    32     119      40     40      0      2       2   A  QuietGame     3.24       67     1     B
69       121     81    18    19      81      40     40      1      2      -1   B  QuietGame     3.26       68     1     A
71       161    121    30    31     161       0     23      0      7       7   A  Reduction     3.26       68     1     B
73       151    111    34    34     151       0     16      2      4       4   A  Reduction     3.46       67     1     B
68       209    169    33    33     169      40     40      2      4       3   A  QuietGame     3.32       68     0     A
70       208    168    33    33     168      40     40      2      2       1   B  QuietGame     3.53       68     0     B
75       115     75    14    16      75      40     40      0      3       2   A  QuietGame     2.99       68     1     B
67       255    215    29    29     215      40     40      0      5       5   A  QuietGame     3.35       68     1     B
72       211    171    35    36     171      40     40      5      2       0   B  QuietGame     3.19       67     0     B
76       125     85    32    33     125       0     12      0      5       5   A  Reduction     3.32       68     0     A
74       272    232    33    34     232      40     40      3      3      -2   B  QuietGame     3.24       68     0     B
78       162    122    32    33     122      40     40      2      2       1   B  QuietGame     3.37       68     0     B
79       157    117    30    29     157       0     29      0     10      10   A  Reduction     3.29       68     1     B
77       200    160    30    30     160      40     40      2      5       4   A  QuietGame     3.31       68     1     B

games                80
mean plies           164.8   (movement 124.8)
mean captures        28.2
mean removals        28.9
mean dead tail       26.5   plies after the last capture or removal
mean longest quiet   33.7
mean lead changes    1.0   (39 of 80 games had any)
mean peak margin     3.8
mean final margin    3.3   (absolute)
ended by quiet game  53  (66%)
ended by reduction   27  (34%)
ended by immobilize  0  (0%)
won by A / B         49 / 31
mean depth           3.26   (over 5422 searched opening plies)
wall clock           800.398 s

weight-set A wins    31 / 80  (38.8%)   [as P0: 20/40, as P1: 11/40]
weight-set B wins    49 / 80
quiet-game share     A-wins 61.3%   B-wins 69.4%   all 66.2%
95% threshold        wins >= 48 of 80 (one-sided): B is significantly stronger
csv line appended to doc\bench\sweeps\2026-08-26-round2\coarse.csv
drop  pair x0.7 -> 0.014 = 38.8% wins, quiet 66.25%
>> ./cmake-build-release/latrunculi_game/latrunculi_bench.exe pairs=40 ms=500 seed=777001 threads=8 rows=8 columns=10 perside=20 csv=doc\bench\sweeps\2026-08-26-round2\coarse.csv wA.threat=0.25 wA.pair=0.027999999999999997 wA.mobility=0.02 wA.centre=0.2 wA.vulnerableAxes=-0.03 wA.oneMoveCapturable=-0.9 wA.spearheadPairs=0.15 wA.diagonalSupport=0.06 wA.deniedSquares=0.04 wA.strikers=0.05 wA.notchExposure=-0.12 wB.threat=0.25 wB.pair=0.02 wB.mobility=0.02 wB.centre=0.2 wB.vulnerableAxes=-0.03 wB.oneMoveCapturable=-0.9 wB.spearheadPairs=0.15 wB.diagonalSupport=0.06 wB.deniedSquares=0.04 wB.strikers=0.05 wB.notchExposure=-0.12
Latrunculi bench: 40 mirrored A-vs-B pairs (80 games), 8x10, 20 per side, slide, convex payoff, komi 1.5, policy placement, 500 ms per searched ply, 8 threads
base seed: 777001  (pair p uses seed base+p; even game index = set A as P0)
XML: not saved   memory tracking level: 0

game   plies  moveP  capt  remv lastAct    tail  quiet   lead   peak  margin win  reason    depth    srchd  AasP  wSet
3        150    110    35    35     150       0     12      1      3      -3   B  Reduction     3.36       67     1     A
0        154    114    33    33     154       0     18      1      5      -5   B  Reduction     3.25       68     0     B
2        159    119    32    32     159       0     17      0      6       6   A  Reduction     3.33       67     0     A
1        208    168    34    34     168      40     40      4      2       0   B  QuietGame     3.32       68     1     A
7        211    171    35    36     211       0     30      7      2       2   A  Reduction     3.38       68     1     B
4        226    186    30    30     186      40     40      0      5       4   A  QuietGame     3.19       68     0     A
6        230    190    35    35     190      40     40      5      2       1   B  QuietGame     3.51       68     0     B
5        243    203    33    33     203      40     40      0      4       3   A  QuietGame     3.22       68     1     B
9        160    120    34    34     120      40     40      2      2       0   B  QuietGame     3.26       68     1     A
10       161    121    22    22     121      40     40      3      2       0   B  QuietGame     3.28       67     0     B
8        198    158    33    34     158      40     40      0      2       0   B  QuietGame     3.21       68     0     B
14       117     77    15    16      77      40     40      0      2       2   A  QuietGame     3.24       68     0     A
12       149    109    32    33     149       0     15      2      5       5   A  Reduction     3.41       68     0     A
13       190    150    32    34     150      40     40      0      3       2   A  QuietGame     3.38       68     1     B
15       181    141    31    32     181       0     22      0      6       6   A  Reduction     3.21       68     1     B
16       141    101    31    31     141       0     23      0      7       7   A  Reduction     3.06       68     0     A
17       138     98    15    17      98      40     40      1      2      -1   B  QuietGame     3.19       68     1     A
11       268    228    34    36     228      40     40      4      3       0   B  QuietGame     3.33       67     1     A
18       145    105    34    34     145       0     14      0      4       4   A  Reduction     3.38       68     0     A
19       144    104    34    34     144       0     13      1      4      -4   B  Reduction     3.35       68     1     A
20       163    123    34    34     123      40     40      3      2       0   B  QuietGame     3.28       67     0     B
21       146    106    32    35     146       0     26      1      3      -3   B  Reduction     3.28       67     1     A
22       159    119    24    25     119      40     40      0      2       1   B  QuietGame     3.26       68     0     B
27       116     76    20    20      76      40     40      1      3      -2   B  QuietGame     3.28       68     1     A
24       168    128    34    35     168       0     18      1      3      -3   B  Reduction     3.21       68     0     B
28       107     67    13    14      67      40     40      0      4       4   A  QuietGame     3.10       68     0     A
23       183    143    31    31     143      40     40      0      5       5   A  QuietGame     3.07       68     1     B
29       118     78    14    15      78      40     40      1      2      -1   B  QuietGame     3.18       68     1     A
25       196    156    33    33     156      40     40      3      3      -3   B  QuietGame     3.32       68     1     A
26       200    160    29    29     160      40     40      1      5      -5   B  QuietGame     3.35       68     0     B
34       109     69    18    18      69      40     40      1      1       0   B  QuietGame     2.96       67     0     B
30       158    118    34    35     158       0     20      3      3      -3   B  Reduction     3.24       67     0     B
32       155    115    22    23     115      40     40      0      7       7   A  QuietGame     3.25       68     0     A
36       102     62    16    16      62      40     40      2      1       0   B  QuietGame     3.01       68     0     B
31       199    159    34    34     159      40     40      3      2       0   B  QuietGame     3.27       67     1     A
33       182    142    22    23     142      40     40      1      3      -3   B  QuietGame     3.28       68     1     A
39       109     69    15    15      69      40     40      0      3       3   A  QuietGame     3.19       68     1     B
37       172    132    32    32     132      40     40      0      5       4   A  QuietGame     3.12       68     1     B
38       144    104    32    32     104      40     40      0      3       2   A  QuietGame     3.07       68     0     A
40       136     96    32    33     136       0     19      1      5      -5   B  Reduction     3.24       67     0     B
35       252    212    36    36     212      40     40      2      3       0   B  QuietGame     3.19       67     1     A
41       158    118    25    27     118      40     40      1      3      -1   B  QuietGame     3.10       67     1     A
42       151    111    33    33     151       0     12      0      5       5   A  Reduction     3.25       67     0     A
45       122     82    18    20      82      40     40      1      2      -2   B  QuietGame     3.21       68     1     A
46       121     81    31    32     121       0     13      0      6       6   A  Reduction     3.01       68     0     A
43       220    180    35    35     180      40     40      3      2      -1   B  QuietGame     3.34       67     1     A
44       192    152    29    31     152      40     40      1      3      -3   B  QuietGame     3.16       68     0     B
49       112     72    19    20      72      40     40      2      3       2   A  QuietGame     3.22       68     1     B
47       188    148    35    35     148      40     40      2      2       1   B  QuietGame     3.29       68     1     A
50       155    115    31    32     155       0     22      0      6       6   A  Reduction     3.13       68     0     A
52       127     87    23    24      87      40     40      0      6       6   A  QuietGame     3.07       68     0     A
55        99     59    13    13      59      40     40      0      3       3   A  QuietGame     3.06       68     1     B
53       130     90    19    19      90      40     40      0      6       5   A  QuietGame     3.41       68     1     B
48       219    179    36    36     179      40     40      3      3       0   B  QuietGame     3.22       68     0     B
54       126     86    13    13      86      40     40      0      2       1   B  QuietGame     3.21       68     0     B
51       216    176    31    32     176      40     40      5      3      -2   B  QuietGame     3.13       68     1     A
56       117     77    31    31     117       0      9      0      7       7   A  Reduction     3.37       68     0     A
59       100     60    15    16      60      40     40      2      2       0   B  QuietGame     3.19       68     1     A
57       186    146    35    35     186       0     20      1      3      -3   B  Reduction     3.44       68     1     A
63        97     57    13    13      57      40     40      0      3       3   A  QuietGame     3.07       68     1     B
62       155    115    30    32     115      40     40      4      4       4   A  QuietGame     3.25       68     0     A
58       208    168    34    34     208       0     29      1      4      -4   B  Reduction     2.96       68     0     B
61       184    144    33    34     184       0     31      1      4      -4   B  Reduction     3.38       68     1     A
64       163    123    30    30     123      40     40      0      4       4   A  QuietGame     3.24       67     0     A
67       103     63    14    14      63      40     40      0      2       2   A  QuietGame     3.22       68     1     B
65       165    125    33    33     165       0     18      0      5       5   A  Reduction     3.22       67     1     B
60       241    201    35    36     201      40     40      7      2       0   B  QuietGame     3.16       68     0     B
69       137     97    35    35     137       0     16      2      3       3   A  Reduction     2.94       68     1     B
66       188    148    32    32     148      40     40      0      3       2   A  QuietGame     3.34       68     0     A
70       163    123    27    29     123      40     40      0      2       1   B  QuietGame     3.21       68     0     B
68       186    146    35    35     186       0     19      1      3      -3   B  Reduction     3.47       68     0     B
74       109     69    32    33     109       0      6      0      5       5   A  Reduction     3.24       68     0     A
72       173    133    32    33     173       0     33      4      5       5   A  Reduction     3.34       67     0     A
71       220    180    35    36     180      40     40      2      2       0   B  QuietGame     3.49       68     1     A
75       149    109    27    28     109      40     40      1      5      -4   B  QuietGame     2.91       68     1     A
73       218    178    33    34     178      40     40      4      3       2   A  QuietGame     3.19       67     1     B
77       155    115    21    23     115      40     40      0      5       5   A  QuietGame     3.31       68     1     B
78       163    123    30    30     123      40     40      0      6       6   A  QuietGame     3.32       68     0     A
79       187    147    30    31     147      40     40      0      3       3   A  QuietGame     3.16       68     1     B
76       246    206    34    35     246       0     31      5      3      -3   B  Reduction     3.24       68     0     B

games                80
mean plies           164.9   (movement 125.0)
mean captures        28.4
mean removals        29.0
mean dead tail       27.0   plies after the last capture or removal
mean longest quiet   33.3
mean lead changes    1.4   (46 of 80 games had any)
mean peak margin     3.5
mean final margin    2.9   (absolute)
ended by quiet game  54  (68%)
ended by reduction   26  (32%)
ended by immobilize  0  (0%)
won by A / B         37 / 43
mean depth           3.23   (over 5422 searched opening plies)
wall clock           799.601 s

weight-set A wins    43 / 80  (53.8%)   [as P0: 20/40, as P1: 23/40]
weight-set B wins    37 / 80
quiet-game share     A-wins 65.1%   B-wins 70.3%   all 67.5%
95% threshold        wins >= 48 of 80 (one-sided): neither side significant
csv line appended to doc\bench\sweeps\2026-08-26-round2\coarse.csv
drop  pair x1.4 -> 0.028 = 53.8% wins, quiet 67.5%
>> ./cmake-build-release/latrunculi_game/latrunculi_bench.exe pairs=40 ms=500 seed=777001 threads=8 rows=8 columns=10 perside=20 csv=doc\bench\sweeps\2026-08-26-round2\coarse.csv wA.threat=0.25 wA.pair=0.02 wA.mobility=0.013999999999999999 wA.centre=0.2 wA.vulnerableAxes=-0.03 wA.oneMoveCapturable=-0.9 wA.spearheadPairs=0.15 wA.diagonalSupport=0.06 wA.deniedSquares=0.04 wA.strikers=0.05 wA.notchExposure=-0.12 wB.threat=0.25 wB.pair=0.02 wB.mobility=0.02 wB.centre=0.2 wB.vulnerableAxes=-0.03 wB.oneMoveCapturable=-0.9 wB.spearheadPairs=0.15 wB.diagonalSupport=0.06 wB.deniedSquares=0.04 wB.strikers=0.05 wB.notchExposure=-0.12
Latrunculi bench: 40 mirrored A-vs-B pairs (80 games), 8x10, 20 per side, slide, convex payoff, komi 1.5, policy placement, 500 ms per searched ply, 8 threads
base seed: 777001  (pair p uses seed base+p; even game index = set A as P0)
XML: not saved   memory tracking level: 0

game   plies  moveP  capt  remv lastAct    tail  quiet   lead   peak  margin win  reason    depth    srchd  AasP  wSet
7        116     76    13    13      76      40     40      0      2       1   B  QuietGame     3.37       68     1     A
4        138     98    16    16      98      40     40      0      2       0   B  QuietGame     3.38       68     0     B
1        154    114    32    32     154       0     25      1      6      -6   B  Reduction     3.29       68     1     A
0        159    119    31    32     119      40     40      0      4       4   A  QuietGame     3.25       68     0     A
2        174    134    29    31     134      40     40      2      2       1   B  QuietGame     3.37       67     0     B
5        194    154    33    34     194       0     22      3      4      -4   B  Reduction     3.38       68     1     A
6        230    190    34    34     190      40     40      4      2      -2   B  QuietGame     3.28       68     0     B
3        237    197    35    35     237       0     28      0      3       3   A  Reduction     3.39       67     1     B
8        175    135    13    13     135      40     40      2      2       1   B  QuietGame     3.21       68     0     B
10       140    100    18    18     100      40     40      3      2      -2   B  QuietGame     3.19       67     0     B
11       139     99    16    17      99      40     40      0      5       5   A  QuietGame     3.15       67     1     B
9        182    142    33    33     182       0     30      1      5      -5   B  Reduction     3.29       68     1     A
13       130     90    33    34     130       0      8      1      4      -4   B  Reduction     3.35       68     1     A
15       128     88    18    19      88      40     40      0      3       1   B  QuietGame     3.19       68     1     A
18        92     52    10    10      52      40     40      0      1       0   B  QuietGame     3.16       68     0     B
14       147    107    29    29     107      40     40      0      3       3   A  QuietGame     3.38       68     0     A
12       225    185    32    33     185      40     40      3      2      -1   B  QuietGame     3.21       68     0     B
17       127     87    21    21      87      40     40      1      3      -1   B  QuietGame     3.22       68     1     A
16       133     93    22    22      93      40     40      0      2       0   B  QuietGame     3.25       68     0     B
21       138     98    20    22      98      40     40      1      8      -8   B  QuietGame     3.16       67     1     A
19       195    155    31    32     155      40     40      2      4       4   A  QuietGame     3.22       68     1     B
20       208    168    33    34     208       0     27      3      4      -4   B  Reduction     3.42       67     0     B
26       125     85    26    28     125       0     11      0     10      10   A  Reduction     3.25       68     0     A
22       187    147    31    31     147      40     40      2      5       5   A  QuietGame     3.49       68     0     A
23       190    150    33    35     150      40     40      2      2       1   B  QuietGame     3.21       68     1     A
24       218    178    31    33     178      40     40      0      4       3   A  QuietGame     3.15       68     0     A
28       115     75    14    15      75      40     40      0      7       7   A  QuietGame     3.15       68     0     A
29       121     81    32    33     121       0      5      0      5       5   A  Reduction     3.28       68     1     B
32        91     51     8     8      51      40     40      0      2       2   A  QuietGame     3.21       68     0     A
25       246    206    33    33     206      40     40      4      4       3   A  QuietGame     3.35       68     1     B
30       145    105    17    17     105      40     40      2      2       1   B  QuietGame     3.25       67     0     B
31       147    107    27    30     147       0     19      0      8       8   A  Reduction     3.12       67     1     B
27       220    180    35    36     220       0     32      1      2      -2   B  Reduction     3.24       68     1     A
34       136     96    32    34     136       0     19      1      4      -4   B  Reduction     3.22       67     0     B
37       103     63    12    12      63      40     40      1      1       0   B  QuietGame     3.10       68     1     A
33       155    115    11    11     115      40     40      2      1       1   B  QuietGame     3.32       68     1     A
36       169    129    29    30     129      40     40      0      6       6   A  QuietGame     3.25       68     0     A
35       188    148    26    28     148      40     40      1      6      -6   B  QuietGame     3.25       67     1     A
38       193    153    28    28     153      40     40      1      7      -6   B  QuietGame     3.16       68     0     B
43       117     77    14    15      77      40     40      0      3       3   A  QuietGame     3.28       67     1     B
40       181    141    30    32     141      40     40      7      2       0   B  QuietGame     3.28       67     0     B
39       202    162    32    32     162      40     40      1      4      -4   B  QuietGame     3.18       68     1     A
41       162    122    32    33     122      40     40      0      4       3   A  QuietGame     3.24       67     1     B
42       170    130    31    32     130      40     40      1      4      -4   B  QuietGame     3.33       67     0     B
45       118     78    12    13      78      40     40      1      2      -1   B  QuietGame     3.10       68     1     A
44       200    160    35    35     200       0     35      1      3      -3   B  Reduction     3.37       68     0     B
46       167    127    32    32     167       0     28      0      6       6   A  Reduction     3.19       68     0     A
49       141    101    19    19     101      40     40      1      2      -1   B  QuietGame     3.25       68     1     A
51       139     99    29    30     139       0     22      0      8       8   A  Reduction     3.28       68     1     B
50       157    117    19    20     117      40     40      2      3       2   A  QuietGame     3.29       68     0     A
47       182    142    33    35     142      40     40      5      2      -1   B  QuietGame     3.26       68     1     A
52       134     94    12    12      94      40     40      0      2       0   B  QuietGame     3.35       68     0     B
48       187    147    36    36     147      40     40      3      3       0   B  QuietGame     3.26       68     0     B
57       127     87    19    21      87      40     40      6      1       1   B  QuietGame     3.21       68     1     A
56       147    107    34    35     147       0     34      0      3       3   A  Reduction     3.24       68     0     A
54       179    139    33    34     139      40     40      0      2       2   A  QuietGame     3.43       68     0     A
60       138     98    20    20      98      40     40      0      2       0   B  QuietGame     3.37       68     0     B
53       224    184    32    34     184      40     40      8      3       0   B  QuietGame     3.31       68     1     A
58       183    143    34    34     143      40     40      1      2       0   B  QuietGame     3.24       68     0     B
55       248    208    32    34     208      40     40      0      4       2   A  QuietGame     3.35       68     1     B
62       104     64    15    16      64      40     40      0      2       0   B  QuietGame     3.07       68     0     B
59       243    203    33    34     203      40     40      7      3      -2   B  QuietGame     3.19       68     1     A
61       196    156    21    23     156      40     40      0      6       5   A  QuietGame     3.38       68     1     B
64       170    130    33    33     130      40     40      0      3       1   B  QuietGame     3.34       67     0     B
63       180    140    34    34     140      40     40      3      2      -2   B  QuietGame     3.26       68     1     A
66       160    120    22    22     120      40     40      0      4       2   A  QuietGame     3.15       68     0     A
68       116     76    19    20      76      40     40      2      3       2   A  QuietGame     3.18       68     0     A
65       180    140    27    27     140      40     40      0     10       9   A  QuietGame     3.40       67     1     B
69       183    143    34    35     143      40     40      3      2      -1   B  QuietGame     3.25       68     1     A
67       216    176    30    31     216       0     38      1      7      -7   B  Reduction     3.24       68     1     A
70       143    103    30    31     143       0     21      0      7       7   A  Reduction     3.35       68     0     A
75       113     73    30    33     113       0      8      0      5       5   A  Reduction     3.10       68     1     B
71       184    144    34    35     144      40     40      2      2       1   B  QuietGame     3.34       68     1     A
74       179    139    30    30     139      40     40      0      3       2   A  QuietGame     3.28       68     0     A
72       213    173    36    36     173      40     40      3      2       0   B  QuietGame     3.28       67     0     B
79       103     63    16    17      63      40     40      0      3       3   A  QuietGame     3.15       68     1     B
78       113     73    18    18      73      40     40      0      2       2   A  QuietGame     3.22       68     0     A
77       153    113    32    34     153       0     31      0      4       4   A  Reduction     3.25       68     1     B
76       179    139    26    26     139      40     40      2      4       4   A  QuietGame     3.38       68     0     A
73       302    262    35    36     262      40     40      6      2       0   B  QuietGame     3.25       67     1     A

games                80
mean plies           165.5   (movement 125.5)
mean captures        26.3
mean removals        27.1
mean dead tail       30.5   plies after the last capture or removal
mean longest quiet   36.0
mean lead changes    1.4   (44 of 80 games had any)
mean peak margin     3.6
mean final margin    2.9   (absolute)
ended by quiet game  61  (76%)
ended by reduction   19  (24%)
ended by immobilize  0  (0%)
won by A / B         33 / 47
mean depth           3.26   (over 5422 searched opening plies)
wall clock           798.968 s

weight-set A wins    43 / 80  (53.8%)   [as P0: 18/40, as P1: 25/40]
weight-set B wins    37 / 80
quiet-game share     A-wins 76.7%   B-wins 75.7%   all 76.2%
95% threshold        wins >= 48 of 80 (one-sided): neither side significant
csv line appended to doc\bench\sweeps\2026-08-26-round2\coarse.csv
drop  mobility x0.7 -> 0.014 = 53.8% wins, quiet 76.25%
>> ./cmake-build-release/latrunculi_game/latrunculi_bench.exe pairs=40 ms=500 seed=777001 threads=8 rows=8 columns=10 perside=20 csv=doc\bench\sweeps\2026-08-26-round2\coarse.csv wA.threat=0.25 wA.pair=0.02 wA.mobility=0.027999999999999997 wA.centre=0.2 wA.vulnerableAxes=-0.03 wA.oneMoveCapturable=-0.9 wA.spearheadPairs=0.15 wA.diagonalSupport=0.06 wA.deniedSquares=0.04 wA.strikers=0.05 wA.notchExposure=-0.12 wB.threat=0.25 wB.pair=0.02 wB.mobility=0.02 wB.centre=0.2 wB.vulnerableAxes=-0.03 wB.oneMoveCapturable=-0.9 wB.spearheadPairs=0.15 wB.diagonalSupport=0.06 wB.deniedSquares=0.04 wB.strikers=0.05 wB.notchExposure=-0.12
Latrunculi bench: 40 mirrored A-vs-B pairs (80 games), 8x10, 20 per side, slide, convex payoff, komi 1.5, policy placement, 500 ms per searched ply, 8 threads
base seed: 777001  (pair p uses seed base+p; even game index = set A as P0)
XML: not saved   memory tracking level: 0

game   plies  moveP  capt  remv lastAct    tail  quiet   lead   peak  margin win  reason    depth    srchd  AasP  wSet
7        109     69    32    32     109       0     11      0      6       6   A  Reduction     3.31       68     1     B
0        122     82    31    32     122       0      9      1      6      -6   B  Reduction     3.19       68     0     B
1        145    105    31    31     105      40     40      0      4       3   A  QuietGame     3.29       68     1     B
2        148    108    26    26     108      40     40      2      2      -2   B  QuietGame     3.36       67     0     B
4        150    110    31    31     150       0     34      1      7      -7   B  Reduction     3.29       68     0     B
6        157    117    33    34     117      40     40      0      2       2   A  QuietGame     3.28       68     0     A
3        175    135    31    32     175       0     33      0      6       6   A  Immobilize     3.13       67     1     B
5        209    169    31    31     169      40     40      0      5       5   A  QuietGame     3.41       68     1     B
9        102     62    15    15      62      40     40      0      2       1   B  QuietGame     2.97       68     1     A
8        159    119    34    35     159       0     24      0      3       3   A  Reduction     3.24       68     0     A
10       145    105    31    33     145       0     25      0      5       5   A  Reduction     3.34       67     0     A
11       160    120    32    32     160       0     15      1      6      -6   B  Reduction     3.09       67     1     A
12       164    124    31    31     164       0     17      3      7      -7   B  Reduction     3.31       68     0     B
14       162    122    33    33     162       0     24      1      5      -5   B  Reduction     3.46       68     0     B
13       206    166    35    35     166      40     40      2      2       1   B  QuietGame     3.35       68     1     A
16       153    113    34    35     153       0     25      2      3       3   A  Reduction     3.29       68     0     A
20        94     54    10    10      54      40     40      1      2      -2   B  QuietGame     3.04       67     0     B
15       188    148    34    35     148      40     40      6      2       1   B  QuietGame     3.22       68     1     A
19       124     84    15    15      84      40     40      1      3      -3   B  QuietGame     2.97       68     1     A
17       189    149    34    34     149      40     40      5      1       0   B  QuietGame     3.41       68     1     A
18       186    146    34    34     146      40     40      8      1       0   B  QuietGame     3.50       68     0     B
23       131     91    19    20      91      40     40      0      6       6   A  QuietGame     3.12       68     1     B
22       135     95    31    32     135       0     13      0      6       6   A  Reduction     3.28       68     0     A
21       182    142    29    30     142      40     40      1      6      -6   B  QuietGame     3.27       67     1     A
25       139     99    34    34     139       0     17      2      4       4   A  Reduction     3.34       68     1     B
26       125     85    11    12      85      40     40      0      2       2   A  QuietGame     2.82       68     0     A
24       163    123    35    35     163       0     28      0      3       3   A  Reduction     3.40       68     0     A
27       131     91    32    33     131       0     11      0      5       5   A  Reduction     3.22       68     1     B
28       128     88    31    33     128       0     11      1      5      -5   B  Reduction     3.22       68     0     B
29       109     69    22    22      69      40     40      1      2       0   B  QuietGame     3.26       68     1     A
30       116     76    14    17      76      40     40      0      6       5   A  QuietGame     3.06       67     0     A
31       119     79    18    20      79      40     40      0      4       4   A  QuietGame     3.10       67     1     B
34       105     65    15    16      65      40     40      1      1       0   B  QuietGame     3.04       67     0     B
36       104     64    10    10      64      40     40      0      1       0   B  QuietGame     3.24       68     0     B
37       106     66    16    16      66      40     40      0      3       2   A  QuietGame     3.07       68     1     B
32       170    130    36    36     170       0     33      1      2      -2   B  Reduction     3.18       68     0     B
35       146    106    27    29     146       0     21      1      9      -9   B  Reduction     3.28       67     1     A
39       118     78    19    21      78      40     40      0      2       1   B  QuietGame     3.18       68     1     A
38       163    123    32    32     123      40     40      0      4       4   A  QuietGame     3.26       68     0     A
40       134     94    31    33     134       0      9      1      5      -5   B  Reduction     3.24       67     0     B
33       250    210    36    36     210      40     40      4      3       0   B  QuietGame     2.97       68     1     A
41       162    122    35    36     122      40     40      2      2       0   B  QuietGame     3.22       67     1     A
42       172    132    30    33     132      40     40      0      4       3   A  QuietGame     3.06       67     0     A
43       190    150    31    31     150      40     40      0      4       3   A  QuietGame     3.30       67     1     B
44       191    151    35    35     151      40     40      3      2      -1   B  QuietGame     3.38       68     0     B
46       182    142    33    33     142      40     40      3      3      -3   B  QuietGame     3.24       68     0     B
45       206    166    33    33     166      40     40      1      3      -3   B  QuietGame     3.35       68     1     A
47       188    148    32    33     148      40     40      0      3       1   B  QuietGame     3.29       68     1     A
48       195    155    34    36     195       0     34      0      2       2   A  Reduction     2.96       68     0     A
51       112     72    14    15      72      40     40      1      3      -3   B  QuietGame     3.16       68     1     A
50       166    126    35    35     166       0     23      1      3      -3   B  Reduction     3.19       68     0     B
49       183    143    32    32     183       0     33      0      6       6   A  Reduction     3.24       68     1     B
53       115     75    27    29     115       0     17      0      9       9   A  Reduction     3.06       68     1     B
52       159    119    35    35     159       0     20      0      3       3   A  Reduction     3.25       68     0     A
55       111     71    19    20      71      40     40      0      4       4   A  QuietGame     3.09       68     1     B
54       141    101    32    33     141       0     23      0      5       5   A  Reduction     3.21       68     0     A
56       118     78    31    33     118       0      9      1      5      -5   B  Reduction     3.03       68     0     B
60       103     63    11    12      63      40     40      3      1       0   B  QuietGame     3.12       68     0     B
61       130     90    20    20      90      40     40      1      2      -2   B  QuietGame     3.32       68     1     A
57       196    156    27    30     156      40     40      0      7       6   A  QuietGame     3.12       68     1     B
58       175    135    32    33     135      40     40      3      2      -1   B  QuietGame     3.19       68     0     B
62       161    121    29    32     121      40     40      0      3       2   A  QuietGame     3.12       68     0     A
59       229    189    34    35     189      40     40      3      2      -1   B  QuietGame     3.18       68     1     A
63       189    149    32    33     149      40     40      6      3       3   A  QuietGame     3.16       68     1     B
64       176    136    29    30     136      40     40      1      4      -4   B  QuietGame     2.93       67     0     B
65       143    103    33    35     143       0     28      0      3       3   A  Reduction     3.24       67     1     B
67       135     95    19    19      95      40     40      2      2       1   B  QuietGame     3.31       68     1     A
66       167    127    27    27     127      40     40      0      7       7   A  QuietGame     3.37       68     0     A
69       149    109    31    32     109      40     40      0      4       4   A  QuietGame     3.19       68     1     B
68       187    147    31    33     147      40     40      0      2       1   B  QuietGame     3.18       68     0     B
73       106     66    14    14      66      40     40      1      2      -2   B  QuietGame     3.16       67     1     A
71       151    111    27    28     111      40     40      0      8       8   A  QuietGame     3.32       68     1     B
70       175    135    31    31     135      40     40      1      6      -5   B  QuietGame     3.37       68     0     B
72       175    135    33    34     175       0     28      0      4       4   A  Reduction     2.91       67     0     A
75       125     85    32    32     125       0     13      0      6       6   A  Reduction     3.37       68     1     B
74       180    140    32    32     140      40     40      1      4      -4   B  QuietGame     3.31       68     0     B
78       153    113    30    30     113      40     40      5      3      -2   B  QuietGame     3.25       68     0     B
76       171    131    29    30     131      40     40      0      6       6   A  QuietGame     3.35       68     0     A
77       195    155    31    32     195       0     19      2      6       6   A  Reduction     3.15       68     1     B
79       179    139    29    30     139      40     40      0      6       6   A  QuietGame     3.53       68     1     B

games                80
mean plies           154.5   (movement 114.5)
mean captures        28.1
mean removals        28.9
mean dead tail       25.5   plies after the last capture or removal
mean longest quiet   33.1
mean lead changes    1.1   (41 of 80 games had any)
mean peak margin     3.9
mean final margin    3.5   (absolute)
ended by quiet game  51  (64%)
ended by reduction   28  (35%)
ended by immobilize  1  (1%)
won by A / B         38 / 42
mean depth           3.22   (over 5422 searched opening plies)
wall clock           746.412 s

weight-set A wins    36 / 80  (45.0%)   [as P0: 17/40, as P1: 19/40]
weight-set B wins    44 / 80
quiet-game share     A-wins 69.4%   B-wins 59.1%   all 63.8%
95% threshold        wins >= 48 of 80 (one-sided): neither side significant
csv line appended to doc\bench\sweeps\2026-08-26-round2\coarse.csv
drop  mobility x1.4 -> 0.028 = 45.0% wins, quiet 63.75%
>> ./cmake-build-release/latrunculi_game/latrunculi_bench.exe pairs=40 ms=500 seed=777001 threads=8 rows=8 columns=10 perside=20 csv=doc\bench\sweeps\2026-08-26-round2\coarse.csv wA.threat=0.25 wA.pair=0.02 wA.mobility=0.02 wA.centre=0.13999999999999999 wA.vulnerableAxes=-0.03 wA.oneMoveCapturable=-0.9 wA.spearheadPairs=0.15 wA.diagonalSupport=0.06 wA.deniedSquares=0.04 wA.strikers=0.05 wA.notchExposure=-0.12 wB.threat=0.25 wB.pair=0.02 wB.mobility=0.02 wB.centre=0.2 wB.vulnerableAxes=-0.03 wB.oneMoveCapturable=-0.9 wB.spearheadPairs=0.15 wB.diagonalSupport=0.06 wB.deniedSquares=0.04 wB.strikers=0.05 wB.notchExposure=-0.12
Latrunculi bench: 40 mirrored A-vs-B pairs (80 games), 8x10, 20 per side, slide, convex payoff, komi 1.5, policy placement, 500 ms per searched ply, 8 threads
base seed: 777001  (pair p uses seed base+p; even game index = set A as P0)
XML: not saved   memory tracking level: 0

game   plies  moveP  capt  remv lastAct    tail  quiet   lead   peak  margin win  reason    depth    srchd  AasP  wSet
5        120     80     9     9      80      40     40      0      2       1   B  QuietGame     3.32       68     1     A
4        127     87    19    19      87      40     40      1      4      -3   B  QuietGame     3.46       68     0     B
0        132     92    32    32     132       0      9      3      6      -6   B  Reduction     3.38       68     0     B
6        134     94    24    26      94      40     40      4      2      -2   B  QuietGame     3.28       68     0     B
7        168    128    30    30     128      40     40      1      6      -6   B  QuietGame     3.28       68     1     A
2        174    134    32    35     134      40     40      4      2       1   B  QuietGame     3.12       67     0     B
3        178    138    31    32     138      40     40      4      2       0   B  QuietGame     3.25       67     1     A
1        205    165    31    32     165      40     40      1      3      -2   B  QuietGame     3.21       68     1     A
9        155    115    27    27     115      40     40      0      7       7   A  QuietGame     3.34       68     1     B
8        177    137    30    31     177       0     28      0      7       7   A  Reduction     3.16       68     0     A
15        94     54     9    10      54      40     40      0      3       2   A  QuietGame     3.07       68     1     B
10       199    159    30    31     159      40     40      0      5       5   A  QuietGame     3.28       67     0     A
11       245    205    35    36     205      40     40      3      2       0   B  QuietGame     3.39       67     1     A
13       207    167    36    36     207       0     25      4      2       2   A  Reduction     3.37       68     1     B
14       206    166    32    33     166      40     40      0      4       3   A  QuietGame     3.19       68     0     A
12       242    202    30    32     202      40     40      3      4      -4   B  QuietGame     3.15       68     0     B
18       164    124    28    29     124      40     40      1      7      -7   B  QuietGame     3.29       68     0     B
16       202    162    31    33     162      40     40      0      4       3   A  QuietGame     3.18       68     0     A
17       189    149    31    32     149      40     40      1      5      -4   B  QuietGame     3.34       68     1     A
19       171    131    34    34     131      40     40      3      3      -2   B  QuietGame     3.44       68     1     A
20       126     86    23    23      86      40     40      1      2      -1   B  QuietGame     3.21       67     0     B
22       122     82    20    20      82      40     40      1      2      -2   B  QuietGame     3.24       68     0     B
23       102     62    14    17      62      40     40      0      4       3   A  QuietGame     2.99       68     1     B
21       177    137    34    34     137      40     40      1      3      -2   B  QuietGame     3.21       67     1     A
26       132     92    34    34     132       0     16      1      4      -4   B  Reduction     3.32       68     0     B
28       125     85    33    34     125       0     19      2      4       4   A  Reduction     3.32       68     0     A
25       175    135    33    34     135      40     40      0      2       2   A  QuietGame     3.21       68     1     B
24       212    172    35    35     172      40     40      1      2      -1   B  QuietGame     3.38       68     0     B
31       123     83    15    16      83      40     40      0      4       4   A  QuietGame     3.10       67     1     B
30       171    131    34    34     131      40     40      0      2       2   A  QuietGame     3.22       67     0     A
29       191    151    30    31     151      40     40      2      3       3   A  QuietGame     3.34       68     1     B
27       200    160    35    35     160      40     40      4      2       1   B  QuietGame     3.41       68     1     A
36       102     62    16    16      62      40     40      2      1       0   B  QuietGame     2.96       68     0     B
34       131     91    34    34     131       0      9      0      4       4   A  Reduction     3.24       67     0     A
32       181    141    35    36     181       0     35      2      2       2   A  Reduction     3.06       68     0     A
35       129     89    22    25      89      40     40      0      4       3   A  QuietGame     3.22       67     1     B
39       107     67    16    16      67      40     40      1      3      -2   B  QuietGame     3.13       68     1     A
37       169    129    33    33     129      40     40      2      3       3   A  QuietGame     3.18       68     1     B
38       165    125    32    33     165       0     33      0      5       5   A  Reduction     3.22       68     0     A
33       241    201    33    33     241       0     35      0      5       5   A  Reduction     3.24       68     1     B
42       159    119    30    30     119      40     40      0      3       2   A  QuietGame     3.24       67     0     A
40       182    142    35    36     182       0     28      1      3      -2   B  Reduction     3.27       67     0     B
43       165    125    34    34     165       0     18      0      4       4   A  Reduction     3.33       67     1     B
44       189    149    33    35     149      40     40      4      2       1   B  QuietGame     3.18       68     0     B
41       220    180    35    36     220       0     33      1      2      -2   B  Reduction     3.16       67     1     A
46       175    135    34    35     175       0     19      0      4       3   A  Reduction     3.21       68     0     A
45       198    158    28    29     158      40     40      5      1      -1   B  QuietGame     3.19       68     1     A
47       185    145    35    36     145      40     40      3      1       0   B  QuietGame     3.15       68     1     A
50       180    140    31    32     140      40     40      0      2       0   B  QuietGame     3.19       68     0     B
52       146    106    35    35     146       0     15      3      3      -3   B  Reduction     3.29       68     0     B
49       196    156    32    34     156      40     40      2      2       0   B  QuietGame     3.18       68     1     A
51       175    135    30    32     175       0     24      0      6       6   A  Reduction     3.19       68     1     B
48       220    180    29    31     180      40     40      0      6       5   A  QuietGame     3.19       68     0     A
53       161    121    26    27     121      40     40      0      7       7   A  QuietGame     3.16       68     1     B
54       169    129    29    31     169       0     35      0      7       7   A  Reduction     3.16       68     0     A
55       198    158    35    35     158      40     40      2      2       1   B  QuietGame     3.24       68     1     A
56       168    128    29    29     128      40     40      0      3       1   B  QuietGame     3.34       68     0     B
57       183    143    34    34     183       0     27      0      4       4   A  Reduction     3.40       68     1     B
62       126     86    34    35     126       0     15      1      3      -3   B  Reduction     3.21       68     0     B
58       196    156    34    35     156      40     40      2      2       1   B  QuietGame     3.25       68     0     B
61       155    115    17    17     115      40     40      0      2       1   B  QuietGame     3.34       68     1     A
59       185    145    32    33     145      40     40      4      3       3   A  QuietGame     3.29       68     1     B
60       193    153    29    31     153      40     40      0      5       5   A  QuietGame     3.15       68     0     A
63       135     95    16    17      95      40     40      0      3       3   A  QuietGame     3.24       68     1     B
64       116     76    17    17      76      40     40      1      1      -1   B  QuietGame     3.34       67     0     B
65       113     73    14    14      73      40     40      0      2       2   A  QuietGame     3.33       67     1     B
69       155    115    21    22     115      40     40      1      2       0   B  QuietGame     3.29       68     1     A
68       167    127    32    34     127      40     40      1      3      -2   B  QuietGame     3.31       68     0     B
67       178    138    26    27     138      40     40      0      6       5   A  QuietGame     3.15       68     1     B
70       163    123    35    36     163       0     22      0      2       2   A  Reduction     3.28       68     0     A
72       116     76    11    12      76      40     40      0      6      -6   B  QuietGame     3.19       67     0     B
66       195    155    31    31     155      40     40      0      5       5   A  QuietGame     3.32       68     0     A
71       178    138    32    33     138      40     40      0      5       3   A  QuietGame     3.25       68     1     B
73       212    172    35    35     172      40     40      4      2       1   B  QuietGame     3.40       67     1     A
74       163    123    35    36     163       0     25      0      3       2   A  Reduction     3.24       68     0     A
78       171    131    33    34     171       0     26      2      4       4   A  Reduction     3.24       68     0     A
79       172    132    30    30     132      40     40      0      7       6   A  QuietGame     3.26       68     1     B
76       202    162    34    35     202       0     32      1      3      -3   B  Reduction     3.31       68     0     B
77       222    182    35    35     182      40     40      4      2       1   B  QuietGame     3.22       68     1     A
75       237    197    35    36     197      40     40      9      1       0   B  QuietGame     3.21       68     1     A

games                80
mean plies           169.9   (movement 129.9)
mean captures        28.9
mean removals        29.7
mean dead tail       29.0   plies after the last capture or removal
mean longest quiet   35.6
mean lead changes    1.3   (44 of 80 games had any)
mean peak margin     3.4
mean final margin    2.9   (absolute)
ended by quiet game  58  (72%)
ended by reduction   22  (28%)
ended by immobilize  0  (0%)
won by A / B         38 / 42
mean depth           3.24   (over 5422 searched opening plies)
wall clock           813.859 s

weight-set A wins    38 / 80  (47.5%)   [as P0: 18/40, as P1: 20/40]
weight-set B wins    42 / 80
quiet-game share     A-wins 71.1%   B-wins 73.8%   all 72.5%
95% threshold        wins >= 48 of 80 (one-sided): neither side significant
csv line appended to doc\bench\sweeps\2026-08-26-round2\coarse.csv
drop  centre x0.7 -> 0.14 = 47.5% wins, quiet 72.5%
>> ./cmake-build-release/latrunculi_game/latrunculi_bench.exe pairs=40 ms=500 seed=777001 threads=8 rows=8 columns=10 perside=20 csv=doc\bench\sweeps\2026-08-26-round2\coarse.csv wA.threat=0.25 wA.pair=0.02 wA.mobility=0.02 wA.centre=0.27999999999999997 wA.vulnerableAxes=-0.03 wA.oneMoveCapturable=-0.9 wA.spearheadPairs=0.15 wA.diagonalSupport=0.06 wA.deniedSquares=0.04 wA.strikers=0.05 wA.notchExposure=-0.12 wB.threat=0.25 wB.pair=0.02 wB.mobility=0.02 wB.centre=0.2 wB.vulnerableAxes=-0.03 wB.oneMoveCapturable=-0.9 wB.spearheadPairs=0.15 wB.diagonalSupport=0.06 wB.deniedSquares=0.04 wB.strikers=0.05 wB.notchExposure=-0.12
Latrunculi bench: 40 mirrored A-vs-B pairs (80 games), 8x10, 20 per side, slide, convex payoff, komi 1.5, policy placement, 500 ms per searched ply, 8 threads
base seed: 777001  (pair p uses seed base+p; even game index = set A as P0)
XML: not saved   memory tracking level: 0

game   plies  moveP  capt  remv lastAct    tail  quiet   lead   peak  margin win  reason    depth    srchd  AasP  wSet
3        126     86    33    33     126       0      5      1      5      -5   B  Reduction     3.37       67     1     A
2        158    118    31    31     158       0     15      1      7      -7   B  Reduction     3.34       67     0     B
5        168    128    16    16     128      40     40      2      1       0   B  QuietGame     3.29       68     1     A
1        171    131    34    34     131      40     40      2      2       2   A  QuietGame     3.35       68     1     B
6        196    156    29    31     156      40     40      1      5      -5   B  QuietGame     3.24       68     0     B
7        226    186    32    33     186      40     40      7      4       3   A  QuietGame     3.35       68     1     B
4        229    189    30    31     189      40     40      0      5       5   A  QuietGame     3.37       68     0     A
9        104     64    10    14      64      40     40      0      5       4   A  QuietGame     3.04       68     1     B
0        254    214    36    36     214      40     40      2      2       0   B  QuietGame     3.25       68     0     B
8        197    157    33    34     197       0     35      2      4       4   A  Reduction     3.35       68     0     A
13       107     67    11    12      67      40     40      0      4       4   A  QuietGame     3.25       68     1     B
10       169    129    27    27     129      40     40      0      7       7   A  QuietGame     3.25       67     0     A
11       198    158    30    31     158      40     40      1      4      -3   B  QuietGame     3.22       67     1     A
12       190    150    30    30     150      40     40      0      5       4   A  QuietGame     3.37       68     0     A
16       141    101    33    33     141       0     17      0      5       5   A  Reduction     3.34       68     0     A
15       159    119    32    32     159       0     31      2      6       6   A  Reduction     3.32       68     1     B
18       102     62    11    11      62      40     40      1      1      -1   B  QuietGame     3.15       68     0     B
14       206    166    30    30     166      40     40      2      5       4   A  QuietGame     3.37       68     0     A
23       115     75    28    31     115       0     11      0      7       7   A  Reduction     3.10       68     1     B
21       154    114    32    32     114      40     40      3      3       2   A  QuietGame     3.45       67     1     B
17       221    181    34    35     181      40     40      5      2      -1   B  QuietGame     3.50       68     1     A
20       178    138    35    35     138      40     40      2      1      -1   B  QuietGame     3.31       67     0     B
19       210    170    34    36     170      40     40      8      2       0   B  QuietGame     3.31       68     1     A
22       156    116    32    34     116      40     40      0      3       2   A  QuietGame     3.25       68     0     A
25       123     83    15    17      83      40     40      0      2       1   B  QuietGame     3.09       68     1     A
27       108     68    17    17      68      40     40      1      2      -1   B  QuietGame     3.26       68     1     A
24       221    181    31    31     181      40     40      2      4       3   A  QuietGame     3.24       68     0     A
28       122     82    15    15      82      40     40      1      2      -1   B  QuietGame     3.25       68     0     B
26       191    151    31    33     151      40     40      0      3       3   A  QuietGame     3.26       68     0     A
30       187    147    33    33     147      40     40      0      3       3   A  QuietGame     3.31       67     0     A
29       188    148    33    33     188       0     33      1      5      -5   B  Reduction     3.26       68     1     A
31       198    158    34    34     158      40     40      0      3       2   A  QuietGame     3.36       67     1     B
33       139     99    32    33     139       0     12      0      5       5   A  Reduction     3.37       68     1     B
32       217    177    28    28     177      40     40      0      8       8   A  QuietGame     3.22       68     0     A
34       179    139    32    33     179       0     35      2      5       5   A  Reduction     3.19       67     0     A
35       171    131    30    30     131      40     40      3      3      -2   B  QuietGame     3.22       67     1     A
36       160    120    31    31     160       0     17      1      7      -7   B  Reduction     3.22       68     0     B
41       105     65    14    14      65      40     40      0      2       2   A  QuietGame     3.19       67     1     B
38       159    119    33    35     159       0     24      0      3       3   A  Reduction     3.16       68     0     A
37       169    129    30    30     129      40     40      2      6       6   A  QuietGame     3.24       68     1     B
39       159    119    33    35     159       0     22      0      4       3   A  Reduction     3.07       68     1     B
40       150    110    30    31     110      40     40      1      5      -5   B  QuietGame     3.27       67     0     B
43       155    115    36    36     155       0     22      0      2       2   A  Reduction     3.30       67     1     B
46       123     83    18    19      83      40     40      4      2       1   B  QuietGame     3.16       68     0     B
49       101     61    12    13      61      40     40      2      2       1   B  QuietGame     3.22       68     1     A
48       119     79    18    19      79      40     40      0      3       3   A  QuietGame     3.26       68     0     A
44       183    143    27    29     143      40     40      0      5       5   A  QuietGame     3.21       68     0     A
45       183    143    30    32     143      40     40      1      5      -4   B  QuietGame     3.22       68     1     A
42       231    191    34    34     191      40     40      0      3       2   A  QuietGame     3.25       67     0     A
47       203    163    34    34     163      40     40      9      1       0   B  QuietGame     3.28       68     1     A
56       118     78    17    18      78      40     40      0      3       2   A  QuietGame     3.21       68     0     A
51       180    140    31    33     140      40     40      0      4       3   A  QuietGame     3.22       68     1     B
50       213    173    24    26     173      40     40      0      8       8   A  QuietGame     3.13       68     0     A
52       180    140    23    25     140      40     40      0      8       7   A  QuietGame     3.19       68     0     A
53       204    164    34    36     164      40     40      4      1       0   B  QuietGame     3.25       68     1     A
55       171    131    29    31     131      40     40      0      5       5   A  QuietGame     3.15       68     1     B
57       182    142    33    33     182       0     18      3      5      -5   B  Reduction     3.40       68     1     A
58       125     85     6     6      85      40     40      0      4       4   A  QuietGame     3.25       68     0     A
54       244    204    35    36     204      40     40      4      2       0   B  QuietGame     3.31       68     0     B
59       155    115    31    35     155       0     20      0      3       3   A  Reduction     3.12       68     1     B
62       123     83    14    16      83      40     40      1      2       0   B  QuietGame     3.21       68     0     B
61       170    130    28    29     130      40     40      1      7      -7   B  QuietGame     3.41       68     1     A
63       145    105    28    30     145       0     24      0      8       8   A  Reduction     3.35       68     1     B
60       201    161    32    33     161      40     40      1      4      -3   B  QuietGame     3.40       68     0     B
65       153    113    33    33     153       0     17      2      5       5   A  Reduction     3.27       67     1     B
64       163    123    30    34     163       0     19      0      4       4   A  Reduction     3.30       67     0     A
66       177    137    31    31     137      40     40      0      5       5   A  QuietGame     3.46       68     0     A
67       156    116    20    20     116      40     40      3      2      -2   B  QuietGame     3.37       68     1     A
69       157    117    30    31     157       0     28      0      7       7   A  Reduction     3.29       68     1     B
70       163    123    26    27     163       0     19      0     11      11   A  Reduction     3.41       68     0     A
71       146    106    21    21     106      40     40      3      1      -1   B  QuietGame     3.28       68     1     A
72       110     70    13    13      70      40     40      1      3      -3   B  QuietGame     3.18       67     0     B
68       223    183    31    32     183      40     40      1      5      -4   B  QuietGame     3.34       68     0     B
75       113     73    14    16      73      40     40      0      3       2   A  QuietGame     3.03       68     1     B
73       178    138    33    34     138      40     40      0      3       2   A  QuietGame     3.30       67     1     B
77       115     75    14    14      75      40     40      2      2       2   A  QuietGame     3.43       68     1     B
79       103     63    12    14      63      40     40      2      2       2   A  QuietGame     3.12       68     1     B
74       179    139    36    36     179       0     38      2      2       2   A  Reduction     3.29       68     0     A
76       198    158    33    34     158      40     40      0      3       2   A  QuietGame     3.21       68     0     A
78       198    158    31    32     158      40     40      2      3       2   A  QuietGame     3.41       68     0     A

games                80
mean plies           166.5   (movement 126.5)
mean captures        27.1
mean removals        28.0
mean dead tail       29.5   plies after the last capture or removal
mean longest quiet   35.3
mean lead changes    1.3   (44 of 80 games had any)
mean peak margin     3.9
mean final margin    3.5   (absolute)
ended by quiet game  59  (74%)
ended by reduction   21  (26%)
ended by immobilize  0  (0%)
won by A / B         49 / 31
mean depth           3.27   (over 5422 searched opening plies)
wall clock           808.875 s

weight-set A wins    43 / 80  (53.8%)   [as P0: 26/40, as P1: 17/40]
weight-set B wins    37 / 80
quiet-game share     A-wins 76.7%   B-wins 70.3%   all 73.8%
95% threshold        wins >= 48 of 80 (one-sided): neither side significant
csv line appended to doc\bench\sweeps\2026-08-26-round2\coarse.csv
drop  centre x1.4 -> 0.28 = 53.8% wins, quiet 73.75%
>> ./cmake-build-release/latrunculi_game/latrunculi_bench.exe pairs=40 ms=500 seed=777001 threads=8 rows=8 columns=10 perside=20 csv=doc\bench\sweeps\2026-08-26-round2\coarse.csv wA.threat=0.25 wA.pair=0.02 wA.mobility=0.02 wA.centre=0.2 wA.vulnerableAxes=-0.020999999999999998 wA.oneMoveCapturable=-0.9 wA.spearheadPairs=0.15 wA.diagonalSupport=0.06 wA.deniedSquares=0.04 wA.strikers=0.05 wA.notchExposure=-0.12 wB.threat=0.25 wB.pair=0.02 wB.mobility=0.02 wB.centre=0.2 wB.vulnerableAxes=-0.03 wB.oneMoveCapturable=-0.9 wB.spearheadPairs=0.15 wB.diagonalSupport=0.06 wB.deniedSquares=0.04 wB.strikers=0.05 wB.notchExposure=-0.12
Latrunculi bench: 40 mirrored A-vs-B pairs (80 games), 8x10, 20 per side, slide, convex payoff, komi 1.5, policy placement, 500 ms per searched ply, 8 threads
base seed: 777001  (pair p uses seed base+p; even game index = set A as P0)
XML: not saved   memory tracking level: 0

game   plies  moveP  capt  remv lastAct    tail  quiet   lead   peak  margin win  reason    depth    srchd  AasP  wSet
7        129     89    28    29     129       0     16      0      9       9   A  Reduction     3.15       68     1     B
5        138     98    16    16      98      40     40      1      2      -2   B  QuietGame     3.24       68     1     A
1        140    100    31    32     140       0     26      1      6      -6   B  Reduction     3.29       68     1     A
4        157    117    31    31     157       0     22      0      7       7   A  Reduction     3.29       68     0     A
6        158    118    24    25     118      40     40      7      2       1   B  QuietGame     3.40       68     0     B
2        182    142    32    32     142      40     40      2      3       2   A  QuietGame     3.33       67     0     A
3        195    155    32    33     155      40     40      1      2      -1   B  QuietGame     3.24       67     1     A
0        206    166    33    35     166      40     40      0      3       1   B  QuietGame     3.21       68     0     B
11       106     66    14    14      66      40     40      0      3       2   A  QuietGame     3.21       67     1     B
12       125     85    32    33     125       0      8      0      5       5   A  Reduction     3.41       68     0     A
8        175    135    33    34     135      40     40      3      2       0   B  QuietGame     3.01       68     0     B
15       108     68    12    13      68      40     40      0      3       1   B  QuietGame     3.19       68     1     A
10       192    152    34    34     152      40     40      3      2      -2   B  QuietGame     3.22       67     0     B
14       145    105    33    34     145       0     10      0      4       4   A  Reduction     3.24       68     0     A
9        219    179    29    30     179      40     40      0      2       2   A  QuietGame     3.15       68     1     B
13       216    176    32    35     176      40     40      3      2      -1   B  QuietGame     3.19       68     1     A
18       108     68    15    15      68      40     40      3      1      -1   B  QuietGame     3.19       68     0     B
20       146    106    31    32     146       0     29      1      6      -6   B  Reduction     3.03       67     0     B
19       173    133    29    32     133      40     40      1      5      -4   B  QuietGame     3.26       68     1     A
16       236    196    31    31     196      40     40      0      5      -5   B  QuietGame     3.10       68     0     B
22       159    119    33    34     159       0     19      0      4       4   A  Reduction     3.29       68     0     A
17       247    207    34    35     207      40     40      1      2      -1   B  QuietGame     3.35       68     1     A
21       193    153    34    34     153      40     40      1      3      -2   B  QuietGame     3.21       67     1     A
23       134     94    31    31      94      40     40      0      2       1   B  QuietGame     3.32       68     1     A
26        91     51     6     6      51      40     40      0      2       2   A  QuietGame     3.26       68     0     A
24       169    129    21    21     129      40     40      2      2       1   B  QuietGame     3.28       68     0     B
25       205    165    35    35     165      40     40      3      2      -1   B  QuietGame     3.10       68     1     A
28       175    135    34    34     135      40     40      4      2       2   A  QuietGame     3.31       68     0     A
29       172    132    29    31     132      40     40      1      5      -5   B  QuietGame     3.24       68     1     A
27       205    165    35    35     205       0     23      2      3       3   A  Reduction     3.29       68     1     B
32       145    105    34    36     145       0     16      2      2       2   A  Reduction     3.34       68     0     A
31       185    145    35    35     185       0     36      0      3       3   A  Reduction     3.19       67     1     B
30       195    155    30    30     195       0     33      0      8       8   A  Reduction     3.39       67     0     A
33       199    159    34    34     159      40     40      8      2       2   A  QuietGame     3.28       68     1     B
38       101     61    12    14      61      40     40      1      2       0   B  QuietGame     3.10       68     0     B
34       138     98    17    18      98      40     40      2      1       0   B  QuietGame     2.88       67     0     B
37       137     97    30    31     137       0     23      0      7       7   A  Reduction     3.19       68     1     B
36       151    111    32    32     111      40     40      1      5      -4   B  QuietGame     3.16       68     0     B
35       166    126    35    35     126      40     40      0      2       1   B  QuietGame     3.37       67     1     A
41       115     75    18    18      75      40     40      1      1       0   B  QuietGame     3.28       67     1     A
42       105     65    12    12      65      40     40      0      4       4   A  QuietGame     3.27       67     0     A
40       204    164    35    36     164      40     40      4      3       0   B  QuietGame     3.16       67     0     B
39       221    181    30    31     181      40     40      0      5       5   A  QuietGame     3.13       68     1     B
43       173    133    35    35     133      40     40      0      2       1   B  QuietGame     2.91       67     1     A
45       148    108    35    35     148       0     29      1      3      -3   B  Reduction     3.26       68     1     A
46       145    105    34    34     145       0     12      2      4       4   A  Reduction     3.25       68     0     A
44       177    137    31    33     137      40     40      1      2      -1   B  QuietGame     3.13       68     0     B
48       148    108    31    32     148       0     23      5      6      -6   B  Reduction     3.26       68     0     B
49       159    119    33    35     159       0     20      0      3       3   A  Reduction     3.29       68     1     B
47       210    170    32    35     170      40     40      2      3       1   B  QuietGame     3.13       68     1     A
50       180    140    22    23     140      40     40      2      6       5   A  QuietGame     3.31       68     0     A
52       161    121    33    34     161       0     37      0      4       4   A  Reduction     3.38       68     0     A
51       179    139    31    32     139      40     40      0      4       4   A  QuietGame     3.00       68     1     B
53       173    133    35    35     173       0     26      0      3       3   A  Reduction     3.31       68     1     B
56       113     73    31    32     113       0      6      0      6       6   A  Reduction     3.35       68     0     A
57       125     85    34    34     125       0     14      0      4       4   A  Reduction     3.35       68     1     B
58        99     59     8     8      59      40     40      0      4       4   A  QuietGame     3.26       68     0     A
55       188    148    33    33     148      40     40      4      2       1   B  QuietGame     3.29       68     1     A
59       100     60    15    16      60      40     40      2      2       0   B  QuietGame     3.13       68     1     A
54       249    209    34    34     209      40     40      4      2       2   A  QuietGame     3.25       68     0     A
61       116     76    18    18      76      40     40      0      2       0   B  QuietGame     3.35       68     1     A
60       171    131    33    33     131      40     40      5      2      -1   B  QuietGame     2.94       68     0     B
62       145    105    31    32     145       0     20      0      6       6   A  Reduction     3.19       68     0     A
64       166    126    30    31     166       0     34      1      7      -7   B  Reduction     3.18       67     0     B
63       166    126    31    32     126      40     40      0      5       4   A  QuietGame     3.15       68     1     B
65       166    126    31    31     126      40     40      2      4       3   A  QuietGame     3.46       67     1     B
66       183    143    29    29     143      40     40      0      3       1   B  QuietGame     3.22       68     0     B
69       119     79    17    17      79      40     40      0      3       3   A  QuietGame     3.22       68     1     B
68       201    161    31    31     161      40     40      0      5       5   A  QuietGame     3.28       68     0     A
70       158    118    31    32     118      40     40      0      5       4   A  QuietGame     3.22       68     0     A
67       236    196    35    35     196      40     40      0      3       1   B  QuietGame     3.22       68     1     A
72       147    107    33    33     147       0     17      0      5       5   A  Reduction     3.22       67     0     A
71       170    130    31    32     130      40     40      0      5       4   A  QuietGame     3.22       68     1     B
75       113     73    14    16      73      40     40      0      3       2   A  QuietGame     3.03       68     1     B
74       148    108    21    22     108      40     40      0      3       0   B  QuietGame     3.24       68     0     B
77       143    103    32    33     143       0     13      2      5       5   A  Reduction     3.24       68     1     B
73       235    195    30    30     195      40     40      2      6       6   A  QuietGame     3.42       67     1     B
76       176    136    35    35     176       0     15      3      3      -3   B  Reduction     3.21       68     0     B
78       167    127    33    34     167       0     23      2      4       4   A  Reduction     3.25       68     0     A
79       175    135    29    32     175       0     25      0      6       6   A  Reduction     3.01       68     1     B

games                80
mean plies           163.7   (movement 123.7)
mean captures        28.5
mean removals        29.2
mean dead tail       26.5   plies after the last capture or removal
mean longest quiet   33.7
mean lead changes    1.2   (41 of 80 games had any)
mean peak margin     3.6
mean final margin    3.0   (absolute)
ended by quiet game  53  (66%)
ended by reduction   27  (34%)
ended by immobilize  0  (0%)
won by A / B         41 / 39
mean depth           3.22   (over 5422 searched opening plies)
wall clock           786.125 s

weight-set A wins    41 / 80  (51.2%)   [as P0: 21/40, as P1: 20/40]
weight-set B wins    39 / 80
quiet-game share     A-wins 65.9%   B-wins 66.7%   all 66.2%
95% threshold        wins >= 48 of 80 (one-sided): neither side significant
csv line appended to doc\bench\sweeps\2026-08-26-round2\coarse.csv
drop  vulnerableAxes x0.7 -> -0.021 = 51.3% wins, quiet 66.25%
>> ./cmake-build-release/latrunculi_game/latrunculi_bench.exe pairs=40 ms=500 seed=777001 threads=8 rows=8 columns=10 perside=20 csv=doc\bench\sweeps\2026-08-26-round2\coarse.csv wA.threat=0.25 wA.pair=0.02 wA.mobility=0.02 wA.centre=0.2 wA.vulnerableAxes=-0.041999999999999996 wA.oneMoveCapturable=-0.9 wA.spearheadPairs=0.15 wA.diagonalSupport=0.06 wA.deniedSquares=0.04 wA.strikers=0.05 wA.notchExposure=-0.12 wB.threat=0.25 wB.pair=0.02 wB.mobility=0.02 wB.centre=0.2 wB.vulnerableAxes=-0.03 wB.oneMoveCapturable=-0.9 wB.spearheadPairs=0.15 wB.diagonalSupport=0.06 wB.deniedSquares=0.04 wB.strikers=0.05 wB.notchExposure=-0.12
Latrunculi bench: 40 mirrored A-vs-B pairs (80 games), 8x10, 20 per side, slide, convex payoff, komi 1.5, policy placement, 500 ms per searched ply, 8 threads
base seed: 777001  (pair p uses seed base+p; even game index = set A as P0)
XML: not saved   memory tracking level: 0

game   plies  moveP  capt  remv lastAct    tail  quiet   lead   peak  margin win  reason    depth    srchd  AasP  wSet
6        123     83    14    14      83      40     40      2      2       2   A  QuietGame     3.10       68     0     A
2        155    115    30    30     115      40     40      0      5       4   A  QuietGame     3.25       67     0     A
1        166    126    36    36     166       0     21      1      2      -2   B  Reduction     3.31       68     1     A
0        177    137    33    33     177       0     27      0      5       5   A  Reduction     3.29       68     0     A
4        181    141    27    27     181       0     27      0     11      11   A  Immobilize     3.18       68     0     A
3        199    159    34    35     159      40     40      1      2      -1   B  QuietGame     3.25       67     1     A
5        203    163    34    35     163      40     40      0      3       1   B  QuietGame     3.34       68     1     A
7        206    166    32    33     166      40     40      7      4       3   A  QuietGame     3.35       68     1     B
8        131     91    17    18      91      40     40      1      2       0   B  QuietGame     3.13       68     0     B
10       112     72    11    12      72      40     40      2      2       0   B  QuietGame     3.24       67     0     B
9        141    101    32    32     141       0     13      0      6       6   A  Reduction     3.21       68     1     B
12       140    100    28    29     100      40     40      0      2       1   B  QuietGame     3.41       68     0     B
15       132     92    14    15      92      40     40      0      6       5   A  QuietGame     3.25       68     1     B
11       190    150    31    31     150      40     40      3      5      -5   B  QuietGame     3.24       67     1     A
14       179    139    31    32     139      40     40      0      3       2   A  QuietGame     3.16       68     0     A
17       155    115    27    28     115      40     40      2      2       2   A  QuietGame     3.44       68     1     B
13       230    190    31    34     190      40     40      0      3       2   A  QuietGame     3.21       68     1     B
16       190    150    34    34     150      40     40      1      3      -2   B  QuietGame     3.28       68     0     B
19       167    127    34    34     127      40     40      0      3       2   A  QuietGame     3.41       68     1     B
18       195    155    34    34     155      40     40      3      3      -2   B  QuietGame     3.44       68     0     B
21       136     96    33    33     136       0     15      2      5      -5   B  Reduction     3.43       67     1     A
22       163    123    34    34     123      40     40      0      2       2   A  QuietGame     3.24       68     0     A
25       119     79    30    30     119       0     15      0      8       8   A  Reduction     3.32       68     1     B
20       233    193    36    36     193      40     40      2      1       0   B  QuietGame     3.33       67     0     B
28        93     53     7     8      53      40     40      0      4       4   A  QuietGame     2.84       68     0     A
24       196    156    22    23     156      40     40      0      4       3   A  QuietGame     3.34       68     0     A
23       216    176    35    36     176      40     40      2      2       0   B  QuietGame     3.26       68     1     A
32        99     59    12    13      59      40     40      0      5       5   A  QuietGame     3.19       68     0     A
27       192    152    34    34     152      40     40      1      3      -2   B  QuietGame     3.28       68     1     A
26       205    165    35    35     205       0     23      2      3       3   A  Reduction     3.31       68     0     A
30       196    156    32    33     156      40     40      3      2      -1   B  QuietGame     3.28       67     0     B
29       205    165    31    32     165      40     40      0      4       4   A  QuietGame     3.18       68     1     B
31       197    157    31    31     157      40     40      0      5       5   A  QuietGame     3.40       67     1     B
34       152    112    33    34     152       0     22      1      4      -4   B  Reduction     3.21       67     0     B
33       174    134    32    33     174       0     30      1      5      -5   B  Reduction     3.31       68     1     A
35       140    100    10    12     100      40     40      1      6      -6   B  QuietGame     3.37       67     1     A
36       170    130    28    29     130      40     40      0      8       7   A  QuietGame     3.26       68     0     A
39       109     69    15    15      69      40     40      0      3       3   A  QuietGame     3.19       68     1     B
37       186    146    35    35     146      40     40      7      1      -1   B  QuietGame     3.22       68     1     A
38       151    111    32    34     151       0     19      0      4       4   A  Reduction     3.09       68     0     A
41       138     98    25    28      98      40     40      1      3      -2   B  QuietGame     3.18       67     1     A
40       160    120    33    34     160       0     20      1      4      -4   B  Reduction     3.10       67     0     B
42       168    128    34    34     168       0     27      3      4      -4   B  Reduction     3.40       67     0     B
43       174    134    36    36     174       0     20      3      2      -2   B  Reduction     3.34       67     1     A
45       155    115    30    33     115      40     40      0      2       1   B  QuietGame     3.19       68     1     A
44       188    148    35    35     148      40     40      3      2      -1   B  QuietGame     3.49       68     0     B
47       146    106    31    31     106      40     40      1      3      -3   B  QuietGame     3.24       68     1     A
46       165    125    36    36     165       0     22      0      2       2   A  Reduction     3.40       68     0     A
48       141    101    16    16     101      40     40      0      4       4   A  QuietGame     3.38       68     0     A
52       124     84    21    22      84      40     40      1      4      -4   B  QuietGame     3.46       68     0     B
49       227    187    35    35     187      40     40      1      2      -1   B  QuietGame     3.35       68     1     A
55       133     93    32    33     133       0     10      0      5       5   A  Reduction     3.26       68     1     B
50       215    175    28    29     175      40     40      0      5       5   A  QuietGame     3.15       68     0     A
51       207    167    25    27     167      40     40      0      9       9   A  QuietGame     3.28       68     1     B
53       166    126    29    29     126      40     40      1      2      -1   B  QuietGame     3.38       68     1     A
56       165    125    34    35     165       0     22      4      3       3   A  Reduction     3.37       68     0     A
54       194    154    28    29     154      40     40      0      8       7   A  QuietGame     3.37       68     0     A
57       176    136    36    36     176       0     24      3      2      -2   B  Reduction     3.26       68     1     A
59       147    107    34    35     147       0     11      2      3       3   A  Reduction     3.22       68     1     B
58       200    160    28    29     160      40     40      0      4       3   A  QuietGame     3.44       68     0     A
62       158    118    32    32     118      40     40      0      5       4   A  QuietGame     3.37       68     0     A
60       197    157    35    36     157      40     40      5      2       0   B  QuietGame     3.19       68     0     B
61       213    173    23    23     173      40     40      1      4      -3   B  QuietGame     3.37       68     1     A
64       179    139    34    34     179       0     15      2      4       4   A  Reduction     3.30       67     0     A
63       194    154    34    34     154      40     40      1      2      -2   B  QuietGame     3.35       68     1     A
65       137     97    28    29     137       0     23      0     10      10   A  Reduction     3.25       67     1     B
66       155    115    30    31     155       0     29      0      7       7   A  Reduction     3.41       68     0     A
67       171    131    29    30     131      40     40      0      2       2   A  QuietGame     3.26       68     1     B
68       173    133    30    32     133      40     40      2      4       4   A  QuietGame     3.21       68     0     A
71       127     87    33    34     127       0     10      0      4       4   A  Reduction     3.21       68     1     B
69       161    121    30    31     161       0     34      0      7       7   A  Reduction     3.16       68     1     B
70       171    131    31    33     171       0     27      0      5       5   A  Reduction     3.18       68     0     A
72       167    127    33    35     167       0     15      0      3       3   A  Reduction     3.22       67     0     A
74       129     89    32    33     129       0     12      0      5       5   A  Reduction     3.41       68     0     A
73       171    131    32    33     131      40     40      0      3       1   B  QuietGame     3.30       67     1     A
75       165    125    32    34     125      40     40      5      2       0   B  QuietGame     3.35       68     1     A
79       127     87    32    33     127       0     11      0      5       5   A  Reduction     3.28       68     1     B
76       178    138    35    35     178       0     23      3      3      -3   B  Reduction     3.22       68     0     B
78       219    179    31    32     219       0     35      2      6       6   A  Reduction     3.31       68     0     A
77       245    205    35    36     205      40     40      5      2       0   B  QuietGame     3.29       68     1     A

games                80
mean plies           169.1   (movement 129.1)
mean captures        29.5
mean removals        30.2
mean dead tail       25.5   plies after the last capture or removal
mean longest quiet   33.0
mean lead changes    1.2   (41 of 80 games had any)
mean peak margin     3.9
mean final margin    3.4   (absolute)
ended by quiet game  51  (64%)
ended by reduction   28  (35%)
ended by immobilize  1  (1%)
won by A / B         44 / 36
mean depth           3.28   (over 5422 searched opening plies)
wall clock           827.727 s

weight-set A wins    48 / 80  (60.0%)   [as P0: 26/40, as P1: 22/40]
weight-set B wins    32 / 80
quiet-game share     A-wins 64.6%   B-wins 62.5%   all 63.8%
95% threshold        wins >= 48 of 80 (one-sided): A is significantly stronger
csv line appended to doc\bench\sweeps\2026-08-26-round2\coarse.csv
KEEP  vulnerableAxes x1.4 -> -0.042 = 60.0% wins, quiet 63.75%
>> ./cmake-build-release/latrunculi_game/latrunculi_bench.exe pairs=40 ms=500 seed=777001 threads=8 rows=8 columns=10 perside=20 csv=doc\bench\sweeps\2026-08-26-round2\coarse.csv wA.threat=0.25 wA.pair=0.02 wA.mobility=0.02 wA.centre=0.2 wA.vulnerableAxes=-0.03 wA.oneMoveCapturable=-0.63 wA.spearheadPairs=0.15 wA.diagonalSupport=0.06 wA.deniedSquares=0.04 wA.strikers=0.05 wA.notchExposure=-0.12 wB.threat=0.25 wB.pair=0.02 wB.mobility=0.02 wB.centre=0.2 wB.vulnerableAxes=-0.03 wB.oneMoveCapturable=-0.9 wB.spearheadPairs=0.15 wB.diagonalSupport=0.06 wB.deniedSquares=0.04 wB.strikers=0.05 wB.notchExposure=-0.12
Latrunculi bench: 40 mirrored A-vs-B pairs (80 games), 8x10, 20 per side, slide, convex payoff, komi 1.5, policy placement, 500 ms per searched ply, 8 threads
base seed: 777001  (pair p uses seed base+p; even game index = set A as P0)
XML: not saved   memory tracking level: 0

game   plies  moveP  capt  remv lastAct    tail  quiet   lead   peak  margin win  reason    depth    srchd  AasP  wSet
7        110     70    13    14      70      40     40      0      2       0   B  QuietGame     3.16       68     1     A
1        166    126    35    35     166       0     32      1      3      -3   B  Reduction     3.28       68     1     A
2        174    134    31    32     134      40     40      0      5       4   A  QuietGame     3.37       67     0     A
5        183    143    33    35     143      40     40      5      2      -1   B  QuietGame     3.35       68     1     A
6        201    161    28    28     161      40     40      1      4       4   A  QuietGame     3.34       68     0     A
0        203    163    31    31     163      40     40      2      5       5   A  QuietGame     3.41       68     0     A
3        208    168    34    35     168      40     40      2      2       1   B  QuietGame     3.25       67     1     A
4        239    199    33    33     199      40     40      0      4       3   A  QuietGame     3.32       68     0     A
8        161    121    28    30     121      40     40      0      4       4   A  QuietGame     3.04       68     0     A
10       112     72    11    12      72      40     40      2      2       0   B  QuietGame     3.22       67     0     B
11       116     76    14    16      76      40     40      1      2      -2   B  QuietGame     3.04       67     1     A
9        160    120    19    20     120      40     40      1      2      -2   B  QuietGame     3.07       68     1     A
13       134     94    31    32     134       0     19      1      6      -6   B  Reduction     3.44       68     1     A
15       135     95    27    27      95      40     40      2      3       3   A  QuietGame     3.31       68     1     B
12       176    136    32    33     136      40     40      1      3      -3   B  QuietGame     3.50       68     0     B
14       188    148    32    33     148      40     40      1      3      -3   B  QuietGame     3.31       68     0     B
16       162    122    31    33     122      40     40      2      2       1   B  QuietGame     3.24       68     0     B
17       150    110    32    32     150       0     23      1      6      -6   B  Reduction     3.47       68     1     A
19       162    122    34    35     162       0     32      1      3      -3   B  Reduction     3.34       68     1     A
18       197    157    35    35     197       0     28      0      3       3   A  Reduction     3.29       68     0     A
21       138     98    25    27      98      40     40      3      3      -3   B  QuietGame     3.18       67     1     A
20       193    153    34    34     153      40     40      1      3      -2   B  QuietGame     3.21       67     0     B
23       157    117    29    30     157       0     21      0      8       8   A  Reduction     3.21       68     1     B
22       177    137    31    33     177       0     17      0      5       5   A  Reduction     3.16       68     0     A
24       142    102    19    19     102      40     40      0      2       1   B  QuietGame     3.38       68     0     B
26        96     56    13    14      56      40     40      0      2       0   B  QuietGame     3.07       68     0     B
29       132     92    23    26      92      40     40      2      3       2   A  QuietGame     3.32       68     1     B
33        92     52     7     7      52      40     40      1      1      -1   B  QuietGame     3.29       68     1     A
31       127     87    33    35     127       0     13      6      3       3   A  Reduction     3.25       67     1     B
25       258    218    34    35     218      40     40      5      2      -1   B  QuietGame     3.22       68     1     A
28       186    146    28    30     146      40     40      1      4      -4   B  QuietGame     3.26       68     0     B
27       205    165    35    35     205       0     23      2      3       3   A  Reduction     3.34       68     1     B
30       199    159    32    34     159      40     40      2      2       2   A  QuietGame     3.22       67     0     A
32       192    152    32    32     152      40     40      0      5       4   A  QuietGame     3.28       68     0     A
36       103     63    15    15      63      40     40      0      5       5   A  QuietGame     3.24       68     0     A
39       110     70    15    16      70      40     40      0      3       2   A  QuietGame     3.16       68     1     B
34       158    118    34    34     158       0     19      1      4      -4   B  Reduction     3.30       67     0     B
35       159    119    29    30     119      40     40      2      6       6   A  QuietGame     3.28       67     1     B
40       126     86    18    20      86      40     40      0      2       0   B  QuietGame     3.13       67     0     B
37       207    167    31    32     167      40     40      0      4       4   A  QuietGame     3.16       68     1     B
42       142    102    24    24     102      40     40      1      2      -2   B  QuietGame     3.27       67     0     B
41       172    132    32    32     132      40     40      5      4      -4   B  QuietGame     3.28       67     1     A
38       233    193    36    36     193      40     40      7      2       0   B  QuietGame     3.24       68     0     B
44       131     91    32    34     131       0     12      0      4       4   A  Reduction     3.21       68     0     A
45       134     94    14    14      94      40     40      1      4      -4   B  QuietGame     3.31       68     1     A
43       161    121    34    34     121      40     40      0      2       2   A  QuietGame     3.28       67     1     B
48       108     68    16    17      68      40     40      0      4       3   A  QuietGame     3.26       68     0     A
49       102     62    10    12      62      40     40      0      2       0   B  QuietGame     3.19       68     1     A
46       175    135    34    34     135      40     40      7      1       0   B  QuietGame     3.29       68     0     B
51       127     87    31    31     127       0     21      0      7       7   A  Reduction     3.32       68     1     B
47       175    135    34    34     135      40     40      0      2       2   A  QuietGame     3.34       68     1     B
52       134     94    36    36     134       0      9      3      2      -2   B  Reduction     3.29       68     0     B
50       163    123    35    35     163       0     16      0      3       3   A  Reduction     3.24       68     0     A
54       119     79    30    31     119       0      7      0      7       7   A  Reduction     3.28       68     0     A
53       171    131    30    33     131      40     40      4      3       3   A  QuietGame     3.16       68     1     B
55       123     83    15    16      83      40     40      0      4       4   A  QuietGame     3.10       68     1     B
56       142    102    18    18     102      40     40      0      2       0   B  QuietGame     3.34       68     0     B
57       176    136    36    36     176       0     24      3      2      -2   B  Reduction     3.24       68     1     A
61       116     76    18    18      76      40     40      0      2       0   B  QuietGame     3.35       68     1     A
58       169    129    28    28     129      40     40      0      8       8   A  QuietGame     3.47       68     0     A
60       152    112    29    29     112      40     40      0      8       7   A  QuietGame     3.32       68     0     A
59       187    147    34    35     187       0     34      6      3       3   A  Reduction     3.21       68     1     B
62       147    107    32    33     147       0     22      0      5       5   A  Reduction     3.19       68     0     A
63       199    159    34    34     159      40     40      0      2       2   A  QuietGame     3.37       68     1     B
64       167    127    28    28     127      40     40      0      8       8   A  QuietGame     3.34       67     0     A
67       127     87    14    14      87      40     40      1      3      -2   B  QuietGame     3.37       68     1     A
70       119     79    31    32     119       0     15      0      6       6   A  Reduction     3.25       68     0     A
68       198    158    33    34     158      40     40      1      2      -2   B  QuietGame     3.32       68     0     B
66       207    167    33    35     167      40     40      3      2      -1   B  QuietGame     3.18       68     0     B
69       190    150    30    31     150      40     40      1      5      -5   B  QuietGame     3.41       68     1     A
71       118     78    17    17      78      40     40      1      1      -1   B  QuietGame     3.25       68     1     A
65       237    197    30    31     237       0     34      0      7       7   A  Reduction     3.16       67     1     B
74       136     96    32    34     136       0     18      1      4      -4   B  Reduction     3.26       68     0     B
73       230    190    34    35     190      40     40      2      2       1   B  QuietGame     3.24       67     1     A
72       249    209    33    33     249       0     28      2      5       5   A  Reduction     3.45       67     0     A
75       166    126    34    35     166       0     21      1      3      -3   B  Reduction     3.24       68     1     A
76       168    128    34    34     168       0     20      3      4      -4   B  Reduction     3.24       68     0     B
77       178    138    35    35     178       0     23      3      3      -3   B  Reduction     3.22       68     1     A
79       162    122    18    18     122      40     40      0      4      -4   B  QuietGame     3.26       68     1     A
78       205    165    34    35     165      40     40      1      3      -1   B  QuietGame     3.24       68     0     B

games                80
mean plies           162.6   (movement 122.6)
mean captures        27.8
mean removals        28.6
mean dead tail       27.5   plies after the last capture or removal
mean longest quiet   34.1
mean lead changes    1.3   (47 of 80 games had any)
mean peak margin     3.5
mean final margin    3.1   (absolute)
ended by quiet game  55  (69%)
ended by reduction   25  (31%)
ended by immobilize  0  (0%)
won by A / B         36 / 44
mean depth           3.27   (over 5422 searched opening plies)
wall clock           772.21 s

weight-set A wins    44 / 80  (55.0%)   [as P0: 20/40, as P1: 24/40]
weight-set B wins    36 / 80
quiet-game share     A-wins 65.9%   B-wins 72.2%   all 68.8%
95% threshold        wins >= 48 of 80 (one-sided): neither side significant
csv line appended to doc\bench\sweeps\2026-08-26-round2\coarse.csv
KEEP  oneMoveCapturable x0.7 -> -0.63 = 55.0% wins, quiet 68.75%
>> ./cmake-build-release/latrunculi_game/latrunculi_bench.exe pairs=40 ms=500 seed=777001 threads=8 rows=8 columns=10 perside=20 csv=doc\bench\sweeps\2026-08-26-round2\coarse.csv wA.threat=0.25 wA.pair=0.02 wA.mobility=0.02 wA.centre=0.2 wA.vulnerableAxes=-0.03 wA.oneMoveCapturable=-1.26 wA.spearheadPairs=0.15 wA.diagonalSupport=0.06 wA.deniedSquares=0.04 wA.strikers=0.05 wA.notchExposure=-0.12 wB.threat=0.25 wB.pair=0.02 wB.mobility=0.02 wB.centre=0.2 wB.vulnerableAxes=-0.03 wB.oneMoveCapturable=-0.9 wB.spearheadPairs=0.15 wB.diagonalSupport=0.06 wB.deniedSquares=0.04 wB.strikers=0.05 wB.notchExposure=-0.12
Latrunculi bench: 40 mirrored A-vs-B pairs (80 games), 8x10, 20 per side, slide, convex payoff, komi 1.5, policy placement, 500 ms per searched ply, 8 threads
base seed: 777001  (pair p uses seed base+p; even game index = set A as P0)
XML: not saved   memory tracking level: 0

game   plies  moveP  capt  remv lastAct    tail  quiet   lead   peak  margin win  reason    depth    srchd  AasP  wSet
7        154    114    29    30     114      40     40      2      3       2   A  QuietGame     3.47       68     1     B
5        159    119    30    30     159       0     22      0      8       8   A  Reduction     3.31       68     1     B
2        164    124    32    33     124      40     40      1      2      -1   B  QuietGame     3.22       67     0     B
4        165    125    32    32     165       0     12      0      6       6   A  Reduction     3.25       68     0     A
3        203    163    33    34     163      40     40      0      3       2   A  QuietGame     3.16       67     1     B
1        202    162    33    33     162      40     40      2      2       1   B  QuietGame     3.40       68     1     A
6        215    175    32    33     175      40     40      7      3       3   A  QuietGame     3.40       68     0     A
0        228    188    34    34     188      40     40      4      1       0   B  QuietGame     3.24       68     0     B
11       102     62    11    11      62      40     40      0      3       1   B  QuietGame     3.15       67     1     A
9        119     79    17    18      79      40     40      1      2       0   B  QuietGame     3.06       68     1     A
12       107     67    11    12      67      40     40      0      4       4   A  QuietGame     3.25       68     0     A
15        99     59    12    15      59      40     40      2      2       1   B  QuietGame     3.10       68     1     A
10       193    153    34    34     153      40     40      3      3      -2   B  QuietGame     3.30       67     0     B
8        203    163    32    32     203       0     33      0      6       6   A  Reduction     3.19       68     0     A
13       160    120    24    24     120      40     40      0      3       0   B  QuietGame     3.31       68     1     A
14       180    140    25    25     140      40     40      2      2       1   B  QuietGame     3.18       68     0     B
16       160    120    31    32     160       0     20      1      6      -6   B  Reduction     3.31       68     0     B
17       151    111    29    30     111      40     40      0      5       4   A  QuietGame     2.99       68     1     B
21       109     69    16    17      69      40     40      1      4      -3   B  QuietGame     3.18       67     1     A
18       195    155    34    34     155      40     40      3      3      -2   B  QuietGame     3.43       68     0     B
23       144    104    25    28     104      40     40      0      5       4   A  QuietGame     3.24       68     1     B
19       213    173    29    29     173      40     40      2      5       5   A  QuietGame     3.32       68     1     B
22       185    145    34    35     185       0     26      0      3       3   A  Reduction     3.25       68     0     A
24       142    102    28    31     102      40     40      0      4       3   A  QuietGame     3.22       68     0     A
20       212    172    35    35     172      40     40      1      2       1   B  QuietGame     3.31       67     0     B
25       193    153    33    34     193       0     32      4      4       4   A  Reduction     3.10       68     1     B
28       118     78    14    15      78      40     40      1      2      -1   B  QuietGame     3.19       68     0     B
30       114     74    21    22      74      40     40      0      2       0   B  QuietGame     3.36       67     0     B
31       114     74    21    22      74      40     40      0      2       0   B  QuietGame     3.36       67     1     A
26       205    165    35    35     205       0     23      2      3       3   A  Reduction     3.34       68     0     A
32       119     79    19    20      79      40     40      2      4       2   A  QuietGame     3.13       68     0     A
27       219    179    36    36     219       0     20      2      2       2   A  Reduction     3.28       68     1     B
29       187    147    34    34     147      40     40      1      3      -2   B  QuietGame     3.34       68     1     A
33       161    121    26    28     121      40     40      0      4       4   A  QuietGame     2.97       68     1     B
38       110     70    15    16      70      40     40      0      3       2   A  QuietGame     3.12       68     0     A
35       151    111    34    34     151       0     29      0      4       4   A  Reduction     3.22       67     1     B
37       149    109    35    35     149       0     18      0      3       3   A  Reduction     3.18       68     1     B
34       166    126    28    32     126      40     40      1      4      -4   B  QuietGame     3.27       67     0     B
36       199    159    34    35     159      40     40      1      2      -1   B  QuietGame     3.18       68     0     B
40       163    123    23    25     123      40     40      1      4      -3   B  QuietGame     3.12       67     0     B
41       123     83    14    15      83      40     40      1      3      -1   B  QuietGame     2.97       67     1     A
39       196    156    34    34     156      40     40      1      2      -2   B  QuietGame     3.12       68     1     A
43       134     94    19    19      94      40     40      1      1      -1   B  QuietGame     3.24       67     1     A
45       131     91    32    34     131       0     12      0      4       4   A  Reduction     3.22       68     1     B
42       161    121    34    34     121      40     40      0      2       2   A  QuietGame     3.36       67     0     A
46       117     77    16    16      77      40     40      0      4       4   A  QuietGame     3.21       68     0     A
44       192    152    33    35     192       0     29      1      3      -3   B  Reduction     3.16       68     0     B
49        94     54     9    10      54      40     40      0      3       2   A  QuietGame     3.26       68     1     B
48       139     99    18    19      99      40     40      2      2       1   B  QuietGame     2.87       68     0     B
47       198    158    32    32     158      40     40      0      4       2   A  QuietGame     3.24       68     1     B
50       160    120    33    35     120      40     40      0      2       1   B  QuietGame     3.28       68     0     B
53       121     81    32    35     121       0     17      4      3       3   A  Reduction     3.21       68     1     B
51       167    127    29    30     127      40     40      0      6       6   A  QuietGame     3.25       68     1     B
56       111     71    17    17      71      40     40      1      2      -1   B  QuietGame     3.06       68     0     B
52       189    149    36    36     189       0     30      0      3       2   A  Reduction     3.37       68     0     A
55       135     95    35    35     135       0     17      2      3       3   A  Reduction     3.43       68     1     B
54       157    117    33    35     157       0     24      2      3       3   A  Reduction     3.19       68     0     A
59       100     60    15    16      60      40     40      2      2       0   B  QuietGame     3.10       68     1     A
63       114     74    16    17      74      40     40      0      2       1   B  QuietGame     3.26       68     1     A
61       120     80    31    32     120       0     25      1      6      -6   B  Reduction     3.03       68     1     A
57       179    139    29    30     139      40     40      0      2       2   A  QuietGame     3.19       68     1     B
60       202    162    35    36     162      40     40      6      2       0   B  QuietGame     3.18       68     0     B
65       135     95    24    25      95      40     40      0      3       3   A  QuietGame     3.19       67     1     B
58       233    193    32    33     233       0     35      0      5       5   A  Reduction     3.46       68     0     A
64       180    140    35    35     140      40     40      4      2       1   B  QuietGame     3.31       67     0     B
62       205    165    35    35     205       0     29      0      3       3   A  Reduction     3.29       68     0     A
67        99     59    11    14      59      40     40      2      2       2   A  QuietGame     2.91       68     1     B
66       183    143    29    29     143      40     40      0      3       1   B  QuietGame     3.21       68     0     B
71       131     91    30    32     131       0     16      0      6       6   A  Reduction     3.26       68     1     B
70       151    111    32    33     151       0     30      0      5       5   A  Reduction     3.21       68     0     A
68       200    160    30    32     160      40     40      1      4      -4   B  QuietGame     3.31       68     0     B
69       178    138    36    36     178       0     26      1      2      -2   B  Reduction     3.41       68     1     A
72       177    137    35    35     177       0     29      2      3       3   A  Reduction     3.25       67     0     A
74       185    145    32    35     145      40     40      5      2      -1   B  QuietGame     3.22       68     0     B
73       249    209    34    35     209      40     40      2      2       1   B  QuietGame     3.22       67     1     A
76       178    138    35    35     178       0     23      3      3      -3   B  Reduction     3.24       68     0     B
75       202    162    33    34     162      40     40      2      3       0   B  QuietGame     3.24       68     1     A
79       157    117    31    32     157       0     25      0      6       6   A  Reduction     3.35       68     1     B
77       192    152    33    34     152      40     40      2      3       2   A  QuietGame     3.37       68     1     B
78       196    156    34    35     156      40     40      0      3       1   B  QuietGame     3.22       68     0     B

games                80
mean plies           162.5   (movement 122.5)
mean captures        27.9
mean removals        28.8
mean dead tail       27.5   plies after the last capture or removal
mean longest quiet   35.0
mean lead changes    1.2   (45 of 80 games had any)
mean peak margin     3.2
mean final margin    2.5   (absolute)
ended by quiet game  55  (69%)
ended by reduction   25  (31%)
ended by immobilize  0  (0%)
won by A / B         40 / 40
mean depth           3.23   (over 5422 searched opening plies)
wall clock           773.795 s

weight-set A wins    34 / 80  (42.5%)   [as P0: 17/40, as P1: 17/40]
weight-set B wins    46 / 80
quiet-game share     A-wins 64.7%   B-wins 71.7%   all 68.8%
95% threshold        wins >= 48 of 80 (one-sided): neither side significant
csv line appended to doc\bench\sweeps\2026-08-26-round2\coarse.csv
drop  oneMoveCapturable x1.4 -> -1.26 = 42.5% wins, quiet 68.75%
>> ./cmake-build-release/latrunculi_game/latrunculi_bench.exe pairs=40 ms=500 seed=777001 threads=8 rows=8 columns=10 perside=20 csv=doc\bench\sweeps\2026-08-26-round2\coarse.csv wA.threat=0.25 wA.pair=0.02 wA.mobility=0.02 wA.centre=0.2 wA.vulnerableAxes=-0.03 wA.oneMoveCapturable=-0.9 wA.spearheadPairs=0.105 wA.diagonalSupport=0.06 wA.deniedSquares=0.04 wA.strikers=0.05 wA.notchExposure=-0.12 wB.threat=0.25 wB.pair=0.02 wB.mobility=0.02 wB.centre=0.2 wB.vulnerableAxes=-0.03 wB.oneMoveCapturable=-0.9 wB.spearheadPairs=0.15 wB.diagonalSupport=0.06 wB.deniedSquares=0.04 wB.strikers=0.05 wB.notchExposure=-0.12
Latrunculi bench: 40 mirrored A-vs-B pairs (80 games), 8x10, 20 per side, slide, convex payoff, komi 1.5, policy placement, 500 ms per searched ply, 8 threads
base seed: 777001  (pair p uses seed base+p; even game index = set A as P0)
XML: not saved   memory tracking level: 0

game   plies  moveP  capt  remv lastAct    tail  quiet   lead   peak  margin win  reason    depth    srchd  AasP  wSet
3        141    101    30    32     141       0     18      0      6       6   A  Reduction     3.19       67     1     B
5        157    117    28    29     117      40     40      0      5       5   A  QuietGame     3.43       68     1     B
4        163    123    31    31     163       0     24      0      7       7   A  Reduction     3.28       68     0     A
2        169    129    32    33     129      40     40      1      4      -3   B  QuietGame     3.19       67     0     B
6        171    131    30    32     171       0     29      0      6       6   A  Reduction     3.04       68     0     A
0        177    137    32    34     177       0     33      0      4       4   A  Reduction     3.18       68     0     A
1        204    164    34    34     164      40     40      2      3       2   A  QuietGame     3.22       68     1     B
7        216    176    33    33     176      40     40      2      4       3   A  QuietGame     3.37       68     1     B
9         96     56    12    13      56      40     40      0      2       1   B  QuietGame     3.09       68     1     A
13       107     67    11    12      67      40     40      0      4       4   A  QuietGame     3.25       68     1     B
11       163    123    35    35     163       0     23      2      3       3   A  Reduction     3.36       67     1     B
10       182    142    35    35     142      40     40      4      2       1   B  QuietGame     3.25       67     0     B
15       137     97    34    34     137       0     12      0      4       4   A  Reduction     3.26       68     1     B
8        218    178    35    35     178      40     40      0      2       1   B  QuietGame     3.18       68     0     B
14       172    132    35    35     132      40     40      0      2       1   B  QuietGame     3.37       68     0     B
12       217    177    32    33     177      40     40      0      4       3   A  QuietGame     3.22       68     0     A
16       212    172    35    35     172      40     40      4      2       1   B  QuietGame     3.34       68     0     B
17       196    156    31    31     156      40     40      2      2       1   B  QuietGame     3.44       68     1     A
21       160    120    30    31     160       0     31      1      7      -7   B  Reduction     3.43       67     1     A
18       195    155    34    34     155      40     40      3      3      -2   B  QuietGame     3.43       68     0     B
22       155    115    18    18     115      40     40      0      3       2   A  QuietGame     3.26       68     0     A
23       144    104    25    28     104      40     40      0      5       4   A  QuietGame     3.21       68     1     B
20       185    145    29    30     145      40     40      0      3       2   A  QuietGame     3.27       67     0     A
19       211    171    32    32     211       0     37      2      6       6   A  Reduction     3.35       68     1     B
25       157    117    31    32     157       0     17      2      6       6   A  Reduction     3.19       68     1     B
28       118     78    14    15      78      40     40      1      2      -1   B  QuietGame     3.18       68     0     B
29       121     81    12    12      81      40     40      1      3      -2   B  QuietGame     3.22       68     1     A
24       191    151    29    30     151      40     40      0      6       6   A  QuietGame     3.21       68     0     A
30       136     96    30    31      96      40     40      0      2       1   B  QuietGame     3.34       67     0     B
26       164    124    30    32     124      40     40      0      5       4   A  QuietGame     3.21       68     0     A
31       159    119    29    29     119      40     40      0      5       5   A  QuietGame     3.30       67     1     B
27       208    168    33    34     168      40     40      0      3       2   A  QuietGame     3.21       68     1     B
33       151    111    21    21     111      40     40      2      2       1   B  QuietGame     3.40       68     1     A
36       135     95    31    32     135       0     10      0      6       6   A  Reduction     3.21       68     0     A
34       158    118    29    30     118      40     40      1      4      -4   B  QuietGame     3.27       67     0     B
37       158    118    29    30     118      40     40      0      7       6   A  QuietGame     3.34       68     1     B
38       127     87    21    21      87      40     40      0      2       1   B  QuietGame     3.25       68     0     B
32       204    164    34    34     164      40     40      2      3       2   A  QuietGame     3.16       68     0     A
35       199    159    33    34     199       0     31      2      4       4   A  Reduction     3.09       67     1     B
42       119     79    15    15      79      40     40      0      4       3   A  QuietGame     3.24       67     0     A
44       112     72    15    17      72      40     40      1      2      -1   B  QuietGame     3.12       68     0     B
39       215    175    36    36     215       0     28      2      2       2   A  Reduction     3.26       68     1     B
45       136     96    28    30     136       0     13      1      8      -8   B  Reduction     3.18       68     1     A
43       161    121    34    34     161       0     34      0      4       4   A  Reduction     3.34       67     1     B
40       205    165    34    34     165      40     40      1      3      -2   B  QuietGame     3.28       67     0     B
46       149    109    28    28     109      40     40      0      8       8   A  QuietGame     3.41       68     0     A
41       223    183    34    34     223       0     38      3      4       4   A  Reduction     3.46       67     1     B
47       143    103    34    34     143       0     16      0      4       4   A  Reduction     3.31       68     1     B
50        99     59     9    11      59      40     40      1      2      -1   B  QuietGame     2.96       68     0     B
49       119     79    14    15      79      40     40      0      3       3   A  QuietGame     3.31       68     1     B
52        98     58    10    10      58      40     40      0      1       0   B  QuietGame     3.07       68     0     B
48       155    115    18    18     115      40     40      2      2       2   A  QuietGame     3.18       68     0     A
51       141    101    30    31     141       0     19      0      7       7   A  Reduction     3.26       68     1     B
54       143    103    30    31     143       0     18      0      7       7   A  Reduction     3.16       68     0     A
56       113     73    31    32     113       0      6      0      6       6   A  Reduction     3.37       68     0     A
53       215    175    34    34     215       0     26      0      4       4   A  Reduction     3.28       68     1     B
58       170    130    33    33     130      40     40      1      3      -3   B  QuietGame     3.25       68     0     B
59       164    124    15    17     124      40     40      5      1      -1   B  QuietGame     3.15       68     1     A
57       195    155    34    34     155      40     40      3      3       0   B  QuietGame     3.41       68     1     A
62       161    121    33    33     121      40     40      4      3       3   A  QuietGame     3.24       68     0     A
55       265    225    33    35     265       0     36      4      3       3   A  Reduction     3.22       68     1     B
61       172    132    34    36     132      40     40      4      2       0   B  QuietGame     3.40       68     1     A
60       213    173    31    31     173      40     40      2      5       5   A  QuietGame     3.28       68     0     A
64       100     60    14    14      60      40     40      2      1       0   B  QuietGame     3.31       67     0     B
65       113     73    12    14      73      40     40      1      2       0   B  QuietGame     3.27       67     1     A
66       174    134    35    35     134      40     40      3      2      -1   B  QuietGame     3.31       68     0     B
63       217    177    22    23     177      40     40      0      9       9   A  QuietGame     3.35       68     1     B
69       106     66    19    19      66      40     40      0      2       1   B  QuietGame     3.19       68     1     A
72       121     81    12    13      81      40     40      0      5       5   A  QuietGame     3.16       67     0     A
71       145    105    35    36     145       0     14      4      2       2   A  Reduction     3.35       68     1     B
70       168    128    29    31     128      40     40      3      5      -5   B  QuietGame     3.28       68     0     B
67       218    178    33    33     178      40     40      1      3      -3   B  QuietGame     3.41       68     1     A
75       137     97    33    33     137       0     15      0      5       5   A  Reduction     3.34       68     1     B
74       177    137    32    33     177       0     26      2      5       5   A  Reduction     3.09       68     0     A
73       203    163    31    33     163      40     40      4      2       1   B  QuietGame     3.30       67     1     A
76       161    121    30    31     121      40     40      0      5       5   A  QuietGame     3.29       68     0     A
68       305    265    33    34     265      40     40      1      3      -2   B  QuietGame     3.16       68     0     B
79       124     84    17    18      84      40     40      0      3       2   A  QuietGame     3.29       68     1     B
77       185    145    33    33     145      40     40      1      4      -3   B  QuietGame     3.38       68     1     A
78       168    128    31    33     128      40     40      0      3       1   B  QuietGame     3.19       68     0     B

games                80
mean plies           165.5   (movement 125.5)
mean captures        27.7
mean removals        28.4
mean dead tail       28.0   plies after the last capture or removal
mean longest quiet   34.9
mean lead changes    1.1   (41 of 80 games had any)
mean peak margin     3.8
mean final margin    3.3   (absolute)
ended by quiet game  56  (70%)
ended by reduction   24  (30%)
ended by immobilize  0  (0%)
won by A / B         46 / 34
mean depth           3.26   (over 5422 searched opening plies)
wall clock           779.571 s

weight-set A wins    34 / 80  (42.5%)   [as P0: 20/40, as P1: 14/40]
weight-set B wins    46 / 80
quiet-game share     A-wins 73.5%   B-wins 67.4%   all 70.0%
95% threshold        wins >= 48 of 80 (one-sided): neither side significant
csv line appended to doc\bench\sweeps\2026-08-26-round2\coarse.csv
drop  spearheadPairs x0.7 -> 0.105 = 42.5% wins, quiet 70%
>> ./cmake-build-release/latrunculi_game/latrunculi_bench.exe pairs=40 ms=500 seed=777001 threads=8 rows=8 columns=10 perside=20 csv=doc\bench\sweeps\2026-08-26-round2\coarse.csv wA.threat=0.25 wA.pair=0.02 wA.mobility=0.02 wA.centre=0.2 wA.vulnerableAxes=-0.03 wA.oneMoveCapturable=-0.9 wA.spearheadPairs=0.21 wA.diagonalSupport=0.06 wA.deniedSquares=0.04 wA.strikers=0.05 wA.notchExposure=-0.12 wB.threat=0.25 wB.pair=0.02 wB.mobility=0.02 wB.centre=0.2 wB.vulnerableAxes=-0.03 wB.oneMoveCapturable=-0.9 wB.spearheadPairs=0.15 wB.diagonalSupport=0.06 wB.deniedSquares=0.04 wB.strikers=0.05 wB.notchExposure=-0.12
Latrunculi bench: 40 mirrored A-vs-B pairs (80 games), 8x10, 20 per side, slide, convex payoff, komi 1.5, policy placement, 500 ms per searched ply, 8 threads
base seed: 777001  (pair p uses seed base+p; even game index = set A as P0)
XML: not saved   memory tracking level: 0

game   plies  moveP  capt  remv lastAct    tail  quiet   lead   peak  margin win  reason    depth    srchd  AasP  wSet
1        120     80    33    33     120       0     14      1      5      -5   B  Reduction     3.44       68     1     A
7        149    109    29    30     149       0     27      4      8       8   A  Reduction     3.24       68     1     B
6        150    110    19    19     110      40     40      2      2       1   B  QuietGame     3.35       68     0     B
4        153    113    29    30     113      40     40      0      6       6   A  QuietGame     3.25       68     0     A
3        165    125    32    32     165       0     26      0      6       6   A  Reduction     3.28       67     1     B
2        190    150    35    35     190       0     17      1      3      -3   B  Reduction     3.13       67     0     B
5        200    160    29    29     160      40     40      0      6       5   A  QuietGame     3.29       68     1     B
0        216    176    34    34     176      40     40      2      2       0   B  QuietGame     3.21       68     0     B
8        115     75    29    30     115       0     13      0      8       8   A  Reduction     3.44       68     0     A
10       112     72    11    12      72      40     40      2      2       0   B  QuietGame     3.24       67     0     B
16        98     58    15    15      58      40     40      0      2       1   B  QuietGame     3.26       68     0     B
11       167    127    33    34     127      40     40      3      2       0   B  QuietGame     3.33       67     1     A
12       169    129    29    31     169       0     21      0      7       7   A  Reduction     3.13       68     0     A
9        186    146    34    34     146      40     40      2      2       0   B  QuietGame     3.22       68     1     A
14       160    120    31    31     120      40     40      0      6       5   A  QuietGame     3.34       68     0     A
17       121     81    17    18      81      40     40      2      2       2   A  QuietGame     3.25       68     1     B
15       179    139    32    33     179       0     18      0      5       5   A  Reduction     3.43       68     1     B
13       237    197    33    33     197      40     40      0      3       3   A  QuietGame     3.40       68     1     B
20       125     85    21    21      85      40     40      0      2       1   B  QuietGame     3.10       67     0     B
18       184    144    34    34     184       0     34      1      4      -4   B  Reduction     3.29       68     0     B
19       185    145    25    26     145      40     40      0      6       6   A  QuietGame     3.29       68     1     B
22       157    117    29    31     117      40     40      0      5       5   A  QuietGame     3.44       68     0     A
21       184    144    33    34     144      40     40      8      1       0   B  QuietGame     3.27       67     1     A
23       187    147    29    30     147      40     40      0      6       6   A  QuietGame     3.22       68     1     B
24       165    125    27    30     125      40     40      0      6       6   A  QuietGame     3.07       68     0     A
25       156    116    35    35     156       0     13      3      3      -3   B  Reduction     3.35       68     1     A
28        93     53     7     8      53      40     40      0      4       4   A  QuietGame     2.84       68     0     A
26       161    121    30    32     121      40     40      0      4       4   A  QuietGame     3.38       68     0     A
29       105     65     8     8      65      40     40      0      2       2   A  QuietGame     3.16       68     1     B
27       131     91    12    13      91      40     40      2      1       1   B  QuietGame     3.18       68     1     A
33        92     52     7     7      52      40     40      1      1      -1   B  QuietGame     3.28       68     1     A
30       167    127    32    33     167       0     27      0      5       5   A  Reduction     3.22       67     0     A
32       145    105    32    33     145       0     15      4      5       5   A  Reduction     3.32       68     0     A
34       124     84    22    22      84      40     40      4      1       0   B  QuietGame     3.15       67     0     B
37       129     89    18    18      89      40     40      1      2       0   B  QuietGame     3.34       68     1     A
36       160    120    27    27     120      40     40      0      4       3   A  QuietGame     3.21       68     0     A
39       103     63    13    13      63      40     40      1      2      -1   B  QuietGame     3.03       68     1     A
41       102     62    14    15      62      40     40      3      1      -1   B  QuietGame     3.10       67     1     A
31       263    223    34    34     223      40     40      3      2       0   B  QuietGame     3.27       67     1     A
35       230    190    35    35     190      40     40      1      1      -1   B  QuietGame     3.13       67     1     A
38       195    155    33    34     195       0     28      0      4       4   A  Reduction     3.35       68     0     A
40       189    149    33    33     149      40     40      1      2      -1   B  QuietGame     3.10       67     0     B
44       141    101    29    30     141       0     13      0      8       8   A  Reduction     3.29       68     0     A
46       131     91    32    32     131       0     14      0      6       6   A  Reduction     3.31       68     0     A
43       186    146    35    35     186       0     23      1      3      -3   B  Reduction     3.33       67     1     A
45       176    136    32    33     136      40     40      3      3      -3   B  QuietGame     3.26       68     1     A
42       226    186    33    33     186      40     40      1      3      -3   B  QuietGame     3.39       67     0     B
47       162    122    36    36     162       0     30      3      2      -2   B  Reduction     3.34       68     1     A
49       166    126    28    31     126      40     40      5      3       1   B  QuietGame     3.31       68     1     A
48       232    192    33    35     192      40     40      0      2       1   B  QuietGame     3.25       68     0     B
52       153    113    12    13     113      40     40      0      3       3   A  QuietGame     3.25       68     0     A
54       134     94    16    16      94      40     40      0      3       2   A  QuietGame     3.22       68     0     A
53       151    111    35    35     151       0     11      4      3       3   A  Reduction     3.34       68     1     B
50       215    175    33    34     175      40     40      5      2       0   B  QuietGame     3.13       68     0     B
51       183    143    30    32     183       0     24      0      6       6   A  Reduction     3.21       68     1     B
55       177    137    34    34     177       0     33      0      4       4   A  Reduction     3.24       68     1     B
58       100     60     9     9      60      40     40      0      4       3   A  QuietGame     3.24       68     0     A
59       119     79    15    15      79      40     40      1      4      -3   B  QuietGame     3.18       68     1     A
62       104     64    10    11      64      40     40      1      1      -1   B  QuietGame     2.99       68     0     B
56       198    158    31    32     198       0     34      1      6      -6   B  Reduction     3.29       68     0     B
57       187    147    35    35     187       0     30      0      3       3   A  Reduction     3.31       68     1     B
60       202    162    31    34     162      40     40      3      3       2   A  QuietGame     3.32       68     0     A
63       159    119    30    31     119      40     40      1      4      -3   B  QuietGame     3.16       68     1     A
61       219    179    33    35     179      40     40      3      2      -1   B  QuietGame     3.22       68     1     A
66       145    105    34    35     145       0     13      0      3       3   A  Reduction     3.18       68     0     A
64       210    170    34    35     170      40     40      0      2       1   B  QuietGame     3.24       67     0     B
67       163    123    29    31     163       0     27      0      7       7   A  Reduction     2.97       68     1     B
65       197    157    25    25     157      40     40      0     11      11   A  QuietGame     3.45       67     1     B
72        92     52     7     7      52      40     40      1      1      -1   B  QuietGame     3.25       67     0     B
70       140    100    22    24     100      40     40      0      9       8   A  QuietGame     3.19       68     0     A
69       153    113    23    25     113      40     40      0      6       5   A  QuietGame     3.26       68     1     B
68       218    178    35    35     178      40     40      0      2       1   B  QuietGame     3.32       68     0     B
71       202    162    35    36     162      40     40      2      3       0   B  QuietGame     3.29       68     1     A
73       151    111    26    26     111      40     40      0      4       4   A  QuietGame     3.25       67     1     B
75       155    115    32    34     155       0     17      0      4       4   A  Reduction     3.29       68     1     B
74       193    153    34    34     153      40     40      1      3      -2   B  QuietGame     3.34       68     0     B
76       193    153    30    31     153      40     40      0      5       5   A  QuietGame     3.21       68     0     A
77       193    153    32    32     153      40     40      3      5      -4   B  QuietGame     3.22       68     1     A
78       193    153    32    32     153      40     40      0      2       2   A  QuietGame     3.24       68     0     A
79       240    200    33    33     200      40     40      1      2      -1   B  QuietGame     3.21       68     1     A

games                80
mean plies           164.7   (movement 124.7)
mean captures        27.1
mean removals        27.8
mean dead tail       28.0   plies after the last capture or removal
mean longest quiet   34.5
mean lead changes    1.1   (40 of 80 games had any)
mean peak margin     3.7
mean final margin    3.2   (absolute)
ended by quiet game  56  (70%)
ended by reduction   24  (30%)
ended by immobilize  0  (0%)
won by A / B         40 / 40
mean depth           3.25   (over 5422 searched opening plies)
wall clock           813.775 s

weight-set A wins    44 / 80  (55.0%)   [as P0: 22/40, as P1: 22/40]
weight-set B wins    36 / 80
quiet-game share     A-wins 72.7%   B-wins 66.7%   all 70.0%
95% threshold        wins >= 48 of 80 (one-sided): neither side significant
csv line appended to doc\bench\sweeps\2026-08-26-round2\coarse.csv
KEEP  spearheadPairs x1.4 -> 0.21 = 55.0% wins, quiet 70%
>> ./cmake-build-release/latrunculi_game/latrunculi_bench.exe pairs=40 ms=500 seed=777001 threads=8 rows=8 columns=10 perside=20 csv=doc\bench\sweeps\2026-08-26-round2\coarse.csv wA.threat=0.25 wA.pair=0.02 wA.mobility=0.02 wA.centre=0.2 wA.vulnerableAxes=-0.03 wA.oneMoveCapturable=-0.9 wA.spearheadPairs=0.15 wA.diagonalSupport=0.041999999999999996 wA.deniedSquares=0.04 wA.strikers=0.05 wA.notchExposure=-0.12 wB.threat=0.25 wB.pair=0.02 wB.mobility=0.02 wB.centre=0.2 wB.vulnerableAxes=-0.03 wB.oneMoveCapturable=-0.9 wB.spearheadPairs=0.15 wB.diagonalSupport=0.06 wB.deniedSquares=0.04 wB.strikers=0.05 wB.notchExposure=-0.12
Latrunculi bench: 40 mirrored A-vs-B pairs (80 games), 8x10, 20 per side, slide, convex payoff, komi 1.5, policy placement, 500 ms per searched ply, 8 threads
base seed: 777001  (pair p uses seed base+p; even game index = set A as P0)
XML: not saved   memory tracking level: 0

game   plies  moveP  capt  remv lastAct    tail  quiet   lead   peak  margin win  reason    depth    srchd  AasP  wSet
5        104     64    16    16      64      40     40      0      3       2   A  QuietGame     3.16       68     1     B
2        114     74    20    21      74      40     40      1      3      -3   B  QuietGame     3.13       67     0     B
0        141    101    26    26     101      40     40      0      2       2   A  QuietGame     3.26       68     0     A
7        153    113    22    22     113      40     40      0      4       4   A  QuietGame     3.26       68     1     B
4        159    119    29    31     119      40     40      0      5       5   A  QuietGame     3.25       68     0     A
1        167    127    21    21     127      40     40      1      3      -1   B  QuietGame     3.12       68     1     A
6        175    135    31    31     175       0     33      0      7       7   A  Reduction     3.24       68     0     A
3        261    221    34    35     221      40     40      1      3      -1   B  QuietGame     3.18       67     1     A
11       126     86    23    23      86      40     40      0      4       3   A  QuietGame     3.18       67     1     B
9        193    153    32    34     153      40     40      0      3       2   A  QuietGame     2.87       68     1     B
8        209    169    36    36     169      40     40      3      2       0   B  QuietGame     3.03       68     0     B
12       169    129    32    32     129      40     40      0      4       4   A  QuietGame     3.16       68     0     A
10       203    163    28    28     163      40     40      0      6       6   A  QuietGame     3.15       67     0     A
13       180    140    33    33     140      40     40      1      3      -3   B  QuietGame     3.32       68     1     A
14       175    135    32    33     175       0     29      0      5       5   A  Reduction     3.13       68     0     A
16       141    101    31    33     141       0     14      0      5       5   A  Reduction     3.09       68     0     A
17       156    116    29    30     116      40     40      4      3       2   A  QuietGame     3.34       68     1     B
21       122     82    32    34     122       0     10      3      4      -4   B  Reduction     3.16       67     1     A
20       127     87    32    34     127       0     12      0      4       4   A  Reduction     3.18       67     0     A
15       225    185    29    30     185      40     40      0      6       6   A  QuietGame     3.19       68     1     B
22       150    110    34    34     150       0     12      1      4      -4   B  Reduction     3.19       68     0     B
18       207    167    35    35     167      40     40      3      2      -1   B  QuietGame     3.38       68     0     B
19       219    179    35    35     179      40     40      3      2      -1   B  QuietGame     3.38       68     1     A
23       171    131    29    29     131      40     40      0      7       7   A  QuietGame     3.29       68     1     B
28       118     78    14    15      78      40     40      1      2      -1   B  QuietGame     3.10       68     0     B
25       169    129    32    34     129      40     40      0      2       2   A  QuietGame     3.19       68     1     B
24       186    146    32    33     146      40     40      4      2       1   B  QuietGame     3.19       68     0     B
30       127     87    16    16      87      40     40      0      4       4   A  QuietGame     3.39       67     0     A
26       205    165    35    35     205       0     23      2      3       3   A  Reduction     3.28       68     0     A
32        92     52     7     7      52      40     40      1      1      -1   B  QuietGame     3.28       68     0     B
27       205    165    35    35     205       0     23      2      3       3   A  Reduction     3.29       68     1     B
29       213    173    30    31     213       0     33      2      7       7   A  Reduction     3.35       68     1     B
31       168    128    28    31     128      40     40      1      3      -3   B  QuietGame     3.16       67     1     A
34       121     81    18    18      81      40     40      3      1       0   B  QuietGame     3.40       67     0     B
33       151    111    32    34     151       0     11      2      4       4   A  Reduction     3.16       68     1     B
35       151    111    34    34     151       0     29      0      4       4   A  Reduction     3.22       67     1     B
37       132     92    33    33     132       0     18      1      5      -5   B  Reduction     3.16       68     1     A
39       109     69    15    15      69      40     40      0      3       3   A  QuietGame     3.19       68     1     B
36       168    128    32    32     128      40     40      1      4      -4   B  QuietGame     3.19       68     0     B
38       156    116    27    28     116      40     40      0      3       2   A  QuietGame     3.21       68     0     A
41       145    105    34    34     145       0     15      0      4       4   A  Reduction     3.36       67     1     B
40       189    149    32    33     149      40     40      1      4      -3   B  QuietGame     3.10       67     0     B
42       162    122    21    21     122      40     40      1      7      -7   B  QuietGame     3.33       67     0     B
46       159    119    32    33     119      40     40      0      4       3   A  QuietGame     3.18       68     0     A
44       177    137    31    33     137      40     40      1      2      -1   B  QuietGame     3.12       68     0     B
43       186    146    35    35     186       0     23      1      3      -3   B  Reduction     3.31       67     1     A
45       177    137    31    33     137      40     40      2      3       3   A  QuietGame     3.18       68     1     B
48       141    101    16    16     101      40     40      0      4       4   A  QuietGame     3.38       68     0     A
49       112     72    19    20      72      40     40      2      3       2   A  QuietGame     3.28       68     1     B
47       200    160    35    36     160      40     40      4      3       0   B  QuietGame     3.15       68     1     A
51       109     69    17    19      69      40     40      0      3       1   B  QuietGame     3.12       68     1     A
50       214    174    33    34     174      40     40      2      3       2   A  QuietGame     3.13       68     0     A
55       133     93    32    33     133       0     10      0      5       5   A  Reduction     3.26       68     1     B
54       157    117    33    35     157       0     24      2      3       3   A  Reduction     3.19       68     0     A
58        99     59     8     8      59      40     40      0      4       4   A  QuietGame     3.26       68     0     A
53       203    163    33    33     163      40     40      2      3       3   A  QuietGame     3.34       68     1     B
52       207    167    25    27     167      40     40      0      7       7   A  QuietGame     3.21       68     0     A
57       176    136    34    34     176       0     27      3      4      -4   B  Reduction     3.28       68     1     A
56       195    155    34    34     155      40     40      3      3       0   B  QuietGame     3.43       68     0     B
61       116     76    18    18      76      40     40      0      2       0   B  QuietGame     3.35       68     1     A
59       169    129    28    28     129      40     40      0      8       8   A  QuietGame     3.46       68     1     B
62       165    125    34    36     165       0     36      4      2       2   A  Reduction     3.29       68     0     A
60       215    175    35    35     175      40     40      1      2      -1   B  QuietGame     3.35       68     0     B
63       193    153    33    35     193       0     33      2      3       3   A  Reduction     3.29       68     1     B
65       173    133    34    35     133      40     40      3      2      -1   B  QuietGame     3.30       67     1     A
64       219    179    34    34     179      40     40      1      3      -2   B  QuietGame     3.42       67     0     B
67       155    115    33    34     155       0     19      0      4       4   A  Reduction     3.29       68     1     B
66       210    170    34    34     170      40     40      0      3       2   A  QuietGame     3.24       68     0     A
69       103     63    16    17      63      40     40      1      2      -1   B  QuietGame     3.19       68     1     A
68       143    103    32    33     143       0     19      0      5       5   A  Reduction     3.29       68     0     A
71       158    118    31    32     118      40     40      0      5       4   A  QuietGame     3.22       68     1     B
75       113     73    14    16      73      40     40      0      3       2   A  QuietGame     3.04       68     1     B
70       185    145    35    36     145      40     40      9      1       0   B  QuietGame     3.50       68     0     B
74       170    130    29    30     130      40     40      1      5       4   A  QuietGame     3.24       68     0     A
73       182    142    35    36     182       0     20      1      2      -2   B  Reduction     3.28       67     1     A
72       222    182    34    35     182      40     40      2      2       1   B  QuietGame     3.27       67     0     B
77       168    128    34    34     168       0     20      3      4      -4   B  Reduction     3.24       68     1     A
76       211    171    35    35     171      40     40      5      2      -1   B  QuietGame     3.26       68     0     B
79       173    133    35    35     173       0     19      0      3       3   A  Reduction     3.37       68     1     B
78       181    141    32    33     181       0     27      0      5       5   A  Reduction     3.26       68     0     A

games                80
mean plies           166.0   (movement 126.0)
mean captures        28.8
mean removals        29.5
mean dead tail       27.5   plies after the last capture or removal
mean longest quiet   34.2
mean lead changes    1.2   (45 of 80 games had any)
mean peak margin     3.6
mean final margin    3.0   (absolute)
ended by quiet game  55  (69%)
ended by reduction   25  (31%)
ended by immobilize  0  (0%)
won by A / B         46 / 34
mean depth           3.24   (over 5422 searched opening plies)
wall clock           813.553 s

weight-set A wins    38 / 80  (47.5%)   [as P0: 22/40, as P1: 16/40]
weight-set B wins    42 / 80
quiet-game share     A-wins 60.5%   B-wins 76.2%   all 68.8%
95% threshold        wins >= 48 of 80 (one-sided): neither side significant
csv line appended to doc\bench\sweeps\2026-08-26-round2\coarse.csv
drop  diagonalSupport x0.7 -> 0.042 = 47.5% wins, quiet 68.75%
>> ./cmake-build-release/latrunculi_game/latrunculi_bench.exe pairs=40 ms=500 seed=777001 threads=8 rows=8 columns=10 perside=20 csv=doc\bench\sweeps\2026-08-26-round2\coarse.csv wA.threat=0.25 wA.pair=0.02 wA.mobility=0.02 wA.centre=0.2 wA.vulnerableAxes=-0.03 wA.oneMoveCapturable=-0.9 wA.spearheadPairs=0.15 wA.diagonalSupport=0.083999999999999991 wA.deniedSquares=0.04 wA.strikers=0.05 wA.notchExposure=-0.12 wB.threat=0.25 wB.pair=0.02 wB.mobility=0.02 wB.centre=0.2 wB.vulnerableAxes=-0.03 wB.oneMoveCapturable=-0.9 wB.spearheadPairs=0.15 wB.diagonalSupport=0.06 wB.deniedSquares=0.04 wB.strikers=0.05 wB.notchExposure=-0.12
Latrunculi bench: 40 mirrored A-vs-B pairs (80 games), 8x10, 20 per side, slide, convex payoff, komi 1.5, policy placement, 500 ms per searched ply, 8 threads
base seed: 777001  (pair p uses seed base+p; even game index = set A as P0)
XML: not saved   memory tracking level: 0

game   plies  moveP  capt  remv lastAct    tail  quiet   lead   peak  margin win  reason    depth    srchd  AasP  wSet
4         97     57    11    12      57      40     40      2      2       2   A  QuietGame     3.03       68     0     A
2        110     70    14    14      70      40     40      2      1       0   B  QuietGame     3.18       67     0     B
0        151    111    31    33     151       0     28      0      5       5   A  Reduction     3.03       68     0     A
5        159    119    30    30     159       0     22      0      8       8   A  Reduction     3.31       68     1     B
1        161    121    31    31     121      40     40      4      2       1   B  QuietGame     3.34       68     1     A
7        176    136    28    30     136      40     40      0      5       4   A  QuietGame     3.16       68     1     B
6        182    142    31    31     142      40     40      1      3      -3   B  QuietGame     3.22       68     0     B
8        127     87    17    17      87      40     40      0      5       5   A  QuietGame     3.25       68     0     A
3        216    176    29    30     176      40     40      3      4      -4   B  QuietGame     3.15       67     1     A
9        185    145    34    34     145      40     40      0      2       2   A  QuietGame     3.28       68     1     B
14       117     77    20    20      77      40     40      0      4       4   A  QuietGame     3.15       68     0     A
12       149    109    32    34     149       0     34      0      4       4   A  Reduction     3.24       68     0     A
15       114     74    14    15      74      40     40      1      1      -1   B  QuietGame     3.12       68     1     A
10       182    142    21    21     142      40     40      3      2      -1   B  QuietGame     3.27       67     0     B
11       176    136    35    35     136      40     40      0      2       1   B  QuietGame     3.18       67     1     A
13       163    123    34    34     163       0     16      0      4       4   A  Reduction     3.28       68     1     B
16       172    132    30    32     132      40     40      0      5       4   A  QuietGame     3.19       68     0     A
17       136     96    33    33     136       0     19      1      5      -5   B  Reduction     3.22       68     1     A
20       140    100    25    25     100      40     40      1      2      -1   B  QuietGame     3.19       67     0     B
23       129     89    32    33     129       0     16      0      5       5   A  Reduction     3.22       68     1     B
18       169    129    33    35     129      40     40      5      2      -1   B  QuietGame     3.19       68     0     B
21       140    100    25    25     100      40     40      1      2      -1   B  QuietGame     3.16       67     1     A
19       181    141    34    34     141      40     40      4      2       2   A  QuietGame     3.18       68     1     B
22       183    143    21    25     143      40     40      0      5       5   A  QuietGame     2.99       68     0     A
30        99     59     9     9      59      40     40      0      3       3   A  QuietGame     3.03       67     0     A
28       126     86    15    16      86      40     40      1      2      -2   B  QuietGame     3.10       68     0     B
24       206    166    34    34     166      40     40      2      3       2   A  QuietGame     3.09       68     0     A
26       157    117    26    28     117      40     40      0      8       8   A  QuietGame     3.18       68     0     A
25       207    167    32    36     167      40     40      3      2       0   B  QuietGame     3.04       68     1     A
29       168    128    32    32     128      40     40      4      1       0   B  QuietGame     3.15       68     1     A
31       147    107    21    21     107      40     40      0      5       5   A  QuietGame     3.27       67     1     B
27       207    167    33    35     167      40     40      3      2      -1   B  QuietGame     3.06       68     1     A
32       164    124    33    33     164       0     23      1      5      -5   B  Reduction     3.22       68     0     B
37       125     85    23    23      85      40     40      1      2      -1   B  QuietGame     3.13       68     1     A
34       161    121    34    35     161       0     20      4      3       3   A  Reduction     3.15       67     0     A
39        97     57    11    12      57      40     40      0      2       2   A  QuietGame     2.85       68     1     B
35       161    121    34    35     161       0     20      4      3       3   A  Reduction     3.16       67     1     B
33       198    158    35    36     158      40     40      6      2       0   B  QuietGame     3.10       68     1     A
36       161    121    30    30     121      40     40      0      4       4   A  QuietGame     3.10       68     0     A
38       171    131    34    34     171       0     27      0      4       4   A  Reduction     3.09       68     0     A
40       176    136    34    35     176       0     16      1      3      -3   B  Reduction     3.15       67     0     B
41       167    127    31    32     127      40     40      0      4       4   A  QuietGame     3.15       67     1     B
44       155    115    35    36     155       0     17      0      3       2   A  Reduction     3.15       68     0     A
42       186    146    34    34     186       0     28      1      4      -4   B  Reduction     3.10       67     0     B
43       187    147    34    34     147      40     40      3      3       0   B  QuietGame     3.03       67     1     A
47       131     91    30    33     131       0     16      0      5       5   A  Reduction     3.16       68     1     B
45       190    150    34    35     190       0     22      1      3      -3   B  Reduction     2.96       68     1     A
50       103     63    27    29     103       0     15      0      9       9   A  Reduction     3.10       68     0     A
46       268    228    36    36     228      40     40      2      2       0   B  QuietGame     3.01       68     0     B
52       130     90    19    20      90      40     40      2      1       0   B  QuietGame     3.10       68     0     B
48       180    140    24    26     140      40     40      2      2       0   B  QuietGame     3.07       68     0     B
51       170    130    31    34     170       0     26      3      4      -4   B  Reduction     3.22       68     1     A
49       207    167    27    27     207       0     21      0     11      11   A  Immobilize     3.12       68     1     B
54       171    131    33    33     171       0     29      0      5       5   A  Reduction     3.18       68     0     A
53       193    153    33    33     153      40     40      1      4      -3   B  QuietGame     3.10       68     1     A
55       204    164    33    34     164      40     40      2      2       0   B  QuietGame     3.25       68     1     A
58       148    108    31    32     108      40     40      3      3      -2   B  QuietGame     3.25       68     0     B
61       112     72    14    14      72      40     40      0      1       0   B  QuietGame     3.19       68     1     A
57       185    145    32    32     185       0     39      0      6       6   A  Reduction     3.10       68     1     B
60       141    101    36    36     141       0     11      0      2       2   A  Reduction     3.03       68     0     A
56       207    167    32    35     167      40     40      0      3       1   B  QuietGame     3.21       68     0     B
59       184    144    30    31     144      40     40      1      5      -5   B  QuietGame     3.10       68     1     A
63       105     65    14    14      65      40     40      0      2       2   A  QuietGame     3.12       68     1     B
62       181    141    30    30     141      40     40      0      3       2   A  QuietGame     3.18       68     0     A
65       113     73    31    32     113       0     11      0      6       6   A  Reduction     3.04       67     1     B
64       153    113    28    30     113      40     40      0      4       4   A  QuietGame     3.16       67     0     A
67       132     92    32    33     132       0     12      1      5      -5   B  Reduction     3.19       68     1     A
68       153    113    35    35     153       0     16      0      3       3   A  Reduction     3.21       68     0     A
71       114     74    19    20      74      40     40      0      2       0   B  QuietGame     3.09       68     1     A
66       183    143    34    34     143      40     40      2      2       2   A  QuietGame     3.13       68     0     A
69       184    144    35    36     184       0     16      1      2      -2   B  Reduction     3.03       68     1     A
72       140    100    33    33     140       0     15      1      5      -5   B  Reduction     3.34       67     0     B
74       134     94    17    19      94      40     40      1      2      -1   B  QuietGame     3.16       68     0     B
70       222    182    35    35     182      40     40      4      2       1   B  QuietGame     3.25       68     0     B
75       166    126    33    33     126      40     40      1      2      -1   B  QuietGame     3.18       68     1     A
73       201    161    33    33     201       0     34      2      5       5   A  Reduction     3.33       67     1     B
77       172    132    36    36     172       0     23      3      2      -2   B  Reduction     3.18       68     1     A
76       210    170    35    35     210       0     31      7      3      -3   B  Reduction     3.25       68     0     B
79       177    137    30    31     177       0     24      0      7       7   A  Reduction     3.26       68     1     B
78       205    165    35    35     165      40     40      1      3      -1   B  QuietGame     3.16       68     0     B

games                80
mean plies           162.6   (movement 122.6)
mean captures        28.7
mean removals        29.5
mean dead tail       25.0   plies after the last capture or removal
mean longest quiet   33.1
mean lead changes    1.3   (45 of 80 games had any)
mean peak margin     3.5
mean final margin    3.0   (absolute)
ended by quiet game  50  (62%)
ended by reduction   29  (36%)
ended by immobilize  1  (1%)
won by A / B         38 / 42
mean depth           3.15   (over 5422 searched opening plies)
wall clock           781.869 s

weight-set A wins    44 / 80  (55.0%)   [as P0: 21/40, as P1: 23/40]
weight-set B wins    36 / 80
quiet-game share     A-wins 65.9%   B-wins 58.3%   all 62.5%
95% threshold        wins >= 48 of 80 (one-sided): neither side significant
csv line appended to doc\bench\sweeps\2026-08-26-round2\coarse.csv
KEEP  diagonalSupport x1.4 -> 0.084 = 55.0% wins, quiet 62.5%
>> ./cmake-build-release/latrunculi_game/latrunculi_bench.exe pairs=40 ms=500 seed=777001 threads=8 rows=8 columns=10 perside=20 csv=doc\bench\sweeps\2026-08-26-round2\coarse.csv wA.threat=0.25 wA.pair=0.02 wA.mobility=0.02 wA.centre=0.2 wA.vulnerableAxes=-0.03 wA.oneMoveCapturable=-0.9 wA.spearheadPairs=0.15 wA.diagonalSupport=0.06 wA.deniedSquares=0.027999999999999997 wA.strikers=0.05 wA.notchExposure=-0.12 wB.threat=0.25 wB.pair=0.02 wB.mobility=0.02 wB.centre=0.2 wB.vulnerableAxes=-0.03 wB.oneMoveCapturable=-0.9 wB.spearheadPairs=0.15 wB.diagonalSupport=0.06 wB.deniedSquares=0.04 wB.strikers=0.05 wB.notchExposure=-0.12
Latrunculi bench: 40 mirrored A-vs-B pairs (80 games), 8x10, 20 per side, slide, convex payoff, komi 1.5, policy placement, 500 ms per searched ply, 8 threads
base seed: 777001  (pair p uses seed base+p; even game index = set A as P0)
XML: not saved   memory tracking level: 0

game   plies  moveP  capt  remv lastAct    tail  quiet   lead   peak  margin win  reason    depth    srchd  AasP  wSet
5        137     97    27    28      97      40     40      3      2       0   B  QuietGame     3.16       68     1     A
0        139     99    20    20      99      40     40      3      1       0   B  QuietGame     3.21       68     0     B
6        142    102    30    30     102      40     40      0      3       2   A  QuietGame     3.09       68     0     A
4        160    120    30    31     120      40     40      0      6       5   A  QuietGame     3.15       68     0     A
1        173    133    29    31     133      40     40      2      3       3   A  QuietGame     3.15       68     1     B
7        173    133    27    27     133      40     40      0      7       7   A  QuietGame     3.19       68     1     B
3        176    136    25    26     136      40     40      2      1       0   B  QuietGame     3.13       67     1     A
2        190    150    34    35     150      40     40      3      1      -1   B  QuietGame     3.13       67     0     B
8         96     56    11    11      56      40     40      0      2       1   B  QuietGame     2.93       68     0     B
9         96     56    12    13      56      40     40      0      2       1   B  QuietGame     2.88       68     1     A
14       138     98    36    36     138       0     15      5      2      -2   B  Reduction     3.16       68     0     B
10       172    132    34    34     132      40     40      3      2      -2   B  QuietGame     3.25       67     0     B
12       180    140    33    33     140      40     40      1      3      -3   B  QuietGame     3.32       68     0     B
15       177    137    31    32     177       0     24      0      6       6   A  Reduction     3.15       68     1     B
17       154    114    24    25     114      40     40      2      2       1   B  QuietGame     3.22       68     1     A
13       206    166    34    35     206       0     30      1      3      -3   B  Reduction     3.44       68     1     A
11       227    187    31    31     187      40     40      1      6      -5   B  QuietGame     3.16       67     1     A
16       189    149    32    33     149      40     40      1      4      -3   B  QuietGame     3.29       68     0     B
18       167    127    32    33     127      40     40      2      2       1   B  QuietGame     3.28       68     0     B
19       167    127    32    33     127      40     40      2      2       1   B  QuietGame     3.29       68     1     A
21       134     94    33    34     134       0     17      1      4      -4   B  Reduction     3.10       67     1     A
23       129     89    32    33     129       0     16      0      5       5   A  Reduction     3.24       68     1     B
20       158    118    33    33     118      40     40      1      3      -3   B  QuietGame     3.22       67     0     B
22       151    111    33    34     151       0     20      0      4       4   A  Reduction     3.21       68     0     A
24       186    146    32    33     146      40     40      4      2       1   B  QuietGame     3.13       68     0     B
25       169    129    32    33     129      40     40      4      2       1   B  QuietGame     3.15       68     1     A
28       130     90    15    16      90      40     40      1      2      -2   B  QuietGame     3.06       68     0     B
31       107     67    17    17      67      40     40      0      3       3   A  QuietGame     3.06       67     1     B
29       168    128    32    32     128      40     40      4      1       0   B  QuietGame     3.13       68     1     A
30       181    141    22    22     141      40     40      0      4       4   A  QuietGame     3.06       67     0     A
27       217    177    34    34     177      40     40      1      2       0   B  QuietGame     3.07       68     1     A
32       131     91    13    14      91      40     40      1      3      -2   B  QuietGame     3.25       68     0     B
33       131     91    13    14      91      40     40      1      3      -2   B  QuietGame     3.25       68     1     A
26       250    210    36    36     210      40     40      2      2       0   B  QuietGame     3.07       68     0     B
34       161    121    34    35     161       0     20      4      3       3   A  Reduction     3.19       67     0     A
39       109     69    15    15      69      40     40      0      3       3   A  QuietGame     3.16       68     1     B
35       185    145    34    35     145      40     40      4      2       1   B  QuietGame     3.21       67     1     A
37       148    108    25    25     108      40     40      1      1      -1   B  QuietGame     3.09       68     1     A
36       184    144    36    36     184       0     33      1      2      -2   B  Reduction     3.13       68     0     B
41       183    143    35    35     183       0     33      2      3       3   A  Reduction     3.19       67     1     B
40       207    167    34    34     167      40     40      1      3      -2   B  QuietGame     3.28       67     0     B
38       221    181    36    36     181      40     40      3      3       0   B  QuietGame     3.21       68     0     B
42       148    108    31    31     108      40     40      0      6       5   A  QuietGame     3.43       67     0     A
43       144    104    13    14     104      40     40      0      4       2   A  QuietGame     3.15       67     1     B
44       180    140    31    33     140      40     40      0      4       3   A  QuietGame     3.16       68     0     A
50       141    101    20    21     101      40     40      0      7       7   A  QuietGame     3.06       68     0     A
45       237    197    30    32     197      40     40      0      3       2   A  QuietGame     3.15       68     1     B
49       172    132    26    28     132      40     40      0      5       4   A  QuietGame     3.04       68     1     B
48       180    140    33    34     140      40     40      0      3       2   A  QuietGame     3.22       68     0     A
52       125     85    35    35     125       0      8      2      3       3   A  Reduction     3.24       68     0     A
46       252    212    36    36     212      40     40      0      2       0   B  QuietGame     3.09       68     0     B
47       239    199    32    32     199      40     40      0      2       2   A  QuietGame     3.06       68     1     B
53       125     85    35    35     125       0      8      2      3       3   A  Reduction     3.25       68     1     B
51       237    197    33    34     197      40     40      5      2       0   B  QuietGame     3.09       68     1     A
55       107     67    14    14      67      40     40      0      4       4   A  QuietGame     3.06       68     1     B
58        92     52     9    10      52      40     40      1      1       0   B  QuietGame     2.90       68     0     B
54       167    127    31    31     127      40     40      0      5       5   A  QuietGame     3.09       68     0     A
56       170    130    32    32     130      40     40      0      3       2   A  QuietGame     3.31       68     0     A
57       177    137    35    35     177       0     25      0      3       3   A  Reduction     3.26       68     1     B
59       148    108    32    33     108      40     40      1      3      -3   B  QuietGame     3.18       68     1     A
62       160    120    31    32     160       0     22      1      6      -6   B  Reduction     3.24       68     0     B
65       112     72    17    17      72      40     40      0      4       3   A  QuietGame     3.07       67     1     B
60       194    154    33    33     154      40     40      1      3      -3   B  QuietGame     3.15       68     0     B
61       202    162    35    35     202       0     19      5      3      -3   B  Reduction     3.29       68     1     A
64       178    138    34    34     178       0     17      3      4      -4   B  Reduction     3.19       67     0     B
66       150    110    32    32     110      40     40      0      5       4   A  QuietGame     3.24       68     0     A
67       150    110    32    32     110      40     40      0      5       4   A  QuietGame     3.22       68     1     B
63       259    219    33    33     259       0     32      2      5       5   A  Reduction     3.21       68     1     B
70       127     87    33    34     127       0     10      0      4       4   A  Reduction     3.19       68     0     A
74        89     49     4     5      49      40     40      0      3       3   A  QuietGame     3.00       68     0     A
71       158    118    31    32     118      40     40      0      5       4   A  QuietGame     3.19       68     1     B
72       132     92    19    20      92      40     40      2      2       0   B  QuietGame     3.18       67     0     B
68       203    163    34    35     203       0     17      6      3       3   A  Reduction     3.26       68     0     A
73       168    128    32    33     168       0     23      3      5      -5   B  Reduction     3.18       67     1     A
69       265    225    32    34     225      40     40     10      2       2   A  QuietGame     3.25       68     1     B
76       169    129    20    20     129      40     40      0      6       6   A  QuietGame     3.15       68     0     A
79       140    100    18    19     100      40     40      0      2       1   B  QuietGame     3.15       68     1     A
75       231    191    33    34     191      40     40      0      3       2   A  QuietGame     3.21       68     1     B
78       163    123    33    34     123      40     40      3      3       0   B  QuietGame     3.07       68     0     B
77       207    167    35    35     167      40     40      3      2      -1   B  QuietGame     3.18       68     1     A

games                80
mean plies           167.5   (movement 127.5)
mean captures        28.4
mean removals        28.9
mean dead tail       30.5   plies after the last capture or removal
mean longest quiet   35.4
mean lead changes    1.5   (47 of 80 games had any)
mean peak margin     3.2
mean final margin    2.6   (absolute)
ended by quiet game  61  (76%)
ended by reduction   19  (24%)
ended by immobilize  0  (0%)
won by A / B         37 / 43
mean depth           3.17   (over 5422 searched opening plies)
wall clock           808.454 s

weight-set A wins    37 / 80  (46.2%)   [as P0: 17/40, as P1: 20/40]
weight-set B wins    43 / 80
quiet-game share     A-wins 75.7%   B-wins 76.7%   all 76.2%
95% threshold        wins >= 48 of 80 (one-sided): neither side significant
csv line appended to doc\bench\sweeps\2026-08-26-round2\coarse.csv
drop  deniedSquares x0.7 -> 0.028 = 46.3% wins, quiet 76.25%
>> ./cmake-build-release/latrunculi_game/latrunculi_bench.exe pairs=40 ms=500 seed=777001 threads=8 rows=8 columns=10 perside=20 csv=doc\bench\sweeps\2026-08-26-round2\coarse.csv wA.threat=0.25 wA.pair=0.02 wA.mobility=0.02 wA.centre=0.2 wA.vulnerableAxes=-0.03 wA.oneMoveCapturable=-0.9 wA.spearheadPairs=0.15 wA.diagonalSupport=0.06 wA.deniedSquares=0.055999999999999994 wA.strikers=0.05 wA.notchExposure=-0.12 wB.threat=0.25 wB.pair=0.02 wB.mobility=0.02 wB.centre=0.2 wB.vulnerableAxes=-0.03 wB.oneMoveCapturable=-0.9 wB.spearheadPairs=0.15 wB.diagonalSupport=0.06 wB.deniedSquares=0.04 wB.strikers=0.05 wB.notchExposure=-0.12
Latrunculi bench: 40 mirrored A-vs-B pairs (80 games), 8x10, 20 per side, slide, convex payoff, komi 1.5, policy placement, 500 ms per searched ply, 8 threads
base seed: 777001  (pair p uses seed base+p; even game index = set A as P0)
XML: not saved   memory tracking level: 0

game   plies  moveP  capt  remv lastAct    tail  quiet   lead   peak  margin win  reason    depth    srchd  AasP  wSet
4        129     89    32    33     129       0     12      0      5       5   A  Reduction     3.24       68     0     A
7        142    102    24    25     102      40     40      0      8       7   A  QuietGame     3.12       68     1     B
0        149    109    27    27     109      40     40      2      2       1   B  QuietGame     3.32       68     0     B
5        157    117    28    28     117      40     40      0      4       4   A  QuietGame     3.31       68     1     B
6        168    128    27    29     128      40     40      0      4       3   A  QuietGame     3.18       68     0     A
1        181    141    36    36     141      40     40      3      2       0   B  QuietGame     3.28       68     1     A
2        208    168    34    35     208       0     35      1      3      -3   B  Reduction     3.18       67     0     B
3        208    168    34    35     208       0     35      1      3      -3   B  Reduction     3.19       67     1     A
8        118     78    17    17      78      40     40      1      2      -1   B  QuietGame     3.06       68     0     B
12       130     90    31    32     130       0     15      1      6      -6   B  Reduction     3.43       68     0     B
10       172    132    34    34     132      40     40      3      2      -2   B  QuietGame     3.30       67     0     B
9        185    145    36    36     145      40     40      3      2       0   B  QuietGame     3.24       68     1     A
11       172    132    34    34     132      40     40      3      2      -2   B  QuietGame     3.27       67     1     A
14       129     89    18    19      89      40     40      0      3       3   A  QuietGame     3.15       68     0     A
16       111     71    16    17      71      40     40      1      2      -1   B  QuietGame     3.12       68     0     B
15       145    105    32    32     145       0     15      0      6       6   A  Reduction     3.25       68     1     B
13       180    140    33    33     140      40     40      1      3      -3   B  QuietGame     3.37       68     1     A
20       110     70    19    19      70      40     40      1      2      -1   B  QuietGame     3.19       67     0     B
17       154    114    24    25     114      40     40      2      2       1   B  QuietGame     3.19       68     1     A
21       127     87    32    34     127       0     12      0      4       4   A  Reduction     3.16       67     1     B
22       119     79    19    22      79      40     40      1      2       0   B  QuietGame     3.18       68     0     B
24       125     85    17    20      85      40     40      4      3       2   A  QuietGame     2.90       68     0     A
18       179    139    30    31     139      40     40      2      2       1   B  QuietGame     3.26       68     0     B
23       150    110    31    32     110      40     40      0      5       4   A  QuietGame     3.21       68     1     B
19       179    139    30    31     139      40     40      2      2       1   B  QuietGame     3.25       68     1     A
31       107     67    17    17      67      40     40      0      3       3   A  QuietGame     3.10       67     1     B
28       144    104    25    26     104      40     40      4      2       0   B  QuietGame     3.18       68     0     B
25       191    151    27    27     151      40     40      2      4       3   A  QuietGame     3.09       68     1     B
32       146    106    26    28     106      40     40      2      3       2   A  QuietGame     3.12       68     0     A
30       157    117    33    34     157       0     23      4      4       4   A  Reduction     3.37       67     0     A
26       205    165    35    35     205       0     23      2      3       3   A  Reduction     3.26       68     0     A
27       217    177    36    36     177      40     40      3      1       0   B  QuietGame     3.06       68     1     A
34       116     76    14    15      76      40     40      3      2      -1   B  QuietGame     3.19       67     0     B
29       229    189    34    35     229       0     37      2      3       3   A  Reduction     2.82       68     1     B
36       125     85    23    23      85      40     40      1      2      -1   B  QuietGame     3.13       68     0     B
39       110     70    15    16      70      40     40      0      3       2   A  QuietGame     3.12       68     1     B
37       151    111    32    32     111      40     40      1      5      -4   B  QuietGame     3.15       68     1     A
35       208    168    33    33     168      40     40      0      4       3   A  QuietGame     3.21       67     1     B
33       237    197    31    34     197      40     40      1      3      -2   B  QuietGame     3.24       68     1     A
41       136     96    19    21      96      40     40      1      4      -3   B  QuietGame     3.09       67     1     A
38       204    164    36    36     204       0     34      1      2      -2   B  Reduction     3.22       68     0     B
42       180    140    33    33     140      40     40      5      3      -3   B  QuietGame     3.12       67     0     B
40       234    194    34    35     234       0     30      1      3      -3   B  Reduction     3.10       67     0     B
45       131     91    32    34     131       0     12      0      4       4   A  Reduction     3.15       68     1     B
48       119     79    20    22      79      40     40      0      3       2   A  QuietGame     3.18       68     0     A
44       184    144    32    34     144      40     40      0      3       0   B  QuietGame     3.12       68     0     B
43       251    211    32    33     211      40     40      0      4       3   A  QuietGame     3.15       67     1     B
50       128     88    14    15      88      40     40      0      3       1   B  QuietGame     3.10       68     0     B
49       141    101    31    32     141       0     16      0      6       6   A  Reduction     3.10       68     1     B
47       243    203    35    35     203      40     40      0      2       1   B  QuietGame     3.07       68     1     A
46       268    228    36    36     228      40     40      2      2       0   B  QuietGame     3.03       68     0     B
51       159    119    31    32     159       0     23      0      6       6   A  Reduction     3.01       68     1     B
54       107     67    14    14      67      40     40      0      4       4   A  QuietGame     3.10       68     0     A
52       186    146    32    32     146      40     40      2      3       2   A  QuietGame     3.32       68     0     A
55       107     67    14    14      67      40     40      0      4       4   A  QuietGame     3.10       68     1     B
53       199    159    33    33     159      40     40      3      4      -3   B  QuietGame     3.22       68     1     A
56       115     75    23    23      75      40     40      0      3       1   B  QuietGame     3.38       68     0     B
58       100     60     9     9      60      40     40      0      4       3   A  QuietGame     3.21       68     0     A
59       100     60    15    16      60      40     40      2      2       0   B  QuietGame     3.10       68     1     A
62       108     68    15    15      68      40     40      1      3      -3   B  QuietGame     3.28       68     0     B
57       190    150    34    34     150      40     40      0      3       2   A  QuietGame     3.40       68     1     B
61       151    111    24    26     111      40     40      1      2       0   B  QuietGame     3.22       68     1     A
66       103     63    14    14      63      40     40      0      2       2   A  QuietGame     3.13       68     0     A
60       185    145    34    34     185       0     29      2      4       4   A  Reduction     3.28       68     0     A
67       103     63    14    14      63      40     40      0      2       2   A  QuietGame     3.15       68     1     B
63       193    153    35    35     153      40     40      1      4      -1   B  QuietGame     3.26       68     1     A
64       186    146    34    34     146      40     40      0      3       2   A  QuietGame     3.21       67     0     A
65       186    146    34    34     146      40     40      0      3       2   A  QuietGame     3.19       67     1     B
68       137     97    20    20      97      40     40      2      2       2   A  QuietGame     3.35       68     0     A
70       127     87    33    34     127       0     10      0      4       4   A  Reduction     3.19       68     0     A
71       158    118    30    31     118      40     40      0      4       3   A  QuietGame     3.21       68     1     B
69       174    134    34    34     174       0     18      1      4      -4   B  Reduction     3.34       68     1     A
74       154    114    30    31     114      40     40      0      6       5   A  QuietGame     3.15       68     0     A
72       167    127    28    30     127      40     40      0      2       2   A  QuietGame     3.13       67     0     A
75       148    108    21    22     108      40     40      0      3       0   B  QuietGame     3.22       68     1     A
76       194    154    34    34     154      40     40      4      2       0   B  QuietGame     3.26       68     0     B
73       253    213    33    33     253       0     28      2      5       5   A  Reduction     3.33       67     1     B
78       191    151    34    34     191       0     31      0      4       4   A  Reduction     3.26       68     0     A
79       191    151    33    33     191       0     18      0      5       5   A  Reduction     3.26       68     1     B
77       246    206    36    36     206      40     40      4      2       0   B  QuietGame     3.18       68     1     A

games                80
mean plies           162.6   (movement 122.6)
mean captures        27.6
mean removals        28.2
mean dead tail       30.0   plies after the last capture or removal
mean longest quiet   35.7
mean lead changes    1.1   (45 of 80 games had any)
mean peak margin     3.3
mean final margin    2.5   (absolute)
ended by quiet game  60  (75%)
ended by reduction   20  (25%)
ended by immobilize  0  (0%)
won by A / B         40 / 40
mean depth           3.19   (over 5422 searched opening plies)
wall clock           779.783 s

weight-set A wins    38 / 80  (47.5%)   [as P0: 19/40, as P1: 19/40]
weight-set B wins    42 / 80
quiet-game share     A-wins 78.9%   B-wins 71.4%   all 75.0%
95% threshold        wins >= 48 of 80 (one-sided): neither side significant
csv line appended to doc\bench\sweeps\2026-08-26-round2\coarse.csv
drop  deniedSquares x1.4 -> 0.056 = 47.5% wins, quiet 75%
>> ./cmake-build-release/latrunculi_game/latrunculi_bench.exe pairs=40 ms=500 seed=777001 threads=8 rows=8 columns=10 perside=20 csv=doc\bench\sweeps\2026-08-26-round2\coarse.csv wA.threat=0.25 wA.pair=0.02 wA.mobility=0.02 wA.centre=0.2 wA.vulnerableAxes=-0.03 wA.oneMoveCapturable=-0.9 wA.spearheadPairs=0.15 wA.diagonalSupport=0.06 wA.deniedSquares=0.04 wA.strikers=0.034999999999999996 wA.notchExposure=-0.12 wB.threat=0.25 wB.pair=0.02 wB.mobility=0.02 wB.centre=0.2 wB.vulnerableAxes=-0.03 wB.oneMoveCapturable=-0.9 wB.spearheadPairs=0.15 wB.diagonalSupport=0.06 wB.deniedSquares=0.04 wB.strikers=0.05 wB.notchExposure=-0.12
Latrunculi bench: 40 mirrored A-vs-B pairs (80 games), 8x10, 20 per side, slide, convex payoff, komi 1.5, policy placement, 500 ms per searched ply, 8 threads
base seed: 777001  (pair p uses seed base+p; even game index = set A as P0)
XML: not saved   memory tracking level: 0

game   plies  moveP  capt  remv lastAct    tail  quiet   lead   peak  margin win  reason    depth    srchd  AasP  wSet
0        123     83    20    20      83      40     40      1      1       0   B  QuietGame     3.24       68     0     B
6        143    103    32    32     103      40     40      5      2       0   B  QuietGame     3.37       68     0     B
5        147    107    24    24     107      40     40      0      6       6   A  QuietGame     3.28       68     1     B
4        156    116    32    33     116      40     40      3      3      -3   B  QuietGame     3.41       68     0     B
2        163    123    34    34     163       0     21      2      4       4   A  Reduction     3.31       67     0     A
1        189    149    36    36     189       0     26      2      2       2   A  Reduction     3.32       68     1     B
7        191    151    29    31     151      40     40      0      5       5   A  QuietGame     3.19       68     1     B
3        195    155    32    33     155      40     40      1      2      -1   B  QuietGame     3.24       67     1     A
8        119     79    17    18      79      40     40      1      2       0   B  QuietGame     3.10       68     0     B
9        152    112    24    25     112      40     40      0      4       3   A  QuietGame     3.12       68     1     B
15       109     69    14    17      69      40     40      2      2       1   B  QuietGame     3.04       68     1     A
10       172    132    34    34     132      40     40      3      2      -2   B  QuietGame     3.27       67     0     B
11       172    132    34    34     132      40     40      3      2      -2   B  QuietGame     3.30       67     1     A
12       180    140    33    33     140      40     40      1      3      -3   B  QuietGame     3.35       68     0     B
16       147    107    25    25     107      40     40      1      4      -3   B  QuietGame     3.26       68     0     B
13       201    161    31    32     161      40     40      1      3      -2   B  QuietGame     3.47       68     1     A
14       212    172    36    36     172      40     40      4      2       0   B  QuietGame     3.18       68     0     B
20       126     86    25    25      86      40     40      1      4      -3   B  QuietGame     3.28       67     0     B
19       140    100    30    31     100      40     40      2      6       5   A  QuietGame     3.29       68     1     B
17       197    157    33    34     157      40     40      1      4      -2   B  QuietGame     3.31       68     1     A
22       141    101    34    36     141       0     17      0      2       2   A  Reduction     3.19       68     0     A
21       184    144    35    35     184       0     22      1      3      -3   B  Reduction     3.19       67     1     A
25       104     64    12    12      64      40     40      1      2      -2   B  QuietGame     3.22       68     1     A
18       242    202    34    35     202      40     40      2      2       1   B  QuietGame     3.28       68     0     B
24       149    109    33    34     109      40     40      5      2       0   B  QuietGame     3.13       68     0     B
23       185    145    34    35     185       0     26      0      3       3   A  Reduction     3.26       68     1     B
26       189    149    32    32     149      40     40      2      2       2   A  QuietGame     3.29       68     0     A
29       126     86    15    16      86      40     40      1      2      -2   B  QuietGame     3.16       68     1     A
28       152    112    32    33     152       0     19      1      5      -5   B  Reduction     3.19       68     0     B
32       131     91    13    14      91      40     40      1      3      -2   B  QuietGame     3.25       68     0     B
30       151    111    34    34     111      40     40      2      2       2   A  QuietGame     3.33       67     0     A
31       152    112    31    31     112      40     40      0      4       3   A  QuietGame     3.37       67     1     B
34       104     64     6     6      64      40     40      1      2      -2   B  QuietGame     3.09       67     0     B
27       286    246    36    36     246      40     40      2      2       0   B  QuietGame     3.29       68     1     A
36       125     85    23    23      85      40     40      1      2      -1   B  QuietGame     3.13       68     0     B
38       110     70    15    16      70      40     40      0      3       2   A  QuietGame     3.12       68     0     A
39       110     70    15    16      70      40     40      0      3       2   A  QuietGame     3.07       68     1     B
35       185    145    34    35     145      40     40      4      2       1   B  QuietGame     3.25       67     1     A
37       184    144    36    36     184       0     33      1      2      -2   B  Reduction     3.13       68     1     A
33       307    267    36    36     267      40     40      9      2       0   B  QuietGame     3.25       68     1     A
40       184    144    34    34     184       0     18      1      4      -4   B  Reduction     3.27       67     0     B
44       131     91    32    34     131       0     12      0      4       4   A  Reduction     3.16       68     0     A
42       151    111    21    21     111      40     40      0      4       3   A  QuietGame     3.18       67     0     A
45       131     91    32    34     131       0     12      0      4       4   A  Reduction     3.19       68     1     B
41       184    144    34    34     184       0     18      1      4      -4   B  Reduction     3.28       67     1     A
43       176    136    32    32     136      40     40      0      5       4   A  QuietGame     3.27       67     1     B
49       112     72    19    20      72      40     40      2      3       2   A  QuietGame     3.21       68     1     B
46       200    160    33    33     160      40     40      0      2       1   B  QuietGame     3.03       68     0     B
47       212    172    34    36     212       0     35      7      2      -2   B  Reduction     3.13       68     1     A
52       151    111    28    30     111      40     40      0      2       2   A  QuietGame     3.28       68     0     A
53       171    131    31    34     131      40     40      4      3       2   A  QuietGame     3.16       68     1     B
54       127     87    34    36     127       0     11      2      3       2   A  Reduction     3.16       68     0     A
50       232    192    35    36     192      40     40      6      2       0   B  QuietGame     3.12       68     0     B
51       214    174    33    34     174      40     40      2      3       2   A  QuietGame     3.13       68     1     B
48       261    221    30    33     221      40     40      0      3       3   A  QuietGame     3.10       68     0     A
58       100     60     9     9      60      40     40      0      4       3   A  QuietGame     3.19       68     0     A
56       137     97    29    30     137       0     17      0      8       8   A  Reduction     3.35       68     0     A
59        99     59     8     8      59      40     40      0      4       4   A  QuietGame     3.24       68     1     B
62        96     56    11    11      56      40     40      1      3      -3   B  QuietGame     3.13       68     0     B
55       231    191    32    33     191      40     40      2      3       3   A  QuietGame     3.15       68     1     B
57       218    178    35    35     178      40     40      0      3       1   B  QuietGame     3.38       68     1     A
65       112     72    17    17      72      40     40      0      4       3   A  QuietGame     3.06       67     1     B
61       210    170    35    36     170      40     40      4      1       0   B  QuietGame     3.34       68     1     A
60       232    192    32    34     192      40     40      2      3       0   B  QuietGame     3.10       68     0     B
64       168    128    26    28     128      40     40      0      3       2   A  QuietGame     3.19       67     0     A
67       150    110    32    32     110      40     40      0      5       4   A  QuietGame     3.21       68     1     B
63       222    182    34    36     182      40     40      6      2       0   B  QuietGame     3.19       68     1     A
66       204    164    35    35     164      40     40      0      3       1   B  QuietGame     3.19       68     0     B
68       194    154    33    34     194       0     27      1      4      -4   B  Reduction     3.34       68     0     B
69       183    143    34    35     183       0     31      4      3       3   A  Reduction     3.25       68     1     B
70       153    113    33    33     113      40     40      0      3       3   A  QuietGame     3.26       68     0     A
71       158    118    31    32     118      40     40      0      5       4   A  QuietGame     3.21       68     1     B
72       191    151    35    36     191       0     23      6      2       2   A  Reduction     3.16       67     0     A
78       145    105    35    36     145       0     19      0      3       2   A  Reduction     3.16       68     0     A
73       236    196    34    35     196      40     40      4      2       1   B  QuietGame     3.16       67     1     A
75       200    160    28    29     160      40     40      3      3      -1   B  QuietGame     3.24       68     1     A
74       253    213    27    28     213      40     40      0      8       8   A  QuietGame     3.34       68     0     A
77       208    168    32    32     168      40     40      3      4      -4   B  QuietGame     3.22       68     1     A
79       185    145    33    34     145      40     40      0      3       2   A  QuietGame     3.18       68     1     B
76       219    179    36    36     219       0     29      4      2       2   A  Reduction     3.26       68     0     A

games                80
mean plies           171.2   (movement 131.2)
mean captures        28.8
mean removals        29.5
mean dead tail       30.5   plies after the last capture or removal
mean longest quiet   35.7
mean lead changes    1.7   (52 of 80 games had any)
mean peak margin     3.1
mean final margin    2.4   (absolute)
ended by quiet game  61  (76%)
ended by reduction   19  (24%)
ended by immobilize  0  (0%)
won by A / B         38 / 42
mean depth           3.22   (over 5422 searched opening plies)
wall clock           812.985 s

weight-set A wins    38 / 80  (47.5%)   [as P0: 18/40, as P1: 20/40]
weight-set B wins    42 / 80
quiet-game share     A-wins 68.4%   B-wins 83.3%   all 76.2%
95% threshold        wins >= 48 of 80 (one-sided): neither side significant
csv line appended to doc\bench\sweeps\2026-08-26-round2\coarse.csv
drop  strikers x0.7 -> 0.035 = 47.5% wins, quiet 76.25%
>> ./cmake-build-release/latrunculi_game/latrunculi_bench.exe pairs=40 ms=500 seed=777001 threads=8 rows=8 columns=10 perside=20 csv=doc\bench\sweeps\2026-08-26-round2\coarse.csv wA.threat=0.25 wA.pair=0.02 wA.mobility=0.02 wA.centre=0.2 wA.vulnerableAxes=-0.03 wA.oneMoveCapturable=-0.9 wA.spearheadPairs=0.15 wA.diagonalSupport=0.06 wA.deniedSquares=0.04 wA.strikers=0.069999999999999993 wA.notchExposure=-0.12 wB.threat=0.25 wB.pair=0.02 wB.mobility=0.02 wB.centre=0.2 wB.vulnerableAxes=-0.03 wB.oneMoveCapturable=-0.9 wB.spearheadPairs=0.15 wB.diagonalSupport=0.06 wB.deniedSquares=0.04 wB.strikers=0.05 wB.notchExposure=-0.12
Latrunculi bench: 40 mirrored A-vs-B pairs (80 games), 8x10, 20 per side, slide, convex payoff, komi 1.5, policy placement, 500 ms per searched ply, 8 threads
base seed: 777001  (pair p uses seed base+p; even game index = set A as P0)
XML: not saved   memory tracking level: 0

game   plies  moveP  capt  remv lastAct    tail  quiet   lead   peak  margin win  reason    depth    srchd  AasP  wSet
6        137     97    30    31     137       0     15      0      7       7   A  Reduction     3.19       68     0     A
4        157    117    31    31     157       0     22      0      7       7   A  Reduction     3.26       68     0     A
5        159    119    27    27     119      40     40      0      3       1   B  QuietGame     3.32       68     1     A
7        168    128    27    29     128      40     40      0      4       3   A  QuietGame     3.19       68     1     B
3        184    144    27    28     144      40     40      1      3      -2   B  QuietGame     3.19       67     1     A
2        184    144    27    28     144      40     40      1      3      -2   B  QuietGame     3.19       67     0     B
0        196    156    33    33     156      40     40      1      4      -3   B  QuietGame     3.26       68     0     B
9         96     56    12    13      56      40     40      0      2       1   B  QuietGame     3.07       68     1     A
1        250    210    34    34     210      40     40      2      2       0   B  QuietGame     3.22       68     1     A
12       107     67    11    12      67      40     40      0      4       4   A  QuietGame     3.22       68     0     A
11       152    112    35    35     152       0     24      3      3      -3   B  Reduction     3.30       67     1     A
13       160    120    24    24     120      40     40      0      3       0   B  QuietGame     3.31       68     1     A
14       155    115    26    27     115      40     40      0      4       3   A  QuietGame     3.18       68     0     A
8        221    181    31    32     181      40     40      0      2       2   A  QuietGame     3.25       68     0     A
10       225    185    36    36     185      40     40      7      2       0   B  QuietGame     3.24       67     0     B
15       211    171    32    33     171      40     40      0      3       3   A  QuietGame     3.15       68     1     B
18       167    127    32    33     127      40     40      2      2       1   B  QuietGame     3.35       68     0     B
17       197    157    31    32     157      40     40      1      3      -2   B  QuietGame     3.32       68     1     A
16       236    196    35    35     236       0     38      1      3      -3   B  Reduction     3.24       68     0     B
21       148    108    31    34     148       0     24      1      4      -4   B  Reduction     3.30       67     1     A
20       166    126    28    28     126      40     40      1      5      -4   B  QuietGame     3.24       67     0     B
19       176    136    35    35     136      40     40      1      1      -1   B  QuietGame     3.29       68     1     A
25       119     79    14    14      79      40     40      2      2       2   A  QuietGame     3.16       68     1     B
22       222    182    33    33     182      40     40      3      3      -3   B  QuietGame     3.19       68     0     B
26       140    100    22    23     100      40     40      4      2       1   B  QuietGame     3.25       68     0     B
28       140    100    26    26     100      40     40      2      4      -4   B  QuietGame     3.15       68     0     B
24       191    151    35    36     151      40     40      7      2       0   B  QuietGame     3.18       68     0     B
23       216    176    35    36     176      40     40      2      2       0   B  QuietGame     3.24       68     1     A
27       183    143    34    34     143      40     40      3      1       0   B  QuietGame     3.16       68     1     A
29       193    153    31    32     193       0     32      2      6       6   A  Reduction     3.34       68     1     B
30       123     83    22    22      83      40     40      0      4       4   A  QuietGame     3.43       67     0     A
33       100     60    15    15      60      40     40      0      2       1   B  QuietGame     3.12       68     1     A
31       147    107    31    31     147       0     14      0      7       7   A  Reduction     3.27       67     1     B
32       146    106    36    36     146       0     16      3      2      -2   B  Reduction     3.41       68     0     B
34       152    112    32    32     112      40     40      3      2      -2   B  QuietGame     3.28       67     0     B
37       134     94    34    34     134       0      7      1      4      -4   B  Reduction     3.22       68     1     A
39       110     70    15    16      70      40     40      0      3       2   A  QuietGame     3.12       68     1     B
36       170    130    36    36     170       0     19      1      2      -2   B  Reduction     3.13       68     0     B
38       144    104    21    21     104      40     40      1      1      -1   B  QuietGame     3.24       68     0     B
35       188    148    34    35     148      40     40      4      2       1   B  QuietGame     3.25       67     1     A
40       163    123    23    25     123      40     40      1      4      -3   B  QuietGame     3.09       67     0     B
41       151    111    36    36     151       0     22      0      2       2   A  Reduction     3.22       67     1     B
46       105     65    11    12      65      40     40      0      3       2   A  QuietGame     3.07       68     0     A
45       112     72    15    17      72      40     40      1      2      -1   B  QuietGame     3.13       68     1     A
47       113     73    15    16      73      40     40      1      3      -2   B  QuietGame     3.26       68     1     A
42       185    145    35    35     145      40     40      0      3       1   B  QuietGame     3.28       67     0     B
44       170    130    33    35     170       0     31      1      3      -3   B  Reduction     3.18       68     0     B
48       113     73    15    16      73      40     40      0      4       4   A  QuietGame     3.07       68     0     A
43       192    152    35    35     192       0     21      3      3      -3   B  Reduction     3.30       67     1     A
50       110     70    16    18      70      40     40      0      3       2   A  QuietGame     3.06       68     0     A
49       167    127    33    35     167       0     23      0      3       3   A  Reduction     3.21       68     1     B
52       139     99    32    34     139       0     16      0      4       4   A  Reduction     3.19       68     0     A
54       107     67    14    14      67      40     40      0      4       4   A  QuietGame     3.07       68     0     A
53       135     95    26    26      95      40     40      3      3      -2   B  QuietGame     3.25       68     1     A
51       190    150    31    32     150      40     40      0      5       4   A  QuietGame     3.22       68     1     B
55       135     95    35    35     135       0     17      2      3       3   A  Reduction     3.43       68     1     B
58        99     59     8     8      59      40     40      0      4       4   A  QuietGame     3.25       68     0     A
56       210    170    34    34     170      40     40      0      3       2   A  QuietGame     3.37       68     0     A
57       205    165    35    35     205       0     35      0      3       3   A  Reduction     3.35       68     1     B
61       167    127    33    34     127      40     40      1      3      -2   B  QuietGame     3.24       68     1     A
63       170    130    33    33     130      40     40      5      3      -3   B  QuietGame     3.28       68     1     A
60       205    165    33    33     165      40     40      2      3       3   A  QuietGame     3.18       68     0     A
59       239    199    28    31     199      40     40      1      2      -1   B  QuietGame     3.32       68     1     A
62       207    167    35    36     207       0     33      4      2       2   A  Reduction     3.12       68     0     A
64       198    158    33    34     158      40     40      2      2       0   B  QuietGame     3.03       67     0     B
65       166    126    34    34     166       0     15      1      4      -4   B  Reduction     3.27       67     1     A
67       152    112    27    28     112      40     40      1      4      -4   B  QuietGame     3.21       68     1     A
68       142    102    24    24     102      40     40      5      2      -2   B  QuietGame     3.43       68     0     B
70       143    103    33    34     143       0     18      0      4       4   A  Reduction     3.24       68     0     A
71       158    118    30    31     118      40     40      0      4       3   A  QuietGame     3.24       68     1     B
66       254    214    35    35     214      40     40      0      3       1   B  QuietGame     3.21       68     0     B
69       224    184    28    28     184      40     40      1      6      -6   B  QuietGame     3.24       68     1     A
72       183    143    33    35     143      40     40      0      2       1   B  QuietGame     3.28       67     0     B
75       113     73    14    16      73      40     40      0      3       2   A  QuietGame     3.04       68     1     B
73       196    156    34    35     196       0     35      1      3      -3   B  Reduction     3.27       67     1     A
76       178    138    35    35     178       0     23      3      3      -3   B  Reduction     3.21       68     0     B
74       218    178    31    32     178      40     40      2      3       2   A  QuietGame     3.06       68     0     A
78       151    111    31    31     151       0     13      0      7       7   A  Reduction     3.35       68     0     A
77       166    126    29    30     126      40     40      2      4       2   A  QuietGame     3.24       68     1     B
79       191    151    30    32     151      40     40      1      5      -4   B  QuietGame     3.21       68     1     A

games                80
mean plies           166.2   (movement 126.2)
mean captures        28.3
mean removals        29.0
mean dead tail       28.5   plies after the last capture or removal
mean longest quiet   34.9
mean lead changes    1.3   (48 of 80 games had any)
mean peak margin     3.2
mean final margin    2.6   (absolute)
ended by quiet game  57  (71%)
ended by reduction   23  (29%)
ended by immobilize  0  (0%)
won by A / B         32 / 48
mean depth           3.23   (over 5422 searched opening plies)
wall clock           812.125 s

weight-set A wins    44 / 80  (55.0%)   [as P0: 18/40, as P1: 26/40]
weight-set B wins    36 / 80
quiet-game share     A-wins 72.7%   B-wins 69.4%   all 71.2%
95% threshold        wins >= 48 of 80 (one-sided): neither side significant
csv line appended to doc\bench\sweeps\2026-08-26-round2\coarse.csv
KEEP  strikers x1.4 -> 0.07 = 55.0% wins, quiet 71.25%
>> ./cmake-build-release/latrunculi_game/latrunculi_bench.exe pairs=40 ms=500 seed=777001 threads=8 rows=8 columns=10 perside=20 csv=doc\bench\sweeps\2026-08-26-round2\coarse.csv wA.threat=0.25 wA.pair=0.02 wA.mobility=0.02 wA.centre=0.2 wA.vulnerableAxes=-0.03 wA.oneMoveCapturable=-0.9 wA.spearheadPairs=0.15 wA.diagonalSupport=0.06 wA.deniedSquares=0.04 wA.strikers=0.05 wA.notchExposure=-0.083999999999999991 wB.threat=0.25 wB.pair=0.02 wB.mobility=0.02 wB.centre=0.2 wB.vulnerableAxes=-0.03 wB.oneMoveCapturable=-0.9 wB.spearheadPairs=0.15 wB.diagonalSupport=0.06 wB.deniedSquares=0.04 wB.strikers=0.05 wB.notchExposure=-0.12
Latrunculi bench: 40 mirrored A-vs-B pairs (80 games), 8x10, 20 per side, slide, convex payoff, komi 1.5, policy placement, 500 ms per searched ply, 8 threads
base seed: 777001  (pair p uses seed base+p; even game index = set A as P0)
XML: not saved   memory tracking level: 0

game   plies  moveP  capt  remv lastAct    tail  quiet   lead   peak  margin win  reason    depth    srchd  AasP  wSet
2        123     83    14    16      83      40     40      0      4       4   A  QuietGame     2.97       67     0     A
5        153    113    28    30     153       0     15      2      8       8   A  Reduction     3.18       68     1     B
4        159    119    30    30     159       0     22      0      8       8   A  Reduction     3.24       68     0     A
1        158    118    19    20     118      40     40      1      6      -6   B  QuietGame     3.16       68     1     A
7        167    127    27    28     127      40     40      0      8       8   A  QuietGame     3.13       68     1     B
6        167    127    28    30     127      40     40      0      4       4   A  QuietGame     3.16       68     0     A
0        174    134    34    35     174       0     23      3      3      -3   B  Reduction     3.19       68     0     B
3        184    144    27    28     144      40     40      1      3      -2   B  QuietGame     3.19       67     1     A
12       103     63    13    14      63      40     40      0      2       2   A  QuietGame     3.15       68     0     A
9        119     79    17    18      79      40     40      1      2       0   B  QuietGame     3.09       68     1     A
10       172    132    34    34     132      40     40      3      2      -2   B  QuietGame     3.28       67     0     B
11       172    132    34    34     132      40     40      3      2      -2   B  QuietGame     3.28       67     1     A
8        208    168    32    35     168      40     40      4      2       1   B  QuietGame     2.96       68     0     B
13       164    124    34    35     164       0     15      3      3      -3   B  Reduction     3.38       68     1     A
14       210    170    28    29     170      40     40      2      6       5   A  QuietGame     3.28       68     0     A
16       178    138    32    34     178       0     24      1      4      -4   B  Reduction     3.31       68     0     B
15       257    217    29    30     217      40     40      0      6       6   A  QuietGame     3.19       68     1     B
17       199    159    34    34     159      40     40      5      1       0   B  QuietGame     3.25       68     1     A
19       152    112    33    33     112      40     40      3      2      -1   B  QuietGame     3.32       68     1     A
20       187    147    25    28     147      40     40      0      8       8   A  QuietGame     3.09       67     0     A
18       189    149    32    32     149      40     40      0      4       4   A  QuietGame     3.18       68     0     A
21       193    153    34    34     153      40     40      1      3      -2   B  QuietGame     3.21       67     1     A
22       159    119    33    34     159       0     19      0      4       4   A  Reduction     3.28       68     0     A
23       149    109    32    35     149       0     16      0      3       3   A  Reduction     3.10       68     1     B
24       143    103    29    29     103      40     40      0      3       3   A  QuietGame     3.26       68     0     A
28       118     78    14    15      78      40     40      1      2      -1   B  QuietGame     3.13       68     0     B
25       199    159    32    33     159      40     40      5      2      -1   B  QuietGame     3.19       68     1     A
26       205    165    35    35     205       0     23      2      3       3   A  Reduction     3.29       68     0     A
30       155    115    34    34     155       0     18      0      4       4   A  Reduction     3.42       67     0     A
27       190    150    33    35     190       0     33      1      3      -3   B  Reduction     3.16       68     1     A
31       151    111    33    33     111      40     40      0      2       1   B  QuietGame     3.21       67     1     A
29       212    172    35    35     212       0     37      1      3      -3   B  Reduction     3.35       68     1     A
33       131     91    13    14      91      40     40      1      3      -2   B  QuietGame     3.28       68     1     A
35       107     67    17    17      67      40     40      0      3       3   A  QuietGame     3.19       67     1     B
32       219    179    34    34     179      40     40      2      2       2   A  QuietGame     3.28       68     0     A
34       159    119    34    34     159       0     37      0      4       4   A  Reduction     3.22       67     0     A
39       112     72    18    19      72      40     40      0      4       3   A  QuietGame     3.09       68     1     B
38       113     73    30    31     113       0      8      0      7       7   A  Reduction     3.29       68     0     A
36       162    122    31    31     122      40     40      1      3      -3   B  QuietGame     3.15       68     0     B
37       167    127    32    32     127      40     40      0      4       4   A  QuietGame     3.19       68     1     B
40       186    146    30    32     186       0     25      1      6      -6   B  Reduction     3.09       67     0     B
45       121     81    31    33     121       0      7      0      5       5   A  Reduction     3.15       68     1     B
41       196    156    30    32     196       0     25      1      6      -6   B  Reduction     3.12       67     1     A
46       154    114    31    31     114      40     40      0      2       1   B  QuietGame     3.09       68     0     B
43       202    162    32    32     202       0     16      1      6      -6   B  Reduction     3.24       67     1     A
42       214    174    34    34     174      40     40      2      3       0   B  QuietGame     3.25       67     0     B
48        94     54     9    10      54      40     40      0      3       2   A  QuietGame     3.25       68     0     A
47       166    126    32    34     166       0     22      1      4      -4   B  Reduction     3.21       68     1     A
44       202    162    31    33     162      40     40      1      3      -3   B  QuietGame     3.15       68     0     B
50       161    121    33    34     161       0     21      0      4       4   A  Reduction     3.26       68     0     A
52       121     81    32    35     121       0     17      4      3       3   A  Reduction     3.19       68     0     A
51       141    101    30    31     141       0     19      0      7       7   A  Reduction     3.26       68     1     B
49       202    162    34    35     162      40     40      0      2       1   B  QuietGame     3.32       68     1     A
54       164    124    29    30     124      40     40      0      7       6   A  QuietGame     3.22       68     0     A
53       171    131    31    34     131      40     40      4      3       2   A  QuietGame     3.19       68     1     B
55       169    129    36    36     169       0     14      4      2       2   A  Reduction     3.26       68     1     B
56       189    149    34    34     149      40     40      3      3       0   B  QuietGame     3.44       68     0     B
58       121     81    31    32     121       0     19      0      6       6   A  Reduction     3.32       68     0     A
57       141    101    33    34     141       0     17      0      4       4   A  Reduction     3.28       68     1     B
61       164    124    34    35     164       0     26      1      3      -3   B  Reduction     3.37       68     1     A
59       215    175    32    35     215       0     36      2      3       3   A  Reduction     3.18       68     1     B
62       181    141    33    33     141      40     40      1      4      -3   B  QuietGame     3.25       68     0     B
60       213    173    32    32     173      40     40      1      5      -4   B  QuietGame     3.21       68     0     B
63       177    137    35    35     177       0     32      0      3       3   A  Reduction     3.22       68     1     B
64       164    124    33    33     124      40     40      1      3      -3   B  QuietGame     3.45       67     0     B
65       201    161    33    35     161      40     40      3      2      -1   B  QuietGame     3.16       67     1     A
68       116     76    21    22      76      40     40      2      3       2   A  QuietGame     3.24       68     0     A
72        92     52     7     7      52      40     40      1      1      -1   B  QuietGame     3.24       67     0     B
66       214    174    33    33     174      40     40      0      4       3   A  QuietGame     3.24       68     0     A
70       143    103    34    36     143       0     17      0      3       2   A  Reduction     3.26       68     0     A
69       162    122    27    30     122      40     40      0      5       4   A  QuietGame     3.18       68     1     B
71       190    150    28    31     150      40     40      0      6       5   A  QuietGame     3.12       68     1     B
67       236    196    35    35     196      40     40      0      3       1   B  QuietGame     3.22       68     1     A
74       148    108    21    22     108      40     40      0      3       0   B  QuietGame     3.24       68     0     B
73       189    149    25    27     149      40     40      0      9       9   A  QuietGame     3.25       67     1     B
76       211    171    35    35     171      40     40      5      2      -1   B  QuietGame     3.26       68     0     B
75       225    185    33    34     225       0     35      2      4       4   A  Reduction     3.34       68     1     B
78       180    140    32    33     140      40     40      0      4       3   A  QuietGame     3.41       68     0     A
77       224    184    28    30     184      40     40      0      7       6   A  QuietGame     3.32       68     1     B
79       196    156    29    30     156      40     40      0      5       4   A  QuietGame     3.29       68     1     B

games                80
mean plies           169.9   (movement 129.9)
mean captures        29.2
mean removals        30.2
mean dead tail       25.5   plies after the last capture or removal
mean longest quiet   33.5
mean lead changes    1.1   (42 of 80 games had any)
mean peak margin     3.9
mean final margin    3.4   (absolute)
ended by quiet game  51  (64%)
ended by reduction   29  (36%)
ended by immobilize  0  (0%)
won by A / B         43 / 37
mean depth           3.23   (over 5422 searched opening plies)
wall clock           820.589 s

weight-set A wins    43 / 80  (53.8%)   [as P0: 23/40, as P1: 20/40]
weight-set B wins    37 / 80
quiet-game share     A-wins 60.5%   B-wins 67.6%   all 63.8%
95% threshold        wins >= 48 of 80 (one-sided): neither side significant
csv line appended to doc\bench\sweeps\2026-08-26-round2\coarse.csv
drop  notchExposure x0.7 -> -0.084 = 53.8% wins, quiet 63.75%
>> ./cmake-build-release/latrunculi_game/latrunculi_bench.exe pairs=40 ms=500 seed=777001 threads=8 rows=8 columns=10 perside=20 csv=doc\bench\sweeps\2026-08-26-round2\coarse.csv wA.threat=0.25 wA.pair=0.02 wA.mobility=0.02 wA.centre=0.2 wA.vulnerableAxes=-0.03 wA.oneMoveCapturable=-0.9 wA.spearheadPairs=0.15 wA.diagonalSupport=0.06 wA.deniedSquares=0.04 wA.strikers=0.05 wA.notchExposure=-0.16799999999999998 wB.threat=0.25 wB.pair=0.02 wB.mobility=0.02 wB.centre=0.2 wB.vulnerableAxes=-0.03 wB.oneMoveCapturable=-0.9 wB.spearheadPairs=0.15 wB.diagonalSupport=0.06 wB.deniedSquares=0.04 wB.strikers=0.05 wB.notchExposure=-0.12
Latrunculi bench: 40 mirrored A-vs-B pairs (80 games), 8x10, 20 per side, slide, convex payoff, komi 1.5, policy placement, 500 ms per searched ply, 8 threads
base seed: 777001  (pair p uses seed base+p; even game index = set A as P0)
XML: not saved   memory tracking level: 0

game   plies  moveP  capt  remv lastAct    tail  quiet   lead   peak  margin win  reason    depth    srchd  AasP  wSet
6        128     88    20    21      88      40     40      7      2       1   B  QuietGame     3.34       68     0     B
0        157    117    30    30     117      40     40      0      4       4   A  QuietGame     3.37       68     0     A
1        158    118    31    32     118      40     40      0      4       2   A  QuietGame     3.19       68     1     B
2        180    140    33    34     180       0     26      1      4      -4   B  Reduction     3.21       67     0     B
5        200    160    29    29     160      40     40      0      6       5   A  QuietGame     3.26       68     1     B
4        200    160    29    29     160      40     40      0      6       5   A  QuietGame     3.28       68     0     A
3        205    165    33    33     165      40     40      0      3       3   A  QuietGame     3.25       67     1     B
7        213    173    31    32     173      40     40      7      2       2   A  QuietGame     3.35       68     1     B
8        131     91    17    18      91      40     40      1      2       0   B  QuietGame     3.13       68     0     B
11       112     72    14    16      72      40     40      0      2       0   B  QuietGame     3.15       67     1     A
10       162    122    28    29     122      40     40      0      3       1   B  QuietGame     3.45       67     0     B
14       124     84    23    24      84      40     40      0      7       6   A  QuietGame     3.22       68     0     A
9        171    131    30    31     131      40     40      0      5       5   A  QuietGame     3.19       68     1     B
12       171    131    32    35     171       0     19      2      3       3   A  Reduction     3.16       68     0     A
15       167    127    31    31     127      40     40      0      3       3   A  QuietGame     3.28       68     1     B
13       207    167    34    34     207       0     31      0      4       4   A  Reduction     3.40       68     1     B
16       182    142    28    29     142      40     40      3      3      -3   B  QuietGame     3.34       68     0     B
20       127     87    19    20      87      40     40      1      3      -2   B  QuietGame     3.27       67     0     B
22       106     66    17    18      66      40     40      0      5       4   A  QuietGame     3.07       68     0     A
17       200    160    34    35     200       0     39      1      3      -3   B  Reduction     3.37       68     1     A
18       178    138    35    35     178       0     27      3      3      -3   B  Reduction     3.44       68     0     B
19       175    135    30    32     135      40     40      4      4       4   A  QuietGame     3.26       68     1     B
21       151    111    30    32     111      40     40      3      5      -4   B  QuietGame     3.18       67     1     A
25       147    107    35    35     147       0     10      0      3       3   A  Reduction     3.31       68     1     B
23       210    170    33    34     170      40     40      3      2      -2   B  QuietGame     3.29       68     1     A
24       212    172    33    34     212       0     38      3      4      -4   B  Reduction     3.22       68     0     B
27       165    125    32    35     165       0     19      0      3       3   A  Reduction     3.18       68     1     B
28       179    139    34    34     139      40     40      4      2       2   A  QuietGame     3.24       68     0     A
29       181    141    28    29     141      40     40      0      3       3   A  QuietGame     3.12       68     1     B
30       171    131    35    35     171       0     34      2      3       3   A  Reduction     3.37       67     0     A
26       205    165    35    35     205       0     23      2      3       3   A  Reduction     3.32       68     0     A
32       100     60    15    17      60      40     40      0      2       1   B  QuietGame     3.07       68     0     B
31       168    128    28    31     128      40     40      1      3      -3   B  QuietGame     3.13       67     1     A
38       110     70    15    16      70      40     40      0      3       2   A  QuietGame     3.16       68     0     A
34       154    114    32    32     114      40     40      1      4      -4   B  QuietGame     3.42       67     0     B
36       158    118    35    35     158       0     21      1      3      -3   B  Reduction     3.25       68     0     B
37       166    126    33    33     126      40     40      0      4       3   A  QuietGame     3.18       68     1     B
33       207    167    31    32     167      40     40      1      5      -4   B  QuietGame     3.29       68     1     A
39       151    111    32    34     151       0     35      0      4       4   A  Reduction     3.28       68     1     B
35       213    173    31    31     173      40     40      3      6      -5   B  QuietGame     3.37       67     1     A
44       112     72    15    17      72      40     40      1      2      -1   B  QuietGame     3.15       68     0     B
42       163    123    26    26     123      40     40      1      3      -2   B  QuietGame     3.42       67     0     B
40       201    161    28    30     161      40     40      1      2       0   B  QuietGame     3.13       67     0     B
46       111     71    34    34     111       0      6      2      4       4   A  Reduction     3.29       68     0     A
41       183    143    34    35     143      40     40      1      2      -1   B  QuietGame     3.25       67     1     A
45       131     91    32    34     131       0     12      0      4       4   A  Reduction     3.21       68     1     B
43       186    146    35    35     186       0     23      1      3      -3   B  Reduction     3.34       67     1     A
47       145    105    30    32     145       0     21      0      6       6   A  Reduction     3.26       68     1     B
49       112     72    19    20      72      40     40      2      3       2   A  QuietGame     3.24       68     1     B
48       171    131    32    33     171       0     20      0      5       5   A  Reduction     3.29       68     0     A
50       177    137    31    31     177       0     15      2      7       7   A  Reduction     3.22       68     0     A
52       171    131    31    34     131      40     40      4      3       2   A  QuietGame     3.18       68     0     A
53       171    131    31    34     131      40     40      4      3       2   A  QuietGame     3.16       68     1     B
54       148    108    35    36     148       0     19      3      2      -2   B  Reduction     3.25       68     0     B
55       145    105    34    34     145       0     23      0      4       4   A  Reduction     3.28       68     1     B
56       113     73    31    32     113       0      6      0      6       6   A  Reduction     3.34       68     0     A
51       223    183    35    35     183      40     40      1      2      -1   B  QuietGame     3.29       68     1     A
58        99     59     8     8      59      40     40      0      4       4   A  QuietGame     3.25       68     0     A
63        99     59    12    12      59      40     40      0      2       2   A  QuietGame     3.15       68     1     B
64        97     57     9     9      57      40     40      0      3       3   A  QuietGame     3.04       67     0     A
59       163    123    31    32     123      40     40      0      4       4   A  QuietGame     3.16       68     1     B
60       159    119    32    32     159       0     26      2      6       6   A  Reduction     3.34       68     0     A
62       153    113    28    28     113      40     40      1      5      -4   B  QuietGame     3.28       68     0     B
57       195    155    34    34     155      40     40      3      3       0   B  QuietGame     3.38       68     1     A
61       191    151    33    35     151      40     40      3      2      -1   B  QuietGame     3.21       68     1     A
65       183    143    33    36     183       0     36      4      2       2   A  Reduction     3.28       67     1     B
67       131     91    16    16      91      40     40      1      1       0   B  QuietGame     3.32       68     1     A
68       153    113    30    30     113      40     40      2      4       4   A  QuietGame     3.38       68     0     A
69       152    112    31    32     152       0     19      1      6      -6   B  Reduction     3.43       68     1     A
71       158    118    30    31     118      40     40      0      4       3   A  QuietGame     3.25       68     1     B
66       218    178    34    34     178      40     40      0      3       0   B  QuietGame     3.19       68     0     B
70       189    149    33    33     149      40     40      1      2      -1   B  QuietGame     3.32       68     0     B
72       175    135    35    35     135      40     40      4      2      -1   B  QuietGame     3.37       67     0     B
74       148    108    21    22     108      40     40      0      3       0   B  QuietGame     3.22       68     0     B
75       129     89    33    33     129       0     15      0      5       5   A  Reduction     3.44       68     1     B
73       191    151    35    36     191       0     23      6      2       2   A  Reduction     3.18       67     1     B
79       108     68    15    15      68      40     40      0      2       1   B  QuietGame     3.13       68     1     A
77       144    104    31    32     144       0     19      1      6      -6   B  Reduction     3.13       68     1     A
76       215    175    36    36     215       0     30      4      2       2   A  Reduction     3.26       68     0     A
78       192    152    30    31     152      40     40      3      3      -3   B  QuietGame     3.40       68     0     B

games                80
mean plies           162.6   (movement 122.6)
mean captures        28.7
mean removals        29.6
mean dead tail       26.0   plies after the last capture or removal
mean longest quiet   33.9
mean lead changes    1.4   (47 of 80 games had any)
mean peak margin     3.5
mean final margin    2.9   (absolute)
ended by quiet game  52  (65%)
ended by reduction   28  (35%)
ended by immobilize  0  (0%)
won by A / B         43 / 37
mean depth           3.26   (over 5422 searched opening plies)
wall clock           780.746 s

weight-set A wins    35 / 80  (43.8%)   [as P0: 19/40, as P1: 16/40]
weight-set B wins    45 / 80
quiet-game share     A-wins 62.9%   B-wins 66.7%   all 65.0%
95% threshold        wins >= 48 of 80 (one-sided): neither side significant
csv line appended to doc\bench\sweeps\2026-08-26-round2\coarse.csv
drop  notchExposure x1.4 -> -0.168 = 43.8% wins, quiet 65%

Survivors (save each as a .psd1 and run -Stage confirm):
  @{ vulnerableAxes = -0.041999999999999996 }
  @{ oneMoveCapturable = -0.63 }
  @{ spearheadPairs = 0.21 }
  @{ diagonalSupport = 0.083999999999999991 }
  @{ strikers = 0.069999999999999993 }
